# Object Export From Tinkercad Server 2015

mtllib obj.mtl

o obj_0
v -2.865 		-1.5509 		0
v -2.8507 		-1.5546 		0
v -2.8402 		-1.594 		0
v -2.8507 		-1.6042 		0
v -2.865 		-1.6082 		0
v -2.8402 		-1.5652 		0
v -2.8793 		-1.5546 		0
v -2.6324 		-2.0349 		2.1994
v -2.8793 		-1.6042 		0
v -2.8898 		-1.594 		0
v -2.8898 		-1.5652 		0
v -3.049 		-1.8619 		1.97
v -3.0489 		-1.8622 		1.9694
v -2.7741 		-1.5957 		2.9456
v -2.9278 		-1.8835 		2.4035
v -2.9282 		-1.8792 		2.4078
v -3.0939 		-2.0816 		1.2267
v -2.9608 		-2.6191 		1.2643
v -3.0489 		-1.8624 		1.9691
v -2.9255 		-2.2317 		0.6846
v -2.9664 		-2.6202 		1.2693
v -2.9644 		-2.6244 		1.2759
v -2.938 		-2.2419 		0.7036
v -2.9286 		-2.2421 		0.6933
v -2.938 		-2.2419 		0.7209
v -2.865 		-2.2429 		0.6929
v -2.938 		-2.2244 		0.7014
v -2.938 		-2.2243 		0.7049
v -2.938 		-2.2141 		0.6931
v -2.938 		-2.221 		0.6931
v -2.938 		-2.2116 		0.6933
v -2.938 		-2.2116 		0.6931
v -2.9645 		-2.2481 		0.7192
v -2.964 		-2.2416 		0.7142
v -3.0785 		-1.8624 		1.9691
v -2.964 		-2.2416 		0.7066
v -3.0488 		-1.879 		1.9335
v -2.9645 		-2.2466 		0.706
v -3.0489 		-1.8706 		1.9513
v -2.7265 		-2.4079 		1.0257
v -3.0933 		-2.1378 		1.203
v -3.0489 		-1.8667 		1.9596
v -2.9631 		-2.6253 		1.2768
v -2.865 		-1.8841 		2.3875
v -2.938 		-2.6293 		1.271
v -2.9887 		-1.8995 		2.4032
v -2.9269 		-1.8918 		2.3954
v -2.932 		-1.8986 		2.3887
v -2.9432 		-1.9197 		2.3667
v -2.9625 		-1.8962 		2.3999
v -3.1135 		-2.0816 		1.1731
v -2.9625 		-1.8962 		2.3999
v -2.938 		-2.6286 		1.2698
v -2.9393 		-2.6276 		1.2688
v -2.9504 		-2.2418 		0.6934
v -2.9468 		-2.6209 		1.2651
v -2.9509 		-2.2481 		0.7189
v -2.9625 		-1.9023 		2.3927
v -2.9481 		-2.2443 		0.7161
v -2.9475 		-2.2418 		0.7141
v -2.9625 		-1.8896 		2.4078
v -2.9626 		-1.8896 		2.4078
v -2.8468 		-1.6131 		3
v -2.7169 		-2.0499 		2.2113
v -2.7155 		-2.0455 		2.219
v -2.7166 		-2.0405 		2.2254
v -2.7191 		-2.0502 		2.2109
v -2.6518 		-2.0451 		2.2188
v -2.9534 		-2.2417 		0.7207
v -2.9468 		-2.2244 		0.7047
v -2.9439 		-2.2244 		0.7014
v -3.0306 		-1.8727 		1.9537
v -3.031 		-1.8619 		1.97
v -2.9411 		-2.2141 		0.6931
v -3.031 		-1.8624 		1.9691
v -3.0307 		-1.8693 		1.9537
v -2.9585 		-2.2481 		0.7265
v -3.0307 		-1.8672 		1.9585
v -2.9539 		-2.243 		0.7219
v -2.9625 		-1.9064 		2.4078
v -2.9468 		-2.2446 		0.7148
v -3.0306 		-1.8788 		1.9335
v -3.0307 		-1.8701 		1.952
v -2.7456 		-2.4025 		1.0235
v -2.865 		-1.8986 		2.3887
v -2.9276 		-1.8772 		2.382
v -2.9363 		-1.8933 		2.3654
v -2.9505 		-1.9197 		2.3382
v -2.9299 		-1.8709 		2.3886
v -2.9349 		-1.857 		2.4029
v -2.938 		-2.6262 		1.2729
v -2.938 		-2.6231 		1.2768
v -3.0845 		-2.0816 		1.2295
v -2.8328 		-1.5618 		2.9456
v -3.031 		-1.8633 		1.97
v -2.7536 		-2.4367 		1.0384
v -2.7536 		-2.4367 		1.0386
v -2.9423 		-2.2116 		0.6933
v -2.7536 		-2.4367 		1.0391
v -2.9749 		-2.5936 		1.2542
v -2.9422 		-2.2116 		0.6931
v -2.9761 		-2.5897 		1.2523
v -2.9468 		-2.2237 		0.7043
v -2.7538 		-2.437 		1.0386
v -2.9469 		-2.2243 		0.7049
v -2.9487 		-2.2429 		0.7219
v -2.95 		-2.2481 		0.7265
v -2.9486 		-2.2418 		0.7208
v -2.9524 		-2.6013 		1.2564
v -2.9353 		-1.8555 		2.4044
v -2.9505 		-2.6081 		1.2592
v -2.9348 		-1.8522 		2.4078
v -2.9764 		-2.5764 		1.2458
v -2.9764 		-2.5886 		1.2517
v -2.9764 		-2.5859 		1.25
v -2.8399 		-1.5877 		2.9493
v -3.0192 		-1.8824 		1.9583
v -2.7932 		-1.6148 		2.9493
v -3.0941 		-2.0816 		1.168
v -2.7536 		-2.4471 		1.0215
v -2.7536 		-2.4371 		1.0378
v -2.865 		-1.8696 		2.3738
v -2.9565 		-2.5869 		1.2502
v -2.9382 		-1.9197 		2.3348
v -3.0785 		-2.1437 		1.2355
v -2.9565 		-2.5764 		1.2638
v -2.9492 		-2.6009 		1.2768
v -2.956 		-2.5764 		1.2666
v -2.7735 		-2.4377 		1.0387
v -3.0403 		-1.8832 		1.9679
v -2.7735 		-2.4482 		1.0215
v -3.0401 		-1.8823 		1.97
v -2.7536 		-2.4329 		1.0944
v -2.7536 		-2.4366 		1.0395
v -2.9477 		-2.6179 		1.2633
v -2.8869 		-1.6131 		3
v -3.0865 		-1.8114 		2.4742
v -2.9565 		-2.5764 		1.2456
v -2.7167 		-2.0398 		2.2262
v -2.9492 		-2.2481 		0.7265
v -2.9565 		-2.5764 		1.2459
v -2.7735 		-2.4365 		1.0843
v -2.938 		-2.5764 		1.2453
v -2.938 		-2.6075 		1.2586
v -3.0793 		-1.802 		2.4579
v -2.9408 		-2.5764 		1.2454
v -3.1178 		-1.7969 		2.4494
v -2.9595 		-2.6009 		1.2768
v -2.9717 		-2.5764 		1.2666
v -3.0408 		-1.8865 		1.961
v -2.9006 		-1.5618 		2.9456
v -2.938 		-2.5764 		1.2666
v -3.0409 		-1.8868 		1.9604
v -2.9763 		-2.5764 		1.2683
v -3.0383 		-1.8994 		1.9335
v -2.9714 		-2.5925 		1.2763
v -3.0998 		-1.7926 		2.4414
v -2.9685 		-2.5952 		1.2768
v -2.9755 		-2.5764 		1.268
v -2.7735 		-2.4376 		1.0388
v -2.9711 		-2.5933 		1.2768
v -2.971 		-2.2414 		0.726
v -2.8051 		-2.4387 		1.0389
v -2.9748 		-2.5764 		1.2768
v -2.9763 		-2.5764 		1.2685
v -2.7191 		-2.029 		2.2398
v -2.7624 		-2.4196 		1.0332
v -2.9544 		-2.5764 		1.2768
v -2.7735 		-2.4196 		1.0332
v -2.9565 		-2.5645 		1.2404
v -2.9565 		-2.5634 		1.2404
v -2.9355 		-2.5651 		1.2404
v -2.9744 		-2.2413 		0.7296
v -2.7536 		-2.4095 		1.0496
v -2.9764 		-2.5034 		1.2404
v -2.9764 		-2.5139 		1.2404
v -2.7536 		-2.4072 		1.0944
v -2.7536 		-2.4076 		1.0865
v -3.02 		-2.1856 		1.2173
v -2.9565 		-2.5139 		1.2404
v -2.9565 		-2.5034 		1.2404
v -2.9764 		-2.5034 		1.2041
v -2.9764 		-2.5034 		1.2277
v -2.9764 		-2.525 		1.2404
v -2.9764 		-2.5054 		1.2066
v -2.9764 		-2.5052 		1.2063
v -2.9978 		-2.5051 		1.2067
v -2.7536 		-2.4059 		1.0944
v -2.9565 		-2.5057 		1.2065
v -2.7536 		-2.4154 		1.0215
v -2.7536 		-2.4106 		1.0281
v -3.0266 		-1.8992 		1.9663
v -2.9764 		-2.5639 		1.2404
v -2.9764 		-2.5628 		1.2398
v -2.6595 		-2.03 		2.2082
v -2.9873 		-2.563 		1.2401
v -2.9565 		-2.5623 		1.2394
v -2.7536 		-2.3575 		1.0377
v -2.7536 		-2.3813 		1.0944
v -3.0981 		-2.1417 		1.2329
v -2.9764 		-2.55 		1.2324
v -2.7536 		-2.3575 		1.0215
v -2.7595 		-2.3575 		1.0944
v -2.9565 		-2.5261 		1.2183
v -2.7735 		-2.381 		1.0944
v -2.7779 		-2.3575 		1.0944
v -2.7735 		-2.3575 		1.0388
v -2.6507 		-2.028 		2.1951
v -2.8938 		-1.5877 		2.9493
v -2.7492 		-2.2609 		1.0215
v -2.7488 		-2.2609 		1.0215
v -2.7493 		-2.2391 		1.0215
v -2.7495 		-2.2515 		1.0215
v -2.7523 		-2.2391 		1.0215
v -2.7536 		-2.3507 		1.0215
v -2.7713 		-2.2802 		1.0215
v -2.7867 		-2.2802 		1.0215
v -2.7735 		-2.3502 		1.0215
v -2.7721 		-2.3575 		1.0215
v -2.792 		-2.4305 		1.0215
v -2.792 		-2.449 		1.0215
v -2.7859 		-2.4487 		1.0215
v -2.7735 		-2.4305 		1.0215
v -2.9593 		-1.5957 		2.9456
v -2.7339 		-1.9881 		2.2701
v -3.0785 		-1.8946 		1.9007
v -2.6341 		-2.2429 		0.9075
v -2.7756 		-1.9269 		2.3308
v -2.7602 		-1.9605 		2.2955
v -2.9764 		-2.5034 		1.2347
v -2.9565 		-2.5034 		1.2347
v -2.7699 		-2.2116 		1.97
v -2.865 		-2.2116 		1.97
v -2.865 		-2.2116 		1.897
v -2.7703 		-2.2116 		1.897
v -2.9402 		-1.6148 		2.9493
v -2.7191 		-2.2116 		1.8162
v -2.7191 		-2.2116 		1.8241
v -2.7237 		-2.2116 		1.8241
v -2.728 		-2.2116 		1.8177
v -2.7628 		-1.9787 		2.3032
v -2.7709 		-2.2116 		1.7538
v -2.762 		-1.9749 		2.308
v -2.7705 		-2.2116 		1.7575
v -2.9468 		-2.6473 		1.2307
v -2.7717 		-1.9501 		2.3348
v -2.7731 		-2.2116 		1.7511
v -2.963 		-2.2416 		0.7296
v -2.7728 		-2.2116 		1.7511
v -2.865 		-1.3329 		2.6503
v -2.8098 		-2.2116 		1.7575
v -2.768 		-1.9927 		2.2859
v -2.865 		-2.2116 		1.758
v -2.865 		-1.9844 		2.2718
v -2.865 		-1.9298 		2.3348
v -2.9501 		-2.2418 		0.7269
v -2.9508 		-2.2417 		0.7296
v -2.9409 		-2.2116 		1.8241
v -2.9531 		-2.2116 		1.8241
v -2.9764 		-2.6223 		1.2082
v -2.9595 		-2.2116 		1.8272
v -2.9596 		-2.2116 		1.8343
v -2.8783 		-2.2116 		1.7871
v -2.865 		-2.2116 		1.7871
v -2.865 		-2.2116 		1.7842
v -2.8733 		-2.2116 		1.7847
v -2.6515 		-2.2335 		0.9106
v -2.9508 		-2.2481 		0.7296
v -2.9507 		-2.2417 		0.7296
v -2.7779 		-2.2116 		1.7434
v -2.95 		-2.2481 		0.7296
v -2.7766 		-2.2116 		1.7454
v -2.865 		-2.2116 		1.7433
v -2.6609 		-2.2233 		2.2253
v -2.9901 		-2.2412 		0.6937
v -2.6598 		-2.2597 		0.8958
v -3.0118 		-1.9197 		2.3667
v -3.0109 		-1.9131 		2.3736
v -2.9565 		-2.6206 		1.2067
v -3.0742 		-1.8986 		2.3887
v -3.0487 		-1.885 		1.9206
v -3.0294 		-2.5616 		1.2583
v -2.983 		-2.2244 		0.7014
v -2.6658 		-2.2418 		0.9026
v -3.0466 		-2.5524 		1.3085
v -3.0705 		-1.9117 		1.9073
v -2.7169 		-2.2189 		1.0215
v -2.7262 		-2.2685 		0.9485
v -3.0289 		-2.543 		1.3102
v -2.7462 		-2.2686 		0.9485
v -2.9941 		-2.2133 		0.7065
v -2.7471 		-2.2737 		0.9801
v -2.7287 		-2.2773 		1.0028
v -2.7274 		-2.2747 		0.9869
v -3.0705 		-1.8832 		2.3767
v -2.7302 		-2.2802 		1.0215
v -2.7256 		-2.323 		0.969
v -3.0793 		-1.8889 		2.3556
v -2.8211 		-1.5236 		2.8948
v -3.0359 		-1.9124 		1.905
v -3.0364 		-1.9145 		1.8981
v -3.0366 		-1.9147 		1.897
v -3.0793 		-1.877 		2.383
v -3.0357 		-1.9117 		1.9073
v -3.0486 		-1.8944 		1.9006
v -3.0287 		-1.8943 		1.9006
v -3.0305 		-1.8858 		1.9187
v -2.865 		-1.9927 		2.2669
v -2.865 		-1.9756 		2.3086
v -3.0152 		-2.551 		1.2677
v -2.865 		-1.9504 		2.3348
v -2.865 		-1.9927 		2.2871
v -2.865 		-1.9605 		2.2955
v -3.0486 		-1.8955 		1.897
v -3.029 		-1.8953 		1.897
v -2.865 		-2.6493 		1.2872
v -2.9753 		-2.2412 		0.7296
v -2.8864 		-2.6493 		1.3133
v -2.7468 		-2.2399 		0.9485
v -2.9068 		-2.6493 		1.3071
v -2.9032 		-2.6493 		1.3017
v -2.8911 		-2.6493 		1.2833
v -2.8845 		-2.6493 		1.2816
v -2.6393 		-2.2426 		2.2202
v -2.8864 		-2.6493 		1.2811
v -3.0865 		-1.8915 		2.3946
v -2.865 		-2.6493 		1.2787
v -2.8658 		-2.6493 		1.2785
v -2.8748 		-2.6493 		1.28
v -2.7693 		-1.9836 		2.2665
v -2.8683 		-2.6536 		1.3133
v -2.865 		-2.6544 		1.3133
v -2.865 		-2.664 		1.3007
v -2.8801 		-2.6587 		1.3031
v -2.6715 		-2.2184 		2.2091
v -2.7466 		-2.2492 		0.9485
v -2.783 		-1.9873 		2.2618
v -3.0939 		-1.9012 		2.3616
v -2.865 		-2.6619 		1.2925
v -2.865 		-2.657 		1.2842
v -2.6507 		-2.2349 		2.206
v -2.761 		-1.9636 		2.2916
v -2.8711 		-2.6523 		1.2816
v -3.1178 		-1.8747 		2.3716
v -2.865 		-2.6536 		1.2816
v -2.8811 		-2.6507 		1.2809
v -2.7474 		-2.275 		0.9882
v -2.7485 		-2.2802 		1.0215
v -2.7473 		-2.2515 		0.9628
v -2.7468 		-2.2492 		0.9485
v -3.0976 		-1.8924 		2.3812
v -2.7472 		-2.2492 		0.9485
v -2.93 		-2.6801 		1.26
v -2.768 		-2.2725 		0.972
v -2.7836 		-2.2706 		0.9597
v -2.7665 		-2.2688 		0.9485
v -2.783 		-2.2688 		0.9485
v -2.865 		-2.689 		1.268
v -3.0859 		-1.8781 		2.3736
v -2.9644 		-2.2481 		0.7265
v -2.7785 		-1.9228 		2.3348
v -2.7625 		-2.2845 		0.9485
v -2.865 		-1.9224 		2.3348
v -2.9674 		-2.2845 		0.7259
v -2.9674 		-2.2845 		0.7296
v -2.7801 		-2.2845 		0.9485
v -2.9647 		-2.2515 		0.7296
v -2.8311 		-1.5546 		2.8965
v -2.9206 		-2.667 		1.2483
v -3.0998 		-1.867 		2.367
v -2.745 		-1.5666 		2.894
v -2.747 		-2.245 		0.9485
v -2.9468 		-2.2845 		0.7148
v -2.748 		-2.24 		0.9485
v -2.9508 		-2.2515 		0.7296
v -2.9508 		-2.2845 		0.7296
v -2.9496 		-2.2845 		0.7253
v -2.865 		-2.6741 		1.2549
v -2.7256 		-2.2655 		0.9297
v -2.7259 		-2.26 		0.8958
v -2.7448 		-2.2548 		0.8873
v -2.7259 		-2.2596 		0.8951
v -2.9556 		-2.2515 		0.7296
v -2.7472 		-2.2435 		0.9131
v -2.9676 		-2.2515 		0.7296
v -2.865 		-2.6495 		1.2785
v -2.7456 		-2.2512 		0.8955
v -2.7256 		-2.25 		0.9192
v -2.7278 		-2.2458 		0.9275
v -3.0981 		-1.9135 		1.9084
v -2.7438 		-2.26 		0.8755
v -2.9625 		-1.9197 		2.4807
v -2.9625 		-1.9197 		2.4568
v -2.9625 		-1.9197 		2.4807
v -2.9292 		-1.9197 		2.6067
v -2.9536 		-1.9197 		2.6213
v -2.9238 		-1.9237 		2.6124
v -2.7456 		-2.251 		0.8813
v -2.9106 		-1.9337 		2.6266
v -2.769 		-1.5903 		2.8965
v -2.865 		-1.9197 		2.3161
v -2.745 		-1.9958 		2.2635
v -2.93 		-2.7625 		1.1811
v -2.7246 		-2.0035 		2.2718
v -2.7266 		-2.0044 		2.2707
v -2.7191 		-2.001 		2.2748
v -2.865 		-2.7696 		1.1908
v -2.7238 		-2.0115 		2.2618
v -2.9625 		-1.9148 		1.897
v -2.9625 		-1.9054 		1.897
v -2.9622 		-1.9054 		1.897
v -2.9622 		-1.9148 		1.897
v -2.865 		-2.7579 		1.1745
v -2.9623 		-1.8955 		1.897
v -2.7227 		-2.2256 		0.8755
v -2.9625 		-1.8955 		1.897
v -2.7374 		-2.2393 		0.8985
v -2.7265 		-2.2291 		0.8815
v -2.9622 		-1.9197 		1.897
v -2.9622 		-1.9166 		1.897
v -2.9625 		-1.9166 		1.897
v -2.9625 		-1.9197 		1.897
v -2.7477 		-2.2406 		0.9006
v -2.7386 		-2.2404 		0.9003
v -2.9046 		-1.6684 		1.8749
v -2.9245 		-1.6631 		1.8736
v -2.865 		-1.6789 		1.8763
v -2.9251 		-1.6629 		1.8681
v -2.757 		-2.2332 		2.3191
v -2.938 		-1.6703 		1.8838
v -2.9325 		-1.6758 		1.884
v -2.9642 		-2.6548 		1.2372
v -2.865 		-1.9317 		2.595
v -2.932 		-1.6763 		1.8881
v -2.865 		-1.9465 		2.5819
v -2.8912 		-1.6873 		1.889
v -2.865 		-1.6943 		1.8898
v -2.7478 		-2.2404 		0.9116
v -2.865 		-1.9268 		2.5785
v -2.6572 		-1.4287 		2.6275
v -2.9678 		-2.2894 		0.7296
v -2.7456 		-2.251 		0.8755
v -2.7613 		-2.2139 		2.322
v -3.1264 		-1.9374 		2.5882
v -2.7472 		-2.2436 		0.9137
v -2.7413 		-1.9987 		2.2855
v -2.7464 		-2.2474 		0.9375
v -3.1323 		-1.9975 		2.5044
v -2.7456 		-2.2515 		0.9189
v -2.7456 		-2.2601 		0.8958
v -2.7456 		-2.2654 		0.9285
v -2.9508 		-2.2901 		0.7296
v -2.7691 		-1.9955 		2.2824
v -2.7456 		-2.2592 		0.8755
v -2.932 		-1.6763 		1.8605
v -2.865 		-2.2116 		0.6365
v -3.0115 		-2.223 		0.7031
v -3.1124 		-1.9978 		2.5041
v -3.0947 		-2.0651 		2.5696
v -2.804 		-1.4666 		2.7597
v -2.9303 		-2.3789 		0.6715
v -2.865 		-2.376 		0.6595
v -3.0793 		-2.0548 		2.5622
v -2.938 		-1.6501 		1.8681
v -2.7805 		-2.2602 		0.8958
v -2.7631 		-2.2602 		0.8958
v -2.7539 		-2.2373 		1.1674
v -2.7557 		-2.2487 		1.1674
v -2.7559 		-2.2487 		1.1674
v -2.7456 		-1.3905 		2.6745
v -2.755 		-2.2373 		1.1674
v -2.779 		-2.2845 		0.9346
v -2.7611 		-2.2845 		0.9347
v -2.7536 		-2.4119 		1.1674
v -2.7552 		-2.4053 		1.1674
v -2.865 		-2.3803 		0.6789
v -2.7715 		-2.4224 		1.1674
v -2.77 		-2.4305 		1.1674
v -2.7379 		-1.3474 		2.6355
v -2.7536 		-2.4305 		1.1674
v -2.9926 		-2.2681 		1.1674
v -2.9901 		-2.2487 		1.1674
v -2.976 		-2.2487 		1.1674
v -2.9765 		-2.2682 		1.1674
v -3.1067 		-1.94 		2.5847
v -2.9664 		-2.2682 		1.1674
v -2.9206 		-2.3826 		0.6886
v -2.9775 		-2.3147 		1.1674
v -2.9585 		-2.4224 		1.1674
v -2.974 		-2.4061 		1.1674
v -2.9758 		-2.4278 		1.1674
v -2.9282 		-1.6621 		1.8432
v -2.926 		-1.6644 		1.8432
v -2.751 		-2.0084 		2.2781
v -2.7654 		-2.2409 		0.9011
v -2.9565 		-2.4117 		1.1674
v -2.792 		-2.2413 		0.9018
v -2.9251 		-1.6629 		1.8432
v -2.938 		-1.6524 		1.8432
v -2.9565 		-2.4445 		1.1674
v -2.7876 		-2.0008 		2.276
v -2.7873 		-2.0007 		2.2761
v -2.7874 		-2.0121 		2.2618
v -2.865 		-2.2461 		2.3274
v -2.7954 		-2.0031 		2.2732
v -2.865 		-1.995 		2.2655
v -2.865 		-2.2261 		2.3299
v -2.7487 		-2.2623 		2.241
v -2.9645 		-2.3863 		0.7057
v -2.8697 		-1.6798 		1.8432
v -2.865 		-1.681 		1.8432
v -2.9961 		-2.1121 		2.6147
v -2.865 		-1.6943 		1.8523
v -2.865 		-1.6914 		1.8585
v -2.8714 		-1.6926 		1.8584
v -2.9015 		-1.6845 		1.8584
v -2.7365 		-2.2837 		2.2385
v -2.865 		-1.6943 		1.8584
v -2.9468 		-2.3883 		0.7148
v -2.8553 		-1.9992 		2.2618
v -2.865 		-1.9976 		2.2618
v -2.865 		-2.0129 		2.2618
v -2.7533 		-2.252 		2.2245
v -2.7934 		-1.99 		2.2585
v -2.7924 		-1.9927 		2.2551
v -2.7846 		-1.9877 		2.2613
v -2.7413 		-2.2723 		2.2231
v -2.9555 		-2.4296 		0.7296
v -2.9555 		-2.4305 		0.729
v -2.9887 		-2.0964 		2.605
v -2.9556 		-2.4305 		0.7296
v -2.9508 		-2.4296 		0.7296
v -2.9506 		-2.4305 		0.729
v -2.865 		-1.6789 		1.8432
v -2.9508 		-2.4305 		0.7296
v -2.865 		-1.9813 		2.251
v -2.865 		-1.9713 		2.2567
v -2.8244 		-2.2418 		0.9026
v -2.865 		-1.3765 		2.6913
v -2.865 		-2.2606 		0.8958
v -2.865 		-2.1115 		2.6207
v -2.788 		-2.0057 		2.2387
v -2.7808 		-2.0164 		2.2253
v -2.9759 		-2.4575 		0.7147
v -2.9758 		-2.4568 		0.7147
v -2.9749 		-2.4497 		0.7146
v -2.865 		-2.2424 		0.9063
v -2.9752 		-2.4444 		0.7188
v -2.792 		-1.9939 		2.2536
v -2.865 		-2.2757 		2.2467
v -2.9984 		-2.4832 		0.7165
v -2.7218 		-2.0165 		2.2556
v -3.0024 		-2.4504 		0.7168
v -2.9625 		-1.9262 		2.4807
v -2.865 		-2.2982 		2.245
v -2.79 		-1.4781 		2.6985
v -2.9015 		-1.6713 		1.8432
v -2.9756 		-2.4393 		0.7228
v -2.9621 		-1.9253 		2.3348
v -2.9619 		-1.9501 		2.3348
v -2.7462 		-1.4814 		2.6985
v -2.7342 		-1.4603 		2.6338
v -2.865 		-1.6815 		1.8369
v -2.961 		-1.9501 		2.3348
v -2.7204 		-2.0227 		2.2477
v -2.9289 		-1.9433 		2.3348
v -2.938 		-1.6947 		1.8359
v -2.9178 		-1.7001 		1.8359
v -2.9553 		-1.9424 		2.3431
v -2.865 		-2.2857 		2.2293
v -2.9583 		-1.9501 		2.3348
v -2.9619 		-1.9509 		2.3348
v -2.865 		-2.2646 		2.2302
v -2.9596 		-1.9504 		2.3348
v -2.9151 		-1.7008 		1.8359
v -2.9335 		-1.9504 		2.3348
v -2.7162 		-2.5031 		0.9457
v -2.7622 		-2.0402 		2.2263
v -2.9523 		-1.923 		2.3348
v -2.9622 		-1.9231 		2.3348
v -2.932 		-1.6763 		1.8523
v -2.6507 		-2.266 		2.1176
v -2.9314 		-1.6738 		1.8585
v -2.932 		-1.6763 		1.8584
v -2.9325 		-1.6757 		1.8584
v -2.9764 		-2.5017 		0.7296
v -2.7735 		-2.4305 		1.0155
v -2.9764 		-2.4911 		0.7214
v -2.9764 		-2.4826 		0.7149
v -2.9764 		-2.4617 		0.7148
v -2.7536 		-2.4305 		1.0007
v -2.9682 		-2.4826 		0.7142
v -2.7442 		-1.4777 		2.634
v -2.9357 		-1.6726 		1.8584
v -3.0947 		-1.9311 		2.438
v -2.938 		-1.6703 		1.8584
v -2.9764 		-2.4828 		0.7149
v -2.9696 		-2.4496 		0.7142
v -2.7617 		-2.041 		2.2253
v -2.792 		-2.4305 		1.0155
v -3.0793 		-1.9411 		2.4457
v -2.9762 		-2.4306 		0.7296
v -2.5997 		-2.2215 		2.0888
v -2.7536 		-2.4649 		0.9922
v -2.7536 		-2.4641 		0.9935
v -2.6176 		-2.2178 		2.0968
v -3.0148 		-1.9494 		2.3348
v -2.7541 		-2.4652 		0.9927
v -3.0121 		-1.9215 		2.3649
v -2.865 		-1.4495 		2.6985
v -2.7356 		-2.0592 		2.1953
v -2.741 		-2.0524 		2.2074
v -2.7567 		-2.0451 		2.2031
v -2.7536 		-2.4736 		0.985
v -2.7392 		-2.0522 		2.2077
v -2.807 		-1.4675 		2.6985
v -2.7336 		-2.0628 		2.1889
v -2.6776 		-1.8839 		1.0944
v -2.6765 		-1.891 		1.1385
v -2.6387 		-2.2817 		2.1145
v -2.9565 		-2.4675 		0.7142
v -2.9543 		-2.4496 		0.7142
v -2.7236 		-2.0508 		2.2099
v -2.6756 		-1.8956 		1.1674
v -2.7735 		-2.4658 		0.9931
v -2.865 		-1.4252 		2.6338
v -2.7735 		-2.4768 		0.985
v -2.6245 		-2.2227 		2.0697
v -2.7735 		-2.4552 		1.0102
v -2.9947 		-2.205 		2.4628
v -2.6401 		-2.2184 		2.0814
v -2.7735 		-2.4492 		0.985
v -2.9887 		-2.1862 		2.4602
v -2.6604 		-2.278 		2.094
v -2.9565 		-2.4823 		0.7142
v -2.9565 		-2.5012 		0.7286
v -2.9565 		-2.5025 		0.7296
v -2.792 		-2.475 		0.9871
v -2.865 		-2.2007 		2.4736
v -2.9565 		-2.4826 		0.7142
v -2.792 		-2.4663 		0.9935
v -2.9838 		-2.2002 		2.4385
v -2.7761 		-2.0233 		2.2166
v -2.7716 		-2.03 		2.2082
v -2.7427 		-2.0383 		2.2037
v -2.9249 		-2.4826 		0.7142
v -2.865 		-1.4623 		2.6831
v -2.865 		-1.4452 		2.634
v -2.6703 		-2.2617 		2.0999
v -2.9297 		-2.4889 		0.6199
v -2.7536 		-2.4331 		0.9971
v -2.979 		-2.1808 		2.4382
v -2.6744 		-1.903 		1.0944
v -2.865 		-2.4835 		0.6093
v -2.9222 		-1.6657 		1.8432
v -2.6743 		-1.9038 		1.0994
v -2.6723 		-1.9148 		1.1674
v -2.865 		-2.1942 		2.4508
v -2.865 		-2.4926 		0.627
v -2.9206 		-2.4969 		0.6356
v -2.7536 		-2.4405 		0.985
v -2.9255 		-1.6648 		1.8432
v -2.926 		-1.6644 		1.8432
v -2.6958 		-1.8956 		1.1674
v -2.696 		-1.8944 		1.16
v -2.6969 		-1.8864 		1.1106
v -2.706 		-1.5275 		2.7649
v -2.697 		-1.8862 		1.1097
v -3.0924 		-2.1617 		2.4231
v -2.645 		-1.6253 		2.7597
v -2.7735 		-2.4669 		0.9705
v -2.7735 		-2.4524 		0.9799
v -2.7624 		-2.4524 		0.9799
v -3.0012 		-2.542 		0.8395
v -3.0015 		-2.5389 		0.831
v -2.792 		-2.4524 		0.9799
v -3.0016 		-2.5379 		0.828
v -3.0793 		-2.1466 		2.4231
v -2.7484 		-2.3127 		2.1102
v -2.7613 		-2.0537 		2.2205
v -2.7768 		-2.0224 		2.2179
v -2.792 		-2.0469 		2.2179
v -2.6996 		-1.8838 		1.0944
v -2.6972 		-1.886 		1.1084
v -3.0016 		-2.5378 		0.8279
v -2.7365 		-2.3207 		2.1316
v -2.7536 		-2.4669 		0.96
v -2.7536 		-2.4538 		0.9684
v -2.7268 		-2.4501 		0.9693
v -2.6942 		-1.545 		2.6985
v -2.7055 		-1.5268 		2.6985
v -2.9995 		-2.5393 		0.8274
v -2.7729 		-2.0459 		2.2193
v -3.0011 		-2.5342 		0.8185
v -2.7413 		-2.3013 		2.133
v -2.759 		-2.045 		2.2202
v -2.9861 		-2.5256 		0.8328
v -3.0009 		-2.5162 		0.8368
v -3.1098 		-2.1016 		2.3502
v -2.7456 		-2.4453 		0.9645
v -2.7484 		-2.0463 		2.2211
v -2.9257 		-1.6652 		1.8369
v -3.1303 		-2.0987 		2.3661
v -2.7536 		-2.4487 		0.9718
v -2.7524 		-2.2937 		2.1133
v -3.1124 		-2.0924 		2.3727
v -2.7365 		-2.4937 		0.965
v -2.9602 		-1.6279 		1.8681
v -2.6592 		-1.5683 		2.6985
v -2.6344 		-1.8964 		1.0565
v -2.6381 		-1.5563 		2.6338
v -2.865 		-2.325 		2.1156
v -2.9801 		-1.6279 		1.8818
v -2.865 		-2.3341 		2.1376
v -2.7536 		-2.4812 		0.9787
v -3.093 		-2.0944 		2.3582
v -2.6555 		-1.5663 		2.634
v -2.6703 		-1.5746 		2.6831
v -3.0029 		-2.5906 		0.806
v -3.0012 		-2.6126 		0.8664
v -2.865 		-2.3145 		2.1384
v -2.6783 		-1.88 		1.0706
v -2.6784 		-1.8793 		1.0658
v -2.6789 		-1.878 		1.058
v -2.988 		-2.6493 		0.8622
v -3.0733 		-2.1608 		2.4023
v -2.9744 		-1.6618 		1.8357
v -2.7557 		-2.4965 		0.9688
v -2.9719 		-1.6644 		1.8357
v -2.7563 		-2.497 		0.9692
v -2.7564 		-2.4977 		0.9687
v -2.7536 		-2.4971 		0.969
v -2.7536 		-2.4968 		0.9688
v -2.7615 		-2.4957 		0.969
v -2.7599 		-2.4969 		0.9695
v -2.7576 		-2.497 		0.9693
v -2.983 		-2.6092 		0.8593
v -3.0622 		-2.1443 		2.4043
v -2.7616 		-2.4969 		0.9697
v -2.9764 		-2.6493 		0.872
v -2.9764 		-2.6441 		0.8755
v -2.7735 		-2.4964 		0.9694
v -2.7735 		-2.4976 		0.9701
v -2.808 		-1.5184 		2.764
v -2.7536 		-2.4924 		0.9694
v -2.865 		-2.3051 		2.1185
v -2.9565 		-2.6493 		0.8751
v -2.7382 		-1.5595 		2.7677
v -2.7735 		-2.4974 		0.9692
v -2.7735 		-2.4991 		0.969
v -2.9565 		-2.6143 		0.8747
v -2.7556 		-2.4964 		0.9688
v -2.9676 		-2.6143 		0.8747
v -2.7557 		-2.497 		0.9685
v -2.7554 		-2.4962 		0.9686
v -2.6196 		-2.2498 		1.9831
v -2.7536 		-2.4964 		0.9685
v -2.9439 		-1.6644 		1.8584
v -2.9565 		-2.6493 		0.8575
v -2.9744 		-1.6336 		1.8584
v -2.865 		-2.2204 		2.4767
v -2.865 		-2.2141 		2.4514
v -2.7433 		-2.2429 		2.3365
v -2.9764 		-2.6113 		0.8659
v -2.9764 		-2.5942 		0.8755
v -2.9764 		-2.6493 		0.8509
v -2.865 		-2.2575 		2.3459
v -2.6754 		-1.8972 		1.058
v -2.7524 		-1.4925 		2.6831
v -2.6968 		-1.8867 		1.083
v -2.938 		-2.5071 		0.7337
v -2.9249 		-2.5034 		0.735
v -2.938 		-2.5039 		0.7354
v -2.938 		-2.5047 		0.7346
v -2.9625 		-1.6279 		1.8432
v -2.865 		-2.2375 		2.3473
v -2.7484 		-2.2238 		2.3382
v -2.639 		-2.2509 		1.978
v -2.938 		-2.5213 		0.7438
v -2.938 		-2.5077 		0.7334
v -2.938 		-2.5076 		0.7334
v -2.8252 		-1.5329 		2.6831
v -2.7541 		-2.4951 		0.9678
v -2.6339 		-2.2372 		1.9976
v -2.7307 		-1.6128 		2.6831
v -3.0086 		-1.643 		1.8523
v -2.753 		-1.5744 		2.6831
v -2.9922 		-1.6641 		1.8568
v -2.7868 		-1.555 		2.6831
v -2.7536 		-2.4951 		0.9678
v -3.0109 		-1.6454 		1.8568
v -2.7536 		-2.4971 		0.9682
v -2.9939 		-1.6624 		1.8568
v -2.9867 		-2.2429 		2.3365
v -2.8356 		-1.572 		2.6822
v -2.9816 		-2.2238 		2.3382
v -2.7815 		-1.6031 		2.6822
v -2.9933 		-2.5113 		0.7466
v -2.9969 		-2.5095 		0.7499
v -2.9968 		-2.5095 		0.7497
v -2.9924 		-2.5074 		0.7353
v -2.653 		-2.2401 		1.9925
v -2.9978 		-2.5091 		0.7507
v -2.7761 		-1.5977 		2.6266
v -2.7764 		-1.5979 		2.6292
v -2.9935 		-2.5109 		0.747
v -2.7536 		-2.4967 		0.9658
v -2.8336 		-1.5645 		2.6266
v -2.6812 		-2.2811 		2.0013
v -2.7536 		-2.4947 		0.9675
v -2.7007 		-1.8828 		1.0882
v -2.7017 		-1.8818 		1.0822
v -2.7056 		-1.878 		1.058
v -2.7906 		-1.6122 		2.6831
v -2.8388 		-1.5843 		2.6831
v -2.9995 		-1.6367 		1.8437
v -2.9977 		-2.5091 		0.7506
v -2.9919 		-1.6644 		1.8568
v -2.7773 		-2.0341 		2.201
v -2.792 		-2.0347 		2.2
v -2.8388 		-1.5843 		2.6266
v -2.7906 		-1.6122 		2.6266
v -2.7071 		-1.8764 		1.0813
v -2.9979 		-2.51 		0.7534
v -2.8111 		-2.0635 		2.1889
v -2.8117 		-2.0477 		2.2168
v -2.7942 		-2.047 		2.2178
v -2.865 		-2.0326 		2.212
v -2.865 		-2.0414 		2.2128
v -2.9622 		-1.9197 		2.3348
v -2.6359 		-1.2357 		2.2493
v -2.865 		-2.0029 		2.2542
v -2.735 		-1.2975 		2.5542
v -2.6777 		-1.8832 		1.0225
v -2.5977 		-1.3337 		2.3054
v -2.6783 		-1.8798 		1.0441
v -2.6783 		-1.88 		1.0425
v -2.679 		-1.8778 		1.0565
v -2.865 		-2.0161 		2.2579
v -2.7059 		-1.8778 		1.0565
v -2.7011 		-1.8828 		1.0245
v -2.6604 		-1.8778 		1.0565
v -2.865 		-2.0549 		2.1889
v -2.6575 		-2.3076 		1.9956
v -2.9764 		-2.5059 		0.7391
v -2.9764 		-2.5057 		0.736
v -2.971 		-2.5051 		0.7362
v -2.5965 		-1.3024 		2.2191
v -2.9764 		-2.5057 		0.7359
v -2.7007 		-1.8832 		1.0219
v -2.8246 		-2.0636 		2.1889
v -2.865 		-2.0466 		2.2196
v -2.865 		-2.0636 		2.1889
v -2.7353 		-1.2291 		2.3795
v -2.9764 		-2.511 		0.7362
v -2.865 		-2.03 		2.2082
v -2.7536 		-2.4931 		0.9688
v -2.9565 		-2.5046 		0.7358
v -2.9565 		-2.5082 		0.7339
v -2.6367 		-1.2713 		2.349
v -2.9764 		-2.5034 		0.731
v -2.9764 		-2.5076 		0.7342
v -2.9676 		-2.5077 		0.7336
v -2.8328 		-2.0362 		2.1973
v -2.8329 		-2.0361 		2.1975
v -2.8291 		-2.041 		2.1889
v -2.8063 		-2.0352 		2.1991
v -2.9565 		-2.5066 		0.734
v -2.9801 		-1.6279 		1.8584
v -2.6692 		-2.2937 		1.9874
v -2.9565 		-2.5077 		0.7335
v -2.735 		-1.1904 		2.2692
v -2.9565 		-2.5034 		0.7303
v -2.9565 		-2.5073 		0.7333
v -2.9764 		-2.511 		0.7362
v -2.7735 		-2.4868 		0.9775
v -2.865 		-2.0323 		2.1951
v -2.865 		-2.0235 		2.1943
v -2.865 		-1.1747 		2.2764
v -2.7564 		-2.4971 		0.9692
v -2.7536 		-2.4972 		0.969
v -2.6701 		-2.2945 		2.011
v -2.865 		-1.2143 		2.3907
v -2.9764 		-2.5221 		0.7296
v -2.5977 		-1.2713 		2.123
v -2.865 		-1.2827 		2.5665
v -2.6572 		-2.1338 		2.2712
v -2.6319 		-2.1349 		2.2798
v -3.0019 		-1.6279 		1.8356
v -2.9995 		-1.6367 		1.8356
v -2.7536 		-2.5034 		0.9725
v -2.635 		-1.3888 		2.5933
v -2.7536 		-2.5014 		0.9715
v -2.9565 		-2.5034 		0.7515
v -2.9565 		-2.5046 		0.751
v -3.0109 		-1.6599 		1.8401
v -3.0073 		-1.6635 		1.8401
v -2.9565 		-2.5212 		0.7438
v -3.0065 		-1.6644 		1.8401
v -2.7735 		-2.5034 		0.9731
v -2.9403 		-2.5077 		0.7334
v -2.6515 		-1.9063 		1.0565
v -2.6777 		-1.8833 		1.0219
v -2.7735 		-2.4971 		0.9511
v -2.7735 		-2.5034 		0.9517
v -2.7735 		-2.4994 		0.9496
v -2.6376 		-1.2052 		2.1378
v -2.7735 		-2.4808 		0.9616
v -2.7735 		-2.4968 		0.9513
v -2.6658 		-1.8969 		1.0565
v -2.9764 		-2.5034 		0.7555
v -2.9764 		-2.5262 		0.7457
v -2.6319 		-1.3317 		2.1091
v -2.6777 		-1.8834 		1.0215
v -2.792 		-2.4987 		0.9707
v -2.792 		-2.4973 		0.97
v -2.9764 		-2.5399 		0.7409
v -2.9995 		-1.6367 		1.8312
v -2.6367 		-1.34 		2.5198
v -2.6754 		-1.8969 		1.0565
v -2.6951 		-1.8969 		1.0565
v -2.9988 		-1.6374 		1.8357
v -2.7006 		-1.8833 		1.0215
v -2.983 		-2.5667 		0.737
v -2.6615 		-2.3127 		1.8979
v -2.9814 		-1.6548 		1.8357
v -2.5962 		-1.4466 		2.5317
v -2.9764 		-2.5705 		0.7296
v -2.9764 		-2.5646 		0.7324
v -2.792 		-2.4999 		0.9694
v -2.792 		-2.5006 		0.9694
v -2.7365 		-1.1476 		2.0444
v -2.865 		-1.1334 		2.0461
v -2.6745 		-1.9026 		1.0215
v -2.7359 		-1.1625 		2.1464
v -2.865 		-1.1473 		2.1495
v -2.7624 		-2.4994 		0.9496
v -2.9428 		-1.6934 		1.8358
v -2.9999 		-2.641 		0.767
v -2.6718 		-2.2965 		1.9024
v -2.9699 		-1.7008 		1.8401
v -2.7427 		-1.4757 		2.595
v -2.7609 		-1.462 		2.5877
v -2.7851 		-1.4582 		2.5899
v -3.0004 		-2.6446 		0.7755
v -2.7991 		-1.4455 		2.5822
v -2.6755 		-2.1967 		2.2955
v -3.0004 		-2.6449 		0.7761
v -3.0005 		-2.6463 		0.7795
v -2.9554 		-1.7008 		1.8568
v -2.6332 		-1.4594 		2.2655
v -2.792 		-2.4994 		0.9496
v -2.9981 		-2.6291 		0.7377
v -2.7549 		-1.463 		2.5872
v -2.7377 		-1.4649 		2.5849
v -2.7319 		-1.4668 		2.5825
v -2.7278 		-1.4754 		2.5722
v -2.7536 		-2.5029 		0.951
v -2.7536 		-2.5034 		0.9513
v -2.651 		-2.2016 		2.3097
v -2.7365 		-1.4623 		2.5825
v -2.6333 		-1.4595 		2.266
v -2.6334 		-1.4748 		2.3235
v -2.6162 		-1.4201 		2.2678
v -2.77 		-1.8778 		1.0565
v -2.6148 		-2.1403 		2.2709
v -2.7536 		-2.5016 		0.9485
v -2.9427 		-1.6935 		1.8575
v -2.9428 		-1.6934 		1.8437
v -2.8362 		-1.8792 		1.0477
v -2.6122 		-1.4785 		2.2655
v -2.9428 		-1.6934 		1.8312
v -2.8358 		-1.8791 		1.0646
v -2.942 		-1.6936 		1.8359
v -2.7357 		-2.4878 		0.9495
v -2.865 		-1.8868 		1.1139
v -2.7536 		-2.471 		0.9574
v -2.6411 		-1.4775 		2.2655
v -2.6412 		-1.4775 		2.2652
v -2.6852 		-2.1799 		2.3006
v -2.6632 		-2.1862 		2.3134
v -2.7453 		-1.4797 		2.5785
v -2.7278 		-1.4755 		2.5721
v -2.7394 		-1.4694 		2.57
v -2.7329 		-1.4712 		2.5701
v -3.0169 		-2.5271 		0.8325
v -2.738 		-1.467 		2.568
v -2.7536 		-2.4847 		0.9485
v -2.7261 		-1.4789 		2.568
v -2.7547 		-2.3284 		2.0173
v -2.6757 		-1.8952 		0.9485
v -2.7323 		-1.4727 		2.568
v -2.723 		-1.4819 		2.568
v -2.938 		-2.6493 		0.8755
v -2.938 		-2.6493 		0.8575
v -2.7476 		-2.3427 		2.0016
v -2.743 		-1.4819 		2.5785
v -2.949 		-2.6493 		0.8753
v -2.7246 		-1.4819 		2.5643
v -2.7308 		-1.4819 		2.5643
v -2.9456 		-2.6493 		0.8755
v -2.938 		-2.6757 		0.8603
v -2.865 		-1.48 		2.2698
v -2.938 		-2.6821 		0.8413
v -2.938 		-2.6766 		0.8638
v -2.938 		-2.6851 		0.8755
v -2.674 		-2.0833 		2.2259
v -2.938 		-2.6772 		0.8709
v -2.7519 		-2.3247 		1.9939
v -2.6412 		-1.4935 		2.3255
v -2.6302 		-1.4876 		2.2655
v -2.7508 		-1.4819 		2.5619
v -2.938 		-2.6502 		0.8755
v -2.732 		-1.4819 		2.5537
v -2.7286 		-1.4819 		2.5551
v -2.938 		-2.7063 		0.8659
v -2.938 		-2.6915 		0.8567
v -2.7256 		-2.4045 		0.8821
v -2.9722 		-2.6739 		0.859
v -2.7444 		-1.4819 		2.5755
v -2.9565 		-2.6747 		0.8596
v -2.9565 		-2.6665 		0.8645
v -2.7675 		-1.4819 		2.5599
v -2.7456 		-2.4042 		0.8824
v -2.7675 		-1.4723 		2.5537
v -2.9679 		-2.677 		0.8707
v -2.9565 		-2.6768 		0.8681
v -2.6438 		-1.4837 		2.265
v -2.759 		-2.3113 		2.0076
v -2.9565 		-2.6771 		0.8708
v -2.9565 		-2.6853 		0.8755
v -2.7675 		-1.4819 		2.5665
v -2.7341 		-2.4881 		0.9472
v -2.9565 		-2.6835 		0.8746
v -2.9565 		-2.6776 		0.8711
v -2.938 		-1.7202 		1.8401
v -2.9372 		-1.7204 		1.8401
v -2.9565 		-2.6572 		0.8701
v -2.6105 		-1.5808 		2.3291
v -2.865 		-1.7397 		1.8401
v -2.6199 		-1.5888 		2.3245
v -2.8818 		-1.7353 		1.8401
v -2.7349 		-2.4881 		0.9482
v -2.9565 		-2.6698 		0.8474
v -2.9565 		-2.6814 		0.8417
v -2.6504 		-2.0799 		2.231
v -2.9565 		-2.6821 		0.8413
v -2.9565 		-2.6858 		0.8474
v -2.7345 		-2.4897 		0.9462
v -2.9565 		-2.6521 		0.8561
v -2.7536 		-2.4923 		0.9435
v -2.865 		-1.4298 		2.6238
v -2.7536 		-2.4965 		0.9408
v -2.8404 		-1.4462 		2.6023
v -2.8321 		-1.4517 		2.595
v -2.865 		-1.4429 		2.595
v -2.6725 		-1.9143 		0.9485
v -2.865 		-2.3401 		2.0193
v -2.6968 		-1.8874 		0.9964
v -2.751 		-2.4966 		0.9377
v -2.865 		-2.3549 		2.0036
v -2.8186 		-1.453 		2.593
v -2.865 		-1.7573 		1.8628
v -2.865 		-1.4387 		2.5913
v -2.8216 		-1.4422 		2.5845
v -2.6953 		-1.8951 		0.9485
v -2.7284 		-2.4656 		0.8828
v -2.865 		-1.7382 		1.8691
v -2.865 		-2.3361 		1.9965
v -2.9535 		-2.6852 		0.8755
v -2.865 		-1.7359 		1.8352
v -2.865 		-1.7142 		1.8359
v -2.9676 		-2.6821 		0.8413
v -2.6852 		-2.0876 		2.2422
v -2.865 		-1.7302 		1.8434
v -2.938 		-1.7097 		1.8568
v -2.9254 		-1.713 		1.8568
v -2.865 		-1.7292 		1.8568
v -2.865 		-1.7293 		1.8568
v -2.6632 		-2.0839 		2.2459
v -2.865 		-2.3224 		2.0099
v -2.865 		-1.4617 		2.5884
v -2.8123 		-1.4634 		2.5796
v -2.865 		-1.4591 		2.5866
v -2.7512 		-2.3365 		1.897
v -2.7499 		-2.3401 		1.9044
v -2.7713 		-2.3379 		1.897
v -2.6302 		-1.5769 		2.3314
v -2.7985 		-1.4655 		2.5785
v -2.7441 		-2.3346 		1.897
v -2.6396 		-1.5905 		2.3234
v -2.865 		-1.7259 		1.8523
v -2.6728 		-1.9122 		0.8819
v -2.6742 		-1.9037 		0.8958
v -2.865 		-1.4483 		2.5789
v -2.8622 		-1.4485 		2.5785
v -2.7536 		-2.321 		1.9093
v -2.7921 		-1.4819 		2.5569
v -2.6145 		-1.5942 		2.3211
v -2.6598 		-1.9038 		0.8958
v -2.9959 		-2.668 		0.8429
v -2.9978 		-2.6687 		0.8408
v -2.9978 		-2.6687 		0.8408
v -2.9947 		-2.6776 		0.869
v -2.9978 		-2.6687 		0.8408
v -2.865 		-1.7142 		1.8437
v -2.9964 		-2.6689 		0.8418
v -2.5945 		-1.6071 		2.314
v -2.865 		-1.7142 		1.8312
v -2.7675 		-1.4819 		2.5537
v -2.6424 		-2.1415 		2.2604
v -2.7675 		-1.4819 		2.5387
v -2.6273 		-2.1654 		2.2
v -2.7807 		-1.4819 		2.5331
v -2.9978 		-2.6687 		0.8408
v -2.627 		-1.5957 		2.3205
v -2.865 		-2.3495 		1.9067
v -2.865 		-2.3301 		1.9116
v -2.7675 		-1.4819 		2.5345
v -2.9642 		-1.7308 		1.8628
v -2.7536 		-2.4972 		0.9404
v -2.7712 		-2.3303 		1.897
v -2.9978 		-2.6685 		0.84
v -2.6125 		-1.6145 		2.3097
v -2.623 		-2.2629 		1.8873
v -2.9545 		-1.7142 		1.8691
v -2.6721 		-1.9161 		0.8755
v -2.6938 		-1.9036 		0.8958
v -2.6936 		-1.9044 		0.8946
v -2.6421 		-2.2626 		1.8933
v -2.6199 		-1.5729 		2.2655
v -2.6105 		-1.5637 		2.2655
v -2.6944 		-1.8999 		0.9186
v -2.9764 		-2.6858 		0.8755
v -2.9764 		-2.6738 		0.8391
v -2.9764 		-2.6685 		0.8417
v -2.9764 		-2.673 		0.856
v -2.9764 		-2.6746 		0.8609
v -2.9764 		-2.6776 		0.8704
v -2.9764 		-2.6841 		0.8745
v -2.625 		-1.4825 		2.5611
v -2.8094 		-2.7522 		1.1668
v -2.6145 		-1.5794 		2.2655
v -2.6716 		-1.9197 		0.915
v -2.9764 		-2.6772 		0.8702
v -2.6002 		-2.1802 		2.1914
v -2.6914 		-1.916 		0.8755
v -2.6915 		-1.9155 		0.8763
v -2.7655 		-2.7423 		1.1529
v -2.6535 		-1.5649 		2.595
v -2.9764 		-2.6513 		0.8501
v -2.9764 		-2.663 		0.8627
v -2.9528 		-1.7125 		1.8352
v -2.641 		-1.5575 		2.5833
v -2.9548 		-1.7157 		1.8401
v -2.7832 		-2.7366 		1.1452
v -2.6521 		-2.2404 		1.8317
v -2.6698 		-1.5743 		2.5884
v -2.9553 		-1.7154 		1.8401
v -2.6575 		-1.5675 		2.5785
v -2.9505 		-1.7071 		1.8434
v -2.7536 		-2.7169 		1.1175
v -2.9764 		-2.6817 		0.8391
v -2.9764 		-2.6858 		0.8472
v -2.7623 		-1.8595 		1.0198
v -2.7735 		-2.7155 		1.1158
v -2.95 		-1.7062 		1.8568
v -2.9498 		-1.7065 		1.8568
v -2.9764 		-2.686 		0.8755
v -2.6683 		-2.2458 		1.8423
v -2.865 		-1.887 		0.9974
v -2.9502 		-1.7065 		1.8568
v -2.9497 		-1.7065 		1.8568
v -2.627 		-1.5808 		2.2655
v -2.7168 		-2.5587 		0.9354
v -2.865 		-1.9029 		0.8958
v -2.7165 		-2.5191 		0.9571
v -2.6302 		-1.5592 		2.2655
v -2.9992 		-2.6955 		0.8419
v -2.7043 		-2.5322 		0.9286
v -2.6396 		-1.5751 		2.2655
v -2.9873 		-2.6915 		0.8567
v -2.6307 		-1.9579 		2.1803
v -2.7114 		-2.2292 		1.8742
v -2.6321 		-1.9784 		1.158
v -2.6455 		-1.9901 		1.144
v -2.6317 		-1.6279 		2.5537
v -2.6499 		-1.6279 		2.5537
v -2.9479 		-1.7037 		1.8523
v -2.6946 		-2.2241 		1.8474
v -2.7185 		-2.5579 		0.9115
v -2.5945 		-1.594 		2.2655
v -2.989 		-2.7063 		0.8659
v -2.999 		-2.7066 		0.8536
v -2.6378 		-1.9861 		1.1406
v -2.7108 		-2.5413 		0.9514
v -2.9764 		-2.7063 		0.8659
v -2.9764 		-2.6915 		0.8567
v -2.6125 		-1.6025 		2.2655
v -2.9565 		-2.6915 		0.8567
v -2.9565 		-2.7063 		0.8659
v -2.7191 		-2.2199 		1.8381
v -2.7536 		-2.5125 		0.9773
v -2.9764 		-2.7223 		0.8652
v -2.9847 		-1.7664 		1.8198
v -2.9565 		-2.7223 		0.8652
v -2.7322 		-2.0656 		2.1839
v -2.8189 		-2.0541 		2.1656
v -2.804 		-2.0656 		2.1453
v -2.9764 		-2.6863 		0.8483
v -2.811 		-2.0656 		2.1851
v -2.9796 		-1.7573 		1.803
v -2.6426 		-1.4942 		2.1982
v -2.865 		-2.0656 		2.1698
v -2.7319 		-2.5168 		0.9781
v -3.0208 		-1.65 		1.8401
v -2.865 		-2.0608 		2.1378
v -2.745 		-2.5063 		0.9522
v -3.022 		-1.6462 		1.8402
v -3.0212 		-1.649 		1.8402
v -2.865 		-2.0631 		2.129
v -2.7191 		-1.4859 		2.568
v -2.6946 		-2.2677 		1.8369
v -2.6515 		-1.9742 		1.16
v -2.7407 		-2.5217 		0.961
v -2.7191 		-1.5059 		2.5785
v -2.983 		-2.6787 		0.8319
v -2.6655 		-1.9924 		1.1423
v -2.6524 		-2.2136 		1.7913
v -3.0055 		-2.716 		0.8317
v -2.6381 		-2.1175 		2.1615
v -2.6523 		-1.6279 		2.4896
v -2.6962 		-1.5466 		2.4807
v -2.7536 		-2.5085 		0.9543
v -2.7536 		-2.5217 		0.961
v -2.7191 		-2.2428 		1.7954
v -2.7536 		-2.5399 		0.9773
v -2.7536 		-2.5172 		0.9798
v -2.6863 		-2.2791 		1.8229
v -2.7191 		-2.2521 		1.7979
v -2.6575 		-1.5395 		2.495
v -2.7621 		-2.5174 		0.9804
v -2.7191 		-2.2335 		1.7982
v -2.7191 		-2.2567 		1.8032
v -2.7191 		-2.2288 		1.8008
v -3.0366 		-1.6581 		1.8625
v -2.9764 		-2.6802 		0.8359
v -2.7735 		-2.5399 		0.9779
v -2.7735 		-2.5174 		0.9804
v -2.7088 		-2.2187 		1.8081
v -2.6903 		-1.5524 		2.4807
v -2.7735 		-2.5123 		0.9778
v -2.6866 		-1.5842 		2.4807
v -2.6719 		-1.6279 		2.4897
v -3.0203 		-1.6487 		1.8691
v -2.7191 		-2.2439 		1.8171
v -3.0268 		-1.6279 		1.8402
v -2.7735 		-2.5217 		0.961
v -2.7191 		-1.5517 		2.4807
v -2.938 		-2.7622 		0.8381
v -2.9249 		-2.7622 		0.8339
v -2.938 		-2.7622 		0.8333
v -2.7191 		-2.2238 		1.8241
v -2.938 		-2.7622 		0.8407
v -2.938 		-2.7626 		0.8328
v -2.792 		-2.5174 		0.9804
v -2.938 		-2.7623 		0.8381
v -2.7191 		-2.2324 		1.8133
v -2.792 		-2.5039 		0.9735
v -2.938 		-2.7442 		0.8755
v -2.938 		-2.7447 		0.875
v -2.938 		-2.7577 		0.8391
v -3.0126 		-1.6441 		1.8568
v -2.792 		-2.5217 		0.961
v -2.938 		-2.7437 		0.8488
v -2.7536 		-2.5399 		0.9591
v -2.7735 		-2.5399 		0.9591
v -2.938 		-2.7289 		0.865
v -2.7191 		-1.4939 		2.5494
v -2.938 		-2.7622 		0.8562
v -2.6507 		-2.1329 		2.1592
v -3.0132 		-1.6444 		1.8434
v -2.7712 		-2.3008 		1.8631
v -2.7632 		-2.2936 		1.8535
v -2.7471 		-2.2794 		1.8342
v -2.7387 		-2.2719 		1.8241
v -2.938 		-2.7482 		0.822
v -2.938 		-2.7443 		0.8248
v -3.0172 		-1.6481 		1.8349
v -2.938 		-2.7588 		0.837
v -2.938 		-2.7953 		0.831
v -2.938 		-2.7953 		0.8116
v -3.012 		-1.6438 		1.8569
v -3.0118 		-1.6445 		1.8568
v -2.9565 		-2.7588 		0.8599
v -2.9565 		-2.7554 		0.8635
v -2.6604 		-2.1093 		2.1675
v -2.9565 		-2.7435 		0.8755
v -2.7667 		-2.2837 		1.8332
v -2.7713 		-2.28 		1.8241
v -2.7191 		-1.5445 		2.4807
v -2.9565 		-2.7439 		0.8391
v -2.9565 		-2.7437 		0.8488
v -2.7273 		-2.5539 		0.9736
v -3.0163 		-1.6279 		1.8569
v -2.7521 		-1.4919 		2.5884
v -2.6715 		-2.1258 		2.1663
v -2.7512 		-2.2699 		1.8241
v -2.7376 		-2.5456 		0.9585
v -2.6199 		-1.5888 		2.2065
v -2.6105 		-1.5808 		2.202
v -2.7714 		-2.3013 		1.8241
v -2.6065 		-2.0651 		1.1013
v -2.9565 		-2.7289 		0.865
v -2.865 		-2.3081 		1.8241
v -2.6173 		-2.0169 		1.1147
v -2.6168 		-2.044 		1.1574
v -2.865 		-2.3526 		1.848
v -2.7675 		-1.5072 		2.5256
v -2.865 		-2.2897 		1.8317
v -2.7536 		-2.5456 		0.9585
v -2.7536 		-2.5711 		0.9558
v -2.7536 		-2.5599 		0.9694
v -2.7536 		-2.5547 		0.9756
v -2.7536 		-2.5458 		0.9766
v -2.7604 		-2.555 		0.9762
v -2.7729 		-2.2759 		1.8241
v -2.8482 		-2.2814 		1.8241
v -2.7675 		-1.5135 		2.517
v -2.865 		-2.2831 		1.8241
v -3.0015 		-2.7243 		0.8542
v -2.7675 		-1.5372 		2.4848
v -2.7675 		-1.5404 		2.4807
v -2.9927 		-2.7289 		0.865
v -2.7536 		-2.5548 		0.9756
v -2.7675 		-1.5204 		2.4807
v -2.9764 		-2.7562 		0.8619
v -2.9764 		-2.7588 		0.8592
v -2.7365 		-2.2241 		1.7568
v -2.7735 		-2.572 		0.9557
v -2.7735 		-2.555 		0.9762
v -2.7675 		-1.5405 		2.4807
v -3.1152 		-1.7034 		1.7776
v -2.7789 		-2.2161 		1.7573
v -2.7833 		-2.2161 		1.7573
v -2.999 		-2.7351 		0.8425
v -2.7823 		-1.507 		2.5241
v -2.865 		-2.2163 		1.758
v -2.865 		-2.2264 		1.7579
v -2.7698 		-1.5202 		2.4807
v -2.7735 		-2.5456 		0.9585
v -2.9895 		-2.7437 		0.8488
v -2.7718 		-2.2429 		1.7968
v -2.7205 		-2.2322 		1.7979
v -2.6302 		-1.5769 		2.1997
v -2.792 		-2.555 		0.9762
v -2.7591 		-2.2513 		1.8042
v -2.7664 		-2.2488 		1.8026
v -2.7837 		-2.2428 		1.7989
v -3.101 		-1.6954 		1.7662
v -2.9764 		-2.7439 		0.8391
v -2.9764 		-2.7437 		0.8488
v -2.9764 		-2.743 		0.8753
v -2.9764 		-2.7558 		0.8624
v -2.7509 		-2.23 		1.805
v -2.7909 		-2.2535 		1.7978
v -2.7247 		-2.2315 		1.8103
v -2.7367 		-2.2432 		1.8084
v -2.792 		-2.5456 		0.9585
v -2.756 		-2.2586 		1.812
v -2.7536 		-2.5538 		0.9485
v -2.7536 		-2.5764 		0.9494
v -2.7761 		-1.5231 		2.503
v -2.768 		-1.5404 		2.4807
v -2.8338 		-1.5229 		2.4807
v -2.9764 		-2.7428 		0.8755
v -2.9764 		-2.7289 		0.865
v -2.865 		-2.2143 		1.7511
v -2.7735 		-2.5764 		0.9504
v -2.7019 		-2.1039 		2.1159
v -2.709 		-2.0878 		2.1445
v -2.7191 		-2.0848 		2.1499
v -2.713 		-2.0864 		2.1469
v -2.6359 		-2.0237 		1.1121
v -2.7709 		-2.2126 		1.7575
v -3.0725 		-1.6786 		1.8198
v -2.7711 		-2.2127 		1.7575
v -2.6396 		-1.5905 		2.2077
v -2.7735 		-2.5764 		0.9485
v -2.7735 		-2.5598 		0.9485
v -2.7735 		-2.5538 		0.9485
v -2.792 		-2.5764 		0.9504
v -2.6145 		-1.5942 		2.2097
v -2.9764 		-2.762 		0.8558
v -2.9764 		-2.7622 		0.8514
v -2.9967 		-2.7614 		0.855
v -2.6359 		-2.0483 		1.1529
v -3.0634 		-1.6735 		1.803
v -2.9682 		-2.7622 		0.8562
v -2.5945 		-1.6071 		2.2171
v -2.6944 		-1.5549 		2.4807
v -2.6883 		-1.5549 		2.4807
v -2.9565 		-2.7622 		0.8562
v -2.9565 		-2.7622 		0.8502
v -2.9764 		-2.7629 		0.8391
v -2.5977 		-1.4021 		2.4705
v -2.792 		-2.5598 		0.9485
v -2.792 		-2.5764 		0.9485
v -2.627 		-1.5957 		2.2105
v -2.9565 		-2.7628 		0.8391
v -2.7711 		-2.2125 		1.7575
v -2.7709 		-2.2246 		1.7995
v -2.7709 		-2.2247 		1.7987
v -2.7789 		-2.2278 		1.7975
v -2.7772 		-2.2153 		1.7573
v -2.7536 		-2.5766 		0.949
v -2.7618 		-2.5772 		0.9494
v -2.7536 		-2.5768 		0.9489
v -2.7536 		-2.5768 		0.9485
v -2.6334 		-1.481 		2.3469
v -2.6524 		-1.9992 		1.1358
v -2.6125 		-1.6145 		2.2214
v -2.6165 		-1.462 		2.4229
v -2.7735 		-2.5772 		0.9494
v -2.7279 		-1.4845 		2.2655
v -2.9565 		-2.744 		0.8371
v -2.9565 		-2.7443 		0.8248
v -2.9565 		-2.7482 		0.822
v -2.9565 		-2.7588 		0.8197
v -2.6416 		-2.172 		2.1877
v -2.6176 		-2.1839 		2.1826
v -2.9676 		-2.7482 		0.822
v -2.865 		-2.2136 		1.7913
v -2.7336 		-2.5239 		0.9482
v -2.865 		-2.213 		1.7949
v -2.9676 		-2.7443 		0.8248
v -2.7296 		-2.5379 		0.9454
v -2.7328 		-2.5125 		0.9394
v -2.6324 		-1.9628 		1.0565
v -2.865 		-2.341 		1.8115
v -2.6455 		-1.9756 		1.0565
v -2.8231 		-2.4 		1.8648
v -2.6364 		-1.4814 		2.1723
v -2.865 		-2.3886 		1.8657
v -2.865 		-1.8365 		1.8269
v -2.64 		-1.5221 		2.4214
v -2.7923 		-2.4305 		1.8628
v -2.6349 		-1.4789 		2.1871
v -2.6435 		-1.5255 		2.4292
v -2.6162 		-1.3942 		2.1795
v -2.865 		-1.8562 		1.8312
v -2.7621 		-2.4119 		1.844
v -3.0012 		-2.7514 		0.8111
v -2.6182 		-1.5022 		2.471
v -2.7242 		-2.5302 		0.9266
v -2.8054 		-2.3683 		1.8469
v -3.0012 		-2.7525 		0.8109
v -3.0005 		-2.7532 		0.8115
v -3.0095 		-1.8091 		1.7779
v -2.8131 		-2.3806 		1.8332
v -2.6384 		-1.9722 		1.0565
v -2.8262 		-2.4042 		1.8457
v -2.7752 		-2.4185 		1.8306
v -2.6435 		-1.407 		2.1293
v -2.7316 		-2.5755 		0.9477
v -2.9847 		-2.7443 		0.8248
v -2.7536 		-2.5764 		0.9149
v -2.7536 		-2.5746 		0.912
v -2.9992 		-2.7346 		0.8225
v -2.7366 		-2.574 		0.912
v -2.7377 		-2.5764 		0.9158
v -2.865 		-2.3669 		1.834
v -2.6652 		-1.5369 		2.4408
v -2.6651 		-1.5356 		2.4396
v -2.6421 		-1.3554 		2.0831
v -2.6475 		-1.5293 		2.4331
v -2.6697 		-1.5387 		2.4427
v -2.66 		-1.5349 		2.4388
v -2.865 		-2.394 		1.8463
v -2.9764 		-2.7445 		0.815
v -2.9764 		-2.7443 		0.8248
v -2.9764 		-2.7588 		0.8113
v -2.9764 		-2.7458 		0.8141
v -2.7453 		-2.5584 		0.9189
v -2.7236 		-1.3739 		2.0757
v -2.7462 		-2.4712 		1.8403
v -2.6621 		-1.5361 		2.4422
v -3.0012 		-1.7952 		1.7662
v -2.865 		-1.8452 		1.7801
v -2.8687 		-1.8454 		1.7792
v -2.8734 		-1.8456 		1.7779
v -2.7345 		-2.5462 		0.9146
v -2.7336 		-2.5479 		0.9351
v -2.7405 		-2.5584 		0.9428
v -2.877 		-1.8464 		1.7741
v -2.865 		-1.3853 		2.0746
v -2.8505 		-1.3799 		2.0429
v -2.8043 		-1.3747 		2.0429
v -2.983 		-2.744 		0.8083
v -2.7999 		-1.3743 		2.0429
v -2.9764 		-2.7441 		0.8153
v -2.865 		-1.4221 		2.1122
v -2.7253 		-1.4215 		2.1122
v -2.6515 		-1.9576 		1.0565
v -2.7613 		-2.4704 		1.8272
v -2.6324 		-2.1209 		2.0475
v -2.7536 		-2.5584 		0.9428
v -2.7536 		-2.5584 		0.9189
v -2.8272 		-1.4819 		2.0737
v -2.6122 		-1.507 		2.1595
v -2.9764 		-2.7632 		0.833
v -2.6655 		-1.9787 		1.0565
v -2.9742 		-2.7632 		0.8351
v -2.9732 		-2.7632 		0.8361
v -2.973 		-2.7602 		0.8368
v -2.6524 		-1.9864 		1.0565
v -2.9764 		-2.7631 		0.836
v -2.9687 		-2.7636 		0.8302
v -2.6402 		-1.4849 		2.1465
v -2.6435 		-1.4867 		2.1405
v -2.7536 		-2.5569 		0.912
v -2.9764 		-2.7632 		0.833
v -2.6389 		-1.4854 		2.1491
v -2.6507 		-2.1135 		2.0441
v -2.865 		-1.8317 		1.7662
v -2.9686 		-2.7633 		0.8363
v -2.9706 		-2.7632 		0.8363
v -2.688 		-1.5549 		2.4803
v -2.6453 		-1.4897 		2.1375
v -2.9764 		-2.7637 		0.8329
v -2.7581 		-2.5761 		0.9135
v -2.6524 		-2.1366 		2.0575
v -2.7735 		-2.5758 		0.9144
v -2.6434 		-1.5042 		2.1577
v -2.9565 		-2.759 		0.8379
v -2.6302 		-1.5147 		2.1638
v -2.9565 		-2.7629 		0.837
v -2.7013 		-1.5463 		2.4245
v -2.865 		-1.7986 		1.8198
v -2.7006 		-1.5303 		2.4085
v -2.7809 		-2.4724 		1.86
v -2.9731 		-2.7632 		0.8362
v -2.865 		-1.788 		1.803
v -2.9764 		-2.7631 		0.8361
v -2.6457 		-1.5115 		2.1476
v -3.0297 		-1.8362 		1.8275
v -2.792 		-2.5584 		0.9189
v -2.7735 		-2.5584 		0.9189
v -2.7624 		-2.5584 		0.9189
v -2.7735 		-2.5581 		0.912
v -2.7735 		-2.5584 		0.9428
v -2.792 		-2.5584 		0.9428
v -2.9764 		-2.763 		0.8371
v -2.6923 		-1.5549 		2.4703
v -2.698 		-1.5549 		2.4704
v -2.6122 		-1.5848 		2.4494
v -2.792 		-2.5581 		0.912
v -2.7735 		-2.5764 		0.912
v -2.6595 		-2.1198 		2.0495
v -2.792 		-2.5764 		0.912
v -2.6435 		-1.5703 		2.4742
v -2.7536 		-2.5764 		0.9093
v -2.7536 		-2.5742 		0.9106
v -2.7875 		-2.4712 		1.8412
v -2.6065 		-2.0534 		1.0309
v -2.6065 		-2.0534 		1.0822
v -2.9565 		-2.7617 		0.8329
v -2.6173 		-2.0069 		1.0565
v -2.7536 		-2.5746 		0.912
v -2.6302 		-1.5891 		2.4414
v -2.6966 		-2.1386 		2.0524
v -2.692 		-2.1373 		2.0557
v -2.6507 		-1.5797 		2.4579
v -2.9565 		-2.7625 		0.8321
v -2.7009 		-2.1061 		2.112
v -2.6359 		-2.0149 		1.0565
v -2.9565 		-2.7632 		0.8313
v -2.7333 		-2.5674 		0.9012
v -2.9764 		-2.7591 		0.8337
v -2.6917 		-2.1366 		2.0575
v -2.6972 		-2.1176 		2.0917
v -2.9764 		-2.7634 		0.8282
v -2.9918 		-2.7631 		0.8242
v -2.6631 		-1.4934 		2.1338
v -2.9832 		-2.7633 		0.8265
v -2.6262 		-2.0557 		1.0813
v -2.6262 		-2.0557 		1.0314
v -2.9764 		-2.7607 		0.8257
v -2.6925 		-1.5702 		2.4744
v -2.6753 		-1.5702 		2.4743
v -2.7536 		-2.5764 		0.8865
v -2.7536 		-2.5599 		0.8972
v -2.6715 		-1.5736 		2.4752
v -2.6672 		-2.0257 		1.0232
v -2.798 		-2.4325 		1.8437
v -2.9764 		-2.7739 		0.8312
v -2.7364 		-2.5693 		0.8986
v -2.7323 		-2.5652 		0.8975
v -2.7323 		-2.5652 		0.8976
v -2.9565 		-2.7806 		0.8333
v -2.6168 		-2.1195 		1.1574
v -2.9565 		-2.7881 		0.8318
v -2.7305 		-2.5644 		0.8964
v -2.9764 		-2.7752 		0.831
v -2.6589 		-2.1634 		2.0509
v -3.0368 		-1.9151 		1.8955
v -2.8482 		-2.486 		1.8671
v -2.857 		-2.4533 		1.8694
v -2.6359 		-2.1152 		1.1529
v -2.9565 		-2.7884 		0.8317
v -2.6507 		-1.5133 		2.1396
v -2.6506 		-1.5134 		2.1396
v -2.6482 		-1.5125 		2.1435
v -3.0486 		-1.903 		1.8702
v -3.0487 		-1.9058 		1.8605
v -2.747 		-2.5533 		0.8955
v -3.0304 		-1.8997 		1.8814
v -3.03 		-1.8985 		1.8859
v -2.6378 		-2.16 		2.064
v -2.6548 		-1.5135 		2.1394
v -2.6065 		-2.0816 		1.1084
v -2.6065 		-2.0984 		1.1013
v -2.6507 		-2.1697 		2.076
v -2.7111 		-2.1421 		2.0436
v -2.711 		-2.1423 		2.0429
v -2.7299 		-2.5562 		0.8776
v -2.8473 		-2.4669 		1.8486
v -2.6105 		-1.6273 		2.1555
v -2.9764 		-2.7753 		0.831
v -2.7001 		-2.1396 		2.0499
v -3.0304 		-1.9056 		1.8605
v -2.6122 		-1.507 		2.3716
v -2.8274 		-2.4031 		1.7944
v -2.6262 		-2.0967 		1.0996
v -2.9764 		-2.7953 		0.8277
v -2.992 		-2.7755 		0.816
v -2.6334 		-1.4902 		2.3812
v -2.6262 		-2.0816 		1.1064
v -2.6262 		-2.0668 		1.0996
v -2.6353 		-1.5087 		2.402
v -2.865 		-2.3931 		1.795
v -2.9565 		-2.7953 		0.8303
v -2.6343 		-1.4932 		2.3852
v -2.8009 		-2.3581 		1.8104
v -2.7541 		-2.4048 		1.8072
v -3.0383 		-1.9197 		1.879
v -2.7735 		-2.5764 		0.8961
v -2.7735 		-2.5579 		0.9066
v -2.7624 		-2.5579 		0.9066
v -2.6411 		-1.5061 		2.3721
v -2.6302 		-1.5147 		2.367
v -2.792 		-2.5579 		0.9066
v -2.792 		-2.5764 		0.8961
v -2.6455 		-2.1734 		1.144
v -2.9565 		-2.7639 		0.8185
v -2.7536 		-2.5575 		0.8988
v -2.9565 		-2.7826 		0.8144
v -2.6446 		-1.5201 		2.3907
v -2.6414 		-1.511 		2.3775
v -2.9565 		-2.7953 		0.8116
v -2.9565 		-2.7953 		0.8301
v -2.6378 		-2.1774 		1.1406
v -2.7695 		-2.4142 		1.8155
v -3.022 		-1.8542 		1.8312
v -2.7536 		-2.5552 		0.9002
v -2.7536 		-2.5555 		0.9055
v -2.6413 		-1.5054 		2.3703
v -2.6413 		-1.4997 		2.3489
v -2.6302 		-1.625 		2.1515
v -3.0189 		-1.9197 		1.8588
v -2.9445 		-2.7953 		0.8307
v -3.0511 		-1.857 		1.8326
v -2.6122 		-1.5848 		2.0817
v -2.6453 		-1.5124 		2.3619
v -2.6435 		-1.5703 		2.0569
v -2.9925 		-2.7606 		0.818
v -3.0329 		-1.8644 		1.8337
v -2.6703 		-2.1748 		2.0626
v -2.6321 		-2.1851 		1.158
v -2.6618 		-1.5227 		2.4009
v -2.6507 		-1.5228 		2.4011
v -2.81 		-2.374 		1.8181
v -2.865 		-2.4079 		1.8081
v -2.8345 		-2.4162 		1.8075
v -2.865 		-2.3592 		1.8189
v -2.6507 		-1.5797 		2.0732
v -2.6302 		-1.5891 		2.0897
v -2.7536 		-2.5776 		0.9212
v -2.7536 		-2.577 		0.9379
v -2.7621 		-2.5784 		0.9177
v -2.9764 		-2.7757 		0.8076
v -2.7536 		-2.5778 		0.9172
v -2.6681 		-1.5259 		2.4041
v -2.7379 		-2.5767 		0.9163
v -2.9764 		-2.7953 		0.8029
v -3.0487 		-1.9076 		1.8541
v -3.0483 		-1.9174 		1.8583
v -3.0517 		-1.9161 		1.8241
v -2.6173 		-2.1466 		1.1147
v -2.7735 		-2.5783 		0.9187
v -2.7484 		-2.0733 		2.145
v -2.7226 		-2.0839 		2.1516
v -3.0322 		-1.9159 		1.8241
v -2.723 		-2.083 		2.1531
v -3.0323 		-1.9136 		1.8325
v -2.7536 		-2.5864 		0.9043
v -2.7536 		-2.5818 		0.9061
v -2.8 		-2.4305 		1.7924
v -2.8015 		-2.0676 		2.1417
v -2.8015 		-2.0676 		2.1418
v -2.6359 		-2.1397 		1.1121
v -2.7735 		-2.5917 		0.9065
v -2.671 		-1.6073 		2.0468
v -2.671 		-1.6055 		2.0473
v -2.671 		-1.5962 		2.0498
v -2.7735 		-2.6029 		0.9012
v -2.6105 		-1.6273 		2.3755
v -2.79 		-2.4678 		1.7899
v -2.6798 		-1.5915 		2.0429
v -2.983 		-2.6579 		0.7749
v -2.675 		-1.608 		2.0429
v -2.6552 		-1.6047 		2.0622
v -3.0303 		-1.9095 		1.8554
v -2.7367 		-2.4686 		1.803
v -2.7536 		-2.6441 		0.8755
v -2.7536 		-2.6265 		0.8875
v -2.7536 		-2.6224 		0.8896
v -2.7553 		-2.6231 		0.8912
v -2.6515 		-2.1893 		1.16
v -2.7191 		-1.5992 		2.0488
v -2.6936 		-1.5976 		2.0493
v -2.6771 		-1.6099 		2.0429
v -2.6753 		-1.6083 		2.0429
v -3.0304 		-1.9074 		1.8544
v -3.0304 		-1.906 		1.8591
v -2.6524 		-2.1643 		1.1358
v -2.691 		-1.5924 		2.0429
v -2.6302 		-1.625 		2.3795
v -2.7735 		-2.6233 		0.8916
v -2.7735 		-2.6138 		0.8961
v -2.7353 		-2.0768 		2.1381
v -2.6655 		-2.1711 		1.1423
v -2.6893 		-1.6215 		2.0429
v -2.6814 		-1.6279 		2.0602
v -2.6551 		-1.6074 		2.0657
v -2.7735 		-2.6486 		0.8755
v -2.8123 		-2.4384 		1.8061
v -2.6988 		-1.6212 		2.0429
v -2.7547 		-2.4692 		1.8118
v -2.7209 		-1.5579 		2.4623
v -2.7561 		-1.556 		2.4607
v -2.679 		-1.6217 		2.0429
v -2.804 		-2.4686 		1.8041
v -2.7735 		-2.6186 		0.8932
v -2.7191 		-1.6116 		2.0646
v -2.7191 		-1.6279 		2.0602
v -2.7191 		-1.6279 		2.0852
v -2.8051 		-2.6237 		0.8924
v -2.7541 		-1.4963 		2.1309
v -2.726 		-1.4963 		2.1309
v -2.7841 		-2.0716 		2.1347
v -2.7717 		-2.0822 		2.1159
v -2.6065 		-2.1101 		1.0822
v -2.6065 		-2.1101 		1.0309
v -2.865 		-1.5697 		2.4753
v -2.832 		-1.5567 		2.4619
v -2.865 		-1.5571 		2.4624
v -2.794 		-2.0693 		2.1387
v -2.7536 		-2.5873 		0.8795
v -2.7536 		-2.5942 		0.8755
v -2.7832 		-2.0909 		2.1397
v -2.7872 		-2.09 		2.1414
v -2.7959 		-2.0881 		2.1449
v -2.8041 		-2.0862 		2.1482
v -2.8092 		-2.0702 		2.1771
v -2.811 		-2.0661 		2.1843
v -2.9878 		-2.657 		0.7647
v -2.8222 		-1.6059 		2.047
v -2.8587 		-1.6075 		2.0454
v -2.6262 		-2.1078 		1.0314
v -2.8473 		-1.6047 		2.0429
v -2.7588 		-1.5677 		2.4459
v -2.6262 		-2.1078 		1.0813
v -2.748 		-1.565 		2.4432
v -2.7533 		-2.0919 		2.1507
v -2.7413 		-2.0956 		2.1418
v -2.8604 		-1.5703 		2.0569
v -2.865 		-2.0819 		2.1356
v -2.682 		-2.1323 		1.0369
v -2.865 		-1.569 		2.4472
v -2.7536 		-2.686 		0.8755
v -2.7536 		-2.7428 		0.8755
v -2.7536 		-2.7366 		0.8819
v -2.7536 		-2.7111 		0.8834
v -2.7536 		-2.7011 		0.884
v -3.0529 		-1.9197 		1.8112
v -2.8041 		-2.0863 		2.1481
v -2.7285 		-2.7363 		0.8812
v -2.9981 		-2.7075 		0.7433
v -3.0319 		-1.9197 		1.8107
v -2.7333 		-2.7009 		0.8835
v -2.7262 		-1.5143 		2.1385
v -2.7294 		-1.5142 		2.1387
v -2.7735 		-2.7435 		0.8755
v -2.7735 		-2.7368 		0.8824
v -2.7333 		-1.5546 		2.41
v -2.8636 		-1.6204 		2.0429
v -2.8628 		-1.6085 		2.0463
v -3.0058 		-2.6875 		0.7513
v -2.6455 		-2.1879 		1.0565
v -2.6384 		-2.1913 		1.0565
v -2.8595 		-1.6077 		2.0455
v -2.7735 		-2.7212 		0.8834
v -2.865 		-2.0807 		2.1404
v -2.865 		-2.0796 		2.145
v -2.865 		-1.6211 		2.062
v -2.8123 		-2.4991 		1.8021
v -2.7735 		-2.7012 		0.8845
v -2.865 		-1.584 		2.4283
v -2.7714 		-2.1042 		2.1159
v -2.7735 		-2.1023 		2.1192
v -2.7735 		-2.6853 		0.8755
v -2.6324 		-2.2007 		1.0565
v -2.865 		-1.6279 		2.0602
v -2.865 		-2.0916 		2.1159
v -2.865 		-1.6279 		2.0706
v -2.7282 		-1.5261 		2.3844
v -2.7621 		-2.5305 		1.8363
v -2.6894 		-1.4575 		2.0429
v -2.7066 		-1.4676 		2.0429
v -2.6173 		-2.1566 		1.0565
v -2.6915 		-1.4498 		2.0429
v -2.7636 		-1.3833 		2.0429
v -2.7934 		-1.3753 		2.0429
v -2.7972 		-1.377 		2.0429
v -2.7923 		-2.5145 		1.8571
v -2.6359 		-2.1486 		1.0565
v -2.8231 		-2.545 		1.8551
v -2.7737 		-1.4005 		2.0429
v -2.7276 		-1.511 		2.3596
v -2.865 		-2.5564 		1.8546
v -3.0023 		-2.7294 		0.7433
v -2.8054 		-2.5738 		1.8335
v -3.0023 		-2.7281 		0.7397
v -2.865 		-2.0794 		2.1453
v -2.6722 		-1.5213 		2.0429
v -3.0023 		-2.7272 		0.7372
v -2.6917 		-1.5228 		2.0429
v -2.865 		-2.5898 		1.8323
v -2.6515 		-2.2059 		1.0565
v -3.0022 		-2.7253 		0.7319
v -2.865 		-1.5486 		2.3966
v -2.865 		-1.5218 		2.375
v -2.6655 		-2.1848 		1.0565
v -2.6396 		-1.1778 		1.9341
v -2.6381 		-1.189 		2.0395
v -2.865 		-1.509 		2.3587
v -2.6524 		-2.1771 		1.0565
v -2.865 		-2.5485 		1.836
v -2.9625 		-1.9197 		1.9134
v -2.9624 		-1.9197 		1.9134
v -2.8262 		-2.5382 		1.8369
v -2.7765 		-2.6852 		0.8755
v -2.792 		-2.6851 		0.8755
v -2.9625 		-1.9197 		2.0429
v -2.9615 		-1.9197 		2.0429
v -2.792 		-2.6493 		0.8755
v -2.792 		-2.6502 		0.8755
v -2.7844 		-2.6493 		0.8755
v -2.865 		-1.9197 		1.919
v -2.9486 		-1.9197 		1.9137
v -2.9625 		-1.9197 		1.9236
v -2.798 		-2.51 		1.8386
v -2.9123 		-1.5236 		2.8948
v -2.792 		-2.7442 		0.8755
v -3.0993 		-1.991 		1.9409
v -2.7541 		-2.5328 		1.7987
v -2.9026 		-1.5546 		2.8965
v -2.8009 		-2.5795 		1.7956
v -2.7097 		-2.1816 		1.0317
v -2.865 		-2.5966 		1.7944
v -2.865 		-2.5288 		1.7871
v -2.8359 		-2.5209 		1.7876
v -2.8345 		-2.5205 		1.7876
v -2.8024 		-2.5121 		1.7882
v -2.6321 		-1.9784 		0.9548
v -2.81 		-2.5644 		1.8055
v -2.865 		-2.5296 		1.8001
v -2.6455 		-1.9901 		0.969
v -2.865 		-2.5792 		1.8044
v -2.865 		-2.1042 		2.1159
v -2.7179 		-2.2213 		0.8329
v -2.7191 		-2.2224 		0.8348
v -2.7191 		-2.2222 		0.8698
v -2.7177 		-2.2209 		0.8677
v -2.7165 		-2.2144 		0.8216
v -2.716 		-2.2121 		0.853
v -2.8345 		-2.5214 		1.8007
v -2.7159 		-2.2116 		0.8521
v -2.716 		-2.2116 		0.817
v -3.0793 		-1.92 		1.911
v -2.9884 		-1.5666 		2.894
v -2.6378 		-1.9861 		0.9724
v -3.0257 		-2.6878 		0.7513
v -3.0252 		-2.7169 		0.8328
v -2.6378 		-1.3212 		2.0199
v -3.0195 		-2.728 		0.8619
v -3.0161 		-2.7015 		0.8624
v -2.7695 		-2.5242 		1.8081
v -3.0152 		-2.7465 		0.82
v -3.0141 		-2.7186 		0.7396
v -2.6515 		-1.9742 		0.9531
v -2.7358 		-2.1129 		2.0616
v -2.7336 		-2.1198 		2.0495
v -3.0161 		-2.6861 		0.8473
v -2.768 		-2.0854 		2.1103
v -2.6655 		-1.9924 		0.9705
v -3.0152 		-2.7465 		0.8445
v -2.7413 		-2.131 		2.0675
v -2.7422 		-2.1303 		2.0689
v -2.7682 		-2.107 		2.1107
v -2.9621 		-1.9261 		1.897
v -2.9622 		-1.9229 		1.905
v -2.7413 		-2.1343 		2.0606
v -2.7476 		-2.2409 		0.8734
v -2.9648 		-1.5903 		2.8965
v -2.9612 		-2.0656 		1.897
v -2.9756 		-2.1506 		1.9703
v -2.865 		-2.5738 		1.8203
v -2.7269 		-2.2298 		0.8468
v -2.9714 		-2.1502 		1.97
v -2.7386 		-2.2407 		0.8647
v -2.9716 		-2.1502 		1.9702
v -2.8131 		-2.5599 		1.8215
v -2.7387 		-2.2409 		0.8649
v -2.7422 		-2.2409 		0.865
v -2.9715 		-2.1492 		1.9726
v -2.9625 		-2.1321 		2.0172
v -2.7402 		-2.1348 		2.0608
v -2.9625 		-2.1274 		2.0306
v -2.9625 		-2.1248 		2.0376
v -2.7404 		-2.1343 		2.0616
v -2.965 		-2.1238 		2.0392
v -2.9672 		-2.1235 		2.0398
v -2.7476 		-2.241 		0.8651
v -2.9625 		-2.124 		2.0385
v -2.9716 		-2.1502 		1.9702
v -2.7466 		-2.2227 		0.8352
v -2.7512 		-2.2227 		0.8352
v -2.9819 		-2.1269 		2.0384
v -2.9673 		-2.1235 		2.0398
v -2.9757 		-2.1227 		2.042
v -2.5982 		-1.2371 		1.9324
v -2.9764 		-2.5572 		0.6657
v -2.9791 		-2.1223 		2.0429
v -2.9468 		-2.5088 		0.6589
v -2.7387 		-2.2409 		0.8596
v -2.971 		-2.1685 		1.9777
v -2.7601 		-2.1382 		2.0534
v -2.7454 		-2.1366 		2.0575
v -2.7437 		-2.1362 		2.0582
v -2.6065 		-2.0651 		1.0118
v -2.6173 		-2.0169 		0.9984
v -2.6398 		-1.2958 		1.9289
v -2.9764 		-2.5366 		0.7211
v -2.6168 		-2.044 		0.9556
v -2.7262 		-2.2291 		0.8457
v -2.9662 		-2.1668 		1.9807
v -2.9764 		-2.5555 		0.711
v -2.9662 		-2.168 		1.9776
v -2.9764 		-2.5482 		0.7143
v -2.9764 		-2.5764 		0.7049
v -2.9625 		-2.1423 		2.0429
v -2.9625 		-2.1438 		2.0391
v -2.973 		-2.5544 		0.7085
v -2.7191 		-2.2222 		0.87
v -2.9662 		-2.1668 		1.9808
v -2.7193 		-2.2227 		0.8352
v -2.9625 		-2.1606 		1.9966
v -2.9625 		-2.1449 		2.0396
v -2.9625 		-2.1436 		2.0429
v -2.9625 		-2.1696 		1.9736
v -2.9653 		-2.1684 		1.9767
v -2.9297 		-1.4666 		2.7597
v -2.6359 		-2.0483 		0.9599
v -2.9844 		-1.3905 		2.6745
v -2.9921 		-1.3474 		2.6355
v -2.7752 		-2.5219 		1.8238
v -2.9565 		-2.5205 		0.7273
v -2.6359 		-2.0237 		1.0007
v -2.9565 		-2.5542 		0.7083
v -2.9565 		-2.5501 		0.7107
v -2.9565 		-2.5764 		0.7013
v -2.9565 		-2.5764 		0.7017
v -2.9434 		-2.5764 		0.7011
v -2.9249 		-2.5539 		0.708
v -2.6524 		-1.9992 		0.977
v -2.9676 		-2.5618 		0.7262
v -2.9565 		-2.5618 		0.7262
v -2.9565 		-2.5764 		0.7199
v -2.9267 		-1.4675 		2.6985
v -3.0007 		-2.5633 		0.7285
v -2.9838 		-1.4814 		2.6985
v -2.9958 		-1.4603 		2.6338
v -2.7524 		-2.1432 		2.0492
v -2.9623 		-2.1318 		2.0181
v -2.7404 		-2.1349 		2.0606
v -2.9621 		-2.1537 		2.0141
v -2.9616 		-2.1676 		1.9774
v -2.9617 		-2.1653 		1.9835
v -2.9619 		-2.1596 		1.9991
v -2.9764 		-2.5764 		0.7268
v -2.9615 		-2.171 		1.97
v -2.9615 		-2.17 		1.9726
v -2.9616 		-2.1683 		1.976
v -2.9615 		-2.1713 		1.97
v -2.9615 		-2.1698 		1.973
v -2.7603 		-2.1382 		2.0533
v -2.8 		-2.5051 		1.7876
v -2.9616 		-2.168 		1.9777
v -2.7465 		-2.2222 		0.87
v -2.938 		-2.5764 		0.7009
v -2.938 		-2.5764 		0.7199
v -2.9858 		-1.4777 		2.634
v -2.9616 		-2.1502 		1.97
v -2.938 		-2.6165 		0.6931
v -2.938 		-2.6129 		0.6931
v -2.938 		-2.6285 		0.6974
v -2.938 		-2.6129 		0.6885
v -2.7354 		-2.2119 		0.8175
v -2.7392 		-2.2155 		0.8234
v -2.938 		-2.6226 		0.6726
v -2.7688 		-2.1392 		2.051
v -2.7403 		-2.2162 		0.8598
v -2.9961 		-2.6174 		0.7057
v -2.7353 		-2.2117 		0.8171
v -3.0728 		-1.4287 		2.6275
v -2.6341 		-1.9206 		0.9075
v -2.7353 		-2.2116 		0.817
v -2.959 		-2.2108 		2.0429
v -2.7373 		-1.1431 		1.9326
v -2.865 		-2.1215 		2.0549
v -2.7784 		-2.1423 		2.0429
v -2.7795 		-2.1404 		2.048
v -2.7716 		-2.1395 		2.0502
v -2.865 		-2.1577 		1.9751
v -2.865 		-2.1569 		1.9771
v -2.865 		-2.1319 		2.0429
v -2.9955 		-1.5595 		2.7677
v -2.865 		-1.1311 		1.9321
v -2.7795 		-2.1404 		2.048
v -2.9516 		-2.1423 		2.0429
v -2.865 		-2.1315 		2.0441
v -2.9596 		-2.1433 		2.0429
v -2.7376 		-1.3298 		1.9269
v -2.9591 		-2.171 		1.97
v -2.9254 		-1.5184 		2.764
v -2.9764 		-2.6115 		0.6931
v -2.9764 		-2.6118 		0.6939
v -2.9764 		-2.6021 		0.6974
v -2.865 		-2.1603 		1.97
v -2.865 		-2.2142 		2.0429
v -2.9504 		-2.1711 		1.97
v -2.865 		-2.1423 		2.0429
v -2.865 		-2.1711 		1.97
v -2.865 		-2.1073 		2.1103
v -2.9776 		-1.4925 		2.6831
v -2.865 		-2.2213 		1.775
v -2.6407 		-1.1719 		1.8477
v -3.01 		-1.5155 		2.6985
v -2.7632 		-2.2412 		0.8655
v -2.7647 		-2.2413 		0.8656
v -2.7816 		-2.2415 		0.8659
v -2.9565 		-2.5923 		0.6963
v -2.9565 		-2.6016 		0.6931
v -2.7647 		-2.241 		0.8651
v -2.865 		-2.2247 		1.787
v -2.865 		-2.1042 		2.1158
v -2.865 		-2.2561 		1.7936
v -2.865 		-2.2577 		1.7945
v -2.865 		-2.2129 		1.7511
v -2.9565 		-2.6146 		0.7034
v -2.9565 		-2.6129 		0.6931
v -2.9565 		-2.6165 		0.6931
v -2.9565 		-2.6275 		0.6931
v -2.9565 		-2.6285 		0.6974
v -2.9565 		-2.6278 		0.6977
v -2.865 		-2.1366 		2.0575
v -2.865 		-2.1386 		2.0524
v -2.9085 		-1.5329 		2.6831
v -2.865 		-2.2148 		1.7937
v -2.6413 		-1.1872 		1.7884
v -2.9625 		-2.1271 		2.0305
v -2.9676 		-2.6285 		0.6974
v -2.865 		-2.2278 		1.7975
v -2.7661 		-2.2227 		0.8352
v -2.9806 		-1.5744 		2.6831
v -2.9469 		-1.555 		2.6831
v -2.9764 		-2.6291 		0.6972
v -2.865 		-2.3062 		1.8203
v -2.9764 		-2.6279 		0.6931
v -2.7811 		-2.2416 		0.8596
v -2.764 		-2.2413 		0.8596
v -3.0027 		-1.6128 		2.6831
v -2.758 		-2.2413 		0.8026
v -2.9519 		-1.6031 		2.6822
v -2.7766 		-2.2416 		0.8026
v -2.973 		-2.2332 		2.3191
v -2.6515 		-1.93 		0.9106
v -2.6685 		-1.9379 		0.8755
v -2.6712 		-1.9217 		0.9026
v -2.7626 		-2.2231 		0.8026
v -2.9573 		-1.5977 		2.6266
v -2.9571 		-1.5979 		2.6292
v -2.6907 		-1.9217 		0.9026
v -2.6658 		-1.9217 		0.9026
v -2.9764 		-2.6307 		0.7022
v -2.7827 		-2.2227 		0.8352
v -2.9687 		-2.2139 		2.322
v -2.9764 		-2.6023 		0.7144
v -2.9428 		-1.6122 		2.6831
v -2.983 		-2.6322 		0.7057
v -2.9428 		-1.6122 		2.6266
v -2.8981 		-1.572 		2.6822
v -2.7801 		-2.2231 		0.8026
v -2.865 		-2.1198 		2.0495
v -2.7819 		-2.2379 		0.8601
v -2.5977 		-1.2212 		1.8514
v -2.8999 		-1.5645 		2.6266
v -2.8946 		-1.5843 		2.6831
v -2.865 		-2.2428 		0.8674
v -2.8946 		-1.5843 		2.6266
v -2.6404 		-1.2728 		1.8528
v -2.9813 		-2.2623 		2.241
v -3.0884 		-1.6253 		2.7597
v -2.865 		-2.2227 		0.8352
v -2.6649 		-1.9593 		0.9308
v -2.9764 		-2.6106 		0.691
v -2.865 		-2.2429 		0.8596
v -3.0275 		-1.5275 		2.7649
v -2.9713 		-2.6103 		0.6909
v -2.9935 		-2.2837 		2.2385
v -2.9625 		-2.1233 		2.0393
v -2.9686 		-2.6118 		0.6902
v -2.9887 		-2.2723 		2.2231
v -2.9767 		-2.252 		2.2245
v -2.9764 		-2.6105 		0.6909
v -2.7336 		-2.1199 		2.0493
v -2.7341 		-2.12 		2.049
v -2.9617 		-2.146 		1.9782
v -2.7392 		-2.1211 		2.0461
v -2.7509 		-2.1223 		2.0429
v -3.0282 		-1.5268 		2.6985
v -2.9764 		-2.6129 		0.6747
v -2.9764 		-2.609 		0.6871
v -3.0065 		-2.1957 		1.897
v -3.0109 		-2.1942 		1.9049
v -2.9958 		-2.6043 		0.6729
v -2.983 		-2.1591 		1.9549
v -2.968 		-2.6129 		0.6875
v -2.9614 		-2.157 		1.9542
v -2.9883 		-2.6129 		0.6567
v -2.9764 		-2.6129 		0.6567
v -2.7359 		-2.1189 		2.0489
v -2.7456 		-2.2845 		0.8026
v -2.7456 		-2.2792 		0.8026
v -2.7463 		-2.2845 		0.8026
v -2.7822 		-2.2116 		0.8026
v -2.7655 		-2.2116 		0.8026
v -2.6319 		-2.0218 		0.8801
v -2.6455 		-2.0297 		0.9058
v -2.5999 		-1.2289 		1.8001
v -2.7473 		-2.2412 		0.7762
v -2.7473 		-2.2412 		0.771
v -2.7472 		-2.2413 		0.7408
v -2.7472 		-2.2413 		0.7399
v -2.7472 		-2.2413 		0.7391
v -2.7508 		-2.2237 		0.7533
v -3.0708 		-1.5683 		2.6985
v -2.9686 		-2.6129 		0.6899
v -2.865 		-2.105 		2.0438
v -3.0691 		-2.2233 		2.2253
v -2.6367 		-2.0255 		0.91
v -2.9565 		-2.6105 		0.6901
v -2.9565 		-2.6129 		0.6893
v -3.0919 		-1.5563 		2.6338
v -2.9565 		-2.6129 		0.6567
v -3.0597 		-1.5746 		2.6831
v -3.0745 		-1.5663 		2.634
v -3.0769 		-1.6114 		2.6985
v -3.0864 		-1.6266 		2.6985
v -2.7456 		-2.2495 		0.747
v -3.0907 		-2.2426 		2.2202
v -2.9878 		-2.6226 		0.6726
v -2.7456 		-2.2499 		0.7876
v -2.999 		-2.6391 		0.6575
v -2.9888 		-2.6272 		0.6567
v -2.7491 		-2.2325 		0.7648
v -2.9615 		-2.1539 		1.9604
v -2.9709 		-2.1504 		1.9695
v -2.9984 		-2.6354 		0.678
v -3.0585 		-2.2184 		2.2091
v -2.7456 		-2.2845 		0.7876
v -2.9604 		-2.196 		1.897
v -2.9614 		-2.1935 		1.911
v -2.9606 		-2.1938 		1.9098
v -3.0793 		-2.2349 		2.206
v -2.865 		-1.7738 		2.0429
v -2.865 		-1.7619 		2.0429
v -2.8569 		-1.7597 		2.0429
v -2.8356 		-1.76 		2.0429
v -2.8502 		-1.7738 		2.0429
v -2.865 		-1.7419 		2.0429
v -2.865 		-1.7417 		2.0429
v -2.9781 		-2.1771 		1.962
v -2.9764 		-2.6272 		0.6567
v -2.6421 		-1.2705 		1.8121
v -2.9764 		-2.6226 		0.6726
v -2.9606 		-2.1935 		1.911
v -2.7536 		-2.2845 		0.7487
v -2.9606 		-2.1936 		1.9108
v -2.9565 		-2.6226 		0.6726
v -2.865 		-1.6919 		2.0429
v -2.7637 		-1.6919 		2.0429
v -2.7972 		-1.7236 		2.0429
v -3.0933 		-1.2713 		2.349
v -2.7191 		-1.7575 		2.042
v -2.6975 		-1.7607 		2.0429
v -2.7006 		-1.7577 		2.0421
v -2.9947 		-1.2291 		2.3795
v -2.9565 		-2.6272 		0.6567
v -2.9623 		-2.6272 		0.6567
v -2.9744 		-2.6272 		0.6567
v -2.7006 		-1.7541 		2.0261
v -2.9613 		-2.1754 		1.9616
v -2.9813 		-2.6272 		0.6567
v -2.9604 		-2.1997 		1.897
v -2.9604 		-2.1985 		1.9002
v -2.9764 		-2.6259 		0.6866
v -2.7379 		-1.1451 		1.8437
v -2.7792 		-2.2515 		0.7296
v -2.7792 		-2.2845 		0.7296
v -2.7735 		-2.2845 		0.7507
v -2.7735 		-2.2845 		0.7509
v -2.7536 		-2.2659 		0.7487
v -2.7536 		-2.2731 		0.7534
v -2.7536 		-2.2845 		0.7599
v -2.7589 		-2.2462 		0.7296
v -2.7575 		-2.2509 		0.7347
v -2.7558 		-2.2414 		0.7296
v -2.7624 		-2.2515 		0.7296
v -2.7594 		-2.2511 		0.7327
v -2.865 		-1.1556 		1.7822
v -2.995 		-1.2975 		2.5542
v -2.7596 		-2.2467 		0.7296
v -2.7574 		-2.2845 		0.7564
v -2.7579 		-2.2845 		0.7558
v -2.865 		-1.1359 		1.8423
v -2.9764 		-2.6481 		0.6567
v -2.7379 		-1.1633 		1.7839
v -2.759 		-2.2415 		0.7296
v -2.7588 		-2.2415 		0.7303
v -2.9565 		-2.6493 		0.6567
v -2.7588 		-2.2409 		0.73
v -2.7579 		-2.2845 		0.756
v -2.7589 		-2.2415 		0.7296
v -2.7587 		-2.2415 		0.7304
v -2.7536 		-2.2651 		0.7487
v -2.938 		-2.6493 		0.6567
v -2.938 		-2.6272 		0.6567
v -2.9842 		-2.6148 		0.6567
v -2.9816 		-2.3127 		2.1102
v -2.9829 		-2.6203 		0.6567
v -2.6515 		-2.0198 		0.8773
v -2.776 		-2.2417 		0.7416
v -2.7735 		-2.2416 		0.7507
v -2.7536 		-2.2413 		0.7605
v -2.9873 		-1.4757 		2.595
v -2.6524 		-2.034 		0.9189
v -2.9935 		-2.3207 		2.1316
v -2.6655 		-2.0303 		0.9078
v -2.9449 		-1.4582 		2.5899
v -2.7379 		-1.2993 		1.8531
v -2.9691 		-1.462 		2.5877
v -2.9309 		-1.4455 		2.5822
v -2.7536 		-2.2413 		0.7513
v -2.865 		-1.3081 		1.8534
v -2.767 		-2.2416 		0.7296
v -2.7685 		-2.2416 		0.7296
v -2.7792 		-2.2417 		0.7296
v -2.7536 		-2.2364 		0.7487
v -2.9887 		-2.3013 		2.133
v -2.7536 		-2.2845 		0.7876
v -2.7536 		-2.2845 		0.7733
v -2.9981 		-1.4668 		2.5825
v -2.9923 		-1.4649 		2.5849
v -2.9751 		-1.463 		2.5872
v -3.0022 		-1.4754 		2.5722
v -2.7256 		-1.2619 		1.7622
v -2.9935 		-1.4623 		2.5825
v -2.865 		-2.1657 		1.9594
v -2.865 		-2.1905 		1.897
v -2.9642 		-2.5043 		0.6504
v -2.9281 		-2.1962 		1.897
v -2.9527 		-2.1936 		1.911
v -2.951 		-2.1743 		1.9614
v -2.6435 		-1.6909 		2.0247
v -2.9776 		-2.2937 		2.1133
v -2.7616 		-2.2232 		0.7936
v -2.7553 		-2.224 		0.7355
v -2.7205 		-1.3084 		1.7773
v -2.6897 		-1.6604 		2.0325
v -2.7382 		-1.2924 		1.8201
v -2.6897 		-1.6604 		2.0298
v -2.9847 		-1.4797 		2.5785
v -2.865 		-2.1942 		1.9113
v -2.865 		-2.1965 		1.897
v -3.0022 		-1.4755 		2.5721
v -2.938 		-2.6493 		0.6365
v -2.938 		-2.6468 		0.6364
v -2.938 		-2.6294 		0.6492
v -2.9971 		-1.4712 		2.5701
v -2.708 		-1.7727 		2.029
v -2.9906 		-1.4694 		2.57
v -2.7288 		-1.3229 		1.7662
v -2.992 		-1.467 		2.568
v -3.0039 		-1.4789 		2.568
v -2.9977 		-1.4727 		2.568
v -2.7068 		-1.6504 		2.0304
v -2.9565 		-2.6129 		0.6398
v -2.7067 		-1.6504 		2.0351
v -2.9607 		-2.1748 		1.9059
v -2.7849 		-1.2773 		1.7705
v -3.007 		-1.4819 		2.568
v -2.7014 		-1.6309 		2.0404
v -2.7006 		-1.6279 		2.0375
v -3.0793 		-2.266 		2.1176
v -2.987 		-1.4819 		2.5785
v -2.9992 		-1.4819 		2.5643
v -3.0054 		-1.4819 		2.5643
v -2.9792 		-1.4819 		2.5619
v -2.7191 		-1.6446 		2.0366
v -3.0014 		-1.4819 		2.5551
v -2.6065 		-2.0984 		1.0118
v -2.6065 		-2.0816 		1.0047
v -2.9565 		-2.6294 		0.6492
v -2.865 		-1.7563 		2.042
v -2.8447 		-1.7564 		2.042
v -2.865 		-1.7527 		2.0261
v -2.8424 		-1.7529 		2.0261
v -2.8532 		-1.757 		2.0184
v -2.9856 		-1.4819 		2.5755
v -2.9534 		-1.4819 		2.5588
v -2.8621 		-1.7603 		2.0121
v -2.865 		-1.7611 		2.0107
v -2.8382 		-1.7545 		2.0329
v -2.8392 		-1.7541 		2.0314
v -3.1303 		-2.2215 		2.0888
v -2.9559 		-1.4819 		2.5639
v -2.8172 		-1.2825 		1.7773
v -2.8084 		-1.7264 		2.0332
v -2.865 		-1.2941 		1.7981
v -2.8979 		-1.4517 		2.595
v -2.75 		-2.2845 		0.7876
v -2.8896 		-1.4462 		2.6023
v -2.6262 		-2.0816 		1.0067
v -2.8293 		-1.7523 		2.0407
v -2.865 		-1.7417 		2.0378
v -2.9565 		-2.6468 		0.6364
v -2.865 		-1.303 		1.8218
v -2.6262 		-2.0668 		1.0132
v -2.8979 		-1.4517 		2.595
v -2.865 		-1.761 		2.0096
v -3.1124 		-2.2178 		2.0968
v -2.9565 		-2.6493 		0.6365
v -2.865 		-1.7614 		2.01
v -2.8172 		-1.2802 		1.7713
v -2.8328 		-1.7565 		2.0419
v -2.6262 		-2.0967 		1.0132
v -2.9114 		-1.453 		2.593
v -3.1055 		-2.2227 		2.0697
v -2.9084 		-1.4422 		2.5845
v -2.8324 		-1.7325 		2.0124
v -2.8433 		-1.7352 		2.003
v -2.9972 		-2.614 		0.6393
v -2.9616 		-2.1502 		1.9679
v -2.9616 		-2.1492 		1.9699
v -2.9874 		-2.6274 		0.6483
v -2.8574 		-1.7738 		2.0344
v -2.8608 		-1.7727 		2.029
v -3.0899 		-2.2184 		2.0814
v -2.7638 		-1.7346 		2.0356
v -2.7638 		-1.7346 		2.0354
v -2.7638 		-1.7345 		2.0298
v -2.9177 		-1.4634 		2.5796
v -2.9315 		-1.4655 		2.5785
v -2.865 		-1.2861 		1.7662
v -2.9893 		-2.6294 		0.6492
v -2.8678 		-1.4485 		2.5785
v -2.865 		-1.3195 		1.8198
v -2.7536 		-2.2413 		0.7487
v -3.0913 		-2.2817 		2.1145
v -2.7771 		-2.224 		0.7296
v -2.865 		-1.33 		1.803
v -2.7749 		-2.2239 		0.739
v -2.9379 		-1.4819 		2.5569
v -2.7578 		-2.2116 		0.7296
v -2.7735 		-2.2361 		0.7507
v -3.0696 		-2.278 		2.094
v -2.6897 		-1.4577 		2.0298
v -2.9881 		-2.6302 		0.6465
v -2.7792 		-2.2481 		0.7296
v -2.7735 		-2.2416 		0.7535
v -2.9493 		-1.4819 		2.5331
v -3.0597 		-2.2617 		2.0999
v -2.9405 		-1.4819 		2.5322
v -2.9927 		-2.6468 		0.6364
v -2.6168 		-2.1195 		0.9556
v -3.0602 		-2.1831 		1.9794
v -2.9764 		-2.6294 		0.6492
v -2.776 		-2.2142 		0.7296
v -2.7735 		-2.2416 		0.7639
v -2.801 		-1.3737 		2.0244
v -3.095 		-1.3888 		2.5933
v -2.9863 		-2.6294 		0.6492
v -2.7765 		-2.2116 		0.7296
v -2.9917 		-2.6468 		0.6364
v -2.737 		-1.3628 		2.0079
v -2.9764 		-2.6468 		0.6364
v -2.8009 		-1.3734 		2.036
v -2.8003 		-1.3739 		2.0408
v -2.9911 		-2.6493 		0.6365
v -2.9764 		-2.6493 		0.6365
v -2.7624 		-2.2845 		0.7509
v -3.0488 		-2.1987 		1.9839
v -2.9764 		-2.6493 		0.6563
v -2.7738 		-1.4007 		2.0304
v -2.792 		-2.2845 		0.7296
v -2.792 		-2.2845 		0.7509
v -2.812 		-1.3712 		2.0071
v -2.8387 		-1.3645 		1.9852
v -2.9519 		-2.2139 		2.0429
v -2.9511 		-2.2142 		2.0429
v -3.0933 		-1.34 		2.5198
v -2.7273 		-2.3085 		0.7718
v -2.7456 		-2.2993 		0.7757
v -2.7456 		-2.2989 		0.7767
v -2.7456 		-2.2987 		0.7772
v -2.7456 		-2.2949 		0.7867
v -2.9753 		-2.3284 		2.0173
v -2.775 		-1.7376 		2.0363
v -3.0018 		-2.6414 		0.6196
v -2.7606 		-1.7337 		2.0351
v -2.775 		-1.7376 		2.0363
v -2.8641 		-1.377 		2.0065
v -2.865 		-1.3767 		2.0057
v -2.8334 		-1.753 		2.0261
v -2.6359 		-2.1152 		0.9599
v -2.865 		-1.3771 		2.0065
v -2.9824 		-2.3427 		2.0016
v -3.0222 		-2.1685 		1.9753
v -3.0226 		-2.1705 		1.97
v -2.798 		-1.444 		1.97
v -2.8515 		-1.7576 		2.0173
v -3.019 		-2.1564 		2.0069
v -2.794 		-1.4353 		1.97
v -2.8374 		-1.7542 		2.0317
v -2.865 		-1.4261 		1.97
v -3.0189 		-2.1423 		2.0429
v -3.0191 		-2.1524 		2.0173
v -2.865 		-1.4162 		1.97
v -2.8049 		-1.4552 		1.97
v -2.8088 		-1.4625 		1.97
v -2.9468 		-2.6305 		0.5903
v -2.7371 		-1.7573 		2.0418
v -2.865 		-1.4476 		1.97
v -2.865 		-1.4389 		1.97
v -2.9781 		-2.3247 		1.9939
v -2.7874 		-1.7569 		2.0419
v -3.1338 		-1.4466 		2.5317
v -2.9764 		-2.6485 		0.6188
v -2.6378 		-2.1774 		0.9724
v -2.7456 		-2.3053 		0.7792
v -2.865 		-1.3581 		1.9637
v -2.865 		-1.3414 		1.9264
v -3.0155 		-2.6251 		0.6795
v -2.971 		-2.3113 		2.0076
v -3.0163 		-2.63 		0.6538
v -2.6455 		-2.1734 		0.969
v -2.7735 		-2.3575 		0.7814
v -2.7735 		-2.3138 		0.7661
v -2.7735 		-2.3535 		0.7818
v -3.0198 		-2.6476 		0.6398
v -2.7624 		-2.3535 		0.7818
v -2.9779 		-1.4919 		2.5884
v -2.7952 		-1.4378 		1.9398
v -2.792 		-2.3535 		0.7818
v -3.0109 		-1.4859 		2.568
v -3.0109 		-1.5059 		2.5785
v -2.7536 		-2.3374 		0.7831
v -2.7536 		-2.3282 		0.7804
v -2.7536 		-2.3025 		0.7703
v -2.7536 		-2.299 		0.7682
v -3.0017 		-2.713 		0.6966
v -2.6321 		-2.1851 		0.9548
v -2.865 		-1.7411 		2.0074
v -2.865 		-1.446 		1.9463
v -2.6651 		-1.5677 		2.0149
v -2.6671 		-1.5747 		2.0109
v -3.0109 		-1.4939 		2.5494
v -3.0109 		-1.5445 		2.4807
v -2.6626 		-1.5589 		2.0201
v -2.9801 		-2.3401 		1.9044
v -2.7536 		-2.2914 		0.787
v -2.9651 		-1.5146 		2.5158
v -2.9644 		-1.5159 		2.5117
v -2.9539 		-1.5205 		2.4807
v -2.9462 		-1.4991 		2.5088
v -2.9666 		-1.5121 		2.524
v -3.0993 		-2.0973 		1.9067
v -2.9736 		-1.5402 		2.4807
v -2.9764 		-2.321 		1.9093
v -2.6768 		-1.5812 		2.0075
v -2.6825 		-1.5589 		2.021
v -2.6778 		-1.5779 		2.0022
v -2.6825 		-1.5589 		2.021
v -2.6828 		-1.5589 		2.0093
v -2.6835 		-1.555 		2.0234
v -2.9477 		-1.507 		2.5241
v -2.7536 		-2.3575 		0.7889
v -2.7536 		-2.3571 		0.789
v -3.0779 		-2.1928 		1.9107
v -2.9462 		-1.5066 		2.5241
v -2.6915 		-1.5909 		2.0024
v -2.6914 		-1.5909 		2.0023
v -2.6864 		-1.5723 		2.0064
v -3.0001 		-2.6764 		0.6629
v -2.7536 		-2.3524 		0.7635
v -2.7536 		-2.3532 		0.7639
v -2.7556 		-2.3566 		0.7633
v -3.0055 		-2.6576 		0.6695
v -2.7738 		-1.7171 		2.0304
v -2.7536 		-2.357 		0.765
v -3.0961 		-2.2372 		1.9976
v -2.6917 		-1.5911 		2.0023
v -2.7153 		-1.572 		2.0147
v -2.6855 		-1.5697 		2.0147
v -2.6173 		-2.1466 		0.9984
v -2.7536 		-2.3575 		0.7649
v -2.6847 		-1.5666 		2.0165
v -3.1104 		-2.2498 		1.9831
v -2.7738 		-1.7171 		2.0308
v -2.8006 		-1.7243 		2.0326
v -2.7536 		-2.3068 		0.7487
v -2.9764 		-2.6858 		0.6567
v -2.6359 		-2.1397 		1.0007
v -2.7547 		-2.3079 		0.7447
v -2.7541 		-2.3118 		0.7469
v -2.9565 		-2.6858 		0.6567
v -2.9936 		-2.707 		0.6606
v -2.9953 		-2.7063 		0.6625
v -2.9942 		-2.7051 		0.6567
v -3.0012 		-2.7049 		0.6689
v -3.091 		-2.2509 		1.978
v -2.7556 		-2.3079 		0.7439
v -2.7755 		-2.3081 		0.7434
v -2.7204 		-1.6909 		2.0242
v -2.7769 		-2.3013 		0.7382
v -2.9938 		-2.7066 		0.661
v -2.7792 		-2.2901 		0.7296
v -2.7536 		-2.3152 		0.7487
v -2.9539 		-1.5231 		2.503
v -2.9644 		-1.5404 		2.4807
v -2.7191 		-1.573 		2.0155
v -2.8962 		-1.5229 		2.4807
v -2.962 		-1.5404 		2.4807
v -2.6823 		-1.5589 		2.0304
v -2.9991 		-2.7046 		0.6671
v -2.6515 		-2.1893 		0.9531
v -2.7736 		-2.3256 		0.7505
v -2.9957 		-2.7038 		0.6567
v -2.7476 		-1.6909 		2.024
v -3.0731 		-2.1928 		1.9663
v -2.7735 		-2.3261 		0.7507
v -3.077 		-2.2401 		1.9925
v -2.8641 		-1.6279 		2.0408
v -2.7788 		-1.6909 		2.0238
v -2.865 		-1.6909 		2.0233
v -2.8049 		-1.7221 		2.032
v -2.865 		-1.7416 		2.0378
v -3.0608 		-2.2084 		1.9688
v -3.0109 		-1.5517 		2.4807
v -3.014 		-2.1913 		1.9158
v -3.0142 		-2.1932 		1.9109
v -2.7735 		-2.3566 		0.7628
v -2.7735 		-2.3575 		0.7628
v -3.0228 		-2.1715 		1.9675
v -3.0237 		-2.1743 		1.96
v -2.7735 		-2.3115 		0.7652
v -2.7735 		-2.2994 		0.7604
v -3.105 		-1.4825 		2.5611
v -2.749 		-1.4931 		1.97
v -2.792 		-2.3575 		0.7624
v -2.792 		-2.3566 		0.7624
v -2.792 		-2.3083 		0.743
v -2.7415 		-1.4878 		1.97
v -2.9844 		-2.6884 		0.6569
v -2.792 		-2.2907 		0.7296
v -2.983 		-2.7009 		0.6755
v -2.792 		-2.3438 		0.7573
v -2.749 		-1.627 		1.97
v -3.0765 		-1.5649 		2.595
v -2.731 		-1.56 		1.97
v -2.7624 		-2.2994 		0.7604
v -2.7224 		-1.5589 		1.97
v -2.7675 		-1.5038 		1.97
v -2.761 		-1.499 		1.97
v -3.0488 		-2.2811 		2.0013
v -2.7675 		-1.6163 		1.97
v -2.761 		-1.619 		1.97
v -2.792 		-2.2994 		0.7604
v -2.7526 		-1.56 		1.97
v -2.745 		-1.5589 		1.97
v -2.9764 		-2.6967 		0.6567
v -2.9764 		-2.6881 		0.6567
v -2.9764 		-2.6884 		0.6569
v -2.9764 		-2.6922 		0.6599
v -3.0705 		-2.1748 		1.9059
v -3.089 		-1.5575 		2.5833
v -2.9676 		-2.6964 		0.6632
v -2.7439 		-1.4891 		1.9398
v -2.9565 		-2.6884 		0.6569
v -2.9565 		-2.6953 		0.6624
v -2.9764 		-2.6931 		0.6614
v -3.0793 		-2.166 		1.9061
v -3.0602 		-1.5743 		2.5884
v -2.865 		-1.6425 		2.0368
v -2.9565 		-2.7077 		0.6567
v -2.6655 		-2.1711 		0.9705
v -2.9641 		-2.7098 		0.6567
v -3.0725 		-1.5675 		2.5785
v -2.9764 		-2.7223 		0.6596
v -2.9764 		-2.7014 		0.6691
v -3.0952 		-1.6279 		2.5738
v -2.6524 		-2.1643 		0.977
v -3.0976 		-2.1739 		1.9084
v -2.7251 		-1.5589 		1.9398
v -3.0815 		-1.6279 		2.5835
v -3.0599 		-2.2945 		2.011
v -2.9565 		-2.6881 		0.6567
v -2.9565 		-2.6881 		0.6567
v -2.9764 		-2.699 		0.6703
v -2.9565 		-2.6881 		0.6567
v -2.865 		-1.9286 		1.897
v -3.0725 		-2.3076 		1.9956
v -2.865 		-2.0656 		1.897
v -2.7661 		-1.503 		1.9463
v -2.865 		-1.9223 		1.8588
v -2.7661 		-1.617 		1.9463
v -2.865 		-1.9283 		1.852
v -2.9764 		-2.7276 		0.6571
v -3.0608 		-2.2937 		1.9874
v -2.7106 		-1.4684 		1.8406
v -2.7091 		-1.47 		1.8405
v -2.7097 		-1.4693 		1.8406
v -2.6455 		-2.0816 		0.8835
v -2.7059 		-1.4819 		1.8405
v -2.9764 		-2.7287 		0.6567
v -2.6165 		-2.0816 		0.9397
v -2.6934 		-1.46 		1.8622
v -2.6367 		-2.1378 		0.91
v -2.6361 		-2.0816 		0.8864
v -2.7097 		-1.4694 		1.8691
v -2.9606 		-2.0656 		1.846
v -2.798 		-1.6763 		1.97
v -2.7939 		-1.6827 		1.97
v -2.7415 		-1.6304 		1.97
v -2.792 		-2.3575 		0.7626
v -2.865 		-1.7016 		1.97
v -2.865 		-1.9417 		1.8645
v -2.865 		-1.6943 		1.97
v -2.792 		-2.3565 		0.7624
v -2.8088 		-1.6576 		1.97
v -2.8049 		-1.6629 		1.97
v -2.7191 		-1.4598 		1.8406
v -2.865 		-1.6789 		1.97
v -2.865 		-1.6728 		1.97
v -2.8051 		-2.3566 		0.7621
v -2.9744 		-2.6858 		0.6567
v -2.9744 		-2.6567 		0.6567
v -2.8045 		-2.3575 		0.7621
v -2.7142 		-2.4689 		0.861
v -2.7043 		-2.498 		0.8468
v -2.7131 		-1.4725 		1.8349
v -2.865 		-1.9397 		1.7756
v -2.7108 		-2.4572 		0.7373
v -2.938 		-2.6858 		0.6567
v -2.7168 		-2.4806 		0.7373
v -2.938 		-2.6881 		0.6567
v -2.938 		-2.6858 		0.6545
v -2.6359 		-2.0816 		0.9451
v -2.7171 		-2.4966 		0.753
v -2.6455 		-2.1338 		0.9058
v -2.865 		-1.9345 		1.7545
v -2.9565 		-2.6667 		0.6367
v -2.9565 		-2.6858 		0.6545
v -2.7168 		-1.4734 		1.8434
v -2.9744 		-2.6801 		0.6492
v -2.865 		-1.9522 		1.7636
v -2.9744 		-2.6858 		0.6545
v -2.9565 		-2.6496 		0.621
v -3.0698 		-1.6279 		2.4895
v -2.7174 		-1.4737 		1.8568
v -3.0725 		-1.5395 		2.495
v -2.7163 		-1.4819 		1.8569
v -2.7182 		-1.475 		1.8569
v -3.0685 		-2.3127 		1.8979
v -2.6524 		-2.0816 		0.8978
v -2.6655 		-2.1332 		0.9078
v -2.6524 		-2.1295 		0.9189
v -2.865 		-1.9582 		1.7827
v -2.6655 		-2.0816 		0.8847
v -2.7187 		-1.4744 		1.8569
v -2.7191 		-1.474 		1.8569
v -3.0582 		-2.2965 		1.9024
v -3.0422 		-1.5549 		2.4807
v -3.0516 		-1.6279 		2.4895
v -3.0434 		-1.5842 		2.4807
v -2.7177 		-2.4353 		0.7766
v -2.7165 		-2.4387 		0.7519
v -2.9771 		-2.6858 		0.6438
v -2.7952 		-1.6803 		1.9398
v -2.9764 		-2.6858 		0.6429
v -2.7043 		-2.4669 		0.7635
v -2.9972 		-2.6744 		0.6202
v -2.6148 		-1.4144 		1.7776
v -2.9594 		-2.2134 		1.8241
v -2.9595 		-2.2117 		1.827
v -2.9933 		-2.2153 		1.8375
v -2.9594 		-2.2137 		1.8256
v -2.9898 		-2.6667 		0.6367
v -2.629 		-1.4227 		1.7662
v -2.865 		-1.6743 		1.9463
v -2.999 		-2.6642 		0.6495
v -2.865 		-1.7738 		2.0344
v -3.04 		-1.9249 		1.8605
v -3.0395 		-1.9352 		1.8241
v -3.0015 		-2.6502 		0.6475
v -2.6575 		-1.4392 		1.8198
v -2.9868 		-2.6667 		0.6367
v -2.9764 		-2.678 		0.6472
v -2.9764 		-2.6858 		0.6448
v -2.6666 		-1.4446 		1.803
v -2.9764 		-2.6667 		0.6367
v -2.6793 		-1.8103 		2.0427
v -2.6793 		-1.81 		2.0429
v -2.9764 		-2.6858 		0.6545
v -2.6972 		-1.8103 		2.0425
v -2.6971 		-1.8099 		2.0429
v -3.026 		-1.9377 		1.8642
v -2.6792 		-1.7764 		2.0284
v -2.9633 		-2.2837 		1.8332
v -2.7699 		-1.409 		1.8406
v -2.775 		-1.4039 		1.8406
v -2.7765 		-1.4034 		1.8406
v -2.7755 		-1.4037 		1.8406
v -3.0793 		-2.0446 		1.84
v -2.6971 		-1.7846 		2.0301
v -2.7271 		-2.4602 		0.8672
v -2.727 		-2.4596 		0.8658
v -2.7661 		-1.3873 		1.8622
v -2.6971 		-1.7858 		2.0421
v -2.7271 		-2.4592 		0.865
v -2.9921 		-2.7029 		0.6458
v -2.9921 		-2.7029 		0.6459
v -3.0743 		-2.0359 		1.8298
v -3.0742 		-2.0313 		1.8273
v -3.0732 		-2.0404 		1.8308
v -2.7755 		-1.4036 		1.8691
v -2.792 		-1.3993 		1.8406
v -3.074 		-2.0285 		1.8257
v -2.9764 		-2.7223 		0.6354
v -2.9764 		-2.7104 		0.6422
v -2.7286 		-2.4514 		0.8469
v -2.7456 		-2.4669 		0.863
v -2.7775 		-1.4084 		1.8346
v -3.0713 		-2.03 		1.8292
v -2.6793 		-1.8127 		2.0401
v -2.6515 		-1.8203 		2.0321
v -3.0761 		-2.0585 		1.8376
v -2.8954 		-2.219 		1.7673
v -3.0765 		-2.0599 		1.838
v -3.0338 		-1.5466 		2.4807
v -2.9764 		-2.7078 		0.6437
v -2.745 		-2.4695 		0.861
v -3.073 		-2.0464 		1.8337
v -2.9733 		-2.7004 		0.6444
v -2.7305 		-2.4795 		0.857
v -2.9764 		-2.7009 		0.6472
v -2.9043 		-2.2255 		1.7897
v -2.938 		-2.2275 		1.7966
v -2.7242 		-2.4977 		0.8468
v -2.8662 		-2.2571 		1.7939
v -2.9764 		-2.7008 		0.6447
v -2.9922 		-2.7029 		0.6459
v -3.0588 		-2.0192 		1.8292
v -2.8434 		-1.3855 		1.8406
v -2.865 		-1.3797 		1.8406
v -2.9725 		-2.6938 		0.6476
v -3.0585 		-2.0588 		1.848
v -2.9565 		-2.7046 		0.6397
v -2.9764 		-2.687 		0.6444
v -2.9764 		-2.7008 		0.6446
v -2.9764 		-2.697 		0.6412
v -2.938 		-2.2278 		1.7975
v -2.865 		-1.3608 		1.862
v -2.938 		-2.2274 		1.8044
v -3.0912 		-2.0638 		1.8273
v -2.865 		-1.3796 		1.8691
v -2.6838 		-1.838 		2.0384
v -3.0911 		-2.0582 		1.8269
v -2.6833 		-1.8349 		2.0429
v -2.6852 		-1.8468 		2.0253
v -2.865 		-1.385 		1.8346
v -2.865 		-1.4036 		1.8354
v -2.8448 		-1.409 		1.8354
v -2.6795 		-1.8201 		2.032
v -3.0911 		-2.0583 		1.8269
v -2.8937 		-2.2136 		1.7913
v -2.6974 		-1.82 		2.0319
v -2.6802 		-1.8372 		2.0065
v -2.938 		-2.2193 		1.8032
v -3.0981 		-2.0463 		1.8335
v -2.865 		-1.3879 		1.8434
v -2.8921 		-2.2157 		1.7868
v -2.938 		-2.2232 		1.7964
v -2.6981 		-1.8371 		2.0065
v -2.7947 		-1.409 		1.8569
v -2.8403 		-1.3968 		1.8569
v -2.865 		-1.3885 		1.8568
v -3.0993 		-2.0209 		1.8822
v -2.865 		-1.3942 		1.8523
v -2.938 		-2.2218 		1.8082
v -3.0398 		-1.5549 		2.4807
v -2.865 		-1.3902 		1.8569
v -2.9565 		-2.7152 		0.6532
v -3.0552 		-1.9264 		1.7876
v -2.865 		-1.4036 		1.8437
v -3.0001 		-2.2432 		1.7896
v -2.865 		-1.4036 		1.8312
v -3.1323 		-1.4021 		2.4705
v -2.9901 		-2.2428 		1.7876
v -2.959 		-2.2228 		1.792
v -2.9589 		-2.2305 		1.7876
v -2.6805 		-1.8468 		1.9922
v -2.6319 		-2.1417 		0.8801
v -2.6984 		-1.8468 		1.992
v -2.9933 		-2.2432 		1.8084
v -2.959 		-2.2403 		1.8013
v -2.792 		-1.45 		1.8635
v -2.7601 		-1.4819 		1.865
v -2.9591 		-2.2308 		1.8077
v -3.0966 		-1.481 		2.3469
v -3.0392 		-1.9394 		1.8093
v -3.0387 		-1.9455 		1.7876
v -2.7271 		-2.3612 		0.7878
v -3.1135 		-1.462 		2.4229
v -2.7556 		-1.4233 		1.8406
v -2.7334 		-1.4455 		1.8406
v -3.0315 		-1.9262 		1.7876
v -2.7477 		-1.4455 		1.8569
v -2.7556 		-1.4376 		1.8569
v -2.7456 		-2.3603 		0.7955
v -2.9739 		-1.556 		2.4607
v -3.0091 		-1.5579 		2.4623
v -2.6319 		-1.8804 		1.9782
v -2.983 		-2.2116 		1.8036
v -2.9641 		-2.2123 		1.799
v -2.7795 		-1.4107 		1.8434
v -2.6515 		-2.1437 		0.8773
v -2.9591 		-2.2125 		1.7978
v -2.9764 		-2.7531 		0.6179
v -2.7806 		-1.4128 		1.8569
v -2.7836 		-1.412 		1.8569
v -2.7798 		-1.4113 		1.8568
v -2.792 		-1.4097 		1.8569
v -2.7735 		-2.394 		0.7784
v -2.7735 		-2.3738 		0.7801
v -2.7803 		-1.4129 		1.8569
v -2.9592 		-2.2116 		1.8036
v -2.9764 		-2.7823 		0.5837
v -3.044 		-1.9522 		1.7636
v -3.0435 		-1.9562 		1.7585
v -2.9565 		-2.751 		0.6159
v -2.7821 		-1.4164 		1.8523
v -2.9593 		-2.2176 		1.8166
v -2.7536 		-2.394 		0.7859
v -2.7536 		-2.3924 		0.786
v -2.9592 		-2.2235 		1.8127
v -3.0263 		-1.9345 		1.7756
v -2.9589 		-2.2249 		1.7876
v -2.6507 		-1.8867 		1.9817
v -2.9591 		-2.2288 		1.8009
v -2.9589 		-2.2215 		1.7876
v -2.898 		-1.5567 		2.4619
v -2.9565 		-2.7625 		0.6316
v -2.7362 		-2.4151 		0.7692
v -3.0373 		-1.9355 		1.7552
v -3.0354 		-1.9338 		1.761
v -3.0313 		-1.9302 		1.7736
v -3.0315 		-1.9264 		1.7869
v -2.7339 		-2.4239 		0.7823
v -2.9591 		-2.2247 		1.7987
v -2.7356 		-2.4198 		0.7806
v -3.0367 		-1.9388 		1.7511
v -2.7337 		-2.4223 		0.7825
v -2.7872 		-1.4244 		1.8437
v -3.0377 		-1.9246 		1.771
v -2.6595 		-1.8784 		1.9782
v -2.9764 		-2.7538 		0.6454
v -2.9498 		-2.2282 		1.799
v -2.9391 		-2.2535 		1.7978
v -2.7337 		-2.4234 		0.7851
v -2.6899 		-1.8823 		1.97
v -2.6905 		-1.8784 		1.9782
v -2.9565 		-2.793 		0.5963
v -2.9249 		-2.7596 		0.629
v -2.681 		-1.8619 		1.97
v -2.681 		-1.8595 		1.9735
v -2.699 		-1.8619 		1.97
v -2.6989 		-1.8578 		1.9761
v -2.9712 		-1.5677 		2.4459
v -2.9565 		-2.7759 		0.6161
v -2.9565 		-2.7626 		0.6315
v -2.7869 		-1.4247 		1.8354
v -2.7872 		-1.4244 		1.8354
v -2.6809 		-1.8565 		1.9777
v -2.9676 		-2.7636 		0.6324
v -2.6987 		-1.8529 		1.9828
v -2.982 		-1.565 		2.4432
v -2.7723 		-1.4394 		1.8354
v -2.7593 		-1.4196 		1.8406
v -2.9448 		-2.2299 		1.8046
v -2.951 		-2.2249 		1.7876
v -2.9511 		-2.2249 		1.7876
v -2.9511 		-2.2278 		1.7975
v -2.9967 		-1.5546 		2.41
v -2.9764 		-2.7539 		0.6454
v -3.0385 		-1.9473 		1.7809
v -2.9587 		-2.2241 		1.8121
v -2.9591 		-2.2239 		1.8123
v -2.7872 		-1.4244 		1.8312
v -2.792 		-1.4231 		1.8354
v -2.9511 		-2.2272 		1.808
v -3.0343 		-1.9514 		1.7824
v -3.0024 		-1.511 		2.3596
v -3.0015 		-2.7671 		0.6384
v -2.7662 		-1.4455 		1.8354
v -2.7713 		-1.4404 		1.8354
v -2.9515 		-2.2247 		1.7876
v -3.0565 		-1.9303 		1.7745
v -3.0565 		-1.9302 		1.7744
v -3.0565 		-1.9301 		1.7746
v -2.983 		-2.771 		0.6441
v -3.0018 		-1.5261 		2.3844
v -3.0578 		-1.939 		1.7511
v -3.0573 		-1.9356 		1.7553
v -3.0567 		-1.9315 		1.7698
v -3.0565 		-1.93 		1.775
v -2.9764 		-2.7953 		0.6099
v -2.9764 		-2.7679 		0.6391
v -2.9764 		-2.7918 		0.6139
v -3.0565 		-1.93 		1.775
v -3.0648 		-1.5369 		2.4408
v -2.9958 		-2.2249 		1.7876
v -3.0649 		-1.5356 		2.4396
v -2.7305 		-1.4814 		1.8356
v -3.0825 		-1.5293 		2.4331
v -2.7303 		-1.4819 		1.8356
v -3.0779 		-1.9357 		1.7554
v -2.9428 		-2.2606 		1.7793
v -3.0603 		-1.5387 		2.4427
v -3.07 		-1.5349 		2.4388
v -2.9511 		-2.2223 		1.7786
v -2.951 		-2.2223 		1.7785
v -3.0158 		-2.6704 		0.6407
v -2.9935 		-2.2241 		1.7568
v -3.0166 		-2.6861 		0.6572
v -3.0679 		-1.5361 		2.4422
v -3.0255 		-2.6573 		0.6678
v -2.7214 		-1.4771 		1.8523
v -2.9509 		-2.2162 		1.7577
v -2.9511 		-2.2162 		1.7577
v -2.7536 		-2.4167 		0.7688
v -2.6715 		-1.9197 		0.8696
v -2.9509 		-2.2143 		1.7511
v -2.7373 		-1.4558 		1.8569
v -2.7206 		-1.4725 		1.8569
v -2.6908 		-1.9197 		0.8695
v -2.9528 		-2.2154 		1.7577
v -2.9531 		-2.2133 		1.7511
v -2.7735 		-2.4064 		0.7773
v -2.7735 		-2.4305 		0.7726
v -2.7735 		-2.4133 		0.7767
v -2.7735 		-2.4279 		0.7755
v -3.0294 		-1.5303 		2.4085
v -2.7624 		-2.4279 		0.7755
v -3.0287 		-1.5463 		2.4245
v -2.792 		-2.4279 		0.7755
v -2.9665 		-2.2996 		1.8212
v -3.0705 		-1.9522 		1.7636
v -2.7305 		-1.4814 		1.8437
v -2.7305 		-1.4814 		1.8312
v -2.746 		-1.4658 		1.8355
v -2.7536 		-2.4305 		0.7827
v -2.6966 		-1.8892 		0.7704
v -2.699 		-1.8633 		1.97
v -3.0186 		-2.2292 		1.8742
v -3.0793 		-1.9605 		1.7673
v -3.09 		-1.5221 		2.4214
v -3.0865 		-1.5255 		2.4292
v -3.0793 		-1.9884 		1.7856
v -3.0431 		-1.9586 		1.7554
v -3.0427 		-1.9619 		1.7511
v -2.7536 		-2.394 		0.7636
v -3.1118 		-1.5022 		2.471
v -2.7556 		-1.4562 		1.8355
v -3.0376 		-1.5549 		2.47
v -3.0364 		-1.5549 		2.47
v -3.0865 		-1.5703 		2.4742
v -3.0544 		-1.57 		2.4741
v -3.0395 		-1.5698 		2.474
v -2.792 		-2.7953 		0.8116
v -2.7735 		-2.7953 		0.8116
v -2.7735 		-2.7953 		0.8303
v -2.7735 		-2.394 		0.7609
v -3.0597 		-1.9864 		1.7605
v -3.0593 		-1.5777 		2.4761
v -3.0547 		-1.5702 		2.4743
v -2.792 		-2.3728 		0.7616
v -3.0976 		-1.9531 		1.7636
v -2.7536 		-2.4175 		0.7632
v -2.7556 		-2.4151 		0.7612
v -2.7536 		-2.4148 		0.7631
v -2.7536 		-2.4164 		0.7567
v -2.7536 		-2.4202 		0.7439
v -3.0585 		-1.5736 		2.4751
v -3.0354 		-2.2241 		1.8474
v -2.7011 		-1.812 		1.9195
v -3.0779 		-2.2404 		1.8317
v -3.0397 		-1.5702 		2.4744
v -3.0421 		-1.5824 		2.4774
v -3.0619 		-2.2458 		1.8423
v -2.7536 		-2.4143 		0.7653
v -2.7006 		-1.8621 		0.5937
v -2.7506 		-2.4144 		0.766
v -2.7091 		-1.8291 		1.9264
v -2.7855 		-2.7953 		0.8307
v -2.792 		-2.7953 		0.831
v -3.0705 		-2.0095 		1.8118
v -3.0647 		-2.0095 		1.8118
v -3.0705 		-2.0061 		1.8041
v -3.0719 		-2.0023 		1.799
v -3.0707 		-1.9992 		1.7889
v -2.7536 		-2.4225 		0.736
v -2.7536 		-2.4264 		0.7329
v -2.7538 		-2.4305 		0.7298
v -2.8 		-2.8765 		1.1207
v -2.7319 		-2.4233 		0.7376
v -3.0793 		-1.5797 		2.4579
v -2.7536 		-2.4145 		0.7631
v -2.6797 		-1.8331 		1.9281
v -3.0594 		-1.9935 		1.7984
v -3.0354 		-2.2677 		1.8369
v -2.7074 		-1.8807 		0.5965
v -2.7536 		-2.3965 		0.7635
v -2.7536 		-2.4106 		0.763
v -2.6986 		-1.8393 		1.9306
v -2.7781 		-1.4819 		1.8463
v -2.792 		-1.468 		1.8463
v -3.0705 		-2.0168 		1.8155
v -2.7601 		-1.4819 		1.8585
v -2.792 		-1.45 		1.8585
v -3.0793 		-2.0024 		1.8178
v -2.6319 		-1.9135 		1.9084
v -2.8094 		-2.8702 		1.1041
v -2.6797 		-1.8804 		0.5977
v -2.865 		-2.8808 		1.1321
v -2.6515 		-1.8624 		1.9691
v -3.1178 		-1.5848 		2.4494
v -3.0692 		-1.9972 		1.7839
v -3.0705 		-1.9988 		1.7873
v -3.0705 		-1.9972 		1.7839
v -2.865 		-2.8736 		1.1132
v -3.0705 		-1.9973 		1.7796
v -2.792 		-1.4677 		1.8432
v -2.7778 		-1.4819 		1.8432
v -2.7536 		-2.3957 		0.7487
v -2.6966 		-1.8909 		0.5985
v -3.0998 		-1.5891 		2.4414
v -3.0727 		-1.9952 		1.7611
v -2.6897 		-1.8832 		1.9679
v -2.7567 		-2.4165 		0.7601
v -2.6815 		-1.8801 		1.9572
v -2.756 		-2.4151 		0.7608
v -2.7566 		-2.4152 		0.7602
v -2.8226 		-1.4375 		1.8608
v -2.8104 		-1.4407 		1.8605
v -2.7613 		-2.4139 		0.7635
v -2.6811 		-1.8622 		1.9694
v -3.107 		-2.2629 		1.8873
v -2.7954 		-1.4467 		1.8633
v -2.7985 		-1.4439 		1.8605
v -2.798 		-1.444 		1.8633
v -2.6811 		-1.8624 		1.9691
v -3.0888 		-2.049 		1.8238
v -2.7613 		-2.415 		0.76
v -3.0884 		-2.0377 		1.8177
v -2.798 		-1.444 		1.8605
v -2.7578 		-2.4151 		0.7602
v -3.0881 		-2.0339 		1.8156
v -3.0879 		-2.2626 		1.8933
v -3.0874 		-2.0209 		1.8081
v -3.0862 		-2.0167 		1.8045
v -2.769 		-2.4151 		0.7597
v -2.7655 		-2.864 		1.0884
v -3.0984 		-2.0066 		1.8135
v -3.0875 		-2.0132 		1.7998
v -3.0793 		-1.5228 		2.4011
v -3.0936 		-2.0175 		1.8001
v -2.865 		-1.4261 		1.8617
v -3.0682 		-1.5227 		2.4009
v -2.7832 		-2.8605 		1.0793
v -2.8623 		-1.4268 		1.8617
v -2.6812 		-1.879 		1.9335
v -2.6811 		-1.8706 		1.9513
v -2.6811 		-1.8667 		1.9596
v -2.7567 		-2.4152 		0.7602
v -2.7568 		-2.4152 		0.7602
v -2.7574 		-2.4151 		0.7602
v -2.7536 		-2.8486 		1.048
v -2.7735 		-2.8477 		1.0457
v -2.844 		-1.4092 		1.8354
v -3.1107 		-2.0477 		1.8027
v -3.0776 		-2.2136 		1.7913
v -2.6994 		-1.8727 		1.9537
v -2.8 		-2.9976 		1.0904
v -2.699 		-1.8624 		1.9691
v -2.7618 		-2.4222 		0.7353
v -2.6993 		-1.8672 		1.9585
v -2.6993 		-1.8693 		1.9537
v -3.0212 		-2.2187 		1.8081
v -2.6993 		-1.8701 		1.952
v -2.6994 		-1.8788 		1.9335
v -2.774 		-2.4222 		0.7353
v -2.7745 		-2.4296 		0.7296
v -2.7735 		-2.4215 		0.7378
v -2.7706 		-1.8626 		0.5934
v -2.8453 		-1.8827 		0.5965
v -2.865 		-1.4261 		1.8523
v -2.7744 		-2.4305 		0.7296
v -2.798 		-1.444 		1.8523
v -2.7682 		-1.8617 		0.7179
v -2.8094 		-2.9945 		1.0731
v -2.7735 		-2.3963 		0.7507
v -2.865 		-2.9999 		1.1024
v -2.7986 		-1.444 		1.8585
v -2.865 		-1.4264 		1.8585
v -2.8644 		-1.4263 		1.8585
v -2.7988 		-1.4438 		1.8585
v -2.7711 		-2.4152 		0.7596
v -2.865 		-1.4261 		1.8585
v -3.0129 		-2.2292 		1.8229
v -2.8436 		-1.8821 		0.6621
v -2.7985 		-1.4439 		1.8603
v -2.865 		-2.9962 		1.0827
v -2.7735 		-2.4203 		0.7422
v -2.7735 		-2.4178 		0.7507
v -2.7108 		-1.8824 		1.9583
v -3.0437 		-2.2791 		1.8229
v -2.7985 		-1.4439 		1.8585
v -2.8462 		-1.8632 		0.5932
v -2.798 		-1.444 		1.8585
v -2.7977 		-1.4444 		1.8585
v -2.8506 		-1.8644 		0.5899
v -2.7966 		-1.4455 		1.8585
v -2.7792 		-2.4296 		0.7296
v -2.865 		-1.8633 		0.5931
v -2.7658 		-2.9916 		1.0568
v -3.0619 		-1.5259 		2.4041
v -2.7735 		-2.4142 		0.7627
v -2.7735 		-2.4152 		0.7595
v -2.7735 		-2.4153 		0.7619
v -2.7735 		-2.4173 		0.7593
v -2.7735 		-2.4154 		0.7595
v -3.0868 		-2.0112 		1.7931
v -2.7735 		-2.3957 		0.7608
v -3.0875 		-2.0053 		1.7592
v -2.7832 		-2.9899 		1.0471
v -3.0856 		-2.0078 		1.7816
v -3.0981 		-1.9947 		1.7842
v -3.0876 		-2.0052 		1.7618
v -3.0862 		-2.007 		1.7758
v -2.792 		-2.4147 		0.7615
v -2.792 		-2.4156 		0.7586
v -2.792 		-2.4182 		0.7585
v -2.792 		-2.4173 		0.7595
v -2.6515 		-1.9941 		0.8037
v -2.792 		-2.4149 		0.7614
v -2.6648 		-1.9607 		0.8026
v -2.6648 		-1.9599 		0.8038
v -2.792 		-2.4156 		0.7586
v -2.6658 		-1.954 		0.8487
v -2.6659 		-1.9535 		0.8496
v -2.6664 		-1.9503 		0.8548
v -2.6671 		-1.9462 		0.8618
v -2.668 		-1.941 		0.8348
v -2.9679 		-2.4119 		1.844
v -2.792 		-2.4222 		0.7353
v -2.792 		-2.4296 		0.7296
v -2.792 		-2.4172 		0.753
v -2.6842 		-1.9606 		0.8026
v -2.9548 		-2.4185 		1.8306
v -2.7538 		-3.0689 		0.9485
v -2.7538 		-3.0871 		0.9787
v -3.1178 		-1.507 		2.3716
v -2.9246 		-2.3683 		1.8469
v -2.865 		-1.4389 		1.8432
v -2.8051 		-2.4151 		0.7607
v -3.0966 		-1.4902 		2.3812
v -2.865 		-1.4386 		1.8369
v -2.7536 		-2.9839 		1.0141
v -3.0947 		-1.5087 		2.402
v -3.0957 		-1.4932 		2.3852
v -2.6892 		-1.8865 		1.961
v -2.6891 		-1.8868 		1.9604
v -2.8045 		-1.4552 		1.8432
v -2.8046 		-1.4554 		1.8463
v -2.8044 		-1.4553 		1.8432
v -3.1198 		-2.046 		1.7651
v -2.8049 		-1.4551 		1.8432
v -3.1021 		-2.0149 		1.7625
v -2.8049 		-1.4551 		1.8432
v -2.8049 		-1.4552 		1.8435
v -2.7456 		-2.4327 		0.7701
v -3.0889 		-1.5061 		2.3721
v -2.7342 		-2.4464 		0.7744
v -3.0998 		-1.5147 		2.367
v -2.6842 		-1.9616 		0.836
v -2.6917 		-1.8994 		1.9335
v -3.0854 		-1.5201 		2.3907
v -2.7735 		-2.9837 		1.0115
v -3.0886 		-1.511 		2.3775
v -2.9169 		-2.3806 		1.8332
v -2.751 		-2.4336 		0.7846
v -3.0887 		-1.4997 		2.3489
v -3.0887 		-1.5054 		2.3703
v -2.7735 		-3.0664 		0.9485
v -2.7735 		-3.0871 		0.985
v -2.9602 		-2.1033 		1.8343
v -2.7735 		-3.0871 		0.9486
v -2.7735 		-3.0871 		0.9485
v -2.96 		-2.1386 		1.8362
v -2.7034 		-1.8992 		1.9663
v -2.9603 		-2.1016 		1.8357
v -2.7945 		-3.0656 		0.9485
v -2.865 		-3.0871 		0.9854
v -2.8051 		-3.0656 		0.9485
v -2.865 		-3.0656 		0.9485
v -2.8049 		-1.4552 		1.8432
v -2.7645 		-3.0871 		0.9486
v -3.0847 		-1.5124 		2.3619
v -2.7968 		-3.0871 		0.9485
v -2.7536 		-2.4338 		0.7661
v -2.7536 		-2.4327 		0.7701
v -2.7735 		-2.4338 		0.7661
v -2.7735 		-2.4327 		0.7701
v -2.7624 		-2.4327 		0.7701
v -2.792 		-2.4327 		0.7701
v -2.9599 		-2.1386 		1.8241
v -2.6655 		-1.9819 		0.8026
v -2.6648 		-1.9598 		0.8406
v -2.8043 		-1.4549 		1.8369
v -2.9068 		-2.198 		1.8877
v -2.9283 		-2.205 		1.8444
v -2.9263 		-2.2049 		1.8448
v -2.9105 		-2.2042 		1.8494
v -2.6515 		-1.8946 		1.9007
v -2.865 		-2.2005 		1.8719
v -2.9269 		-2.1963 		1.8963
v -3.1195 		-1.6273 		2.3755
v -2.7536 		-2.4334 		0.7814
v -2.7536 		-2.4323 		0.7826
v -2.9069 		-2.4 		1.8648
v -2.865 		-2.2024 		1.8671
v -2.865 		-2.2021 		1.8623
v -2.7644 		-3.0871 		0.9485
v -2.8078 		-1.4544 		1.8432
v -2.865 		-3.0871 		0.9485
v -2.81 		-1.4538 		1.8432
v -2.8078 		-1.4544 		1.8432
v -2.7537 		-3.0142 		0.8891
v -2.7537 		-3.0117 		0.8871
v -2.7541 		-3.0107 		0.8869
v -2.7537 		-3.0109 		0.8865
v -2.7537 		-3.0095 		0.8859
v -2.916 		-2.2083 		1.8241
v -2.9277 		-2.2051 		1.8435
v -3.0998 		-1.625 		2.3795
v -2.9377 		-2.4305 		1.8628
v -2.9229 		-2.2092 		1.8241
v -2.7735 		-3.0104 		0.8875
v -2.9038 		-2.4042 		1.8457
v -2.7537 		-2.9848 		0.8755
v -2.7453 		-1.3514 		1.8198
v -2.6653 		-1.9773 		0.7755
v -2.6654 		-1.9805 		0.774
v -2.6658 		-1.9927 		0.7687
v -2.6658 		-1.9927 		0.7882
v -2.6658 		-1.9926 		0.7883
v -2.6652 		-1.9762 		0.7773
v -2.9272 		-2.2051 		1.8438
v -2.6589 		-1.9773 		0.7755
v -2.871 		-2.4949 		1.8665
v -2.6648 		-1.9608 		0.8025
v -2.6652 		-1.975 		0.7792
v -2.7504 		-1.3605 		1.803
v -2.7336 		-2.449 		0.7544
v -2.7407 		-2.439 		0.7464
v -2.7402 		-1.6544 		2.9456
v -2.7038 		-1.49 		1.8405
v -2.6863 		-1.5549 		1.8404
v -2.6842 		-1.9606 		0.8026
v -2.7376 		-2.4561 		0.733
v -2.7293 		-2.4598 		0.7442
v -2.684 		-1.962 		0.8003
v -2.8724 		-2.4533 		1.8494
v -2.932 		-2.4325 		1.8437
v -2.7661 		-1.6612 		2.9493
v -2.7536 		-2.439 		0.7464
v -2.7538 		-3.0527 		0.9214
v -2.7538 		-3.0519 		0.9197
v -2.7538 		-2.4306 		0.7296
v -2.6595 		-1.9117 		1.9073
v -2.7918 		-1.6681 		3
v -2.6935 		-1.9148 		1.897
v -2.9257 		-2.1893 		1.8241
v -2.9349 		-2.1861 		1.8424
v -2.9329 		-2.1858 		1.8438
v -2.8807 		-2.484 		1.8474
v -2.9352 		-2.1855 		1.8455
v -2.9306 		-2.1854 		1.8464
v -2.7735 		-2.4375 		0.7296
v -2.865 		-2.1824 		1.863
v -2.8788 		-2.183 		1.8597
v -2.8662 		-2.1825 		1.8628
v -2.7735 		-2.439 		0.7464
v -2.9271 		-2.1848 		1.8437
v -2.865 		-2.1817 		1.8241
v -2.865 		-2.1803 		1.8297
v -2.865 		-2.1801 		1.8307
v -2.8887 		-2.1816 		1.8366
v -2.865 		-2.1801 		1.8316
v -2.7191 		-1.5239 		1.8356
v -2.7107 		-1.5549 		1.8356
v -2.6842 		-1.9728 		0.7829
v -2.6843 		-1.9773 		0.7755
v -2.792 		-2.439 		0.7464
v -2.6936 		-1.9145 		1.8981
v -2.6941 		-1.9124 		1.905
v -2.6841 		-1.9682 		0.7902
v -2.7536 		-2.4561 		0.733
v -2.6943 		-1.9117 		1.9073
v -2.6846 		-1.9903 		0.7697
v -2.7735 		-2.4561 		0.733
v -2.9838 		-2.4712 		1.8403
v -2.6847 		-1.9927 		0.7686
v -2.6814 		-1.8944 		1.9006
v -2.6847 		-1.9893 		0.7898
v -2.6967 		-1.5549 		1.8569
v -2.7116 		-1.4995 		1.8569
v -2.7013 		-1.8943 		1.9006
v -2.792 		-2.4561 		0.733
v -2.6995 		-1.8858 		1.9187
v -2.7536 		-2.4669 		0.733
v -2.7735 		-2.4669 		0.733
v -2.9917 		-2.2004 		1.8704
v -2.9601 		-2.1908 		1.8674
v -3.0041 		-2.1964 		1.8927
v -2.857 		-1.6524 		2.9989
v -2.6814 		-1.8955 		1.897
v -2.9601 		-2.19 		1.8697
v -2.701 		-1.8953 		1.897
v -2.9603 		-2.1861 		1.8779
v -2.9687 		-2.4704 		1.8272
v -3.0088 		-2.202 		1.8605
v -3.001 		-2.2013 		1.8646
v -2.9601 		-2.1895 		1.8627
v -2.9599 		-2.2023 		1.8605
v -2.8117 		-1.6333 		3
v -2.7168 		-1.5325 		1.8575
v -2.9491 		-2.4724 		1.86
v -2.8405 		-1.6621 		2.9989
v -2.9599 		-2.2092 		1.8605
v -2.96 		-2.2115 		1.8696
v -2.9425 		-2.4712 		1.8412
v -2.96 		-2.2104 		1.8726
v -2.9601 		-2.2095 		1.8751
v -2.8308 		-1.6786 		2.9989
v -2.9604 		-2.2007 		1.8946
v -2.747 		-2.4997 		0.7601
v -2.7333 		-2.4863 		0.759
v -2.745 		-2.4926 		0.7467
v -2.7402 		-2.4761 		0.733
v -2.7242 		-2.4678 		0.7655
v -2.9026 		-2.4031 		1.7944
v -2.6669 		-1.5589 		1.8625
v -2.8308 		-1.698 		2.9989
v -2.6857 		-1.5589 		1.8691
v -2.93 		-2.4305 		1.7924
v -2.9291 		-2.3581 		1.8104
v -2.865 		-1.7743 		2.026
v -2.7536 		-2.5033 		0.7556
v -2.7536 		-2.4926 		0.7467
v -2.9759 		-2.4048 		1.8072
v -2.7536 		-2.4761 		0.733
v -2.7536 		-2.5008 		0.7296
v -2.7536 		-2.5034 		0.7317
v -2.7536 		-2.5034 		0.7555
v -2.6658 		-1.9893 		0.7898
v -2.865 		-1.8191 		2.0313
v -2.6946 		-1.5589 		1.8568
v -2.9605 		-2.4142 		1.8155
v -2.8955 		-2.4162 		1.8075
v -2.7536 		-2.495 		0.7504
v -2.9536 		-2.2096 		1.8691
v -2.7536 		-2.4995 		0.7573
v -2.7024 		-1.5859 		1.8569
v -2.702 		-1.5842 		1.8569
v -2.92 		-2.374 		1.8181
v -2.6991 		-1.56 		1.8523
v -2.7536 		-2.4977 		0.7555
v -2.7536 		-2.4987 		0.7576
v -2.8579 		-1.6547 		2.9384
v -2.6956 		-1.5601 		1.8569
v -2.6955 		-1.5597 		1.8569
v -2.8422 		-1.6638 		2.9384
v -2.6962 		-1.557 		1.8569
v -2.6957 		-1.5589 		1.8569
v -2.865 		-1.8824 		1.9583
v -2.7735 		-2.5034 		0.731
v -2.8582 		-1.6561 		2.9427
v -2.7735 		-2.5016 		0.7296
v -2.7735 		-2.5034 		0.7515
v -2.7735 		-2.4761 		0.733
v -2.7735 		-2.4926 		0.7467
v -2.7735 		-2.5001 		0.753
v -2.6657 		-1.9893 		0.7899
v -2.9597 		-2.1902 		1.8383
v -2.9598 		-2.1907 		1.8441
v -2.6339 		-1.9876 		0.7972
v -2.9975 		-2.1965 		1.832
v -2.9599 		-2.1878 		1.851
v -2.967 		-2.1885 		1.8526
v -2.865 		-1.8106 		1.919
v -2.792 		-2.5024 		0.7296
v -2.9811 		-2.1963 		1.8241
v -2.9596 		-2.1936 		1.8241
v -2.7097 		-1.5589 		1.8437
v -2.792 		-2.4761 		0.733
v -2.792 		-2.4926 		0.7467
v -2.8331 		-1.6971 		2.9384
v -2.7039 		-1.5914 		1.8569
v -2.865 		-1.8932 		1.9002
v -2.8331 		-1.6792 		2.9384
v -2.7735 		-2.4974 		0.7541
v -2.7735 		-2.4979 		0.7539
v -2.6657 		-1.9898 		0.7896
v -2.9933 		-2.4686 		1.803
v -2.7624 		-2.4974 		0.7541
v -2.792 		-2.4974 		0.7541
v -2.8345 		-1.6968 		2.9427
v -2.8345 		-1.6797 		2.9427
v -2.9753 		-2.4692 		1.8118
v -2.8431 		-1.6646 		2.9427
v -3.0109 		-2.2022 		1.8594
v -2.865 		-1.9003 		1.9671
v -2.94 		-2.4678 		1.7899
v -2.708 		-1.6462 		1.8402
v -2.7092 		-1.65 		1.8401
v -2.7088 		-1.649 		1.8402
v -2.7191 		-1.6599 		1.8401
v -2.9599 		-2.2028 		1.8577
v -2.9596 		-2.206 		1.8383
v -2.6658 		-2.0164 		0.7776
v -2.6658 		-2.0115 		0.7798
v -2.6659 		-1.9959 		0.7868
v -2.6658 		-1.9936 		0.7683
v -2.6655 		-2.0402 		0.748
v -2.6658 		-1.9927 		0.7882
v -2.6676 		-2.0558 		0.7411
v -2.6684 		-2.0602 		0.758
v -2.6658 		-2.0405 		0.7668
v -2.6658 		-2.0401 		0.767
v -2.6687 		-2.0656 		0.7368
v -2.6691 		-2.0656 		0.7556
v -2.694 		-1.5589 		1.8434
v -2.926 		-2.4686 		1.8041
v -2.6877 		-2.0656 		0.7367
v -2.6855 		-2.0389 		0.7484
v -2.9177 		-2.4384 		1.8061
v -2.7714 		-2.2481 		0.7296
v -2.6934 		-1.6581 		1.8625
v -2.7402 		-1.7222 		2.9456
v -2.7792 		-2.4305 		0.7296
v -2.6856 		-2.0379 		0.768
v -2.7097 		-1.6487 		1.8691
v -2.6847 		-1.9943 		0.7679
v -2.7032 		-1.6279 		1.8402
v -2.6849 		-1.9964 		0.7865
v -2.6894 		-1.56 		1.8349
v -2.9598 		-2.2076 		1.8507
v -2.7097 		-1.5589 		1.8356
v -2.9598 		-2.2076 		1.8509
v -2.9633 		-2.2079 		1.8514
v -2.9599 		-2.2085 		1.8577
v -2.6851 		-1.5597 		1.8403
v -2.6852 		-1.5589 		1.8404
v -2.7185 		-2.223 		0.7031
v -2.6902 		-1.5791 		1.8403
v -2.6935 		-1.5914 		1.8403
v -2.6851 		-1.5598 		1.8403
v -2.7661 		-1.7151 		2.9493
v -2.9177 		-2.4991 		1.8021
v -2.7918 		-1.7082 		3
v -2.7399 		-2.2412 		0.6937
v -2.9595 		-2.2083 		1.8241
v -2.9596 		-2.2063 		1.8365
v -2.9598 		-2.2077 		1.8505
v -2.9597 		-2.2101 		1.8405
v -2.9597 		-2.2108 		1.8449
v -2.9679 		-2.5305 		1.8363
v -2.747 		-2.2244 		0.7014
v -2.7507 		-2.2241 		0.7226
v -2.7128 		-1.6481 		1.8349
v -2.6657 		-2.0392 		0.7676
v -2.9069 		-2.545 		1.8551
v -2.9377 		-2.5145 		1.8571
v -2.7097 		-1.5589 		1.8312
v -2.7161 		-1.5831 		1.8356
v -2.7184 		-1.5914 		1.8356
v -2.71 		-1.56 		1.8356
v -2.8405 		-1.7145 		2.9989
v -2.9246 		-2.5738 		1.8335
v -2.7168 		-1.6444 		1.8434
v -2.7359 		-2.2133 		0.7065
v -2.7191 		-1.6454 		1.8568
v -2.7182 		-1.6445 		1.8568
v -2.8117 		-1.7433 		3
v -2.7174 		-1.6441 		1.8568
v -2.857 		-1.7242 		2.9989
v -2.8468 		-1.7633 		3
v -2.932 		-2.51 		1.8386
v -2.718 		-1.6438 		1.8569
v -2.7735 		-3.0254 		0.8998
v -2.7538 		-3.0532 		0.9222
v -2.7137 		-1.6279 		1.8569
v -2.7547 		-3.0512 		0.9206
v -2.7735 		-3.0506 		0.9207
v -2.7735 		-3.0483 		0.9188
v -2.7735 		-3.047 		0.9177
v -2.7531 		-2.2242 		0.7199
v -2.7538 		-3.0547 		0.9251
v -2.792 		-2.2419 		0.7036
v -2.7832 		-2.2418 		0.7134
v -2.7766 		-2.2417 		0.7207
v -2.7191 		-1.5941 		1.8356
v -2.764 		-2.2415 		0.7206
v -2.7612 		-2.2415 		0.7205
v -2.7655 		-2.2416 		0.7034
v -2.7744 		-2.2417 		0.6935
v -2.7745 		-2.2413 		0.6931
v -2.763 		-2.2243 		0.7049
v -2.7638 		-2.2244 		0.7014
v -2.6148 		-1.7034 		1.7776
v -2.7655 		-2.2466 		0.706
v -2.7735 		-3.048 		0.9183
v -2.8054 		-3.0495 		0.9209
v -2.629 		-1.6954 		1.7662
v -2.9596 		-2.1893 		1.8241
v -2.6319 		-2.0816 		0.8525
v -2.6575 		-1.6786 		1.8198
v -2.9447 		-2.2092 		1.8241
v -2.9596 		-2.1896 		1.8241
v -2.9038 		-2.5382 		1.8369
v -2.7624 		-3.0655 		0.9089
v -2.6666 		-1.6735 		1.803
v -2.7735 		-3.0655 		0.9089
v -2.865 		-2.2083 		1.8241
v -2.865 		-2.2092 		1.8241
v -2.7538 		-3.0837 		0.924
v -2.7538 		-3.0871 		0.9303
v -2.865 		-2.1808 		1.8241
v -2.576 		-1.5589 		1.7776
v -2.7586 		-3.0871 		0.9405
v -2.7861 		-2.2244 		0.7014
v -2.7832 		-2.2244 		0.7047
v -2.7643 		-2.2174 		0.6958
v -2.7646 		-2.2139 		0.6931
v -2.6515 		-2.0816 		0.8496
v -2.9026 		-2.5328 		1.7856
v -2.5922 		-1.5589 		1.7662
v -2.7727 		-2.2141 		0.6931
v -2.6256 		-1.5589 		1.8198
v -2.8422 		-1.7128 		2.9384
v -2.7889 		-2.2141 		0.6931
v -2.8579 		-1.7219 		2.9384
v -2.6361 		-1.5589 		1.803
v -2.7832 		-2.2446 		0.7148
v -2.7538 		-3.0404 		0.8755
v -2.7538 		-3.0506 		0.8832
v -2.7538 		-3.0705 		0.8998
v -2.7698 		-1.6279 		1.8681
v -2.792 		-1.6501 		1.8681
v -2.7282 		-3.0694 		0.8969
v -2.7499 		-1.6279 		1.8818
v -2.792 		-1.6703 		1.8838
v -2.8582 		-1.7205 		2.9427
v -2.7814 		-2.2418 		0.7208
v -2.7831 		-2.2243 		0.7049
v -2.8955 		-2.5214 		1.8007
v -2.78 		-2.2481 		0.7265
v -2.92 		-2.5644 		1.8055
v -2.6515 		-2.1694 		0.8037
v -2.865 		-2.1326 		1.8098
v -2.8431 		-1.712 		2.9427
v -2.7381 		-1.6644 		1.8568
v -2.7361 		-1.6624 		1.8568
v -2.7742 		-2.2481 		0.7265
v -2.7214 		-1.643 		1.8523
v -2.7602 		-2.2415 		0.7247
v -2.761 		-2.2415 		0.7217
v -3.0109 		-2.2092 		1.8182
v -3.0003 		-2.2104 		1.811
v -2.7616 		-2.2243 		0.7105
v -2.7156 		-2.2091 		0.813
v -2.7148 		-2.2055 		0.842
v -2.7144 		-2.2028 		0.8026
v -2.711 		-2.1853 		0.8083
v -2.7105 		-2.1819 		0.8026
v -2.7597 		-2.2435 		0.7268
v -2.7424 		-1.5176 		1.8704
v -2.7465 		-1.5023 		1.8703
v -2.9952 		-2.1976 		1.7583
v -2.749 		-1.4931 		1.8704
v -2.759 		-2.2415 		0.726
v -2.7496 		-1.4925 		1.8655
v -2.747 		-3.0746 		0.8926
v -2.7932 		-1.7618 		2.9493
v -2.9929 		-2.2112 		1.8061
v -2.8328 		-1.8148 		2.9456
v -2.7619 		-2.2415 		0.7229
v -2.7602 		-2.2415 		0.7247
v -2.7741 		-1.7809 		2.9456
v -2.7305 		-1.6367 		1.8437
v -2.7615 		-2.2243 		0.7107
v -2.7556 		-1.6336 		1.8584
v -2.7602 		-2.2415 		0.7247
v -2.7499 		-1.6279 		1.8584
v -2.7602 		-2.242 		0.7252
v -2.9169 		-2.5599 		1.8215
v -2.7094 		-2.1771 		0.8314
v -2.7324 		-1.5549 		1.8708
v -2.7623 		-3.0871 		0.9485
v -2.8399 		-1.7889 		2.9493
v -2.6336 		-2.0816 		0.7558
v -2.7595 		-2.2415 		0.7275
v -2.8032 		-3.1535 		1.0993
v -2.7312 		-1.6374 		1.8357
v -2.7464 		-1.6527 		1.8357
v -2.6515 		-2.0816 		0.7647
v -2.7305 		-1.6367 		1.8356
v -2.7243 		-1.5046 		1.8356
v -2.7227 		-1.6635 		1.8401
v -2.7205 		-1.5184 		1.8356
v -2.6734 		-2.1027 		0.739
v -2.9026 		-1.6786 		2.9989
v -2.6709 		-2.0816 		0.7484
v -2.6706 		-2.0816 		0.7298
v -2.6584 		-2.0816 		0.7299
v -2.7235 		-1.6644 		1.8401
v -2.7621 		-3.1455 		1.087
v -2.8929 		-1.6621 		2.9989
v -2.9217 		-1.6333 		3
v -2.9935 		-2.1977 		1.7583
v -2.7799 		-2.2418 		0.7269
v -2.7709 		-3.1541 		1.0713
v -2.7595 		-3.1084 		1.0215
v -2.7663 		-3.1207 		1.0437
v -2.9593 		-2.2022 		1.8036
v -2.7305 		-1.6367 		1.8312
v -2.7696 		-3.1397 		1.0449
v -2.7754 		-3.1426 		1.0503
v -2.792 		-3.1348 		1.0675
v -2.772 		-3.1236 		1.0491
v -2.7714 		-3.1233 		1.0485
v -2.7281 		-1.6279 		1.8356
v -2.9594 		-2.2085 		1.8226
v -2.9246 		-2.2101 		1.8125
v -2.9394 		-2.2085 		1.8226
v -2.7302 		-1.4824 		1.8356
v -2.6884 		-2.0736 		0.7332
v -2.6894 		-2.0816 		0.7297
v -2.9451 		-2.1979 		1.7588
v -2.8912 		-2.1977 		1.7583
v -2.7464 		-1.6527 		1.8357
v -2.6923 		-2.1028 		0.7389
v -2.6883 		-2.0701 		0.7536
v -2.6897 		-2.0816 		0.7484
v -2.93 		-2.5051 		1.7876
v -2.7599 		-2.2845 		0.726
v -2.7556 		-1.6618 		1.8357
v -2.7486 		-1.6548 		1.8357
v -2.9026 		-1.698 		2.9989
v -2.865 		-2.2085 		1.8226
v -2.9974 		-2.1774 		1.7569
v -2.7832 		-2.2845 		0.7148
v -2.7804 		-2.2845 		0.7253
v -2.7581 		-1.6644 		1.8357
v -2.8764 		-1.6524 		2.9989
v -2.9759 		-2.5328 		1.7987
v -2.6658 		-2.0816 		0.7484
v -2.7768 		-2.234 		0.687
v -2.7647 		-2.2116 		0.6914
v -2.6759 		-2.1219 		0.7473
v -2.6826 		-2.133 		0.7521
v -2.7861 		-1.6644 		1.8584
v -2.9548 		-2.5219 		1.8238
v -2.9605 		-2.5242 		1.8081
v -2.7791 		-2.226 		0.6803
v -2.783 		-2.2116 		0.6687
v -2.686 		-2.1386 		0.7546
v -2.686 		-2.1386 		0.7739
v -2.6774 		-2.1243 		0.7675
v -2.6763 		-2.1226 		0.7667
v -2.6939 		-2.1139 		0.7437
v -2.792 		-1.6524 		1.8432
v -2.7675 		-1.6279 		1.8432
v -2.6943 		-2.1147 		0.7632
v -2.8912 		-1.6638 		2.9384
v -2.749 		-1.4931 		1.8523
v -2.709 		-2.1386 		0.7544
v -2.8758 		-1.6547 		2.9384
v -2.7487 		-1.4943 		1.8585
v -2.7486 		-1.4946 		1.8585
v -2.7501 		-1.4928 		1.8585
v -2.792 		-3.1199 		1.0421
v -2.7879 		-3.1176 		1.0382
v -2.865 		-2.146 		1.7733
v -2.7896 		-2.2116 		0.6911
v -2.7422 		-1.5184 		1.8585
v -2.7872 		-1.6934 		1.8358
v -2.788 		-1.6936 		1.8359
v -2.8755 		-1.6561 		2.9427
v -2.789 		-1.6939 		1.8359
v -2.7401 		-1.6808 		1.8401
v -3.0793 		-2.1169 		1.8246
v -2.7601 		-1.7008 		1.8401
v -2.7556 		-1.4865 		1.8585
v -2.8168 		-2.2116 		0.6675
v -2.8094 		-2.2155 		0.671
v -2.7598 		-1.6861 		1.8568
v -2.7746 		-1.7008 		1.8568
v -2.7997 		-2.2546 		0.6715
v -2.7997 		-2.2251 		0.6567
v -2.7937 		-2.2116 		0.6567
v -2.865 		-2.2575 		0.6595
v -2.7496 		-1.4925 		1.8585
v -2.749 		-1.4931 		1.8585
v -3.0793 		-2.085 		1.8423
v -2.8094 		-2.2506 		0.6886
v -2.865 		-2.2529 		0.6789
v -2.9003 		-1.6792 		2.9384
v -2.792 		-1.6947 		1.8359
v -2.6339 		-2.1759 		0.7972
v -3.0729 		-2.1045 		1.8241
v -3.0736 		-2.0953 		1.8301
v -2.7873 		-1.6935 		1.8575
v -2.9003 		-1.6971 		2.9384
v -2.7832 		-3.1149 		1.0337
v -2.6589 		-2.1862 		0.7755
v -2.8989 		-1.6797 		2.9427
v -3.0736 		-2.091 		1.8324
v -2.7872 		-1.6934 		1.8437
v -2.8014 		-2.2421 		0.6933
v -2.8989 		-1.6968 		2.9427
v -3.0738 		-2.0939 		1.831
v -2.8066 		-2.2247 		0.6787
v -2.8045 		-2.2317 		0.6846
v -2.9291 		-2.5795 		1.7956
v -2.7872 		-1.6934 		1.8312
v -2.7709 		-1.6771 		1.8358
v -2.8904 		-1.6646 		2.9427
v -2.6658 		-2.1742 		0.7898
v -3.0733 		-2.0875 		1.834
v -3.0725 		-2.0837 		1.8352
v -2.9571 		-2.2116 		1.7511
v -2.7556 		-1.5169 		1.8432
v -2.7126 		-2.1931 		0.7867
v -2.7143 		-2.2027 		0.8024
v -2.7551 		-1.5184 		1.8432
v -3.0585 		-2.1016 		1.8357
v -2.7101 		-2.1772 		0.7715
v -2.7116 		-2.1862 		0.7755
v -2.7036 		-2.1675 		0.7867
v -2.7007 		-2.1628 		0.765
v -2.792 		-1.6703 		1.8584
v -2.9933 		-1.6544 		2.9456
v -2.708 		-2.1742 		0.7898
v -3.0711 		-2.0919 		1.8343
v -2.7018 		-2.1644 		0.7657
v -2.865 		-2.213 		1.7465
v -2.7789 		-2.2118 		1.7425
v -2.7991 		-2.2121 		1.7434
v -2.865 		-2.2121 		1.7433
v -2.761 		-1.499 		1.8463
v -2.7602 		-1.4995 		1.8432
v -2.7608 		-1.4989 		1.8432
v -2.7601 		-1.4999 		1.8432
v -2.7187 		-2.1545 		0.7613
v -2.7191 		-2.1551 		0.7615
v -2.9673 		-1.6612 		2.9493
v -2.7783 		-2.2118 		1.7434
v -2.761 		-1.499 		1.8432
v -2.942 		-1.6681 		3
v -3.0873 		-2.081 		1.8243
v -2.7797 		-3.1077 		1.0215
v -2.7598 		-1.4993 		1.8369
v -2.8019 		-2.5034 		1.6585
v -2.8764 		-1.7242 		2.9989
v -2.7809 		-3.1282 		1.0239
v -3.0984 		-2.0836 		1.8363
v -2.8869 		-1.7633 		3
v -2.7608 		-1.4999 		1.8529
v -2.8049 		-1.6629 		1.8681
v -2.7558 		-1.5184 		1.8532
v -2.76 		-1.5001 		1.8432
v -2.8257 		-1.6837 		1.8887
v -2.798 		-1.6763 		1.8881
v -2.7975 		-1.6758 		1.884
v -2.9217 		-1.7433 		3
v -2.8929 		-1.7145 		2.9989
v -2.7667 		-2.2116 		0.6567
v -2.7098 		-2.1771 		0.7946
v -2.7142 		-2.2119 		1.5732
v -3.0167 		-2.2069 		1.832
v -3.0146 		-2.2078 		1.8268
v -2.7851 		-3.1338 		1.0336
v -3.0135 		-2.2083 		1.8241
v -2.7832 		-3.1327 		1.0318
v -3.0358 		-2.2045 		1.8451
v -3.0379 		-2.2047 		1.8436
v -3.0368 		-2.2044 		1.8458
v -3.0246 		-2.2033 		1.8522
v -3.0132 		-2.2024 		1.8582
v -2.7997 		-2.3789 		0.6715
v -3.0295 		-2.2037 		1.8496
v -2.7293 		-3.1464 		1.0423
v -2.737 		-2.2318 		1.5824
v -2.865 		-2.2347 		1.5824
v -2.7311 		-2.1862 		0.7755
v -2.7314 		-2.1883 		0.779
v -2.7337 		-2.2021 		0.8015
v -2.7193 		-2.1555 		0.7617
v -2.7281 		-2.1688 		0.7677
v -2.865 		-2.3521 		1.5351
v -2.747 		-3.1524 		1.0357
v -2.7664 		-3.1403 		1.0417
v -2.7676 		-3.1401 		1.043
v -2.7338 		-2.2027 		0.8024
v -2.8051 		-2.3438 		1.4738
v -2.865 		-2.3279 		1.4738
v -2.8054 		-2.3444 		1.4595
v -2.798 		-1.6763 		1.8605
v -2.7216 		-2.1594 		0.7831
v -2.7281 		-2.1692 		0.7875
v -3.0266 		-2.211 		1.8736
v -2.8912 		-1.7128 		2.9384
v -2.8758 		-1.7219 		2.9384
v -2.8094 		-2.3826 		0.6886
v -2.729 		-2.1742 		0.7898
v -2.8009 		-3.1569 		1.0737
v -2.8012 		-3.157 		1.0738
v -2.8079 		-3.1404 		1.0768
v -2.8034 		-3.14 		1.076
v -2.747 		-1.5513 		1.8537
v -2.7461 		-1.5549 		1.8536
v -2.8051 		-3.1575 		1.0744
v -2.8319 		-3.1601 		1.079
v -2.865 		-3.1601 		1.085
v -2.865 		-3.1461 		1.0865
v -2.7324 		-1.5549 		1.8585
v -3.0434 		-2.2059 		1.8451
v -2.8183 		-3.1306 		1.06
v -2.8094 		-3.1298 		1.0585
v -2.8755 		-1.7205 		2.9427
v -2.8054 		-2.3444 		1.4595
v -2.865 		-2.3284 		1.4595
v -2.8054 		-2.3444 		1.4595
v -2.8055 		-1.6631 		1.8736
v -2.7655 		-2.3863 		0.7057
v -2.8254 		-1.6684 		1.8749
v -2.8054 		-2.3444 		1.4595
v -2.8282 		-1.6844 		1.8888
v -2.8388 		-1.6873 		1.889
v -2.7331 		-2.1987 		0.8306
v -2.7301 		-2.1808 		0.8007
v -2.8904 		-1.712 		2.9427
v -2.7352 		-2.2115 		0.852
v -2.8008 		-3.1396 		1.0755
v -2.7832 		-2.3883 		0.7148
v -2.7342 		-2.2045 		0.8055
v -2.7349 		-2.2087 		0.8122
v -2.735 		-2.2095 		0.8136
v -2.7347 		-2.2083 		0.8467
v -3.0705 		-2.1318 		1.7883
v -3.0717 		-2.1115 		1.8187
v -3.0739 		-2.1216 		1.8087
v -2.7745 		-2.4305 		0.729
v -2.8094 		-3.1476 		1.0566
v -2.8123 		-3.1479 		1.0571
v -3.0721 		-2.1271 		1.7977
v -2.865 		-3.1352 		1.0678
v -2.865 		-2.2567 		1.4592
v -2.865 		-2.2552 		1.4632
v -2.8537 		-2.2556 		1.4592
v -2.7345 		-2.2065 		0.8087
v -2.7341 		-2.2044 		0.8402
v -2.7623 		-2.2338 		1.4592
v -2.7621 		-2.2338 		1.4592
v -2.942 		-1.7082 		3
v -3.0591 		-2.1315 		1.8095
v -2.7454 		-1.5549 		1.8432
v -2.865 		-2.3427 		1.4604
v -2.8126 		-2.3566 		1.4604
v -2.865 		-3.1528 		1.0659
v -2.7665 		-2.1769 		0.7296
v -2.8037 		-3.1266 		1.0531
v -3.0671 		-2.1366 		1.7816
v -2.7798 		-2.1938 		0.7296
v -2.804 		-1.6644 		1.8432
v -3.0705 		-2.1366 		1.7816
v -3.0705 		-2.1377 		1.7727
v -2.7794 		-2.4305 		0.729
v -3.0705 		-2.1379 		1.7706
v -2.6652 		-2.0431 		0.6923
v -2.8049 		-1.6629 		1.8432
v -2.8051 		-3.1454 		1.0525
v -2.9933 		-1.7222 		2.9456
v -3.0705 		-2.1378 		1.7725
v -2.8399 		-2.3555 		1.4738
v -2.865 		-2.3487 		1.4738
v -2.8345 		-2.3562 		1.4604
v -2.865 		-2.3479 		1.4604
v -2.8122 		-1.7001 		1.8359
v -2.7616 		-1.6197 		1.8681
v -2.7541 		-2.4575 		0.7148
v -2.7544 		-2.4393 		0.7228
v -2.7548 		-2.4444 		0.7188
v -2.7551 		-2.4497 		0.7146
v -2.7542 		-2.4568 		0.7147
v -2.8149 		-1.7008 		1.8359
v -3.0884 		-2.0954 		1.8175
v -3.0891 		-2.1055 		1.8126
v -2.7316 		-2.4832 		0.7165
v -3.089 		-2.1058 		1.8124
v -2.761 		-1.619 		1.861
v -3.0981 		-2.1124 		1.8195
v -2.7417 		-1.5998 		1.8766
v -2.6852 		-2.042 		0.692
v -2.7446 		-1.6107 		1.8764
v -2.9402 		-1.7618 		2.9493
v -2.7488 		-1.6261 		1.8764
v -2.9673 		-1.7151 		2.9493
v -3.0878 		-2.0862 		1.8219
v -2.7551 		-2.4497 		0.7146
v -2.7276 		-2.4504 		0.7168
v -2.865 		-3.1528 		1.0659
v -2.8157 		-2.3652 		1.5342
v -3.0902 		-2.1107 		1.8077
v -3.0896 		-2.1079 		1.8105
v -2.7992 		-2.4131 		1.5393
v -2.798 		-1.6763 		1.8523
v -3.0933 		-2.1087 		1.8075
v -2.749 		-1.627 		1.8817
v -2.7986 		-1.6738 		1.8585
v -2.7975 		-1.6757 		1.8584
v -2.8285 		-1.6845 		1.8584
v -2.8023 		-1.6775 		1.8584
v -2.7114 		-2.1774 		0.6678
v -2.798 		-1.6763 		1.8584
v -2.865 		-3.1557 		1.0656
v -2.8122 		-3.1482 		1.057
v -2.865 		-3.1557 		1.0656
v -3.1107 		-2.0785 		1.805
v -2.7453 		-1.56 		1.8624
v -2.7489 		-1.5734 		1.8625
v -2.865 		-3.1601 		1.079
v -2.7581 		-3.2194 		1.0317
v -2.7453 		-1.5598 		1.8605
v -2.7314 		-1.5589 		1.8708
v -2.731 		-1.56 		1.8775
v -2.8271 		-2.3854 		1.541
v -2.9593 		-1.7809 		2.9456
v -2.865 		-2.3752 		1.5419
v -2.7536 		-2.4612 		0.715
v -2.7536 		-2.4842 		0.7166
v -2.9006 		-1.8148 		2.9456
v -2.7296 		-3.1894 		1.0491
v -2.7604 		-2.4496 		0.7142
v -3.0884 		-2.1161 		1.7972
v -2.761 		-3.2051 		1.0773
v -2.7757 		-2.4496 		0.7142
v -2.7708 		-2.485 		0.7166
v -2.8938 		-1.7889 		2.9493
v -2.7889 		-2.451 		1.5368
v -2.865 		-2.0816 		0.7285
v -2.7709 		-3.194 		1.0639
v -2.8045 		-1.6648 		1.8432
v -2.804 		-1.6644 		1.8432
v -2.8078 		-1.6657 		1.8432
v -2.8285 		-1.6713 		1.8432
v -2.702 		-1.6427 		2.8948
v -2.7735 		-2.4763 		0.7097
v -2.7449 		-1.5633 		1.8432
v -2.744 		-1.56 		1.8432
v -2.7524 		-1.5914 		1.8432
v -2.7992 		-2.4889 		1.5342
v -2.7443 		-1.5589 		1.8432
v -2.7447 		-1.5576 		1.8432
v -2.8042 		-2.5034 		1.5322
v -2.731 		-1.56 		1.8523
v -2.7811 		-2.1386 		0.6567
v -2.7703 		-2.1386 		0.6743
v -2.8043 		-1.6652 		1.8369
v -2.7684 		-2.1386 		0.6567
v -2.747 		-3.1837 		1.0414
v -2.8179 		-2.211 		0.6671
v -2.702 		-1.7339 		2.8948
v -2.745 		-1.5589 		1.8535
v -2.7452 		-1.5596 		1.8591
v -2.787 		-2.1966 		0.6567
v -2.8282 		-2.1984 		0.6567
v -2.83 		-2.2043 		0.6614
v -2.7325 		-1.5589 		1.8585
v -2.7314 		-1.5589 		1.8585
v -2.7395 		-1.5914 		1.8585
v -2.731 		-1.56 		1.8585
v -3.1018 		-2.1172 		1.7708
v -3.1198 		-2.0862 		1.7685
v -2.8023 		-3.2145 		1.0882
v -2.7621 		-2.388 		1.4595
v -2.7615 		-2.3877 		1.4738
v -2.8003 		-2.4889 		0.6199
v -2.8051 		-3.1612 		1.081
v -2.733 		-1.6524 		2.8965
v -2.7387 		-2.1745 		0.6635
v -2.8051 		-3.2011 		1.0736
v -2.8012 		-3.2245 		1.0446
v -2.7744 		-2.3951 		1.4604
v -2.8094 		-2.4969 		0.6356
v -2.8043 		-3.2125 		1.0289
v -2.8603 		-1.6798 		1.8432
v -2.745 		-1.5589 		1.8432
v -2.8586 		-1.6926 		1.8584
v -2.7449 		-1.5568 		1.8432
v -2.7795 		-2.4011 		1.5319
v -2.7131 		-2.5271 		0.8325
v -2.7739 		-2.421 		1.4738
v -2.7801 		-2.3977 		1.4738
v -2.7288 		-2.542 		0.8395
v -2.7285 		-2.5389 		0.831
v -2.7284 		-2.5379 		0.828
v -2.7861 		-3.2624 		1.0471
v -2.7393 		-3.2598 		1.0297
v -2.7726 		-2.4256 		1.4604
v -2.7802 		-2.397 		1.4604
v -2.7872 		-3.2909 		1.0215
v -2.865 		-3.2635 		1.0483
v -2.7886 		-2.4255 		1.4738
v -2.7436 		-1.56 		1.8369
v -3.0851 		-2.126 		1.7775
v -3.0857 		-2.1278 		1.7716
v -2.7895 		-3.2561 		1.0286
v -2.865 		-2.3678 		1.5231
v -2.824 		-2.3789 		1.5222
v -2.7937 		-2.4088 		1.5202
v -2.7284 		-2.5378 		0.8279
v -2.8094 		-2.187 		0.6567
v -2.749 		-1.627 		1.8523
v -2.7654 		-2.2008 		0.6831
v -2.865 		-2.3894 		1.5279
v -2.8345 		-2.3977 		1.5274
v -2.7761 		-2.1721 		0.6567
v -2.7714 		-2.1752 		0.6635
v -2.7501 		-1.6253 		1.8585
v -2.7488 		-1.6261 		1.8585
v -2.749 		-1.627 		1.8584
v -2.8123 		-2.4199 		1.5259
v -3.0864 		-2.1224 		1.7848
v -2.7478 		-1.6225 		1.8585
v -2.7981 		-2.3798 		1.4738
v -2.8621 		-1.6872 		2.8635
v -2.8621 		-1.6894 		2.8635
v -2.816 		-2.3618 		1.4738
v -2.8636 		-1.6914 		2.8635
v -2.7157 		-3.2553 		0.9582
v -2.816 		-2.3611 		1.4604
v -2.8636 		-1.6849 		2.8635
v -2.865 		-2.3645 		1.4738
v -2.824 		-2.3756 		1.4738
v -2.7139 		-3.2373 		0.9702
v -2.7942 		-2.383 		1.4604
v -2.7937 		-2.4057 		1.4738
v -2.7658 		-1.7308 		1.8628
v -2.7664 		-2.4504 		1.5285
v -2.7305 		-2.5393 		0.8274
v -2.7289 		-2.5342 		0.8185
v -2.733 		-1.7242 		2.8965
v -2.7538 		-3.1012 		1.0021
v -2.7591 		-3.1076 		1.0201
v -2.756 		-3.1039 		1.0096
v -2.7983 		-2.1757 		0.6635
v -2.803 		-2.1726 		0.6567
v -2.7829 		-2.4498 		1.5177
v -2.7291 		-2.5162 		0.8368
v -2.747 		-2.5279 		0.8317
v -2.7909 		-2.2068 		0.6873
v -2.7943 		-2.1924 		0.6763
v -2.7279 		-2.1665 		0.6706
v -2.7794 		-3.1071 		1.0205
v -2.7755 		-3.0994 		1.0067
v -2.745 		-1.81 		2.894
v -3.0793 		-2.1452 		1.785
v -2.7271 		-2.5906 		0.806
v -3.0793 		-2.1862 		1.7918
v -2.7556 		-1.6032 		1.8432
v -2.742 		-2.6493 		0.8622
v -3.0129 		-2.2085 		1.8226
v -3.0111 		-2.2092 		1.8183
v -2.7744 		-3.1156 		1.0008
v -2.7288 		-2.6126 		0.8664
v -2.769 		-1.7861 		2.8965
v -2.747 		-2.6092 		0.8593
v -2.7738 		-3.096 		1.0006
v -2.7735 		-3.0954 		0.9996
v -2.7795 		-2.4997 		1.5254
v -2.7735 		-3.1139 		0.9976
v -2.7602 		-1.6205 		1.8432
v -2.7599 		-1.6196 		1.8432
v -2.7594 		-1.6174 		1.8432
v -2.761 		-1.619 		1.8432
v -2.7593 		-1.617 		1.8432
v -2.7456 		-2.4473 		1.4738
v -2.7462 		-2.4473 		1.4595
v -2.7755 		-1.7142 		1.8691
v -2.7536 		-2.6493 		0.872
v -2.7735 		-2.6493 		0.8751
v -2.7735 		-2.6493 		0.8748
v -2.781 		-2.6493 		0.8753
v -2.8051 		-3.0875 		0.9485
v -2.7735 		-2.6143 		0.8747
v -2.7624 		-2.6143 		0.8747
v -2.7772 		-1.7125 		1.8352
v -2.7538 		-3.1121 		0.9764
v -2.7538 		-3.1138 		0.9795
v -2.7735 		-2.6493 		0.8575
v -2.792 		-1.7202 		1.8401
v -2.7752 		-1.7157 		1.8401
v -2.7536 		-2.6493 		0.8509
v -2.8311 		-1.822 		2.8965
v -2.7536 		-2.6113 		0.8659
v -2.7598 		-1.6207 		1.8369
v -2.8211 		-1.853 		2.8948
v -2.995 		-1.1904 		2.2692
v -2.7538 		-3.1256 		0.9996
v -2.7541 		-3.1259 		1.0004
v -3.0705 		-2.1948 		1.7936
v -2.7604 		-2.4473 		1.4604
v -3.0941 		-1.2357 		2.2493
v -3.1335 		-1.3024 		2.2191
v -2.7744 		-2.4997 		1.4604
v -2.7282 		-3.2071 		1.0118
v -2.767 		-2.4468 		1.4738
v -2.7728 		-2.4688 		1.4738
v -3.1323 		-1.3337 		2.3054
v -2.7652 		-2.1523 		0.6589
v -2.7658 		-2.149 		0.6567
v -2.6968 		-1.6296 		2.764
v -2.7672 		-2.446 		1.4604
v -2.7744 		-2.4733 		1.4604
v -2.7832 		-2.1494 		0.6672
v -2.7829 		-2.4469 		1.4738
v -2.78 		-2.496 		1.4738
v -2.645 		-1.7513 		2.7597
v -2.7692 		-3.21 		1.0183
v -2.7801 		-2.495 		1.4604
v -2.747 		-3.2048 		1.0061
v -2.7878 		-2.4656 		1.4738
v -2.7965 		-2.1581 		0.6567
v -2.7937 		-2.4881 		1.4738
v -2.7937 		-2.4909 		1.5148
v -2.6968 		-1.747 		2.764
v -2.7376 		-2.5074 		0.7353
v -2.7331 		-2.5095 		0.7499
v -2.7367 		-2.5113 		0.7466
v -2.7322 		-2.5091 		0.7507
v -2.9935 		-1.1476 		2.0444
v -2.7365 		-2.5109 		0.747
v -2.6459 		-1.6283 		2.6985
v -2.7323 		-2.5091 		0.7506
v -2.84 		-2.1989 		0.6567
v -2.8328 		-2.2028 		0.6601
v -2.827 		-2.1938 		0.6567
v -2.7576 		-3.0926 		0.9485
v -2.865 		-2.2086 		0.6567
v -2.8345 		-2.5028 		1.5202
v -2.6273 		-1.6872 		2.6985
v -2.9941 		-1.1625 		2.1464
v -2.747 		-2.5069 		0.7427
v -2.865 		-2.1771 		0.6635
v -2.6031 		-1.6872 		2.6338
v -2.7321 		-2.51 		0.7534
v -3.1323 		-1.2713 		2.123
v -2.7747 		-1.7154 		1.8401
v -2.7795 		-1.7071 		1.8434
v -2.747 		-2.5667 		0.737
v -2.623 		-1.6872 		2.634
v -2.6401 		-1.6872 		2.6831
v -2.759 		-2.5051 		0.7362
v -2.7735 		-2.5059 		0.7353
v -2.7735 		-2.5076 		0.7343
v -2.7714 		-2.5076 		0.7343
v -2.7536 		-2.5057 		0.7362
v -2.7536 		-2.5057 		0.7361
v -2.804 		-2.4501 		1.5239
v -2.7413 		-3.2829 		1.0115
v -2.8123 		-2.4806 		1.5219
v -2.7735 		-2.5046 		0.7358
v -2.7536 		-2.5059 		0.7391
v -2.7521 		-3.2672 		1.0061
v -3.0924 		-1.2052 		2.1378
v -3.0597 		-2.1449 		1.773
v -2.7521 		-3.2547 		1.0155
v -2.7113 		-1.6465 		2.6831
v -3.0981 		-1.3317 		2.1091
v -2.7536 		-2.5099 		0.7368
v -3.097 		-2.1953 		1.7901
v -2.6565 		-1.765 		2.6985
v -2.6459 		-1.748 		2.6985
v -2.7895 		-3.2724 		1.0143
v -2.7735 		-2.5075 		0.7342
v -2.78 		-1.7062 		1.8568
v -2.8337 		-2.5034 		1.5322
v -2.7798 		-1.7065 		1.8568
v -2.7802 		-1.7065 		1.8568
v -2.7803 		-1.7065 		1.8568
v -2.7803 		-1.7065 		1.8568
v -2.7536 		-2.5058 		0.7359
v -2.7536 		-2.5057 		0.736
v -2.8345 		-2.5036 		1.5322
v -2.8158 		-2.5367 		1.5322
v -2.865 		-2.5498 		1.5322
v -2.8637 		-2.5113 		1.5322
v -2.865 		-2.5117 		1.5322
v -2.7536 		-2.5075 		0.7349
v -2.7442 		-3.2755 		0.9496
v -2.7615 		-2.5071 		1.4738
v -2.7821 		-1.7037 		1.8523
v -2.7621 		-2.5068 		1.4595
v -2.7536 		-2.5221 		0.7296
v -2.792 		-1.7097 		1.8568
v -2.751 		-3.2573 		0.9536
v -3.0984 		-2.1392 		1.7827
v -2.7333 		-3.2462 		0.9585
v -2.7113 		-1.7298 		2.6831
v -3.1178 		-1.4785 		2.2655
v -2.865 		-2.2116 		0.6567
v -2.7308 		-2.1899 		0.6532
v -2.7333 		-3.2382 		0.9659
v -3.0968 		-1.4594 		2.2655
v -2.8157 		-2.5359 		1.5228
v -2.7504 		-1.6569 		2.6822
v -2.7436 		-1.6552 		2.6292
v -2.7433 		-1.6551 		2.6266
v -2.788 		-3.2595 		0.9505
v -3.0966 		-1.4748 		2.3235
v -3.0967 		-1.4595 		2.266
v -2.824 		-2.5208 		1.5128
v -3.1138 		-1.4201 		2.2678
v -2.7735 		-2.5046 		0.751
v -2.865 		-2.549 		1.5219
v -2.7627 		-1.6604 		2.6831
v -2.7735 		-2.5203 		0.7442
v -2.865 		-2.5316 		1.512
v -2.7627 		-1.6604 		2.6266
v -2.7928 		-1.7204 		1.8401
v -2.865 		-2.5108 		1.52
v -2.792 		-2.5076 		0.7337
v -2.792 		-2.507 		0.7341
v -2.792 		-2.5039 		0.7354
v -2.792 		-2.5074 		0.7335
v -2.7708 		-2.2105 		1.7511
v -2.7709 		-2.2108 		1.7511
v -3.0889 		-1.4775 		2.2655
v -2.792 		-2.5208 		0.744
v -3.0888 		-1.4775 		2.2652
v -2.7105 		-1.2924 		1.728
v -2.7307 		-1.7637 		2.6831
v -2.7504 		-1.7194 		2.6822
v -2.8482 		-1.7353 		1.8401
v -2.8051 		-2.5507 		1.4738
v -2.7433 		-1.7215 		2.6266
v -2.7436 		-1.7214 		2.6292
v -2.8054 		-2.5504 		1.4595
v -2.7536 		-2.5705 		0.7296
v -2.7536 		-2.5646 		0.7324
v -2.7536 		-2.5262 		0.7457
v -2.865 		-3.2732 		1.0152
v -2.7627 		-1.7162 		2.6831
v -2.8126 		-2.5379 		1.4604
v -2.7627 		-1.7162 		2.6266
v -2.7815 		-1.7735 		2.6822
v -2.865 		-2.5667 		1.4738
v -3.0021 		-1.4845 		2.2655
v -2.865 		-2.5661 		1.4595
v -2.749 		-3.235 		0.8758
v -2.7906 		-1.7644 		2.6831
v -2.865 		-2.5519 		1.4604
v -2.7906 		-1.7644 		2.6266
v -2.836 		-2.5374 		1.4738
v -2.7872 		-3.2789 		0.9459
v -2.8159 		-2.5321 		1.4738
v -2.7065 		-1.2856 		1.6656
v -2.7952 		-2.5113 		1.4738
v -2.706 		-1.849 		2.7649
v -3.0998 		-1.4876 		2.2655
v -3.0888 		-1.4935 		2.3255
v -2.8416 		-2.5379 		1.4604
v -2.816 		-2.5311 		1.4604
v -2.7993 		-2.5143 		1.4604
v -2.7301 		-2.641 		0.767
v -2.7296 		-2.6446 		0.7755
v -2.7536 		-2.8682 		0.8283
v -2.7536 		-2.82 		0.8236
v -2.7536 		-2.8196 		0.8236
v -2.824 		-2.5182 		1.4738
v -2.7547 		-2.8195 		0.8248
v -2.865 		-2.5452 		1.4738
v -2.7023 		-1.2354 		1.7508
v -2.6592 		-1.806 		2.6985
v -2.7295 		-2.6463 		0.7795
v -2.7296 		-2.6449 		0.7761
v -2.6381 		-1.8183 		2.6338
v -2.865 		-2.5441 		1.4604
v -3.0862 		-1.4837 		2.265
v -2.8408 		-2.5228 		1.4738
v -2.865 		-2.5292 		1.4738
v -2.7536 		-2.8165 		0.8242
v -2.7536 		-2.8153 		0.8244
v -2.6703 		-1.7997 		2.6831
v -2.7319 		-2.6291 		0.7377
v -2.6555 		-1.8083 		2.634
v -2.7624 		-2.2468 		1.4592
v -2.7722 		-2.2343 		1.4592
v -2.7622 		-2.2341 		1.4592
v -2.8046 		-1.713 		1.8568
v -2.7623 		-2.2341 		1.4592
v -2.7165 		-1.303 		1.6642
v -2.7735 		-2.8195 		0.8255
v -2.7735 		-2.8393 		0.8272
v -2.865 		-2.2362 		1.4592
v -3.1101 		-1.5888 		2.3245
v -2.6846 		-2.3444 		1.4057
v -2.7735 		-2.8682 		0.8298
v -3.1195 		-1.5808 		2.3291
v -2.865 		-2.1915 		0.6481
v -2.865 		-2.1809 		0.6242
v -2.7536 		-2.7953 		0.8277
v -2.8305 		-2.164 		0.6372
v -2.8182 		-2.1675 		0.6452
v -2.865 		-1.1827 		1.7425
v -2.8461 		-2.1611 		0.629
v -2.7849 		-1.1884 		1.7434
v -2.7735 		-2.8682 		0.8296
v -2.8011 		-2.8682 		0.8306
v -2.7624 		-2.8184 		0.8066
v -3.0998 		-1.5769 		2.3314
v -2.7735 		-2.8184 		0.8066
v -3.0904 		-1.5905 		2.3234
v -2.7025 		-2.3541 		1.4282
v -2.865 		-2.1728 		0.6387
v -2.865 		-2.1585 		0.6212
v -2.865 		-2.1643 		0.6344
v -2.8355 		-2.1659 		0.641
v -2.7536 		-2.8682 		0.8027
v -2.7055 		-1.8495 		2.6985
v -2.7536 		-2.7953 		0.8029
v -2.7536 		-2.7966 		0.8026
v -2.7536 		-2.8675 		0.8026
v -2.7251 		-1.2061 		1.7451
v -2.865 		-2.1928 		0.651
v -2.7453 		-1.7664 		1.8198
v -3.1355 		-1.5999 		2.318
v -2.792 		-2.6493 		0.8575
v -2.7139 		-2.6861 		0.8473
v -2.7043 		-2.6878 		0.7513
v -2.7148 		-2.7465 		0.8445
v -2.7504 		-1.7573 		1.803
v -2.7105 		-2.728 		0.8619
v -2.7139 		-2.7015 		0.8624
v -3.103 		-1.5957 		2.3205
v -2.7011 		-2.3526 		1.398
v -2.865 		-2.1853 		0.6233
v -2.7159 		-2.7186 		0.7396
v -2.804 		-1.91 		2.7597
v -2.7536 		-2.8711 		0.8286
v -2.8274 		-1.236 		1.7172
v -2.7544 		-2.8728 		0.8297
v -2.82 		-1.2474 		1.72
v -2.7048 		-2.7169 		0.8328
v -2.7003 		-1.8362 		1.8275
v -2.9591 		-1.8784 		1.053
v -2.9784 		-1.8778 		1.0565
v -2.7382 		-1.8171 		2.7677
v -2.9582 		-1.8783 		1.0599
v -2.8932 		-1.8794 		1.0466
v -3.1175 		-1.6145 		2.3097
v -2.8935 		-1.8792 		1.0656
v -2.7148 		-2.7465 		0.82
v -2.808 		-1.8582 		2.764
v -3.1101 		-1.5729 		2.2655
v -2.749 		-2.2595 		1.4222
v -2.7635 		-2.2426 		1.4368
v -2.7636 		-2.2426 		1.437
v -3.1195 		-1.5637 		2.2655
v -2.7536 		-2.873 		0.8289
v -2.8274 		-1.2579 		1.7249
v -2.7313 		-2.2803 		1.4074
v -2.7536 		-2.8757 		0.8299
v -2.7353 		-2.6776 		0.869
v -2.7322 		-2.6687 		0.8408
v -2.7341 		-2.668 		0.8429
v -2.7322 		-2.6687 		0.8408
v -2.6919 		-1.9197 		1.8795
v -2.7336 		-2.6689 		0.8418
v -2.7322 		-2.6685 		0.84
v -2.7322 		-2.6687 		0.8408
v -2.8252 		-1.8437 		2.6831
v -2.7868 		-1.8215 		2.6831
v -2.753 		-1.802 		2.6831
v -2.765 		-2.2515 		1.4136
v -2.7735 		-2.8727 		0.8302
v -2.8356 		-1.8046 		2.6822
v -2.7536 		-2.9158 		0.8466
v -2.7536 		-2.8776 		0.8306
v -2.7536 		-2.9412 		0.8573
v -2.7536 		-2.6858 		0.8755
v -2.7536 		-2.6841 		0.8745
v -2.7536 		-2.6772 		0.8702
v -2.7536 		-2.6746 		0.8609
v -2.6813 		-1.9058 		1.8605
v -2.6814 		-1.903 		1.8702
v -3.0573 		-1.9148 		1.1674
v -3.0551 		-1.903 		1.0944
v -2.8302 		-1.2604 		1.728
v -3.0543 		-1.8956 		1.1674
v -2.8336 		-1.812 		2.6266
v -3.0521 		-1.8839 		1.0944
v -2.7536 		-2.673 		0.856
v -2.844 		-1.2562 		1.7237
v -2.8514 		-1.254 		1.7227
v -2.7761 		-1.7789 		2.6266
v -2.7764 		-1.7786 		2.6292
v -3.035 		-1.8956 		1.1674
v -3.0331 		-1.8864 		1.1106
v -2.7536 		-2.6513 		0.8501
v -2.7536 		-2.663 		0.8627
v -2.8388 		-1.7923 		2.6831
v -2.8328 		-1.2594 		1.7254
v -2.7735 		-2.9412 		0.8587
v -2.8388 		-1.7923 		2.6266
v -2.7536 		-2.6515 		0.8705
v -2.6996 		-1.8997 		1.8814
v -3.1355 		-1.586 		2.2655
v -2.7735 		-2.8731 		0.8302
v -2.865 		-1.2502 		1.7208
v -3.0328 		-1.886 		1.1084
v -2.8051 		-2.8725 		0.8311
v -2.8439 		-1.2309 		1.716
v -2.8445 		-1.2474 		1.7195
v -2.865 		-1.2474 		1.7195
v -2.7624 		-2.8774 		0.8117
v -3.0304 		-1.8838 		1.0944
v -3.103 		-1.5808 		2.2655
v -2.865 		-2.2774 		1.4353
v -2.7735 		-2.8774 		0.8117
v -2.865 		-2.2814 		1.4527
v -2.7536 		-2.9412 		0.8282
v -2.7536 		-2.9048 		0.8141
v -2.7237 		-1.8608 		2.6985
v -2.865 		-2.27 		1.4447
v -2.7558 		-1.9197 		2.634
v -2.7484 		-1.9146 		2.6266
v -2.7504 		-1.9162 		2.629
v -2.7548 		-1.9195 		2.6338
v -2.7462 		-1.8929 		2.6985
v -2.7342 		-1.914 		2.6338
v -2.7536 		-2.6738 		0.8391
v -3.0998 		-1.5592 		2.2655
v -2.865 		-2.2592 		1.4555
v -2.7202 		-1.3092 		1.7234
v -2.865 		-2.2518 		1.437
v -2.7536 		-2.8795 		0.8043
v -2.865 		-2.2392 		1.4513
v -2.6996 		-1.9056 		1.8605
v -2.7536 		-2.9021 		0.8131
v -2.8232 		-1.2676 		1.7423
v -2.865 		-2.2677 		1.425
v -2.7285 		-2.8793 		0.806
v -3.0904 		-1.5751 		2.2655
v -2.7536 		-2.6817 		0.8391
v -2.7536 		-2.6858 		0.8472
v -2.7578 		-2.6739 		0.859
v -2.7735 		-2.6738 		0.8601
v -2.7735 		-2.6747 		0.8596
v -2.7735 		-2.6665 		0.8645
v -2.7524 		-1.8821 		2.6831
v -2.8233 		-1.2674 		1.7417
v -3.1175 		-1.6025 		2.2655
v -2.7621 		-2.677 		0.8707
v -2.7735 		-2.6768 		0.8681
v -2.7735 		-2.6771 		0.8708
v -2.7442 		-1.8966 		2.634
v -2.708 		-1.8542 		1.8312
v -2.7821 		-2.3036 		1.4527
v -2.7735 		-2.6835 		0.8746
v -2.865 		-1.2705 		1.7234
v -2.7735 		-2.6572 		0.8701
v -3.0874 		-1.4942 		2.1982
v -2.7735 		-2.6698 		0.8474
v -2.7735 		-2.6858 		0.8474
v -2.7735 		-2.6821 		0.8413
v -2.7735 		-2.6814 		0.8417
v -2.7735 		-2.6521 		0.8561
v -2.7111 		-1.9197 		1.8588
v -2.7889 		-2.3153 		1.4382
v -2.865 		-1.2431 		1.6656
v -2.807 		-1.9091 		2.6985
v -2.792 		-2.6757 		0.8603
v -2.792 		-2.6766 		0.8638
v -2.865 		-1.2631 		1.6642
v -2.792 		-2.6772 		0.8709
v -2.7781 		-2.2988 		1.4339
v -2.6789 		-1.857 		1.8326
v -2.8302 		-1.9197 		2.6342
v -2.8297 		-1.9196 		2.634
v -2.7624 		-2.6821 		0.8413
v -2.792 		-2.6821 		0.8413
v -2.7721 		-2.2937 		1.4307
v -2.6971 		-1.8644 		1.8337
v -2.5558 		-1.5603 		1.7283
v -2.5481 		-1.56 		1.6656
v -2.8293 		-1.9194 		2.6337
v -3.054 		-1.8972 		1.058
v -3.053 		-1.8893 		1.058
v -2.8207 		-1.9145 		2.6266
v -3.051 		-1.878 		1.058
v -3.0513 		-1.8801 		1.0709
v -2.568 		-1.5603 		1.6642
v -2.7766 		-2.2945 		1.4114
v -2.865 		-1.912 		2.6831
v -3.1195 		-1.5808 		2.202
v -3.1101 		-1.5888 		2.2065
v -2.7849 		-2.3088 		1.4179
v -2.7285 		-2.8212 		0.7969
v -2.7308 		-2.6955 		0.8419
v -2.7427 		-2.6915 		0.8567
v -2.6817 		-1.9174 		1.8583
v -2.6813 		-1.9076 		1.8541
v -2.6783 		-1.9161 		1.8241
v -2.6578 		-1.9522 		2.6814
v -2.747 		-2.2877 		1.3974
v -2.6401 		-1.9978 		2.6714
v -2.741 		-2.7063 		0.8659
v -2.731 		-2.7066 		0.8536
v -3.0998 		-1.5769 		2.1997
v -2.6978 		-1.9159 		1.8241
v -2.6977 		-1.9136 		1.8325
v -3.0904 		-1.5905 		2.2077
v -2.6669 		-1.9619 		2.6668
v -2.7536 		-2.6915 		0.8567
v -2.7536 		-2.7063 		0.8659
v -2.6555 		-1.9927 		2.6597
v -2.7735 		-2.7063 		0.8659
v -2.7735 		-2.6915 		0.8567
v -2.5974 		-1.4056 		1.7283
v -2.792 		-2.7063 		0.8659
v -2.792 		-2.6915 		0.8567
v -2.7536 		-2.7223 		0.8652
v -2.7735 		-2.7223 		0.8652
v -2.747 		-2.8209 		0.79
v -2.747 		-2.8811 		0.7989
v -3.1355 		-1.5999 		2.2131
v -3.0332 		-1.8867 		1.083
v -2.7536 		-2.8198 		0.7971
v -2.7536 		-2.845 		0.7993
v -2.7536 		-2.6863 		0.8483
v -2.6997 		-1.9095 		1.8554
v -3.103 		-1.5957 		2.2105
v -2.5905 		-1.4016 		1.6656
v -2.7536 		-2.8682 		0.7296
v -2.7537 		-2.9412 		0.7296
v -2.6996 		-1.906 		1.8591
v -2.6996 		-1.9074 		1.8544
v -3.1175 		-1.6145 		2.2214
v -2.6079 		-1.4116 		1.6642
v -2.7735 		-2.9412 		0.7296
v -3.0064 		-1.3739 		2.0757
v -2.6142 		-1.4153 		1.7234
v -2.747 		-2.6787 		0.8319
v -2.865 		-2.3421 		1.445
v -2.7735 		-2.9582 		0.8657
v -2.865 		-2.2948 		1.4382
v -3.0243 		-1.878 		1.058
v -3.0293 		-1.8828 		1.0882
v -3.0047 		-1.4215 		2.1122
v -2.7245 		-2.716 		0.8317
v -2.7624 		-3.0201 		0.8713
v -2.7735 		-3.0201 		0.8713
v -2.9301 		-1.3743 		2.0429
v -2.9257 		-1.3747 		2.0429
v -2.7537 		-2.9598 		0.8353
v -2.7537 		-2.9943 		0.8498
v -2.8795 		-1.3799 		2.0429
v -3.0109 		-1.4796 		2.1271
v -2.865 		-2.2874 		1.4179
v -2.7536 		-2.6813 		0.8383
v -2.8126 		-2.3564 		1.445
v -2.7536 		-2.6802 		0.8359
v -3.0109 		-1.4819 		2.1264
v -3.0936 		-1.4814 		2.1723
v -2.7282 		-3.0193 		0.8593
v -3.0951 		-1.4789 		2.1871
v -2.865 		-2.3455 		1.4168
v -2.6771 		-1.9197 		1.8112
v -2.6981 		-1.9197 		1.8107
v -2.7572 		-2.2355 		1.3133
v -2.7624 		-2.2356 		1.3133
v -2.7623 		-2.2351 		1.3573
v -2.7623 		-2.235 		1.362
v -3.1138 		-1.3942 		2.1795
v -2.7619 		-2.2327 		1.3388
v -2.747 		-3.0224 		0.8533
v -2.7537 		-3.0214 		0.8612
v -2.7538 		-3.0373 		0.8732
v -2.5751 		-1.5603 		1.7234
v -3.0865 		-1.407 		2.1293
v -2.7285 		-2.7243 		0.8542
v -3.0518 		-1.8832 		1.0225
v -3.0513 		-1.8801 		1.0421
v -2.754 		-3.0871 		0.7296
v -2.7373 		-2.7289 		0.865
v -2.7735 		-3.0871 		0.7296
v -3.0509 		-1.8778 		1.0565
v -2.7536 		-2.7588 		0.8592
v -2.7536 		-2.7562 		0.8619
v -3.0696 		-1.8778 		1.0565
v -3.0879 		-1.3554 		2.0831
v -2.731 		-2.7351 		0.8425
v -2.7405 		-2.7437 		0.8488
v -2.7536 		-2.7506 		0.8677
v -2.7536 		-2.7558 		0.8624
v -2.5415 		-1.5626 		1.4242
v -2.7145 		-2.3606 		1.4325
v -2.7624 		-2.8047 		0.5848
v -2.7285 		-2.807 		0.596
v -3.0288 		-1.8828 		1.0244
v -3.024 		-1.8778 		1.0565
v -3.0109 		-1.4819 		2.0823
v -2.7536 		-2.7439 		0.8391
v -2.7536 		-2.743 		0.8753
v -3.0292 		-1.8832 		1.0219
v -2.7536 		-2.7437 		0.8488
v -2.9312 		-1.6254 		2.0609
v -2.9314 		-1.6279 		2.0602
v -2.8714 		-1.6279 		2.0429
v -3.0109 		-1.6181 		2.0436
v -3 		-1.6174 		2.0438
v -2.747 		-2.8127 		0.6002
v -2.7536 		-2.7953 		0.6099
v -2.7536 		-2.7289 		0.865
v -2.7536 		-2.8113 		0.5899
v -2.7536 		-2.8093 		0.5937
v -2.7536 		-2.8146 		0.5837
v -2.9695 		-1.6279 		2.0602
v -2.9267 		-1.5797 		2.0732
v -2.7122 		-2.3589 		1.4114
v -2.8613 		-1.8454 		1.7792
v -2.7205 		-1.8091 		1.7779
v -3.004 		-1.4963 		2.1309
v -2.8566 		-1.8456 		1.7779
v -2.9759 		-1.4963 		2.1309
v -2.5615 		-1.5626 		1.4239
v -3.0109 		-1.4865 		2.1289
v -2.853 		-1.8464 		1.7741
v -2.5848 		-1.4007 		1.4239
v -2.7735 		-2.7554 		0.8635
v -2.7735 		-2.7588 		0.8599
v -3.0109 		-1.4876 		2.1247
v -2.7735 		-2.8037 		0.5839
v -3.0109 		-1.5088 		2.1184
v -2.7735 		-2.7439 		0.8391
v -2.7735 		-2.7437 		0.8488
v -2.6991 		-2.4473 		1.4527
v -3.0038 		-1.5143 		2.1385
v -2.792 		-2.7577 		0.8391
v -3.0109 		-1.5453 		2.1076
v -3.0006 		-1.5142 		2.1387
v -2.792 		-2.7447 		0.875
v -2.9412 		-1.6279 		2.063
v -2.792 		-2.7437 		0.8488
v -3.0109 		-1.6279 		2.083
v -2.7125 		-2.4473 		1.4382
v -2.7462 		-1.9904 		2.7364
v -2.7735 		-2.7289 		0.865
v -2.792 		-2.7289 		0.865
v -3.0785 		-1.9063 		1.0565
v -2.7288 		-1.7952 		1.7662
v -3.0539 		-1.8969 		1.0565
v -2.7362 		-2.0408 		2.7304
v -2.7536 		-2.7622 		0.8514
v -2.7536 		-2.762 		0.8558
v -2.6914 		-2.4473 		1.4325
v -3.0518 		-1.8834 		1.0215
v -2.7333 		-2.7614 		0.855
v -3.0109 		-1.6114 		2.0454
v -3.0109 		-1.5703 		2.0569
v -2.6769 		-2.4473 		1.4273
v -2.7618 		-2.7622 		0.8562
v -2.6022 		-1.4107 		1.4239
v -3.0109 		-1.5797 		2.0732
v -3.0109 		-1.6279 		2.0602
v -2.7125 		-3.2074 		0.802
v -2.7735 		-2.7622 		0.8562
v -2.7139 		-3.1843 		0.8077
v -2.7735 		-2.7622 		0.8502
v -2.7536 		-2.7629 		0.8391
v -2.7031 		-1.2824 		1.4239
v -2.6307 		-1.9562 		2.0124
v -3.0669 		-1.4934 		2.1338
v -2.7735 		-2.7628 		0.8391
v -2.6569 		-2.4473 		1.4048
v -3.0292 		-1.8833 		1.0215
v -2.7131 		-1.2998 		1.4239
v -2.865 		-1.2391 		1.4239
v -2.7276 		-3.1507 		0.8157
v -3.027 		-1.4863 		2.1297
v -2.7048 		-2.4473 		1.4179
v -2.865 		-1.2591 		1.4239
v -3.0351 		-1.8969 		1.0565
v -2.792 		-2.7622 		0.8562
v -3.0642 		-1.8969 		1.0565
v -2.747 		-3.1544 		0.8148
v -2.792 		-2.7622 		0.8407
v -2.6886 		-2.4473 		1.4114
v -2.7288 		-2.7514 		0.8111
v -3.0793 		-1.5133 		2.1396
v -3.0752 		-1.5135 		2.1394
v -2.733 		-3.1897 		0.8063
v -2.9451 		-1.1884 		1.7434
v -3.0794 		-1.5134 		2.1396
v -2.7288 		-2.7525 		0.8109
v -2.7295 		-2.7532 		0.8115
v -3.0818 		-1.5125 		2.1435
v -2.7507 		-1.9984 		2.7187
v -3.1178 		-1.507 		2.1595
v -2.7442 		-2.0314 		2.7147
v -2.865 		-2.0041 		2.7563
v -2.6507 		-1.92 		1.911
v -3.0898 		-1.4849 		2.1465
v -3.0865 		-1.4867 		2.1405
v -2.6758 		-2.4473 		1.398
v -2.865 		-2.0562 		2.7518
v -2.747 		-2.744 		0.8083
v -3.0911 		-1.4854 		2.1491
v -3.054 		-1.8978 		1.051
v -3.0549 		-1.9026 		1.0215
v -2.7536 		-2.7489 		0.8134
v -2.7536 		-2.7588 		0.8113
v -2.865 		-2.0115 		2.7378
v -3.0847 		-1.4897 		2.1375
v -2.865 		-2.0457 		2.7349
v -2.865 		-2.0656 		1.97
v -2.7687 		-2.0656 		1.97
v -2.7385 		-3.2299 		0.7918
v -2.7308 		-2.7346 		0.8225
v -2.7536 		-2.7458 		0.8141
v -3.0956 		-1.8964 		1.0565
v -3.0998 		-1.5147 		2.1638
v -3.0866 		-1.5042 		2.1577
v -2.7453 		-2.7443 		0.8248
v -2.7846 		-3.2162 		0.7923
v -2.7214 		-2.3643 		1.4527
v -2.7467 		-3.2122 		0.7966
v -3.0843 		-1.5115 		2.1476
v -2.7536 		-2.7443 		0.8248
v -2.7536 		-2.7445 		0.815
v -2.7536 		-2.7458 		0.8141
v -2.8998 		-1.2604 		1.728
v -2.7738 		-2.3948 		1.445
v -2.733 		-2.3712 		1.4382
v -2.886 		-1.2562 		1.7237
v -2.8972 		-1.2594 		1.7254
v -2.7841 		-3.2464 		0.8265
v -2.7416 		-3.253 		0.871
v -2.7536 		-2.7441 		0.8153
v -3.1195 		-1.6273 		2.1555
v -2.6698 		-2.1831 		1.9794
v -2.7735 		-2.7588 		0.8197
v -2.7735 		-2.7482 		0.822
v -2.7735 		-2.7443 		0.8248
v -2.865 		-1.9387 		2.6616
v -2.865 		-1.9259 		2.6432
v -2.7855 		-1.9249 		2.6416
v -2.7624 		-2.7482 		0.822
v -2.865 		-1.9249 		2.6985
v -2.792 		-2.7482 		0.822
v -2.8194 		-1.9337 		2.6266
v -2.9677 		-1.8595 		1.0198
v -2.7094 		-3.1467 		0.6022
v -2.7624 		-2.7443 		0.8248
v -2.8261 		-1.9387 		2.6338
v -2.6812 		-2.1987 		1.9839
v -2.792 		-2.7443 		0.8248
v -2.7265 		-2.3672 		1.4179
v -2.865 		-1.9454 		2.6435
v -2.8786 		-1.254 		1.7227
v -2.7139 		-3.1222 		0.6065
v -2.7806 		-2.3943 		1.4136
v -3.0998 		-1.625 		2.1515
v -2.757 		-2.7602 		0.8368
v -2.7569 		-2.7632 		0.8362
v -2.7558 		-2.7632 		0.8351
v -2.7536 		-2.7632 		0.833
v -2.7536 		-2.7631 		0.8361
v -2.8855 		-1.2474 		1.7195
v -2.8861 		-1.2309 		1.716
v -2.7613 		-2.7636 		0.8302
v -2.7536 		-2.7632 		0.833
v -3.0865 		-1.5703 		2.0569
v -2.8163 		-2.3586 		1.4159
v -2.7594 		-2.7632 		0.8363
v -3.0312 		-1.6212 		2.0429
v -3.051 		-1.6217 		2.0429
v -2.865 		-1.9491 		2.6338
v -2.7536 		-2.7637 		0.8329
v -2.865 		-1.9291 		2.634
v -2.7614 		-2.7633 		0.8363
v -3.0793 		-1.5797 		2.0732
v -2.7735 		-2.759 		0.8379
v -2.7735 		-2.7629 		0.837
v -2.7536 		-2.763 		0.8371
v -2.9026 		-1.236 		1.7172
v -2.865 		-2.1286 		2.6309
v -3.1178 		-1.5848 		2.0817
v -2.91 		-1.2474 		1.72
v -2.9026 		-1.2579 		1.7249
v -3.052 		-1.8854 		1.009
v -3.0519 		-1.8836 		1.0201
v -2.7735 		-2.7617 		0.8329
v -3.0572 		-1.9143 		0.9485
v -2.7735 		-2.7592 		0.8375
v -3.0539 		-1.895 		0.9499
v -2.7598 		-2.4473 		1.445
v -3.0539 		-1.8952 		0.9485
v -3.0519 		-1.8836 		1.0203
v -3.0998 		-1.5891 		2.0897
v -3.0338 		-1.8891 		0.9856
v -3.0332 		-1.8874 		0.9961
v -2.7735 		-2.7632 		0.8313
v -2.7536 		-2.7591 		0.8337
v -2.7536 		-2.7634 		0.8282
v -2.7738 		-2.5 		1.445
v -3.0508 		-1.8781 		0.9841
v -2.7468 		-2.7633 		0.8265
v -2.7382 		-2.7631 		0.8242
v -2.9328 		-1.377 		2.0429
v -2.9366 		-1.3753 		2.0429
v -2.7536 		-2.7607 		0.8257
v -2.9664 		-1.3833 		2.0429
v -2.9563 		-1.4005 		2.0429
v -2.7735 		-2.7629 		0.8368
v -3.0234 		-1.4676 		2.0429
v -3.0332 		-1.8874 		0.9962
v -3.0315 		-1.8857 		1.0066
v -3.0406 		-1.4576 		2.0429
v -2.7536 		-2.7752 		0.831
v -2.7276 		-3.0974 		0.6159
v -3.0457 		-1.5507 		2.0429
v -3.0662 		-1.5523 		2.0429
v -2.7735 		-2.7884 		0.8317
v -2.7735 		-2.7806 		0.8333
v -3.0513 		-1.6207 		2.0429
v -3.0318 		-1.6192 		2.0429
v -2.9927 		-1.1431 		1.9326
v -2.6207 		-1.6872 		2.595
v -2.747 		-3.1017 		0.6148
v -2.7678 		-2.4427 		1.4105
v -2.7806 		-2.4912 		1.4074
v -2.7536 		-2.7753 		0.831
v -2.7075 		-2.1561 		2.0078
v -2.6062 		-1.6872 		2.5836
v -2.7084 		-2.1518 		2.019
v -2.9924 		-1.3298 		1.9269
v -2.7078 		-2.1685 		1.9753
v -2.7074 		-2.1705 		1.97
v -2.7325 		-3.129 		0.6045
v -3.0349 		-1.8951 		0.9485
v -2.7288 		-3.1424 		0.6031
v -2.738 		-2.7755 		0.816
v -3.0049 		-1.2061 		1.7451
v -3.0919 		-1.189 		2.0395
v -3.0904 		-1.1778 		1.9341
v -2.6829 		-2.3447 		1.3016
v -2.7735 		-2.7639 		0.8185
v -2.7735 		-2.7826 		0.8144
v -3.0922 		-1.3212 		2.0199
v -2.792 		-2.7623 		0.8381
v -2.792 		-2.7622 		0.8381
v -3.0583 		-1.9197 		0.915
v -2.792 		-2.7588 		0.837
v -3.0576 		-1.9161 		0.8755
v -3.0559 		-1.9063 		0.8916
v -3.0554 		-1.9037 		0.8959
v -2.792 		-2.7622 		0.8333
v -2.792 		-2.7626 		0.8328
v -2.792 		-2.7624 		0.8375
v -2.7781 		-3.1826 		0.592
v -2.7191 		-2.2191 		1.2483
v -2.7191 		-2.2188 		1.2841
v -2.7156 		-2.2155 		1.2895
v -2.7158 		-2.2159 		1.2536
v -2.7148 		-2.2116 		1.2959
v -2.7149 		-2.2116 		1.2609
v -3.0702 		-1.9038 		0.8958
v -2.9068 		-1.2676 		1.7423
v -2.7804 		-3.1632 		0.5971
v -3.0554 		-1.9037 		0.8958
v -2.6324 		-2.1739 		1.9084
v -2.7375 		-2.7606 		0.818
v -3.1318 		-1.2371 		1.9324
v -2.7011 		-2.3526 		1.3051
v -2.6256 		-1.6872 		2.5785
v -2.6112 		-1.6872 		2.5682
v -2.6112 		-1.6872 		2.5682
v -2.9067 		-1.2674 		1.7417
v -2.6112 		-1.6872 		2.5682
v -2.7536 		-2.7757 		0.8076
v -2.865 		-3.1601 		1.0651
v -3.0902 		-1.2958 		1.9289
v -2.93 		-2.8765 		1.1207
v -2.6341 		-2.2429 		1.2056
v -3.0098 		-1.3092 		1.7234
v -2.6515 		-2.2335 		1.2025
v -2.6598 		-2.2597 		1.2173
v -2.9206 		-2.8702 		1.1041
v -2.9921 		-1.1451 		1.8437
v -2.6112 		-1.6872 		2.5682
v -2.6658 		-2.2418 		1.2104
v -2.9921 		-1.1633 		1.7839
v -2.6507 		-2.166 		1.9061
v -2.6521 		-2.1928 		1.9107
v -2.6158 		-1.6872 		2.5537
v -3.0375 		-1.9096 		0.8862
v -3.0386 		-1.9161 		0.8755
v -2.7488 		-2.2438 		1.2432
v -3.0385 		-1.9155 		0.8766
v -2.7597 		-2.2419 		1.2464
v -2.7594 		-2.2363 		1.2555
v -2.639 		-1.7738 		2.5537
v -2.7516 		-2.2362 		1.2557
v -3.0364 		-1.9036 		0.8958
v -2.6341 		-1.6872 		2.5537
v -2.6572 		-1.7738 		2.5537
v -2.7599 		-2.2457 		1.2404
v -3.0364 		-1.9036 		0.8961
v -2.7624 		-2.2357 		1.3042
v -2.8051 		-2.7622 		0.8339
v -2.7515 		-2.2361 		1.2585
v -2.7453 		-2.2498 		1.3045
v -2.7291 		-2.2911 		1.3033
v -3.0195 		-1.2924 		1.728
v -2.7482 		-2.2456 		1.2404
v -2.7518 		-2.2364 		1.2404
v -2.7516 		-2.237 		1.2404
v -3.0235 		-1.2856 		1.6656
v -2.7518 		-2.2356 		1.2567
v -2.9645 		-2.864 		1.0884
v -2.6396 		-1.6872 		2.5884
v -2.7513 		-2.2362 		1.2557
v -2.7424 		-2.2456 		1.2404
v -2.7431 		-2.2448 		1.2416
v -2.6569 		-2.1928 		1.9663
v -2.7424 		-2.2456 		1.2404
v -2.7414 		-2.2469 		1.2404
v -2.9468 		-2.8605 		1.0793
v -2.7577 		-2.2293 		1.267
v -3.0277 		-1.2354 		1.7508
v -2.724 		-2.2239 		1.2404
v -2.7245 		-2.224 		1.2756
v -2.7378 		-2.2359 		1.2561
v -2.6692 		-2.2084 		1.9688
v -2.6435 		-1.6909 		2.5064
v -2.7407 		-2.213 		1.2935
v -2.9764 		-2.8486 		1.048
v -2.6613 		-1.7738 		2.4842
v -2.7319 		-2.7075 		0.7433
v -2.6595 		-2.1748 		1.9059
v -2.7444 		-2.7163 		0.741
v -2.7416 		-2.2456 		1.2404
v -3.0785 		-1.9742 		1.16
v -2.7242 		-2.6875 		0.7513
v -2.7591 		-2.2306 		1.2649
v -2.9565 		-2.8477 		1.0457
v -2.762 		-2.233 		1.3042
v -3.0135 		-1.303 		1.6642
v -2.7415 		-2.2141 		1.2567
v -2.7451 		-2.217 		1.2871
v -2.9921 		-1.2993 		1.8531
v -2.7452 		-2.2174 		1.2512
v -2.93 		-2.9976 		1.0904
v -2.6507 		-1.6909 		2.4876
v -3.0645 		-1.9924 		1.1423
v -3.0044 		-1.2619 		1.7622
v -2.765 		-2.2515 		1.3045
v -2.7592 		-2.2363 		1.2531
v -2.7277 		-2.7294 		0.7433
v -2.7277 		-2.7281 		0.7397
v -2.9128 		-1.2825 		1.7773
v -2.7277 		-2.7272 		0.7372
v -2.6811 		-1.7738 		2.4842
v -2.764 		-2.2364 		1.2554
v -2.7278 		-2.7253 		0.7319
v -2.9128 		-1.2802 		1.7713
v -2.9206 		-2.9945 		1.0731
v -2.7729 		-2.2365 		1.2551
v -2.9642 		-2.9916 		1.0568
v -2.7072 		-2.1715 		1.9675
v -2.7064 		-2.1743 		1.96
v -2.747 		-2.2994 		1.3051
v -2.7165 		-2.1954 		1.898
v -2.7095 		-2.1931 		1.9109
v -2.7173 		-2.1956 		1.897
v -3.0979 		-1.9784 		1.158
v -3.0845 		-1.9901 		1.144
v -3.0095 		-1.3084 		1.7773
v -2.7102 		-2.6476 		0.6398
v -2.9468 		-2.9899 		1.0471
v -2.7145 		-2.6251 		0.6795
v -2.6535 		-1.8094 		2.595
v -2.7774 		-2.2366 		1.255
v -2.7137 		-2.63 		0.6538
v -2.9451 		-1.2773 		1.7705
v -2.9918 		-1.2924 		1.8201
v -2.788 		-2.2368 		1.2547
v -2.7544 		-2.1506 		1.9703
v -2.7584 		-2.1502 		1.9702
v -2.7586 		-2.1502 		1.97
v -2.641 		-1.8168 		2.5836
v -2.8358 		-2.2283 		1.2686
v -2.8073 		-2.2176 		1.286
v -2.7481 		-2.1269 		2.0384
v -2.7689 		-2.1296 		2.0239
v -2.7585 		-2.1492 		1.9726
v -2.7832 		-2.5088 		0.6589
v -2.7627 		-2.1235 		2.0398
v -2.765 		-2.1238 		2.0392
v -2.8169 		-2.2373 		1.2541
v -2.7687 		-2.1241 		2.0382
v -2.8391 		-2.2378 		1.2534
v -2.7584 		-2.1502 		1.9702
v -2.6575 		-1.8069 		2.5785
v -2.7977 		-2.218 		1.2502
v -2.9762 		-3.0871 		0.9787
v -3.0012 		-1.3229 		1.7662
v -2.9762 		-3.0689 		0.9485
v -2.7536 		-2.5764 		0.7049
v -2.7536 		-2.5482 		0.7143
v -2.7536 		-2.5555 		0.711
v -2.757 		-2.5544 		0.7085
v -3.1326 		-1.4056 		1.7283
v -3.0922 		-1.9861 		1.1406
v -2.865 		-2.2384 		1.2526
v -2.7549 		-2.1227 		2.0419
v -2.9764 		-2.9839 		1.0141
v -3.0893 		-1.1719 		1.8477
v -2.865 		-2.2182 		1.2851
v -2.865 		-2.2186 		1.2492
v -2.9565 		-2.9837 		1.0115
v -2.7428 		-2.237 		1.2404
v -3.1395 		-1.4016 		1.6656
v -2.7735 		-2.5205 		0.7273
v -2.7735 		-2.5501 		0.7107
v -2.7735 		-2.5542 		0.7083
v -3.0887 		-1.1872 		1.7884
v -2.7735 		-2.5764 		0.7013
v -2.759 		-2.1685 		1.9777
v -2.7735 		-2.558 		0.7071
v -2.7584 		-2.2365 		1.2404
v -2.7585 		-2.237 		1.2404
v -2.7735 		-2.5538 		0.7094
v -3.0776 		-1.9992 		1.1358
v -2.7381 		-2.2601 		1.2173
v -2.7735 		-2.5764 		0.7017
v -2.7374 		-2.2681 		1.1674
v -2.7556 		-2.2682 		1.1674
v -2.7573 		-2.2641 		1.193
v -2.7573 		-2.2616 		1.2085
v -2.7692 		-2.1577 		2.0038
v -2.738 		-2.2602 		1.2166
v -2.7373 		-2.2614 		1.2087
v -2.7638 		-2.1668 		1.9808
v -2.7401 		-2.2418 		1.2104
v -2.7398 		-2.2423 		1.2072
v -2.6698 		-1.8 		2.5884
v -2.8051 		-2.5539 		0.708
v -2.9565 		-3.0871 		0.985
v -2.7866 		-2.5764 		0.7011
v -2.9647 		-3.0871 		0.9485
v -2.7624 		-2.5618 		0.7262
v -2.7735 		-2.5764 		0.7199
v -2.7735 		-2.5618 		0.7262
v -2.7638 		-2.1668 		1.9807
v -3.1221 		-1.4116 		1.6642
v -2.9656 		-3.0871 		0.9485
v -2.7293 		-2.5633 		0.7285
v -3.1323 		-1.2212 		1.8514
v -2.9762 		-3.0527 		0.9214
v -2.7638 		-2.168 		1.9776
v -2.7638 		-2.168 		1.9776
v -2.9762 		-3.0519 		0.9197
v -2.7573 		-2.2418 		1.2104
v -2.7662 		-2.171 		1.97
v -2.7695 		-2.171 		1.97
v -2.7695 		-2.1704 		1.9715
v -2.7647 		-2.1684 		1.9767
v -3.1158 		-1.4153 		1.7234
v -2.7536 		-2.5764 		0.7268
v -2.7258 		-2.2255 		1.2376
v -2.9763 		-3.0109 		0.8865
v -2.9763 		-3.0117 		0.8871
v -2.9759 		-3.0107 		0.8869
v -2.7379 		-2.2364 		1.2194
v -2.7571 		-2.2367 		1.2189
v -2.7695 		-2.1712 		1.97
v -2.7627 		-2.1719 		1.97
v -3.0896 		-1.2728 		1.8528
v -2.7716 		-2.1244 		2.0375
v -2.9763 		-3.0095 		0.8859
v -2.792 		-2.5764 		0.7009
v -3.1549 		-1.5603 		1.7234
v -2.792 		-2.5764 		0.7199
v -2.9565 		-3.0254 		0.8998
v -2.9565 		-3.0104 		0.8875
v -2.7339 		-2.6174 		0.7057
v -2.9762 		-3.0532 		0.9222
v -2.9753 		-3.0512 		0.9206
v -2.7587 		-2.2515 		1.2073
v -2.758 		-2.2422 		1.2075
v -2.758 		-2.2418 		1.2104
v -2.9565 		-3.0506 		0.9207
v -2.7709 		-2.171 		1.97
v -2.7579 		-2.2367 		1.2189
v -2.9762 		-3.0547 		0.9251
v -2.8037 		-2.1673 		1.97
v -3.1301 		-1.2289 		1.8001
v -2.7575 		-2.2369 		1.2077
v -2.7796 		-2.1711 		1.97
v -2.7582 		-2.2367 		1.2188
v -2.7779 		-2.1711 		1.97
v -2.7694 		-2.1502 		1.97
v -2.9763 		-2.9848 		0.8755
v -2.747 		-2.6322 		0.7057
v -2.7599 		-2.2368 		1.2188
v -3.1742 		-1.5603 		1.7283
v -2.9676 		-3.0655 		0.9089
v -2.9579 		-3.0871 		0.9478
v -3.1819 		-1.56 		1.6656
v -2.7604 		-2.2368 		1.2188
v -2.7536 		-2.6115 		0.6931
v -2.865 		-2.1502 		1.97
v -2.7536 		-2.6118 		0.6939
v -2.9565 		-3.0655 		0.9089
v -2.7536 		-2.6021 		0.6974
v -2.7581 		-2.2601 		1.2173
v -2.7602 		-2.2515 		1.2311
v -2.9762 		-3.0517 		0.8842
v -2.9762 		-3.0506 		0.8832
v -3.162 		-1.5603 		1.6642
v -2.9762 		-3.0404 		0.8755
v -2.6239 		-1.8986 		2.6041
v -3.1132 		-2.044 		1.1574
v -2.7693 		-2.149 		1.97
v -2.7616 		-2.2368 		1.2187
v -2.865 		-2.1144 		2.0338
v -3.1235 		-2.0651 		1.1013
v -2.7735 		-2.5923 		0.6963
v -2.7735 		-2.6016 		0.6931
v -2.865 		-2.1384 		1.97
v -2.9565 		-3.0871 		0.9478
v -2.7735 		-2.6146 		0.7034
v -2.7735 		-2.6278 		0.6977
v -3.0018 		-3.0694 		0.8969
v -2.7735 		-2.6285 		0.6974
v -2.7735 		-2.6275 		0.6931
v -2.865 		-2.2606 		1.2173
v -3.1127 		-2.0169 		1.1147
v -2.865 		-2.2418 		1.2104
v -2.7624 		-2.6285 		0.6974
v -2.983 		-3.0746 		0.8926
v -2.826 		-2.2379 		1.2168
v -2.792 		-2.6285 		0.6974
v -2.865 		-2.2388 		1.2154
v -2.7536 		-2.6291 		0.6972
v -2.7536 		-2.6279 		0.6931
v -2.9762 		-3.0871 		0.9419
v -2.9762 		-3.0637 		0.8941
v -2.7288 		-2.3256 		1.2136
v -3.0941 		-2.0237 		1.1121
v -2.9714 		-3.0871 		0.9405
v -2.9762 		-3.0871 		0.9303
v -2.9762 		-3.0705 		0.8998
v -2.6364 		-1.912 		2.5959
v -2.7536 		-2.6307 		0.7022
v -2.7536 		-2.6023 		0.7144
v -2.9757 		-3.0871 		0.9314
v -3.0879 		-1.2705 		1.8121
v -2.9762 		-3.0871 		0.9222
v -2.7476 		-2.331 		1.2164
v -2.9565 		-3.0871 		0.9485
v -2.9254 		-3.0871 		0.9854
v -2.9415 		-3.0871 		0.9859
v -2.7519 		-2.1771 		1.962
v -2.9755 		-3.0871 		0.935
v -2.929 		-1.3737 		2.0244
v -2.747 		-2.1591 		1.9549
v -2.7342 		-2.6043 		0.6729
v -2.6561 		-2.4473 		1.3019
v -2.9268 		-3.1535 		1.0993
v -2.7458 		-2.6148 		0.6567
v -2.7191 		-1.8875 		2.5874
v -2.7048 		-1.8741 		2.5681
v -2.7086 		-1.8843 		2.5828
v -2.6758 		-2.4473 		1.3051
v -2.7695 		-2.1569 		1.9542
v -3.0941 		-2.0483 		1.1529
v -2.7591 		-2.1504 		1.9695
v -2.7694 		-2.1543 		1.9595
v -2.7434 		-2.1934 		1.9109
v -2.6946 		-2.4923 		1.2221
v -2.7422 		-2.6226 		0.6726
v -2.731 		-2.6391 		0.6575
v -2.7316 		-2.6354 		0.678
v -2.7412 		-2.6272 		0.6567
v -2.9291 		-3.157 		1.0737
v -2.938 		-3.1521 		1.0656
v -3.0785 		-1.9576 		1.0565
v -2.7536 		-2.6106 		0.691
v -3.0645 		-1.9787 		1.0565
v -2.7587 		-2.6103 		0.6909
v -2.8981 		-3.1601 		1.079
v -2.9266 		-3.1574 		1.0741
v -2.9288 		-3.1571 		1.0738
v -2.9221 		-3.1404 		1.0768
v -2.9266 		-3.14 		1.076
v -2.9263 		-3.1292 		1.0575
v -2.9117 		-3.1306 		1.06
v -3.0269 		-1.2824 		1.4239
v -3.0776 		-1.9864 		1.0565
v -2.7733 		-2.6182 		0.6875
v -2.7735 		-2.6105 		0.6901
v -2.7735 		-2.6182 		0.6875
v -2.7735 		-2.6094 		0.6905
v -2.938 		-3.1348 		1.0675
v -2.9292 		-3.1396 		1.0755
v -2.7536 		-2.6105 		0.6909
v -2.7048 		-1.874 		2.568
v -2.7011 		-1.8641 		2.5537
v -2.77 		-2.1935 		1.911
v -2.7191 		-1.8822 		2.5537
v -2.7696 		-2.1753 		1.9616
v -2.7536 		-2.6184 		0.6567
v -2.7536 		-2.6272 		0.6567
v -2.7536 		-2.6226 		0.6726
v -2.7702 		-2.2009 		1.897
v -2.7536 		-2.609 		0.6871
v -2.9118 		-3.1309 		1.0599
v -2.7857 		-2.1937 		1.9111
v -2.7728 		-2.6226 		0.6726
v -2.8126 		-2.1963 		1.897
v -2.7723 		-2.6272 		0.6567
v -2.779 		-2.1743 		1.9614
v -2.9177 		-3.1479 		1.0571
v -2.993 		-1.3628 		2.0079
v -2.9206 		-3.1299 		1.0585
v -2.9206 		-3.1476 		1.0566
v -2.9206 		-3.1298 		1.0585
v -2.938 		-3.1199 		1.0421
v -2.9263 		-3.1266 		1.0531
v -2.7157 		-1.8308 		2.5054
v -2.7125 		-1.8208 		2.4909
v -2.6887 		-1.8311 		2.506
v -2.6899 		-1.8342 		2.5104
v -2.938 		-3.1383 		1.0401
v -2.7735 		-2.6272 		0.6567
v -2.9341 		-3.1405 		1.0438
v -2.7735 		-2.6226 		0.6726
v -2.7043 		-1.8358 		2.4807
v -3.0169 		-1.2998 		1.4239
v -3.1452 		-1.4007 		1.4239
v -2.7102 		-2.4866 		1.2329
v -2.792 		-2.6185 		0.6866
v -2.719 		-1.8225 		2.4807
v -2.792 		-2.6226 		0.6726
v -2.7556 		-2.6272 		0.6567
v -2.7677 		-2.6272 		0.6567
v -3.1278 		-1.4107 		1.4239
v -2.6771 		-1.8086 		2.4807
v -2.7487 		-2.6272 		0.6567
v -2.7536 		-2.6259 		0.6866
v -3.1885 		-1.5626 		1.4242
v -2.6923 		-1.8408 		2.52
v -2.938 		-3.1526 		1.0655
v -2.938 		-3.1384 		1.0401
v -2.6567 		-1.845 		2.5263
v -3.1685 		-1.5626 		1.4239
v -2.8397 		-2.1965 		1.897
v -2.7536 		-2.6481 		0.6567
v -2.7536 		-2.4425 		1.2404
v -2.7566 		-2.4305 		1.2404
v -2.7735 		-2.4425 		1.2404
v -2.7735 		-2.6493 		0.6567
v -2.7758 		-2.4305 		1.2404
v -2.7699 		-2.1748 		1.9059
v -2.9297 		-1.3739 		2.0408
v -2.9291 		-1.3734 		2.036
v -2.6396 		-1.8773 		2.5035
v -3.0845 		-1.9756 		1.0565
v -3.0976 		-1.9628 		1.0565
v -2.7471 		-2.6203 		0.6567
v -2.7694 		-2.1502 		1.9677
v -2.7693 		-2.1491 		1.9698
v -2.9291 		-3.1601 		1.0734
v -2.9291 		-3.1578 		1.0736
v -2.938 		-3.1601 		1.0647
v -2.7191 		-1.8226 		2.4807
v -2.9562 		-1.4007 		2.0304
v -2.9206 		-3.1601 		1.0552
v -2.9206 		-3.1561 		1.0557
v -2.6866 		-1.7901 		2.4807
v -2.918 		-1.3712 		2.0071
v -2.938 		-3.1601 		1.0378
v -2.8913 		-1.3645 		1.9852
v -2.792 		-2.6272 		0.6567
v -2.792 		-2.6493 		0.6567
v -2.9679 		-3.1455 		1.087
v -2.5974 		-1.7148 		1.7283
v -2.6555 		-1.8872 		2.5098
v -2.8659 		-1.377 		2.0065
v -2.9591 		-3.1541 		1.0713
v -2.9705 		-3.1084 		1.0215
v -2.9637 		-3.1207 		1.0437
v -2.9586 		-3.1233 		1.0485
v -2.6669 		-1.8621 		2.5246
v -2.6923 		-1.8408 		2.52
v -2.9604 		-3.1397 		1.0449
v -2.7157 		-1.8308 		2.5054
v -2.7658 		-2.5043 		0.6504
v -2.958 		-3.1236 		1.0491
v -2.932 		-1.444 		1.97
v -2.7188 		-1.8504 		2.4807
v -2.7052 		-1.8455 		2.5009
v -2.936 		-1.4353 		1.97
v -2.9212 		-1.4625 		1.97
v -2.9251 		-1.4552 		1.97
v -2.9468 		-3.1149 		1.0337
v -2.9421 		-3.1176 		1.0382
v -2.7735 		-2.4305 		1.2119
v -2.5905 		-1.7185 		1.6656
v -2.7536 		-2.4305 		1.2117
v -2.7251 		-2.439 		1.1754
v -2.6079 		-1.7088 		1.6642
v -2.7536 		-2.4929 		1.2215
v -2.7536 		-2.4907 		1.2188
v -2.7536 		-2.4759 		1.2004
v -2.7536 		-2.4494 		1.1674
v -2.7536 		-2.5034 		1.2277
v -2.945 		-3.1343 		1.0335
v -2.9468 		-3.1333 		1.0318
v -2.7536 		-2.5905 		0.6486
v -2.7735 		-2.4909 		1.188
v -2.9503 		-3.1077 		1.0215
v -2.7536 		-2.5034 		1.2041
v -2.7536 		-2.474 		1.1674
v -2.7735 		-2.5034 		1.2036
v -2.6142 		-1.7051 		1.7234
v -2.7735 		-2.5034 		1.2037
v -2.9497 		-3.1275 		1.0215
v -2.7875 		-2.5034 		1.2033
v -2.7735 		-2.4929 		1.2215
v -2.7105 		-1.8279 		1.7286
v -2.737 		-2.4929 		1.2215
v -3.0916 		-1.9722 		1.0565
v -2.7426 		-2.6274 		0.6483
v -2.6936 		-1.8442 		2.5248
v -2.7171 		-1.8351 		2.5116
v -2.9623 		-3.1401 		1.043
v -2.6901 		-1.9251 		1.8605
v -2.6907 		-1.9353 		1.8241
v -2.7328 		-2.614 		0.6393
v -2.9451 		-3.1347 		1.0333
v -2.9468 		-3.1338 		1.0317
v -2.7407 		-2.6294 		0.6492
v -2.704 		-1.9377 		1.8642
v -2.9636 		-3.1403 		1.0417
v -2.9624 		-3.1401 		1.043
v -2.7419 		-2.6302 		0.6465
v -3.0007 		-3.1464 		1.0423
v -2.7191 		-1.8502 		2.5335
v -2.7191 		-1.8411 		2.5203
v -2.7373 		-2.6468 		0.6364
v -2.7191 		-1.8816 		2.5523
v -2.7536 		-2.6294 		0.6492
v -2.983 		-3.1524 		1.0357
v -2.7437 		-2.6294 		0.6492
v -2.7145 		-2.5342 		1.4325
v -3.1235 		-2.0534 		1.0822
v -3.1235 		-2.0534 		1.0309
v -2.7383 		-2.6468 		0.6364
v -2.7536 		-2.6468 		0.6364
v -2.6849 		-2.5513 		1.4048
v -3.1127 		-2.0069 		1.0565
v -2.702 		-2.5413 		1.4273
v -2.7191 		-1.8394 		2.4923
v -2.7191 		-1.8501 		2.4807
v -2.7389 		-2.6493 		0.6365
v -2.9277 		-3.2145 		1.0882
v -3.0941 		-2.0149 		1.0565
v -2.7536 		-2.6493 		0.6365
v -2.6389 		-2.0582 		1.8269
v -2.6388 		-2.0638 		1.8273
v -2.7536 		-2.6493 		0.6563
v -3.1038 		-2.0557 		1.0813
v -3.1038 		-2.0557 		1.0314
v -2.7122 		-2.5356 		1.4114
v -2.6991 		-1.8522 		1.7277
v -2.6389 		-2.0583 		1.8269
v -2.9348 		-1.4378 		1.9398
v -2.6319 		-2.0463 		1.8335
v -2.7735 		-2.6294 		0.6492
v -2.7068 		-1.8707 		1.7294
v -2.9249 		-3.1612 		1.081
v -3.1132 		-2.1195 		1.1574
v -2.9249 		-3.2011 		1.0736
v -2.792 		-2.6294 		0.6492
v -2.9288 		-3.2245 		1.0446
v -2.6789 		-1.8727 		1.73
v -2.7191 		-1.8642 		2.5537
v -2.7735 		-2.6468 		0.6364
v -2.9257 		-3.2125 		1.0289
v -2.7458 		-1.9127 		2.6238
v -2.7457 		-1.885 		2.5837
v -2.7356 		-1.8823 		2.5799
v -2.7366 		-1.8928 		2.595
v -2.7367 		-1.8943 		2.5972
v -2.7382 		-1.9069 		2.6155
v -2.6307 		-2.0209 		1.8822
v -2.792 		-2.6468 		0.6364
v -2.7735 		-2.6493 		0.6365
v -2.6971 		-1.8807 		1.7306
v -2.792 		-2.6493 		0.6365
v -3.0941 		-2.1152 		1.1529
v -2.7282 		-2.6414 		0.6196
v -2.75 		-1.8861 		2.5854
v -2.7427 		-1.8989 		2.595
v -2.6507 		-2.0446 		1.84
v -2.9719 		-3.2194 		1.0317
v -2.7065 		-1.8348 		1.6656
v -2.7353 		-1.8822 		2.5797
v -2.7366 		-1.8927 		2.595
v -2.6557 		-2.0359 		1.8298
v -2.7832 		-2.6305 		0.5903
v -2.6558 		-2.0313 		1.8273
v -2.656 		-2.0285 		1.8257
v -2.969 		-3.2051 		1.0773
v -2.657 		-2.0464 		1.8337
v -2.6568 		-2.0404 		1.8308
v -2.732 		-1.8813 		2.5785
v -2.7343 		-1.8921 		2.5941
v -3.0403 		-1.4577 		2.0298
v -2.6587 		-2.03 		1.8292
v -3.1235 		-2.0984 		1.1013
v -3.1235 		-2.0816 		1.1084
v -2.7536 		-2.6485 		0.6188
v -2.7675 		-1.9185 		2.6239
v -3.0109 		-1.5953 		2.0147
v -2.7011 		-2.5422 		1.398
v -2.7507 		-1.9076 		2.5894
v -2.7675 		-1.9093 		2.5918
v -2.981 		-1.4931 		1.97
v -2.999 		-1.56 		1.97
v -3.0076 		-1.5589 		1.97
v -2.9885 		-1.4878 		1.97
v -2.981 		-1.627 		1.97
v -3.0004 		-3.1894 		1.0491
v -2.7142 		-2.6704 		0.6407
v -2.9774 		-1.56 		1.97
v -2.9625 		-1.5038 		1.97
v -2.969 		-1.499 		1.97
v -2.7134 		-2.6861 		0.6572
v -2.985 		-1.5589 		1.97
v -2.9625 		-1.6163 		1.97
v -2.969 		-1.619 		1.97
v -2.7233 		-1.8926 		2.568
v -2.7272 		-1.9028 		2.5826
v -2.7391 		-1.9065 		2.5878
v -2.9591 		-3.194 		1.0639
v -2.7045 		-2.6573 		0.6678
v -2.7365 		-1.912 		2.5825
v -2.7214 		-2.5302 		1.4527
v -3.1038 		-2.0967 		1.0996
v -3.1038 		-2.0816 		1.1064
v -2.6539 		-2.0585 		1.8376
v -2.7165 		-1.8174 		1.6642
v -3.1038 		-2.0668 		1.0996
v -2.7283 		-2.713 		0.6966
v -2.6535 		-2.0599 		1.838
v -2.7453 		-1.8946 		2.5785
v -2.7521 		-1.8824 		2.5884
v -2.6712 		-2.0192 		1.8292
v -2.6715 		-2.0588 		1.848
v -2.9861 		-1.4891 		1.9398
v -3.0785 		-2.1893 		1.16
v -3.0049 		-1.5589 		1.9398
v -2.7675 		-1.8877 		2.5876
v -2.733 		-2.5237 		1.4382
v -2.7675 		-1.9002 		2.5788
v -2.7649 		-1.8999 		2.5785
v -3.0776 		-2.1643 		1.1358
v -2.983 		-3.1837 		1.0414
v -2.7649 		-1.8999 		2.5785
v -2.6324 		-1.9531 		1.7636
v -2.9439 		-3.2624 		1.0471
v -2.9907 		-3.2598 		1.0297
v -2.9428 		-3.2909 		1.0215
v -2.7507 		-1.8825 		2.5537
v -2.6909 		-1.9397 		1.8084
v -2.7602 		-1.8825 		2.5537
v -2.7194 		-1.8825 		2.5537
v -2.6914 		-1.9456 		1.7876
v -2.7294 		-1.8926 		2.5537
v -2.7675 		-1.9029 		2.5537
v -2.9405 		-3.2561 		1.0286
v -2.6748 		-1.9264 		1.7876
v -2.7391 		-1.8768 		2.5537
v -2.7675 		-1.8845 		2.5537
v -2.7265 		-1.8642 		2.5537
v -2.7299 		-2.6764 		0.6629
v -2.7265 		-1.8642 		2.5537
v -2.6985 		-1.9262 		1.7876
v -2.7456 		-1.8724 		2.5655
v -2.7245 		-2.6576 		0.6695
v -3.0645 		-2.1711 		1.1423
v -2.8298 		-1.851 		1.749
v -2.8075 		-1.8539 		1.7286
v -2.9762 		-3.1012 		1.0021
v -2.8077 		-1.854 		1.7277
v -2.7944 		-1.8541 		1.6944
v -2.7807 		-1.8541 		1.6656
v -2.7536 		-2.6858 		0.6567
v -2.7735 		-2.6858 		0.6567
v -2.7358 		-2.7051 		0.6567
v -2.7347 		-2.7063 		0.6625
v -2.7364 		-2.707 		0.6606
v -2.7288 		-2.7049 		0.6689
v -2.865 		-1.8754 		1.6724
v -2.8626 		-1.8754 		1.6666
v -2.8621 		-1.8754 		1.6656
v -2.865 		-1.875 		1.7294
v -2.8615 		-1.8754 		1.6604
v -2.9639 		-1.503 		1.9463
v -3.0845 		-2.1734 		1.144
v -2.974 		-3.1039 		1.0096
v -2.9639 		-1.617 		1.9463
v -2.9709 		-3.1076 		1.0201
v -2.7265 		-2.5274 		1.4179
v -2.7362 		-2.7066 		0.661
v -2.8028 		-1.9044 		2.6119
v -2.7309 		-2.7046 		0.6671
v -2.7991 		-1.9023 		2.6089
v -2.6735 		-1.9303 		1.7745
v -2.6735 		-1.93 		1.775
v -2.7343 		-2.7038 		0.6567
v -2.6735 		-1.9301 		1.7747
v -2.7739 		-1.8882 		2.5884
v -2.6735 		-1.9302 		1.7744
v -2.6733 		-1.9315 		1.7698
v -2.6727 		-1.9356 		1.7553
v -2.7898 		-1.9115 		2.595
v -2.6722 		-1.939 		1.7511
v -2.7996 		-1.9188 		2.6054
v -2.8008 		-1.9197 		2.6067
v -2.6735 		-1.9301 		1.7746
v -2.7898 		-1.9115 		2.595
v -2.6735 		-1.93 		1.775
v -3.0679 		-1.5589 		2.0391
v -3.0676 		-1.5589 		2.0298
v -2.7754 		-1.9009 		2.5798
v -2.8031 		-1.9033 		2.5833
v -2.8088 		-1.9038 		2.584
v -2.7754 		-1.9008 		2.5798
v -3.0479 		-1.5589 		2.0382
v -3.0477 		-1.5589 		2.0304
v -2.865 		-1.9188 		2.6056
v -3.0565 		-1.5989 		2.0147
v -3.0922 		-2.1774 		1.1406
v -2.8435 		-1.9068 		2.5884
v -2.9565 		-3.0954 		0.9996
v -2.8504 		-1.9107 		2.5939
v -2.9562 		-3.096 		1.0006
v -2.9545 		-3.0994 		1.0067
v -2.865 		-1.8761 		1.6656
v -3.0371 		-1.5974 		2.0147
v -2.9556 		-3.1159 		1.0006
v -2.6521 		-1.9357 		1.7554
v -2.7536 		-2.7202 		0.6606
v -2.7536 		-2.7223 		0.6596
v -2.8617 		-1.8555 		1.6589
v -2.865 		-1.9126 		2.5884
v -2.8623 		-1.8555 		1.6642
v -2.7202 		-1.8111 		1.7234
v -2.8628 		-1.8555 		1.6651
v -2.865 		-1.8554 		1.671
v -2.8126 		-2.5385 		1.445
v -3.0979 		-2.1851 		1.158
v -2.9565 		-3.1142 		0.9976
v -2.865 		-2.5524 		1.445
v -2.938 		-1.3993 		1.8406
v -2.8866 		-1.3855 		1.8406
v -3.1127 		-2.1466 		1.1147
v -2.8163 		-2.5268 		1.4048
v -2.6595 		-1.9522 		1.7636
v -2.7456 		-2.6884 		0.6569
v -2.747 		-2.7009 		0.6755
v -2.8852 		-1.409 		1.8354
v -2.7286 		-1.8138 		2.4807
v -2.865 		-2.5396 		1.404
v -2.7536 		-2.6881 		0.6567
v -2.7536 		-2.6967 		0.6567
v -2.7536 		-2.6922 		0.6599
v -2.7536 		-2.6884 		0.6569
v -2.8897 		-1.3968 		1.8569
v -2.7624 		-2.6964 		0.6632
v -2.7735 		-2.6953 		0.6624
v -2.7735 		-2.6884 		0.6569
v -2.686 		-1.9524 		1.7634
v -2.9506 		-3.1071 		1.0205
v -2.686 		-1.9522 		1.7636
v -2.721 		-1.8471 		2.5289
v -2.7037 		-1.9345 		1.7756
v -2.9353 		-1.409 		1.8569
v -2.865 		-1.8499 		1.7234
v -2.9565 		-3.0875 		0.9485
v -2.9565 		-3.0904 		0.9537
v -2.7821 		-2.5909 		1.4527
v -3.0941 		-2.1397 		1.1121
v -2.7536 		-2.6931 		0.6614
v -2.7675 		-1.8583 		2.4807
v -2.7675 		-1.837 		2.4807
v -2.865 		-1.8848 		2.4807
v -2.7659 		-2.7098 		0.6567
v -2.7735 		-2.7077 		0.6567
v -2.7536 		-2.7014 		0.6691
v -2.7889 		-2.5795 		1.4382
v -3.048 		-2.1323 		1.0369
v -2.865 		-1.8632 		2.4807
v -2.7781 		-2.5978 		1.4325
v -2.9578 		-3.0875 		0.9485
v -2.6985 		-1.9264 		1.7869
v -2.6987 		-1.9302 		1.7736
v -2.6946 		-1.9338 		1.761
v -2.6927 		-1.9355 		1.7552
v -2.6933 		-1.9388 		1.7511
v -2.7709 		-2.6103 		1.4273
v -2.6789 		-1.8738 		1.5556
v -2.7735 		-2.6881 		0.6567
v -2.6923 		-1.9246 		1.771
v -3.1235 		-2.1101 		1.0309
v -3.1235 		-2.1101 		1.0822
v -2.7607 		-2.6271 		1.4054
v -2.966 		-3.0875 		0.9485
v -2.9557 		-3.1164 		1.0004
v -2.9565 		-3.1148 		0.9975
v -2.7634 		-1.8552 		1.5139
v -2.9601 		-1.409 		1.8406
v -3.1038 		-2.1078 		1.0314
v -2.955 		-1.4039 		1.8406
v -2.9535 		-1.4034 		1.8406
v -2.9545 		-1.4037 		1.8406
v -3.1038 		-2.1078 		1.0813
v -2.7735 		-2.6881 		0.6567
v -2.7849 		-2.5861 		1.4179
v -2.7766 		-2.6003 		1.4114
v -2.7536 		-2.699 		0.6703
v -2.9762 		-3.1256 		0.9996
v -2.7735 		-2.6881 		0.6567
v -2.6709 		-1.7869 		2.4807
v -2.9762 		-3.1138 		0.9795
v -2.9762 		-3.1114 		0.9754
v -2.9762 		-3.0956 		0.9485
v -2.9759 		-3.1259 		1.0004
v -2.9639 		-1.3873 		1.8622
v -2.7536 		-2.7287 		0.6567
v -2.7536 		-2.7276 		0.6571
v -3.0785 		-2.2059 		1.0565
v -2.6834 		-1.7869 		2.4807
v -2.9545 		-1.4036 		1.8691
v -2.6916 		-1.9475 		1.781
v -2.6893 		-1.9493 		1.774
v -2.6903 		-1.9486 		1.7769
v -2.9525 		-1.4084 		1.8346
v -2.6122 		-1.6909 		2.4776
v -3.0645 		-2.1848 		1.0565
v -2.9759 		-3.0954 		0.9485
v -2.9762 		-3.097 		0.9485
v -2.9761 		-3.0969 		0.9485
v -3.0776 		-2.1771 		1.0565
v -2.6327 		-1.9759 		1.7343
v -2.938 		-1.45 		1.8635
v -2.9346 		-1.4467 		1.8633
v -2.9319 		-1.444 		1.8626
v -2.6302 		-1.6909 		2.4687
v -2.7704 		-2.6114 		1.398
v -2.7556 		-2.6567 		0.6567
v -2.6865 		-1.9562 		1.7585
v -2.7556 		-2.6858 		0.6567
v -2.932 		-1.444 		1.8633
v -3.0203 		-2.1816 		1.0317
v -2.8677 		-1.4268 		1.8617
v -2.9315 		-1.4439 		1.8605
v -2.9196 		-1.4407 		1.8605
v -2.792 		-2.6858 		0.6567
v -2.792 		-2.6881 		0.6567
v -2.932 		-1.444 		1.8605
v -3.0845 		-2.1879 		1.0565
v -2.865 		-2.6131 		1.4527
v -2.865 		-2.5998 		1.4382
v -2.7328 		-2.6744 		0.6202
v -2.865 		-2.6211 		1.4325
v -3.0916 		-2.1913 		1.0565
v -2.865 		-2.6357 		1.4273
v -2.6957 		-1.9514 		1.7824
v -3.0018 		-3.2071 		1.0118
v -3.0976 		-2.2007 		1.0565
v -2.938 		-1.4231 		1.8354
v -2.886 		-1.4092 		1.8354
v -2.6507 		-1.9605 		1.7673
v -2.731 		-2.6642 		0.6495
v -2.6507 		-1.9884 		1.7856
v -2.938 		-1.4097 		1.8569
v -2.7402 		-2.6667 		0.6367
v -2.7529 		-2.6858 		0.6438
v -2.7536 		-2.6858 		0.6429
v -2.6869 		-1.9586 		1.7554
v -2.6873 		-1.9619 		1.7511
v -2.7285 		-2.6502 		0.6475
v -2.9608 		-3.21 		1.0183
v -2.865 		-2.6074 		1.4179
v -2.865 		-2.624 		1.4114
v -2.6704 		-1.9562 		1.7299
v -2.6704 		-1.956 		1.7302
v -2.7536 		-2.678 		0.6472
v -2.7432 		-2.6667 		0.6367
v -2.6711 		-1.955 		1.7314
v -2.983 		-3.2048 		1.0061
v -2.6706 		-1.9524 		1.7346
v -2.7536 		-2.6858 		0.6448
v -2.865 		-2.6368 		1.398
v -2.7536 		-2.6667 		0.6367
v -2.7598 		-2.6274 		1.3179
v -2.7536 		-2.6858 		0.6545
v -2.6396 		-1.6644 		2.3742
v -2.7556 		-2.6801 		0.6492
v -2.6396 		-1.6534 		2.3713
v -2.6396 		-1.6644 		2.3741
v -2.6396 		-1.6644 		2.3741
v -2.6105 		-1.6909 		2.3924
v -3.1127 		-2.1566 		1.0565
v -2.932 		-1.444 		1.8523
v -2.6302 		-1.6909 		2.3969
v -2.9323 		-1.4444 		1.8585
v -2.932 		-1.444 		1.8585
v -2.9315 		-1.4439 		1.8585
v -2.9314 		-1.444 		1.8585
v -2.9334 		-1.4455 		1.8585
v -2.6703 		-1.9545 		1.7309
v -2.7556 		-2.6858 		0.6545
v -2.8656 		-1.4263 		1.8585
v -3.0941 		-2.1486 		1.0565
v -2.7735 		-2.6858 		0.6545
v -2.7735 		-2.6667 		0.6367
v -2.9315 		-1.4439 		1.8603
v -3.0785 		-1.9742 		0.9531
v -2.7735 		-2.6496 		0.621
v -3.0645 		-1.9924 		0.9705
v -2.6199 		-1.6909 		2.3835
v -2.6703 		-1.9864 		1.7605
v -2.7704 		-2.6103 		1.3182
v -2.6412 		-2.049 		1.8238
v -2.6416 		-2.0377 		1.8177
v -2.6145 		-1.6909 		2.377
v -2.6419 		-2.0339 		1.8156
v -2.6426 		-2.0209 		1.8081
v -2.6438 		-2.0167 		1.8045
v -2.6316 		-2.0066 		1.8135
v -2.6425 		-2.0132 		1.7998
v -2.865 		-2.6719 		1.3313
v -2.865 		-2.655 		1.4057
v -2.6364 		-2.0175 		1.8001
v -2.865 		-2.6519 		1.3313
v -2.8436 		-2.6493 		1.3133
v -2.8617 		-2.6536 		1.3133
v -2.6894 		-1.9511 		1.726
v -2.7006 		-2.5616 		1.2583
v -2.6834 		-2.5524 		1.3085
v -2.9762 		-3.0972 		0.9485
v -3.0979 		-1.9784 		0.9548
v -2.6959 		-1.9562 		1.7297
v -2.6962 		-1.9558 		1.7301
v -2.6193 		-2.0477 		1.8027
v -2.792 		-2.6858 		0.6545
v -3.0027 		-3.1752 		0.9069
v -2.7379 		-2.7029 		0.6458
v -2.7011 		-2.543 		1.3102
v -2.6826 		-1.9763 		1.7334
v -2.6823 		-1.9756 		1.7334
v -2.6595 		-1.9756 		1.7334
v -2.6432 		-2.0112 		1.7931
v -3.0845 		-1.9901 		0.969
v -2.6826 		-1.9752 		1.7339
v -2.7536 		-2.7223 		0.6354
v -2.7536 		-2.7078 		0.6437
v -2.7567 		-2.7004 		0.6444
v -2.6424 		-2.0052 		1.7618
v -2.6438 		-2.007 		1.7758
v -2.6444 		-2.0078 		1.7816
v -2.7536 		-2.7009 		0.6472
v -2.6425 		-2.0053 		1.7592
v -2.6319 		-1.9947 		1.7842
v -3.0922 		-1.9861 		0.9724
v -2.7536 		-2.687 		0.6444
v -2.7536 		-2.697 		0.6412
v -2.7536 		-2.7008 		0.6446
v -2.6507 		-1.9801 		1.742
v -2.6507 		-1.9887 		1.7411
v -2.92 		-1.4538 		1.8432
v -2.9222 		-1.4544 		1.8432
v -2.9222 		-1.4544 		1.8432
v -2.9251 		-1.4551 		1.8432
v -2.9251 		-1.4552 		1.8435
v -2.6396 		-1.6909 		2.3812
v -2.627 		-1.6909 		2.3755
v -2.938 		-1.45 		1.8585
v -2.7575 		-2.6938 		0.6476
v -2.7148 		-2.551 		1.2677
v -2.9251 		-1.4552 		1.8432
v -2.9254 		-1.4554 		1.8463
v -2.7735 		-2.7046 		0.6397
v -2.9256 		-1.4553 		1.8432
v -2.938 		-1.4677 		1.8432
v -2.938 		-1.468 		1.8463
v -2.6709 		-1.9667 		1.7172
v -2.6712 		-1.9707 		1.7171
v -2.6717 		-1.9796 		1.7172
v -2.6717 		-1.9804 		1.7173
v -2.6708 		-1.9639 		1.7205
v -2.6708 		-1.9639 		1.7205
v -2.7735 		-2.7152 		0.6532
v -2.6721 		-1.986 		1.7173
v -2.6737 		-1.9896 		1.7174
v -2.673 		-1.9881 		1.7173
v -2.6739 		-1.9899 		1.7174
v -2.9255 		-1.4552 		1.8432
v -2.9251 		-1.4551 		1.8432
v -2.6396 		-1.6537 		2.3713
v -2.6396 		-1.6538 		2.3713
v -2.5945 		-1.6424 		2.3493
v -2.7536 		-2.5764 		1.2458
v -2.7536 		-2.5764 		1.2466
v -2.7536 		-2.5764 		1.2666
v -2.7536 		-2.567 		1.2626
v -2.7536 		-2.5533 		1.2569
v -2.7536 		-2.525 		1.2404
v -2.7536 		-2.5639 		1.2404
v -2.6521 		-1.9667 		1.7172
v -3.0776 		-1.9992 		0.977
v -2.9887 		-3.2829 		1.0115
v -2.7705 		-2.5764 		1.2456
v -2.7704 		-2.5764 		1.2456
v -2.7671 		-2.5643 		1.2404
v -2.6199 		-1.6319 		2.3676
v -2.9257 		-1.4549 		1.8369
v -2.7735 		-2.5748 		1.2659
v -2.7735 		-2.5764 		1.2638
v -2.7588 		-2.525 		1.2404
v -2.7675 		-2.5533 		1.2569
v -2.6279 		-2.0149 		1.7625
v -2.6102 		-2.046 		1.7651
v -2.7735 		-2.5533 		1.2569
v -2.7735 		-2.525 		1.2404
v -2.6145 		-1.635 		2.3622
v -2.9779 		-3.2672 		1.0061
v -2.9779 		-3.2547 		1.0155
v -2.6396 		-1.6327 		2.3656
v -2.6396 		-1.633 		2.3659
v -2.627 		-1.6359 		2.3607
v -2.9405 		-3.2724 		1.0143
v -2.9699 		-1.4819 		1.865
v -2.7536 		-2.7531 		0.6179
v -2.7536 		-2.7823 		0.5837
v -2.6397 		-1.6331 		2.3657
v -2.6507 		-2.0024 		1.8178
v -2.6125 		-1.6467 		2.3419
v -2.7735 		-2.751 		0.6159
v -2.7735 		-2.5634 		1.2404
v -2.6595 		-2.0095 		1.8118
v -2.7735 		-2.5645 		1.2404
v -2.7945 		-2.5651 		1.2404
v -2.7467 		-2.5533 		1.2569
v -2.942 		-3.2595 		0.9505
v -2.9505 		-1.4107 		1.8434
v -2.7583 		-2.5764 		1.2666
v -2.9494 		-1.4128 		1.8569
v -2.9497 		-1.4129 		1.8569
v -2.9502 		-1.4113 		1.8568
v -2.9464 		-1.412 		1.8569
v -2.9858 		-3.2755 		0.9496
v -2.6595 		-2.0168 		1.8155
v -2.6653 		-2.0095 		1.8118
v -2.7705 		-2.5764 		1.246
v -2.774 		-2.5764 		1.2666
v -2.6703 		-1.9899 		1.7174
v -2.7735 		-2.7625 		0.6316
v -2.7759 		-2.6315 		1.2837
v -2.7536 		-2.7538 		0.6454
v -2.979 		-3.2573 		0.9536
v -2.9967 		-3.2462 		0.9585
v -2.9967 		-3.2382 		0.9659
v -3.1235 		-2.0651 		1.0118
v -2.7504 		-2.6228 		1.2811
v -3.1127 		-2.0169 		0.9984
v -2.6723 		-1.99 		1.7156
v -3.1132 		-2.044 		0.9556
v -2.6734 		-1.9899 		1.7169
v -2.8051 		-2.7596 		0.629
v -2.7735 		-2.793 		0.5963
v -2.761 		-2.6072 		1.2882
v -2.9479 		-1.4164 		1.8523
v -2.7735 		-2.7626 		0.6315
v -2.7735 		-2.7759 		0.6161
v -2.7624 		-2.7636 		0.6324
v -2.6703 		-1.9887 		1.7322
v -2.7536 		-2.7539 		0.6454
v -2.7655 		-2.6087 		1.2958
v -2.7647 		-2.6084 		1.2914
v -2.7655 		-2.6087 		1.2958
v -2.7027 		-1.9897 		1.7201
v -2.7164 		-1.9896 		1.7203
v -2.7824 		-2.6063 		1.2791
v -2.7816 		-2.6036 		1.278
v -2.6839 		-1.9799 		1.733
v -2.9428 		-3.2789 		0.9459
v -2.6871 		-1.9887 		1.7322
v -2.968 		-1.4311 		1.8569
v -2.7732 		-2.6063 		1.2791
v -2.7011 		-1.9593 		1.7331
v -2.7856 		-2.6112 		1.2817
v -2.7832 		-2.6091 		1.2806
v -2.792 		-2.6156 		1.2867
v -3.0941 		-2.0483 		0.9599
v -2.9428 		-1.4244 		1.8437
v -2.6928 		-1.9606 		1.7243
v -2.6913 		-1.9629 		1.7216
v -2.6581 		-2.0023 		1.799
v -2.6595 		-2.0061 		1.8041
v -2.9744 		-1.4376 		1.8569
v -2.6593 		-1.9992 		1.7889
v -3.0941 		-2.0237 		1.0007
v -2.6706 		-1.9935 		1.7984
v -2.7285 		-2.7671 		0.6384
v -2.7655 		-2.6074 		1.2974
v -2.7636 		-2.6202 		1.2693
v -2.7611 		-2.613 		1.2642
v -2.7608 		-2.612 		1.2636
v -2.747 		-2.771 		0.6441
v -2.6595 		-1.9988 		1.7873
v -2.6595 		-1.9972 		1.7839
v -2.6608 		-1.9972 		1.7839
v -2.6595 		-1.9973 		1.7796
v -2.7002 		-1.9899 		1.7172
v -2.69 		-1.965 		1.7192
v -2.5945 		-1.6909 		2.3624
v -2.6902 		-1.9692 		1.7171
v -2.6933 		-1.9753 		1.7171
v -2.7536 		-2.7918 		0.6139
v -2.7536 		-2.7679 		0.6391
v -2.9428 		-1.4244 		1.8354
v -2.7656 		-2.6244 		1.2759
v -2.6945 		-1.9774 		1.7171
v -3.0959 		-1.9206 		0.9075
v -2.69 		-1.9664 		1.7176
v -2.6901 		-1.9674 		1.7172
v -2.9707 		-1.4196 		1.8406
v -2.9744 		-1.4233 		1.8406
v -2.7692 		-2.6191 		1.2643
v -3.0163 		-3.2105 		0.8884
v -3.0785 		-1.93 		0.9106
v -3.0586 		-1.9217 		0.9026
v -2.9779 		-2.2744 		1.1286
v -2.9792 		-2.2798 		1.0944
v -2.9428 		-1.4244 		1.8312
v -2.999 		-2.3241 		1.1226
v -2.9431 		-1.4247 		1.8354
v -3.0397 		-1.9217 		0.9026
v -3.0642 		-1.9217 		0.9026
v -2.9577 		-1.4394 		1.8354
v -3.0615 		-1.9379 		0.8755
v -2.9944 		-2.2681 		1.1674
v -2.9978 		-2.2769 		1.113
v -2.9972 		-2.2748 		1.1255
v -3.0158 		-3.2319 		0.881
v -2.9638 		-1.4455 		1.8354
v -2.9587 		-1.4404 		1.8354
v -2.792 		-2.6286 		1.2698
v -2.792 		-2.6262 		1.2729
v -2.6573 		-1.9952 		1.7611
v -2.9986 		-2.2798 		1.0944
v -2.69 		-1.9667 		1.7172
v -2.9966 		-2.2553 		1.1267
v -2.9966 		-1.4455 		1.8406
v -3.0161 		-3.2373 		0.9702
v -2.9946 		-2.2506 		1.1556
v -2.6125 		-1.6909 		2.3536
v -3.0143 		-3.2553 		0.9582
v -2.6982 		-1.9901 		1.715
v -2.9823 		-1.4455 		1.8569
v -2.7539 		-2.5897 		1.2523
v -2.7776 		-2.6013 		1.2564
v -2.7536 		-2.5885 		1.2518
v -2.6105 		-1.7544 		2.3755
v -2.7536 		-2.5859 		1.25
v -2.7536 		-2.5886 		1.2517
v -3.0785 		-2.0198 		0.8773
v -2.9744 		-1.4562 		1.8355
v -3.0776 		-2.034 		0.9189
v -2.6882 		-1.9678 		1.7435
v -2.6874 		-1.9627 		1.7501
v -3.0645 		-2.0303 		0.9078
v -2.9918 		-2.2372 		1.1474
v -3.0634 		-2.0312 		0.9186
v -2.7735 		-2.5868 		1.2504
v -2.7776 		-2.6013 		1.2564
v -2.7735 		-2.5869 		1.2502
v -2.9519 		-1.4819 		1.8463
v -2.9699 		-1.4819 		1.8585
v -2.9764 		-2.8682 		0.8283
v -2.9764 		-2.8196 		0.8236
v -2.9764 		-2.82 		0.8236
v -2.6929 		-1.9713 		1.7468
v -2.9753 		-2.8195 		0.8248
v -2.6941 		-1.988 		1.7402
v -2.9793 		-2.3256 		1.1229
v -2.98 		-2.3152 		1.0944
v -2.792 		-2.6282 		1.269
v -2.792 		-2.6179 		1.2631
v -2.792 		-2.6179 		1.2665
v -2.792 		-2.6117 		1.2917
v -2.792 		-2.6138 		1.283
v -2.792 		-2.6085 		1.2803
v -2.9704 		-2.2798 		1.0944
v -2.8261 		-2.6493 		1.3079
v -2.8268 		-2.6493 		1.3017
v -2.7976 		-2.6398 		1.3088
v -2.9764 		-2.8153 		0.8244
v -2.7996 		-2.6406 		1.3111
v -2.9764 		-2.8165 		0.8242
v -2.7997 		-2.6406 		1.3112
v -2.7694 		-2.0656 		1.846
v -2.7992 		-2.6407 		1.3101
v -2.7997 		-2.6411 		1.3106
v -2.8232 		-2.6493 		1.3071
v -2.9565 		-2.8393 		0.8272
v -2.9565 		-2.8195 		0.8255
v -2.9522 		-1.4819 		1.8432
v -2.9565 		-2.8682 		0.8298
v -2.8427 		-2.6487 		1.2816
v -2.8422 		-2.649 		1.2812
v -2.8436 		-2.6493 		1.2811
v -2.8455 		-2.6493 		1.2816
v -2.8554 		-2.6395 		1.2973
v -2.9565 		-2.8682 		0.8296
v -2.8094 		-2.6237 		1.3048
v -2.8094 		-2.6268 		1.3008
v -2.8309 		-2.6462 		1.2816
v -2.9565 		-2.8178 		0.8253
v -2.6721 		-1.9925 		1.6847
v -2.9995 		-1.4814 		1.8356
v -2.995 		-1.4768 		1.8356
v -3.0109 		-1.4598 		1.8406
v -2.8455 		-2.6493 		1.2816
v -2.8436 		-2.6493 		1.2811
v -2.6723 		-1.9907 		1.7076
v -2.9289 		-2.8682 		0.8306
v -2.9249 		-2.8195 		0.8265
v -2.6723 		-1.9905 		1.7101
v -2.9565 		-2.8184 		0.8066
v -2.9676 		-2.8184 		0.8066
v -2.8006 		-2.6337 		1.2772
v -2.8049 		-2.6375 		1.2794
v -2.8001 		-2.6342 		1.2757
v -2.9806 		-2.2857 		1.0565
v -2.9991 		-2.2817 		1.0823
v -3.0845 		-2.0297 		0.9058
v -2.9816 		-2.2802 		1.0215
v -3.0981 		-2.0218 		0.8801
v -2.6302 		-1.7567 		2.3795
v -2.9764 		-2.8682 		0.8027
v -2.9764 		-2.8675 		0.8026
v -2.9764 		-2.7966 		0.8026
v -2.7987 		-2.6201 		1.2919
v -3.0002 		-2.2857 		1.0565
v -3.0014 		-2.2802 		1.0215
v -2.7949 		-2.6306 		1.2719
v -3.0008 		-2.2609 		1.0215
v -2.9996 		-2.2666 		1.0565
v -2.8327 		-2.6318 		1.2703
v -2.8552 		-2.6493 		1.28
v -2.8271 		-2.645 		1.2813
v -3.0086 		-1.4771 		1.8523
v -2.9949 		-1.4767 		1.8356
v -2.865 		-2.6428 		1.2982
v -2.9914 		-2.2383 		1.0215
v -2.9966 		-2.2332 		1.0215
v -2.8607 		-2.6408 		1.2972
v -2.8594 		-2.6406 		1.297
v -2.8607 		-2.6408 		1.2972
v -3.0933 		-2.0255 		0.91
v -2.6125 		-1.735 		2.3419
v -2.8582 		-2.6402 		1.2971
v -2.9801 		-2.2666 		1.0565
v -2.9812 		-2.2609 		1.0215
v -2.9743 		-2.2609 		1.0215
v -2.8586 		-2.64 		1.2975
v -2.9767 		-2.2857 		1.0565
v -2.8094 		-2.6227 		1.3062
v -2.5945 		-1.7393 		2.3493
v -2.865 		-2.6414 		1.2975
v -2.865 		-2.6414 		1.2975
v -2.6427 		-2.081 		1.8243
v -2.865 		-2.6365 		1.3039
v -2.6199 		-1.7499 		2.3676
v -2.9795 		-2.2802 		1.0215
v -2.6909 		-1.9873 		1.7083
v -2.9764 		-2.8711 		0.8286
v -2.6145 		-1.7467 		2.3622
v -2.6914 		-1.9906 		1.7081
v -2.9756 		-2.8728 		0.8297
v -2.6913 		-1.9914 		1.6982
v -2.6914 		-1.991 		1.7039
v -2.9764 		-2.873 		0.8289
v -3.0094 		-1.4725 		1.8569
v -3.0109 		-1.474 		1.8569
v -2.9565 		-2.3575 		1.0388
v -2.9764 		-2.8757 		0.8299
v -2.6316 		-2.0836 		1.8363
v -2.627 		-1.7459 		2.3607
v -3.1235 		-2.0816 		1.0047
v -3.1132 		-2.1195 		0.9556
v -2.865 		-2.2406 		1.0565
v -3.1235 		-2.0984 		1.0118
v -2.6324 		-1.9941 		1.7348
v -3.0696 		-2.2857 		1.0565
v -2.6396 		-1.7487 		2.3659
v -3.0956 		-2.2671 		1.0565
v -2.9565 		-2.8727 		0.8302
v -2.9764 		-2.8776 		0.8306
v -2.9764 		-2.9158 		0.8466
v -2.6507 		-2.1169 		1.8246
v -2.9764 		-2.9412 		0.8573
v -2.7536 		-2.5052 		1.2063
v -2.7536 		-2.5054 		1.2066
v -2.7322 		-2.5051 		1.2067
v -2.6507 		-2.085 		1.8423
v -2.7735 		-2.5057 		1.2065
v -3.0642 		-2.2666 		1.0565
v -2.9565 		-2.9412 		0.8587
v -2.6464 		-2.0056 		1.7223
v -2.9995 		-1.4814 		1.8437
v -2.9995 		-1.4814 		1.8312
v -2.7536 		-2.5628 		1.2398
v -2.7427 		-2.563 		1.2401
v -2.6564 		-2.0953 		1.8301
v -2.6571 		-2.1045 		1.8241
v -2.9997 		-1.4819 		1.8356
v -2.6516 		-2.0025 		1.7176
v -2.7735 		-2.5623 		1.2394
v -2.6435 		-1.8114 		2.4742
v -2.6122 		-1.7969 		2.4494
v -2.7536 		-2.55 		1.2324
v -2.6562 		-2.0939 		1.831
v -2.6564 		-2.091 		1.8324
v -2.6567 		-2.0875 		1.834
v -2.7735 		-2.5261 		1.2183
v -3.0785 		-2.2569 		1.0565
v -2.6595 		-1.996 		1.7316
v -2.6302 		-1.7926 		2.4414
v -2.6586 		-1.9966 		1.7324
v -2.9706 		-2.3575 		1.0944
v -2.9521 		-2.3575 		1.0944
v -3.0009 		-2.4048 		1.1158
v -2.9565 		-2.8731 		0.8302
v -2.9249 		-2.8725 		0.8311
v -2.9676 		-2.8774 		0.8117
v -2.9565 		-2.8774 		0.8117
v -2.6575 		-2.0837 		1.8352
v -2.9764 		-2.9048 		0.8141
v -2.9764 		-2.9412 		0.8282
v -2.7832 		-2.6473 		1.2307
v -3.0015 		-2.8793 		0.806
v -2.6715 		-2.1016 		1.8357
v -2.6708 		-1.8007 		2.477
v -2.6589 		-2.0919 		1.8343
v -2.6709 		-1.8007 		2.477
v -2.7536 		-2.6223 		1.2082
v -3.1038 		-2.0816 		1.0067
v -2.6913 		-1.9927 		1.6818
v -2.9764 		-2.9021 		0.8131
v -2.9764 		-2.8795 		0.8043
v -2.6507 		-1.802 		2.4579
v -3.1038 		-2.0668 		1.0132
v -2.7735 		-2.6206 		1.2067
v -3.0941 		-2.1152 		0.9599
v -2.8369 		-2.6493 		1.2842
v -2.8282 		-2.6493 		1.2889
v -2.9847 		-1.3514 		1.8198
v -3.1038 		-2.0967 		1.0132
v -2.6868 		-1.7899 		2.4799
v -2.9819 		-2.4002 		1.1192
v -2.8642 		-2.6493 		1.2785
v -2.7175 		-2.1957 		1.8968
v -2.7034 		-2.211 		1.8736
v -3.0785 		-2.1893 		0.9531
v -2.8589 		-2.6523 		1.2816
v -3.0015 		-2.8212 		0.7969
v -2.8489 		-2.6507 		1.2809
v -3.0645 		-2.1711 		0.9705
v -2.6866 		-2.2059 		1.8451
v -2.8499 		-2.6587 		1.3031
v -3.0776 		-2.1643 		0.977
v -2.983 		-2.8209 		0.79
v -2.983 		-2.8811 		0.7989
v -2.7191 		-2.196 		1.8948
v -2.9796 		-1.3605 		1.803
v -2.6921 		-2.2047 		1.8436
v -2.6932 		-2.2044 		1.8458
v -2.7126 		-2.2083 		1.8241
v -2.7118 		-2.2081 		1.8248
v -2.7191 		-2.2022 		1.8594
v -2.8 		-2.6801 		1.26
v -2.7191 		-2.2083 		1.8241
v -2.9764 		-2.4305 		1.1179
v -2.9764 		-2.845 		0.7993
v -2.9764 		-2.8198 		0.7971
v -3.0203 		-1.4693 		1.8406
v -3.0209 		-1.47 		1.8405
v -3.0212 		-1.4711 		1.8405
v -2.9656 		-2.4176 		1.1144
v -2.9565 		-2.4176 		1.1144
v -2.9618 		-2.4176 		1.1144
v -2.9748 		-2.4087 		1.0992
v -2.9748 		-2.4089 		1.0944
v -2.9746 		-2.4059 		1.0944
v -2.962 		-2.4211 		1.1204
v -2.8094 		-2.667 		1.2483
v -2.9612 		-2.4059 		1.0944
v -2.9763 		-2.4305 		1.1399
v -2.9746 		-2.408 		1.1171
v -2.6416 		-2.0954 		1.8175
v -2.6409 		-2.1055 		1.8126
v -3.0366 		-1.46 		1.8622
v -2.641 		-2.1058 		1.8124
v -2.6319 		-2.1124 		1.8195
v -2.6422 		-2.0862 		1.8219
v -3.0203 		-1.4694 		1.8691
v -3.0241 		-1.4819 		1.8405
v -2.9764 		-2.8682 		0.7296
v -2.9763 		-2.9412 		0.7406
v -2.9763 		-2.9412 		0.7296
v -2.9565 		-2.9412 		0.7296
v -2.6404 		-2.1079 		1.8105
v -2.6398 		-2.1107 		1.8077
v -2.6367 		-2.1087 		1.8075
v -2.865 		-1.9894 		1.7231
v -2.8 		-2.7625 		1.1811
v -3.0169 		-1.4725 		1.8349
v -2.9565 		-2.381 		1.0944
v -2.865 		-1.9656 		1.7331
v -2.9764 		-2.4467 		1.164
v -2.9764 		-2.4494 		1.1674
v -2.9764 		-2.474 		1.1674
v -2.9764 		-2.473 		1.1661
v -2.7638 		-1.9899 		1.7169
v -2.9764 		-2.4355 		1.1448
v -3.0132 		-1.4734 		1.8434
v -2.9565 		-2.9582 		0.8657
v -2.9895 		-2.4612 		1.1517
v -3.0118 		-1.475 		1.8569
v -3.0137 		-1.4819 		1.8569
v -3.0126 		-1.4737 		1.8568
v -3.0845 		-2.1734 		0.969
v -2.9565 		-3.0201 		0.8713
v -2.9676 		-3.0201 		0.8713
v -2.7658 		-2.6548 		1.2372
v -2.9763 		-2.9943 		0.8498
v -2.9763 		-2.9598 		0.8353
v -2.9764 		-2.4617 		1.1519
v -2.9565 		-2.4624 		1.1522
v -3.0113 		-1.4744 		1.8569
v -2.9764 		-2.4318 		1.1092
v -2.9764 		-2.4322 		1.1035
v -2.9733 		-2.4353 		1.1084
v -3.0018 		-3.0193 		0.8593
v -3.0922 		-2.1774 		0.9724
v -3.1152 		-1.4144 		1.7776
v -3.101 		-1.4227 		1.7662
v -3.0979 		-2.1851 		0.9548
v -2.983 		-3.0224 		0.8533
v -3.0725 		-1.4392 		1.8198
v -2.865 		-1.9787 		1.7482
v -2.781 		-1.9879 		1.7425
v -2.865 		-1.9877 		1.7447
v -2.9762 		-3.0373 		0.8732
v -2.9763 		-3.0214 		0.8612
v -3.0634 		-1.4446 		1.803
v -2.6479 		-2.135 		1.7111
v -2.6474 		-2.1338 		1.7233
v -2.6516 		-2.1378 		1.7079
v -2.9804 		-1.4925 		1.8655
v -2.9764 		-2.4403 		1.1168
v -2.9976 		-1.5549 		1.8708
v -2.9835 		-1.5023 		1.8703
v -2.981 		-1.4931 		1.8704
v -2.9565 		-2.4359 		1.1088
v -2.9565 		-2.4472 		1.1273
v -2.9764 		-2.4322 		1.1035
v -2.6193 		-2.0785 		1.805
v -2.981 		-1.4931 		1.8605
v -2.9511 		-2.2118 		1.7425
v -2.9764 		-2.4329 		1.0944
v -2.6435 		-1.8915 		2.3946
v -3.1127 		-2.1466 		0.9984
v -2.9533 		-2.2117 		1.7459
v -2.9517 		-2.2118 		1.7434
v -2.976 		-3.0871 		0.7296
v -2.9515 		-2.2118 		1.7434
v -2.9698 		-1.4995 		1.8432
v -2.97 		-1.5001 		1.8432
v -2.9744 		-1.5169 		1.8432
v -2.6416 		-2.1161 		1.7972
v -2.9689 		-1.4987 		1.8432
v -2.9692 		-1.4989 		1.8432
v -2.9692 		-1.4998 		1.8523
v -2.969 		-1.499 		1.8463
v -2.9565 		-3.0871 		0.7296
v -2.6361 		-1.9012 		2.3616
v -2.9692 		-1.4999 		1.8529
v -2.9742 		-1.5184 		1.8532
v -2.9744 		-1.4865 		1.8585
v -2.6324 		-2.1463 		1.7252
v -2.6102 		-2.0862 		1.7685
v -2.6282 		-2.1172 		1.7708
v -2.633 		-2.164 		1.7254
v -3.0941 		-2.1397 		1.0007
v -2.6122 		-1.8747 		2.3716
v -2.9565 		-2.4467 		1.164
v -2.6324 		-1.8924 		2.3812
v -2.9833 		-2.4467 		1.164
v -2.9764 		-2.4328 		1.1423
v -2.969 		-1.499 		1.8432
v -2.6624 		-2.1437 		1.722
v -2.6595 		-2.1437 		1.722
v -3.0776 		-2.0816 		0.8978
v -3.0645 		-2.1332 		0.9078
v -3.0645 		-2.0816 		0.8847
v -3.0776 		-2.1295 		0.9189
v -2.6507 		-2.158 		1.7326
v -2.6441 		-1.8781 		2.3736
v -2.6507 		-2.1514 		1.732
v -2.993 		-2.2318 		1.5824
v -2.6302 		-1.867 		2.367
v -2.9702 		-1.4993 		1.8369
v -2.9676 		-2.8047 		0.5848
v -3.0015 		-2.807 		0.596
v -2.9249 		-2.3438 		1.4738
v -2.9246 		-2.3444 		1.4595
v -3.0095 		-1.5184 		1.8356
v -3.0057 		-1.5046 		1.8356
v -2.9998 		-1.4824 		1.8356
v -2.983 		-2.8127 		0.6002
v -2.9764 		-2.8093 		0.5937
v -2.9764 		-2.8113 		0.5899
v -2.6449 		-2.126 		1.7775
v -3.0035 		-2.4079 		1.0257
v -2.9764 		-2.8146 		0.5837
v -2.6443 		-2.1278 		1.7716
v -2.6436 		-2.1224 		1.7848
v -2.7129 		-2.162 		1.7243
v -2.7172 		-2.1492 		1.7227
v -2.6703 		-2.1489 		1.7227
v -2.981 		-1.4931 		1.8523
v -2.6595 		-2.162 		1.7243
v -2.719 		-1.9071 		2.3798
v -2.7187 		-1.9086 		2.3783
v -2.9844 		-2.4025 		1.0235
v -2.7172 		-1.9197 		2.3667
v -2.9814 		-1.4946 		1.8585
v -2.981 		-1.4931 		1.8585
v -2.9804 		-1.4925 		1.8585
v -2.9799 		-1.4928 		1.8585
v -2.6558 		-1.8986 		2.3887
v -2.9878 		-1.5184 		1.8585
v -2.9795 		-1.4916 		1.8585
v -2.9764 		-2.4367 		1.0391
v -2.9764 		-2.4367 		1.0384
v -2.9565 		-2.8037 		0.5839
v -2.6583 		-2.1115 		1.8187
v -2.6561 		-2.1216 		1.8087
v -2.6579 		-2.1271 		1.7977
v -2.9762 		-2.437 		1.0386
v -2.6595 		-2.1318 		1.7883
v -2.9764 		-2.4471 		1.0215
v -2.9764 		-2.4371 		1.0378
v -2.6709 		-2.1315 		1.8095
v -2.9565 		-2.4482 		1.0215
v -2.9565 		-2.4377 		1.0387
v -2.9764 		-2.4366 		1.0395
v -2.7147 		-2.1896 		1.7424
v -2.8763 		-2.2556 		1.4592
v -2.7124 		-2.1877 		1.7387
v -2.9749 		-1.5184 		1.8432
v -2.7095 		-2.1849 		1.7331
v -2.9565 		-2.4365 		1.0843
v -2.9445 		-3.2271 		0.8319
v -2.9174 		-2.3566 		1.4604
v -2.6595 		-2.1366 		1.7816
v -3.0109 		-1.5239 		1.8356
v -3.0024 		-3.1507 		0.8157
v -2.9565 		-2.4376 		1.0388
v -2.712 		-2.191 		1.74
v -2.8901 		-2.3555 		1.4738
v -2.9844 		-1.5549 		1.8467
v -2.9249 		-2.4387 		1.0389
v -2.9565 		-2.4196 		1.0332
v -2.9676 		-2.4196 		1.0332
v -2.983 		-1.5513 		1.8537
v -2.8955 		-2.3562 		1.4604
v -2.7137 		-2.2079 		1.738
v -2.9839 		-1.5549 		1.8536
v -2.9754 		-2.4108 		1.0476
v -2.975 		-2.4095 		1.078
v -2.9976 		-1.5549 		1.8585
v -3.0158 		-2.2119 		1.5732
v -2.7159 		-2.1646 		1.7298
v -2.997 		-3.1897 		0.8063
v -2.9764 		-2.4214 		1.0215
v -2.9755 		-2.4113 		1.034
v -2.9756 		-2.4115 		1.0286
v -2.976 		-2.416 		1.0215
v -2.7181 		-2.1491 		1.7238
v -2.9143 		-2.3652 		1.5342
v -2.9987 		-3.2008 		0.8037
v -2.9308 		-2.4131 		1.5393
v -2.6629 		-2.1366 		1.7816
v -2.6595 		-2.1377 		1.7727
v -2.6595 		-2.1379 		1.7706
v -2.6595 		-1.8832 		2.3767
v -2.9846 		-1.5549 		1.8432
v -3.0845 		-2.0816 		0.8835
v -2.6507 		-1.8889 		2.3556
v -2.6595 		-2.1378 		1.7725
v -2.6524 		-2.1725 		1.7089
v -2.7005 		-2.1629 		1.7084
v -2.7191 		-1.9069 		2.3801
v -2.7047 		-2.1528 		1.7081
v -2.704 		-2.1503 		1.708
v -2.9921 		-1.5856 		1.8769
v -2.9986 		-1.5589 		1.8708
v -2.7006 		-2.1631 		1.7084
v -2.999 		-1.56 		1.8775
v -2.6703 		-2.1501 		1.7082
v -2.9029 		-2.3854 		1.541
v -2.6507 		-1.877 		2.383
v -2.7044 		-2.1727 		1.7087
v -2.6977 		-2.156 		1.7006
v -2.9847 		-1.56 		1.8624
v -2.9847 		-1.5598 		1.8605
v -2.9811 		-1.5734 		1.8625
v -2.6969 		-2.1508 		1.7011
v -2.9688 		-1.6199 		1.8605
v -2.969 		-1.619 		1.861
v -3.0218 		-2.4433 		1.1657
v -2.9812 		-1.6261 		1.8764
v -2.981 		-1.627 		1.8817
v -2.9913 		-1.5886 		1.8769
v -2.9854 		-1.6107 		1.8764
v -2.7434 		-1.8097 		2.4746
v -2.7453 		-1.8066 		2.4702
v -2.7382 		-1.8096 		2.4746
v -2.7453 		-1.8097 		2.4746
v -2.7675 		-1.8096 		2.4746
v -2.981 		-1.627 		1.8605
v -2.9915 		-3.2299 		0.7918
v -2.6316 		-2.1392 		1.7827
v -2.7367 		-1.8114 		2.4742
v -2.729 		-1.8365 		2.4496
v -2.633 		-2.1953 		1.7901
v -2.7286 		-1.8377 		2.4484
v -2.9684 		-1.6197 		1.8681
v -2.9809 		-2.2484 		1.0215
v -3.0004 		-2.2503 		1.0215
v -2.9441 		-2.4487 		1.0215
v -2.938 		-2.4305 		1.0215
v -2.9565 		-2.4305 		1.0215
v -2.9411 		-2.451 		1.5368
v -2.938 		-2.449 		1.0215
v -3.1135 		-2.0816 		0.9397
v -2.9829 		-2.2737 		0.9801
v -2.9838 		-2.2686 		0.9485
v -2.9459 		-3.2464 		0.8265
v -3.0037 		-2.2685 		0.9485
v -3.0026 		-2.2747 		0.9869
v -3.002 		-2.2774 		1.0034
v -3.0939 		-2.0816 		0.8864
v -3.003 		-2.2492 		0.9485
v -3.003 		-2.2501 		0.9545
v -2.9308 		-2.4889 		1.5342
v -2.6507 		-2.1862 		1.7918
v -2.6965 		-2.1547 		1.6532
v -2.9851 		-1.5568 		1.8432
v -2.9857 		-1.5589 		1.8432
v -2.986 		-1.56 		1.8432
v -2.6507 		-2.1452 		1.785
v -2.9856 		-1.5613 		1.8432
v -2.999 		-1.56 		1.8523
v -3.0933 		-2.1378 		0.91
v -2.985 		-1.5589 		1.8535
v -2.9975 		-1.5589 		1.8585
v -2.9986 		-1.5589 		1.8585
v -2.9834 		-2.2492 		0.9485
v -2.9984 		-1.5621 		1.8585
v -2.9921 		-1.5856 		1.8585
v -2.999 		-1.56 		1.8585
v -2.6595 		-2.1948 		1.7936
v -2.9911 		-2.239 		0.9485
v -3.0941 		-2.0816 		0.9451
v -3.0845 		-2.1338 		0.9058
v -2.9833 		-2.2465 		0.9485
v -2.9983 		-2.2319 		0.9728
v -2.9991 		-2.2314 		0.9485
v -2.7196 		-2.149 		1.7255
v -2.7142 		-2.2085 		1.8226
v -2.7189 		-2.2092 		1.8183
v -2.9823 		-2.275 		0.9879
v -2.7191 		-2.2092 		1.8184
v -2.7191 		-2.2087 		1.8212
v -2.7241 		-2.193 		1.7492
v -2.985 		-1.5589 		1.8432
v -3.0981 		-2.1417 		0.8801
v -2.7766 		-2.2109 		1.7433
v -2.9565 		-2.3194 		0.9485
v -2.7709 		-2.2085 		1.7432
v -2.9637 		-2.3575 		0.9485
v -2.7708 		-2.2082 		1.7432
v -2.9363 		-2.4088 		1.5202
v -2.9975 		-2.2327 		0.9485
v -2.9499 		-2.2845 		0.9485
v -2.9657 		-2.2845 		0.9485
v -2.9717 		-2.3575 		0.9485
v -3.0161 		-3.1843 		0.8077
v -2.9186 		-2.2409 		0.9011
v -2.938 		-2.2405 		0.9005
v -3.0175 		-3.2074 		0.802
v -2.906 		-2.3789 		1.5222
v -2.8871 		-2.2418 		0.9026
v -2.9177 		-2.4199 		1.5259
v -2.9851 		-1.5633 		1.8432
v -2.9776 		-1.5914 		1.8432
v -2.6703 		-2.1449 		1.773
v -2.9848 		-1.5596 		1.8591
v -2.9919 		-1.5863 		1.8585
v -2.7191 		-2.1996 		1.8241
v -2.8955 		-2.3977 		1.5274
v -2.7191 		-2.2029 		1.8241
v -2.7191 		-2.1991 		1.8274
v -2.9905 		-1.5914 		1.8585
v -2.8378 		-2.1496 		1.7262
v -2.7191 		-2.2096 		1.8241
v -3.0785 		-2.1437 		0.8773
v -2.7698 		-2.1033 		1.8343
v -2.9844 		-2.2654 		0.9285
v -2.9844 		-2.2602 		0.8963
v -3.0042 		-2.2616 		0.9055
v -3.0044 		-2.2633 		0.916
v -3.0043 		-2.2655 		0.9296
v -3.0038 		-2.2683 		0.9469
v -2.77 		-2.1386 		1.8362
v -2.7697 		-2.1016 		1.8357
v -2.7701 		-2.1386 		1.8241
v -2.9844 		-2.2547 		0.8869
v -3.0041 		-2.2596 		0.8951
v -2.9319 		-2.3798 		1.4738
v -2.7702 		-2.1866 		1.8764
v -2.7703 		-2.1907 		1.8673
v -2.7383 		-2.2004 		1.8704
v -2.9844 		-2.2592 		0.8755
v -2.7507 		-1.8257 		2.4727
v -2.987 		-2.2603 		0.8755
v -2.729 		-2.2013 		1.8646
v -2.9909 		-2.2394 		0.8987
v -2.9844 		-2.2395 		0.8989
v -2.9844 		-2.2397 		0.8755
v -2.9959 		-2.2346 		0.8907
v -2.9358 		-2.383 		1.4604
v -3.0038 		-2.228 		0.8796
v -3.0014 		-2.23 		0.883
v -2.7703 		-2.1877 		1.8511
v -2.763 		-2.1885 		1.8526
v -2.7325 		-2.1965 		1.832
v -2.9844 		-2.2477 		0.8755
v -2.7246 		-2.2039 		1.8241
v -2.7704 		-2.1899 		1.8384
v -2.7705 		-2.192 		1.8241
v -2.865 		-1.7986 		2.4588
v -2.8614 		-1.7986 		2.4588
v -2.7946 		-1.8096 		2.4746
v -2.8134 		-1.7986 		2.4588
v -2.7703 		-2.1895 		1.8632
v -3.0041 		-2.26 		0.8958
v -2.8037 		-1.8377 		2.4484
v -2.7999 		-1.8297 		2.4562
v -2.7997 		-1.8295 		2.4565
v -2.7952 		-1.8205 		2.4653
v -3.0041 		-2.2596 		0.8951
v -2.7706 		-2.2072 		1.8307
v -2.7706 		-2.2063 		1.8365
v -2.7635 		-2.2034 		1.854
v -2.8041 		-1.802 		2.4579
v -2.756 		-2.2083 		1.8241
v -2.7707 		-2.2083 		1.8241
v -3.0038 		-2.228 		0.8795
v -2.7483 		-2.2083 		1.8241
v -2.9363 		-2.4057 		1.4738
v -2.914 		-2.3618 		1.4738
v -2.7102 		-2.1928 		1.5673
v -3.0046 		-2.2273 		0.8784
v -2.914 		-2.3611 		1.4604
v -2.7951 		-1.8096 		2.4746
v -2.7954 		-1.8205 		2.4653
v -2.6986 		-2.1643 		1.5332
v -2.9858 		-3.1843 		0.6977
v -2.906 		-2.3756 		1.4738
v -2.7706 		-2.207 		1.8337
v -2.7707 		-2.2096 		1.8241
v -2.7704 		-2.2028 		1.8579
v -2.9685 		-2.3877 		1.4738
v -2.9679 		-2.388 		1.4595
v -3.0024 		-3.0974 		0.6159
v -3.0067 		-2.2256 		0.8755
v -2.9556 		-2.3951 		1.4604
v -2.9844 		-2.2418 		0.9026
v -2.983 		-3.1017 		0.6148
v -2.9975 		-3.129 		0.6045
v -3.0583 		-1.9197 		0.8697
v -2.7017 		-2.1701 		1.4602
v -3.0012 		-3.1424 		0.6031
v -3.0508 		-1.8795 		0.7701
v -2.7005 		-2.1679 		1.4885
v -2.9844 		-2.2437 		0.9143
v -3.0031 		-2.2459 		0.9282
v -3.0044 		-2.25 		0.9192
v -2.9519 		-3.1826 		0.592
v -2.7705 		-2.1893 		1.8241
v -2.7883 		-2.1893 		1.8241
v -2.8638 		-2.1825 		1.8628
v -2.7993 		-2.185 		1.8484
v -2.7924 		-2.1861 		1.8421
v -2.8565 		-2.1827 		1.8614
v -2.7924 		-2.1853 		1.8468
v -2.8416 		-2.1816 		1.8363
v -2.8051 		-2.1839 		1.8443
v -2.9505 		-2.4011 		1.5319
v -2.865 		-1.8095 		2.4747
v -2.8548 		-1.8095 		2.4747
v -2.86 		-1.8205 		2.4653
v -2.865 		-1.8205 		2.4653
v -2.9499 		-2.3977 		1.4738
v -2.9496 		-3.1632 		0.5971
v -2.9561 		-2.421 		1.4738
v -2.9498 		-2.397 		1.4604
v -2.8214 		-2.1844 		1.8241
v -2.9574 		-2.4256 		1.4604
v -3.0393 		-1.9197 		0.8697
v -2.9414 		-2.4255 		1.4738
v -2.5848 		-1.7245 		1.4242
v -2.9363 		-2.4909 		1.5148
v -2.9363 		-2.4881 		1.4738
v -2.9844 		-2.2765 		0.8755
v -2.9844 		-2.2682 		0.8755
v -2.9844 		-2.2515 		0.9189
v -2.9839 		-2.2684 		0.947
v -2.8955 		-2.5028 		1.5202
v -3.0161 		-3.1222 		0.6065
v -3.0206 		-3.1467 		0.6022
v -2.9837 		-2.2396 		0.8989
v -2.982 		-2.2395 		0.9124
v -2.9177 		-2.4806 		1.5219
v -2.6022 		-1.7145 		1.4239
v -2.7216 		-2.2091 		1.8188
v -2.9838 		-2.2418 		0.9026
v -2.7275 		-1.8468 		2.4395
v -2.9828 		-2.2437 		0.9147
v -2.926 		-2.4501 		1.5239
v -2.7282 		-1.839 		2.4471
v -2.7359 		-1.8356 		2.4422
v -2.9844 		-2.2601 		0.8958
v -2.9809 		-2.2477 		0.8755
v -2.9864 		-1.56 		1.8369
v -2.9811 		-2.2396 		0.899
v -2.7348 		-2.1976 		1.7583
v -2.9817 		-2.2418 		0.9026
v -2.7282 		-1.839 		2.4471
v -2.9636 		-2.4504 		1.5285
v -2.9505 		-2.4997 		1.5254
v -2.9698 		-1.6205 		1.8432
v -2.7366 		-2.1977 		1.7583
v -2.9744 		-1.6032 		1.8432
v -2.9707 		-1.617 		1.8432
v -2.9701 		-1.6196 		1.8432
v -2.9682 		-1.6221 		1.8432
v -2.9796 		-2.2398 		0.8755
v -2.806 		-1.8468 		2.4395
v -2.8055 		-1.8415 		2.4446
v -2.969 		-1.619 		1.8432
v -2.7989 		-1.8307 		2.4292
v -2.8037 		-1.8468 		2.4127
v -2.9454 		-2.2403 		0.9002
v -2.9471 		-2.4498 		1.5177
v -2.7985 		-1.8285 		2.4315
v -2.8002 		-1.8195 		2.4404
v -2.7326 		-2.1774 		1.7569
v -2.8013 		-1.8132 		2.4467
v -2.9844 		-2.4473 		1.4738
v -2.9702 		-1.6207 		1.8369
v -2.865 		-1.7926 		2.4502
v -2.9838 		-2.4473 		1.4595
v -2.865 		-1.8208 		2.42
v -2.865 		-2.6012 		0.5429
v -2.8003 		-2.6074 		0.5529
v -2.865 		-1.8345 		2.4348
v -2.9696 		-2.4473 		1.4604
v -2.6789 		-1.8753 		1.3806
v -2.865 		-1.8123 		2.4536
v -3.0109 		-1.5941 		1.8356
v -2.9556 		-2.4997 		1.4604
v -2.7248 		-1.8792 		2.4078
v -2.963 		-2.4468 		1.4738
v -2.9572 		-2.4688 		1.4738
v -2.865 		-1.6909 		2.0432
v -2.95 		-2.496 		1.4738
v -2.865 		-1.6279 		2.0429
v -2.981 		-1.627 		1.8523
v -2.9663 		-2.2845 		0.8755
v -2.9557 		-2.2845 		0.8755
v -2.9628 		-2.446 		1.4604
v -2.9499 		-2.495 		1.4604
v -2.9556 		-2.4733 		1.4604
v -2.9799 		-1.6253 		1.8585
v -2.7442 		-1.8488 		2.4548
v -2.981 		-1.627 		1.8584
v -2.9812 		-1.6261 		1.8585
v -2.9822 		-1.6225 		1.8585
v -2.865 		-1.9927 		2.269
v -2.865 		-1.9927 		2.2908
v -3.0959 		-2.2429 		0.9075
v -2.9422 		-2.4656 		1.4738
v -2.9471 		-2.4469 		1.4738
v -2.8056 		-1.8792 		2.4078
v -2.808 		-1.8674 		2.4193
v -2.8052 		-1.8515 		2.4078
v -2.8094 		-2.6166 		0.568
v -2.865 		-2.6117 		0.5598
v -3.0294 		-1.8621 		0.5937
v -2.9029 		-2.5168 		1.5325
v -2.7245 		-1.8826 		2.4044
v -2.7243 		-1.8847 		2.4023
v -2.7339 		-1.8855 		2.3909
v -2.7034 		-1.8428 		1.4242
v -2.7206 		-1.8986 		2.3887
v -2.7225 		-1.8908 		2.3964
v -2.9143 		-2.5359 		1.5228
v -2.7658 		-2.6254 		0.582
v -3.0785 		-2.2335 		0.9106
v -3.0226 		-1.8807 		0.5965
v -3.0702 		-2.2597 		0.8958
v -2.906 		-2.5208 		1.5128
v -3.0642 		-2.2418 		0.9026
v -2.7413 		-1.8995 		2.4032
v -2.7518 		-1.8557 		1.4242
v -2.798 		-1.8986 		2.3887
v -2.8031 		-1.8918 		2.3954
v -2.8289 		-1.8764 		1.4242
v -2.9249 		-2.5507 		1.4738
v -2.7868 		-1.9197 		2.3667
v -2.9246 		-2.5504 		1.4595
v -2.7536 		-2.7899 		0.5749
v -2.9174 		-2.5379 		1.4604
v -2.865 		-1.8861 		1.4242
v -2.7131 		-1.8257 		1.4239
v -2.8307 		-1.857 		1.4239
v -2.8055 		-1.8768 		2.3816
v -2.7908 		-1.9056 		2.3517
v -2.7807 		-1.9197 		2.3378
v -2.8059 		-1.854 		2.4051
v -2.7536 		-2.7953 		0.5645
v -2.9348 		-2.5113 		1.4738
v -2.9141 		-2.5321 		1.4738
v -2.894 		-2.5374 		1.4738
v -2.7536 		-2.785 		0.5253
v -3.0503 		-1.8804 		0.5977
v -2.9565 		-2.4305 		1.0155
v -2.914 		-2.5311 		1.4604
v -2.9307 		-2.5143 		1.4604
v -2.8884 		-2.5379 		1.4604
v -2.9764 		-2.4305 		1.0007
v -2.9764 		-2.4207 		1.0142
v -2.6353 		-2.0651 		2.5696
v -3.0437 		-1.5549 		1.8404
v -3.0262 		-1.49 		1.8405
v -2.8892 		-2.5228 		1.4738
v -2.6507 		-2.0548 		2.5622
v -2.938 		-2.4305 		1.0155
v -2.9194 		-2.4983 		0.9706
v -2.9249 		-2.498 		0.9705
v -2.9251 		-2.4981 		0.9705
v -2.906 		-2.5182 		1.4738
v -2.938 		-2.4973 		0.97
v -2.938 		-2.4978 		0.9703
v -2.938 		-2.4984 		0.9698
v -2.938 		-2.4663 		0.9935
v -2.938 		-2.475 		0.9871
v -2.6036 		-1.9374 		2.5882
v -2.938 		-2.4524 		0.9799
v -2.9685 		-2.5071 		1.4738
v -2.9679 		-2.5068 		1.4595
v -3.0334 		-1.8909 		0.5985
v -2.938 		-2.4994 		0.9496
v -2.938 		-2.4987 		0.9707
v -3.0193 		-1.5549 		1.8356
v -2.6233 		-1.94 		2.5847
v -2.938 		-2.4999 		0.9694
v -2.938 		-2.5006 		0.9694
v -2.6719 		-1.9197 		1.2434
v -2.6728 		-1.9132 		1.2327
v -2.6739 		-1.9053 		1.2199
v -2.9764 		-2.4641 		0.9935
v -2.9764 		-2.4649 		0.9922
v -2.9759 		-2.4652 		0.9927
v -3.0184 		-1.4995 		1.8569
v -3.0333 		-1.5549 		1.8569
v -2.6742 		-1.9037 		1.2173
v -2.9764 		-2.4736 		0.985
v -2.6598 		-1.9038 		1.2173
v -2.9565 		-2.4768 		0.985
v -2.9565 		-2.4658 		0.9931
v -2.9676 		-2.2468 		1.4592
v -2.5977 		-1.9975 		2.5044
v -2.9578 		-2.2343 		1.4592
v -2.9565 		-2.4552 		1.0102
v -2.7735 		-2.7864 		0.5273
v -2.9565 		-2.4492 		0.985
v -2.6176 		-1.9978 		2.5041
v -2.7735 		-2.7878 		0.5729
v -2.8003 		-2.7377 		0.4637
v -2.6789 		-1.8767 		1.1819
v -2.8062 		-1.9237 		2.6124
v -2.9764 		-2.4405 		0.985
v -2.9764 		-2.4331 		0.9971
v -3.0132 		-1.5325 		1.8575
v -2.865 		-2.7303 		0.4543
v -3.0032 		-2.4501 		0.9693
v -2.7339 		-2.1121 		2.6147
v -2.981 		-2.2595 		1.4222
v -2.865 		-2.1386 		2.1159
v -2.9844 		-2.4453 		0.9645
v -2.7413 		-2.0964 		2.605
v -2.9987 		-2.2803 		1.4074
v -2.9565 		-2.4524 		0.9799
v -2.9565 		-2.4669 		0.9705
v -2.9594 		-1.8626 		0.5934
v -2.9489 		-1.8655 		0.5844
v -2.9676 		-2.4524 		0.9799
v -2.865 		-1.7727 		2.029
v -2.865 		-2.7425 		0.4703
v -2.8847 		-1.8827 		0.5965
v -2.9618 		-1.8617 		0.7179
v -3.0631 		-1.5589 		1.8625
v -2.965 		-2.2515 		1.4136
v -2.714 		-1.9494 		2.3348
v -2.717 		-1.9211 		2.3652
v -2.8838 		-1.8632 		0.5932
v -3.0443 		-1.5589 		1.8691
v -2.986 		-2.2615 		1.3863
v -2.9702 		-2.2618 		1.3863
v -2.6353 		-1.9311 		2.438
v -2.9764 		-2.4669 		0.96
v -2.9764 		-2.4487 		0.9718
v -2.9633 		-2.2349 		1.3863
v -2.9652 		-2.2349 		1.3863
v -2.6723 		-1.9149 		1.1683
v -2.6717 		-1.9197 		1.198
v -2.6507 		-1.9411 		2.4457
v -3.0656 		-1.9605 		0.8168
v -3.065 		-1.9573 		0.8082
v -3.0651 		-1.9575 		0.8079
v -3.1452 		-1.6604 		2.3185
v -3.0641 		-1.9524 		0.8513
v -3.0642 		-1.9529 		0.8505
v -3.036 		-1.5589 		1.8434
v -3.0354 		-1.5589 		1.8568
v -3.0645 		-1.9542 		0.8132
v -3.0338 		-1.557 		1.8569
v -3.0343 		-1.5589 		1.8569
v -3.0656 		-1.9607 		0.8026
v -2.8094 		-2.7485 		0.478
v -3.0656 		-1.9606 		0.8029
v -3.0652 		-1.9578 		0.8074
v -3.0656 		-1.9605 		0.8029
v -2.7658 		-2.7585 		0.4911
v -2.9935 		-2.4937 		0.965
v -2.9174 		-2.3564 		1.445
v -2.6948 		-1.9036 		1.2173
v -2.6924 		-1.9197 		1.2435
v -2.9764 		-2.4812 		0.9787
v -3.1452 		-1.6909 		2.3268
v -3.0345 		-1.5597 		1.8569
v -2.7747 		-1.9424 		2.3431
v -2.7832 		-2.7645 		0.4988
v -3.1255 		-1.6626 		2.3146
v -2.8334 		-1.8781 		1.1933
v -3.1255 		-1.6909 		2.3222
v -3.0439 		-1.9436 		0.8306
v -3.0309 		-1.56 		1.8523
v -2.9479 		-2.3036 		1.4527
v -3.0344 		-1.5601 		1.8569
v -2.6376 		-2.1617 		2.4231
v -3.028 		-1.5842 		1.8569
v -2.9736 		-2.4971 		0.9692
v -2.9743 		-2.4965 		0.9688
v -2.9736 		-2.4977 		0.9687
v -2.9764 		-2.4972 		0.969
v -3.1452 		-1.6296 		2.2655
v -2.9764 		-2.4968 		0.9688
v -2.6507 		-2.1466 		2.4231
v -2.9685 		-2.4957 		0.969
v -2.9411 		-2.3153 		1.4382
v -3.1452 		-1.6378 		2.296
v -2.9724 		-2.497 		0.9693
v -2.865 		-1.9029 		1.2173
v -2.9297 		-2.6074 		0.5529
v -2.8352 		-1.8587 		1.1926
v -2.9519 		-2.2988 		1.4339
v -3.0261 		-1.5914 		1.8569
v -2.9206 		-2.6166 		0.568
v -2.9579 		-2.2937 		1.4307
v -2.9642 		-2.6254 		0.582
v -2.5997 		-2.0987 		2.3661
v -2.9565 		-2.4964 		0.9694
v -2.9565 		-2.4972 		0.9699
v -3.0434 		-1.9408 		0.8708
v -3.1255 		-1.6418 		2.2937
v -2.9764 		-2.4924 		0.9694
v -3.0459 		-1.9607 		0.8026
v -2.6176 		-2.0924 		2.3727
v -3.0458 		-1.9616 		0.8359
v -2.9565 		-2.4974 		0.9692
v -2.9764 		-2.4928 		0.9691
v -2.9565 		-2.4982 		0.9691
v -2.9534 		-2.2945 		1.4114
v -2.9451 		-2.3088 		1.4179
v -2.6202 		-2.1016 		2.3502
v -2.9764 		-2.4967 		0.9658
v -2.9764 		-2.4971 		0.9682
v -3.152 		-1.6843 		2.2895
v -3.152 		-1.6675 		2.2687
v -2.9744 		-2.4964 		0.9688
v -2.9759 		-2.4951 		0.9678
v -2.9764 		-2.4951 		0.9678
v -2.6364 		-2.0505 		1.3891
v -3.1321 		-1.6698 		2.2684
v -3.1321 		-1.6968 		2.2875
v -2.6279 		-2.042 		1.4259
v -2.983 		-2.2877 		1.3974
v -2.9764 		-2.4947 		0.9675
v -2.637 		-2.0944 		2.3582
v -3.1175 		-1.7672 		2.3097
v -2.6713 		-2.0135 		1.4236
v -2.6727 		-2.0266 		1.3871
v -2.9764 		-2.4931 		0.9688
v -3.1452 		-1.7214 		2.3185
v -3.0203 		-1.5589 		1.8437
v -2.6703 		-2.0135 		1.4236
v -2.6706 		-2.0266 		1.3871
v -2.9588 		-2.2389 		1.3863
v -2.9728 		-2.2356 		1.3133
v -2.9859 		-2.2524 		1.3133
v -2.6567 		-2.1608 		2.4023
v -3.1452 		-1.7521 		2.2655
v -2.9565 		-2.4868 		0.9775
v -2.9684 		-2.4969 		0.9697
v -2.9701 		-2.4969 		0.9695
v -2.9565 		-2.4976 		0.9701
v -3.0406 		-1.56 		1.8349
v -2.9565 		-2.4991 		0.969
v -3.02 		-1.56 		1.8356
v -3.0203 		-1.5589 		1.8356
v -2.9853 		-2.2353 		1.3133
v -3.0655 		-1.96 		0.8406
v -3.0653 		-1.9826 		0.8026
v -3.0116 		-1.5914 		1.8356
v -3.0139 		-1.5831 		1.8356
v -3.0654 		-1.9678 		0.8274
v -3.0145 		-1.5806 		1.8356
v -3.0655 		-1.9602 		0.8403
v -2.6678 		-2.1443 		2.4043
v -3.0365 		-1.5914 		1.8403
v -3.0398 		-1.5791 		1.8403
v -3.152 		-1.7142 		2.2687
v -3.0449 		-1.5598 		1.8403
v -2.9764 		-2.7899 		0.5749
v -3.0449 		-1.5597 		1.8403
v -2.9764 		-2.7953 		0.5647
v -3.0448 		-1.5589 		1.8404
v -2.9764 		-2.5034 		0.9725
v -3.1255 		-1.7399 		2.2937
v -2.9764 		-2.5014 		0.9715
v -3.1321 		-1.7122 		2.2684
v -3.0454 		-2.3444 		1.4057
v -3.0275 		-2.3541 		1.4282
v -2.9565 		-2.5034 		0.9731
v -2.7353 		-2.205 		2.4628
v -2.6921 		-2.0266 		1.3871
v -2.6908 		-2.0135 		1.4236
v -3.0203 		-1.5589 		1.8312
v -3.1175 		-1.6467 		2.1892
v -2.6892 		-2.0034 		1.4072
v -2.7413 		-2.1862 		2.4602
v -3.1452 		-1.6909 		2.2043
v -2.9764 		-2.785 		0.5253
v -2.9565 		-2.5034 		0.9517
v -2.9565 		-2.4971 		0.9511
v -2.9565 		-2.4994 		0.9496
v -2.7462 		-2.2002 		2.4385
v -2.9565 		-2.4808 		0.9616
v -2.9565 		-2.4968 		0.9513
v -3.152 		-1.678 		2.243
v -2.9565 		-2.7864 		0.5273
v -2.6687 		-1.9756 		1.3345
v -2.6689 		-1.9893 		1.3233
v -2.669 		-1.9927 		1.3248
v -2.6692 		-1.9927 		1.3441
v -2.6689 		-1.9824 		1.3395
v -2.6688 		-1.9773 		1.3373
v -3.1255 		-1.6418 		2.237
v -3.0785 		-1.9941 		0.8037
v -2.9565 		-2.7878 		0.5729
v -3.1321 		-1.6849 		2.2436
v -2.751 		-2.1808 		2.4382
v -2.9297 		-2.7377 		0.4637
v -3.0289 		-2.3526 		1.398
v -2.9487 		-2.4984 		0.9693
v -3.152 		-1.7037 		2.243
v -2.6687 		-1.9755 		1.3344
v -2.9676 		-2.4994 		0.9496
v -2.9764 		-2.5034 		0.9513
v -2.9764 		-2.5029 		0.951
v -3.1255 		-1.7399 		2.237
v -3.0653 		-1.9927 		0.7687
v -3.0653 		-1.9923 		0.7689
v -2.6589 		-1.9773 		1.3373
v -2.6686 		-1.9738 		1.3316
v -3.0656 		-1.9608 		0.8025
v -2.6676 		-1.9626 		1.3133
v -3.0654 		-1.9801 		0.7742
v -3.0655 		-1.9773 		0.7755
v -3.0711 		-1.9773 		0.7755
v -3.0459 		-1.9608 		0.8025
v -3.0461 		-1.962 		0.8005
v -3.1321 		-1.7025 		2.245
v -2.9764 		-2.5016 		0.9485
v -2.9206 		-2.7485 		0.478
v -2.9137 		-2.3586 		1.4159
v -2.9642 		-2.7585 		0.4911
v -2.6672 		-1.9545 		1.3532
v -2.9468 		-2.7645 		0.4988
v -2.8713 		-1.6894 		2.8635
v -2.8713 		-1.6872 		2.8635
v -3.154 		-1.5589 		1.7776
v -2.8679 		-1.6929 		2.8635
v -2.8656 		-1.6929 		2.8635
v -2.8701 		-1.6849 		2.8635
v -2.8701 		-1.6914 		2.8635
v -2.6878 		-1.9773 		1.3373
v -2.6876 		-1.9722 		1.3289
v -2.8679 		-1.6837 		2.8635
v -2.6874 		-1.967 		1.3207
v -2.6882 		-1.9908 		1.3433
v -2.6872 		-1.9625 		1.3133
v -2.8656 		-1.6837 		2.8635
v -3.1175 		-1.735 		2.1892
v -3.0458 		-1.9773 		0.7755
v -3.1378 		-1.5589 		1.7662
v -3.0454 		-1.9903 		0.7697
v -2.688 		-1.9893 		1.3233
v -3.1175 		-1.7672 		2.2214
v -3.0453 		-1.9927 		0.7686
v -3.0453 		-1.9893 		0.7898
v -2.6883 		-1.9921 		1.344
v -3.0004 		-1.6524 		2.8965
v -2.6883 		-1.9927 		1.3442
v -3.1044 		-1.5589 		1.8198
v -2.9205 		-1.9197 		2.3299
v -3.1195 		-1.8009 		2.3291
v -3.1101 		-1.7929 		2.3245
v -2.9943 		-2.4878 		0.9495
v -3.0939 		-1.5589 		1.803
v -2.9764 		-2.471 		0.9574
v -2.6658 		-1.9893 		1.3233
v -2.6687 		-1.9833 		1.3133
v -3.0642 		-1.9893 		0.7898
v -3.0086 		-2.3643 		1.4527
v -2.9764 		-2.4847 		0.9485
v -3.0004 		-1.7242 		2.8965
v -2.7536 		-2.82 		0.5735
v -2.7537 		-2.8532 		0.5107
v -2.7537 		-2.8438 		0.5289
v -2.5848 		-1.6604 		2.3185
v -2.7735 		-2.7981 		0.5172
v -2.7747 		-2.7992 		0.5107
v -2.9562 		-2.3948 		1.445
v -3.103 		-1.7861 		2.3205
v -2.997 		-2.3712 		1.4382
v -3.0314 		-1.6427 		2.8948
v -2.6339 		-1.9876 		1.3159
v -3.0998 		-1.8049 		2.3314
v -2.7536 		-2.7985 		0.5584
v -2.5848 		-1.6909 		2.3268
v -3.0314 		-1.7339 		2.8948
v -3.0904 		-1.7912 		2.3234
v -2.7536 		-2.8029 		0.5499
v -2.7537 		-2.8232 		0.5107
v -3.0904 		-1.798 		2.2983
v -2.6045 		-1.6909 		2.3222
v -3.1355 		-1.7818 		2.318
v -2.6757 		-2.0482 		1.3684
v -2.6768 		-2.0568 		1.3609
v -2.677 		-2.0581 		1.3605
v -3.0035 		-2.3672 		1.4179
v -2.6695 		-2.0102 		1.3326
v -2.5848 		-1.6296 		2.2655
v -2.6696 		-2.0093 		1.3513
v -2.6753 		-2.046 		1.3674
v -2.5848 		-1.6378 		2.296
v -3.0044 		-2.4045 		0.8821
v -2.6772 		-2.0599 		1.3547
v -2.6781 		-2.0656 		1.3572
v -2.9494 		-2.3943 		1.4136
v -2.9026 		-1.822 		2.8965
v -2.675 		-2.044 		1.3665
v -2.6746 		-2.0416 		1.3655
v -2.6746 		-2.0414 		1.3654
v -2.6045 		-1.6418 		2.2937
v -2.9844 		-2.4042 		0.8824
v -3.0652 		-1.9896 		0.7907
v -3.0961 		-1.9876 		0.7972
v -2.6531 		-2.0634 		1.3693
v -2.6585 		-2.0547 		1.3711
v -2.578 		-1.6675 		2.2687
v -3.1101 		-1.8089 		2.2655
v -2.578 		-1.6974 		2.2895
v -2.9884 		-1.81 		2.894
v -2.671 		-2.0482 		1.3684
v -2.6587 		-2.0546 		1.371
v -3.1355 		-1.7957 		2.2655
v -2.9764 		-2.4076 		0.8755
v -2.5979 		-1.6849 		2.2875
v -2.9648 		-1.7861 		2.8965
v -3.0016 		-2.4656 		0.8828
v -2.9959 		-2.4881 		0.9472
v -2.5979 		-1.6698 		2.2684
v -3.1175 		-1.7792 		2.2655
v -2.6881 		-1.9927 		1.3248
v -2.9702 		-2.4473 		1.445
v -3.0652 		-1.9927 		0.7893
v -3.103 		-1.8009 		2.2655
v -2.6947 		-2.0481 		1.3685
v -2.6957 		-2.0568 		1.3609
v -3.0904 		-1.8069 		2.2655
v -3.0904 		-1.8059 		2.2618
v -3.0904 		-1.8068 		2.2657
v -2.696 		-2.0591 		1.3602
v -2.9123 		-1.853 		2.8948
v -3.0904 		-1.8068 		2.2655
v -2.6937 		-2.0414 		1.3655
v -3.0645 		-2.038 		0.7489
v -3.0904 		-1.8068 		2.2655
v -2.6937 		-2.0412 		1.3654
v -3.0624 		-2.0558 		0.7411
v -3.0616 		-2.0602 		0.758
v -3.0609 		-2.0656 		0.7556
v -3.0613 		-2.0656 		0.7368
v -2.6889 		-2.0065 		1.3502
v -3.0644 		-2.0402 		0.748
v -3.0642 		-2.0399 		0.7671
v -3.0642 		-2.0403 		0.7669
v -2.6888 		-2.0075 		1.3314
v -2.6961 		-2.0602 		1.3548
v -2.6965 		-2.0624 		1.3592
v -2.9955 		-2.4897 		0.9462
v -2.9951 		-2.4881 		0.9482
v -2.9562 		-2.5 		1.445
v -2.983 		-1.6569 		2.6822
v -2.9901 		-1.6552 		2.6292
v -2.9905 		-1.6552 		2.6266
v -2.7538 		-2.8682 		0.5107
v -3.1195 		-1.818 		2.2655
v -2.9707 		-1.6604 		2.6831
v -2.9707 		-1.6604 		2.6266
v -2.7539 		-2.9412 		0.5107
v -2.6125 		-1.7672 		2.3097
v -3.0998 		-1.8225 		2.2655
v -2.7735 		-2.8682 		0.5107
v -2.7735 		-2.9412 		0.5107
v -2.8032 		-2.7957 		0.5107
v -3.0423 		-2.0656 		0.7367
v -2.7735 		-2.8302 		0.5107
v -3.0445 		-2.0389 		0.7484
v -2.7735 		-2.8057 		0.5107
v -3.0027 		-1.7637 		2.6831
v -2.9622 		-2.4427 		1.4105
v -2.9494 		-2.4912 		1.4074
v -2.9519 		-1.7735 		2.6822
v -2.7636 		-2.8335 		0.4378
v -2.7575 		-2.8383 		0.4614
v -2.7552 		-2.8402 		0.4707
v -3.1178 		-1.9032 		2.2655
v -2.9764 		-2.4965 		0.9408
v -2.979 		-2.4966 		0.9377
v -2.9428 		-1.7644 		2.6831
v -3.0998 		-1.8941 		2.2655
v -2.6045 		-1.7194 		2.3146
v -3.0444 		-2.0379 		0.768
v -2.7832 		-2.8077 		0.4617
v -2.7832 		-2.8077 		0.4617
v -2.7835 		-2.8072 		0.4616
v -2.9428 		-1.7644 		2.6266
v -3.0453 		-1.9943 		0.7679
v -2.983 		-1.7194 		2.6822
v -2.9764 		-2.4972 		0.9404
v -3.0793 		-1.9132 		2.2655
v -3.0451 		-1.9964 		0.7865
v -2.8 		-2.8096 		0.4378
v -2.7952 		-2.8089 		0.4448
v -2.9905 		-1.7214 		2.6266
v -2.9901 		-1.7214 		2.6292
v -2.9707 		-1.7162 		2.6831
v -2.7921 		-2.8218 		0.4378
v -2.9707 		-1.7162 		2.6266
v -2.8001 		-2.8096 		0.4378
v -3.0366 		-1.6296 		2.764
v -2.792 		-2.8219 		0.4378
v -3.0138 		-2.5031 		0.9457
v -2.7538 		-2.8617 		0.4944
v -3.0651 		-1.995 		0.7882
v -3.0643 		-2.0391 		0.7675
v -3.0884 		-1.7513 		2.7597
v -2.7527 		-2.8417 		0.478
v -2.7978 		-2.0476 		1.3689
v -2.7538 		-2.8412 		0.4759
v -3.0366 		-1.747 		2.764
v -2.5848 		-1.7439 		2.296
v -2.6102 		-2.1132 		1.4316
v -2.5848 		-1.7521 		2.2655
v -2.7762 		-2.8006 		0.502
v -3.0109 		-2.1551 		0.7615
v -3.0107 		-2.1555 		0.7617
v -2.9967 		-2.1995 		0.7973
v -2.9963 		-2.2021 		0.8015
v -2.9986 		-2.1883 		0.779
v -2.9989 		-2.1862 		0.7755
v -2.9206 		-2.7522 		1.1668
v -2.999 		-2.1858 		0.7753
v -2.7537 		-2.8411 		0.4764
v -3.0019 		-2.1688 		0.7677
v -2.7828 		-2.8068 		0.4644
v -3.0221 		-1.6465 		2.6831
v -3.0155 		-2.3606 		1.4325
v -2.9962 		-2.2028 		0.8025
v -2.6102 		-2.0731 		1.4285
v -2.7798 		-2.8039 		0.4817
v -3.0904 		-1.796 		2.2253
v -3.0875 		-1.6284 		2.6969
v -2.7754 		-2.8541 		0.4601
v -3.0875 		-1.6306 		2.6985
v -2.7787 		-2.8509 		0.4465
v -3.0084 		-2.1594 		0.7831
v -3.1027 		-1.6872 		2.6985
v -3.0019 		-2.1692 		0.7875
v -3.1269 		-1.6872 		2.6338
v -3.1195 		-1.8009 		2.202
v -3.1101 		-1.7929 		2.2065
v -2.9645 		-2.7423 		1.1529
v -2.6045 		-1.7399 		2.2937
v -2.7735 		-2.8499 		0.4727
v -2.7752 		-2.8542 		0.4607
v -3.001 		-2.1742 		0.7898
v -2.6193 		-2.1115 		1.394
v -3.107 		-1.6872 		2.634
v -3.0899 		-1.6872 		2.6831
v -2.6193 		-2.0808 		1.3917
v -2.8265 		-2.8064 		0.4378
v -3.1355 		-1.7818 		2.2131
v -2.8089 		-2.8268 		0.4378
v -2.79 		-2.8489 		0.4378
v -2.7624 		-2.8588 		0.4805
v -3.103 		-1.7861 		2.2105
v -2.5979 		-1.7122 		2.2684
v -2.7735 		-2.858 		0.4793
v -2.6367 		-2.1417 		1.3965
v -3.0875 		-1.7437 		2.6985
v -3.0875 		-1.7479 		2.6956
v -2.7735 		-2.8566 		0.4709
v -2.7538 		-2.8619 		0.4939
v -2.9969 		-2.1987 		0.8306
v -2.9999 		-2.1808 		0.8007
v -2.9468 		-2.7366 		1.1452
v -3.0998 		-1.8049 		2.1997
v -3.0853 		-1.7518 		2.6985
v -2.9947 		-2.2116 		0.8166
v -2.995 		-2.2095 		0.8132
v -2.9951 		-2.2087 		0.8119
v -2.9958 		-2.2045 		0.8053
v -2.9953 		-2.2083 		0.8467
v -3.0904 		-1.7912 		2.2077
v -2.6282 		-2.1443 		1.4342
v -2.578 		-1.6843 		2.2413
v -2.9948 		-2.2115 		0.852
v -2.5848 		-1.6378 		2.2348
v -2.7735 		-2.8558 		0.4677
v -2.7538 		-2.8621 		0.4935
v -2.9955 		-2.2065 		0.8085
v -2.6045 		-1.6418 		2.237
v -2.9764 		-2.7169 		1.1175
v -2.9959 		-2.2044 		0.8402
v -2.5979 		-1.6849 		2.2436
v -2.9565 		-2.7155 		1.1158
v -2.9292 		-2.2116 		0.817
v -2.7808 		-2.8491 		0.4378
v -3.0221 		-1.7298 		2.6831
v -2.938 		-2.5039 		0.9735
v -2.938 		-2.5174 		0.9804
v -2.938 		-2.5217 		0.961
v -3.0981 		-2.0816 		0.8525
v -2.7624 		-2.8514 		0.4378
v -2.938 		-2.555 		0.9762
v -2.7737 		-2.85 		0.4378
v -2.938 		-2.5456 		0.9585
v -2.9297 		-1.91 		2.7597
v -2.7538 		-2.8649 		0.4881
v -2.6125 		-1.6467 		2.1892
v -3.0785 		-2.0816 		0.8496
v -2.7279 		-2.8682 		0.4848
v -2.7026 		-2.172 		1.4362
v -2.7022 		-2.1709 		1.4299
v -2.7024 		-2.1713 		1.433
v -3.0178 		-2.3589 		1.4114
v -2.865 		-1.7604 		2.0603
v -2.9254 		-1.8582 		2.764
v -2.938 		-2.5764 		0.9504
v -2.938 		-2.5764 		0.9485
v -2.938 		-2.5598 		0.9485
v -2.9955 		-1.8171 		2.7677
v -2.6703 		-2.172 		1.4362
v -2.865 		-1.7651 		2.0632
v -2.8869 		-1.7651 		2.0632
v -3.0109 		-1.7682 		2.0641
v -2.7538 		-2.8673 		0.4836
v -3.0785 		-2.1694 		0.8037
v -2.7538 		-2.8627 		0.4576
v -3.019 		-2.1853 		0.8083
v -3.0152 		-2.2055 		0.842
v -3.0144 		-2.2092 		0.8127
v -3.0149 		-2.2065 		0.8083
v -3.0156 		-2.2029 		0.8026
v -2.7598 		-2.8537 		0.4378
v -2.7552 		-2.8607 		0.453
v -3.0141 		-2.2116 		0.8521
v -3.014 		-2.2116 		0.8166
v -3.0195 		-2.1819 		0.8026
v -2.7102 		-2.1893 		1.4034
v -2.9085 		-1.8437 		2.6831
v -2.6998 		-2.1647 		1.3982
v -2.6998 		-2.1647 		1.3981
v -2.8981 		-1.8046 		2.6822
v -3.1101 		-1.6319 		2.1635
v -3.0309 		-2.4473 		1.4527
v -2.7538 		-2.8682 		0.4528
v -2.8999 		-1.812 		2.6266
v -2.9981 		-2.5168 		0.9781
v -2.7544 		-2.8682 		0.4502
v -2.7571 		-2.8682 		0.4378
v -2.8946 		-1.7923 		2.6831
v -2.6709 		-2.1645 		1.3983
v -3.1355 		-1.6384 		2.1746
v -2.8946 		-1.7923 		2.6266
v -2.9893 		-2.5217 		0.961
v -2.985 		-2.5063 		0.9522
v -3.0904 		-1.633 		2.1652
v -3.103 		-1.6359 		2.1703
v -2.578 		-1.7037 		2.243
v -3.0206 		-2.1771 		0.8314
v -2.9806 		-1.802 		2.6831
v -2.9469 		-1.8215 		2.6831
v -2.9764 		-2.5125 		0.9773
v -2.7741 		-2.8682 		0.454
v -2.7735 		-2.8682 		0.457
v -2.9573 		-1.7789 		2.6266
v -2.9571 		-1.7786 		2.6292
v -3.0537 		-2.1226 		0.7667
v -2.7618 		-2.8682 		0.4378
v -3.044 		-2.1386 		0.7739
v -3.044 		-2.1386 		0.7546
v -3.0541 		-2.1219 		0.7473
v -2.6452 		-2.0816 		1.3691
v -3.0594 		-2.0816 		0.7298
v -3.0591 		-2.0816 		0.7484
v -3.0716 		-2.0816 		0.7299
v -2.929 		-1.9077 		2.6985
v -2.9266 		-1.9091 		2.6964
v -2.6457 		-2.0941 		1.3641
v -2.646 		-2.0949 		1.364
v -3.0406 		-2.0816 		0.7297
v -3.0416 		-2.0736 		0.7332
v -2.6045 		-1.7399 		2.237
v -3.0361 		-2.1139 		0.7437
v -2.5979 		-1.7025 		2.245
v -2.6433 		-2.099 		1.3643
v -2.747 		-2.8739 		0.4859
v -2.9764 		-2.5399 		0.9773
v -2.9764 		-2.5217 		0.961
v -2.9764 		-2.5085 		0.9543
v -2.9236 		-1.9091 		2.6985
v -3.0357 		-2.1147 		0.7632
v -3.0403 		-2.0816 		0.7484
v -2.8998 		-1.9197 		2.6342
v -2.9003 		-1.9196 		2.634
v -3.021 		-2.1386 		0.7544
v -3.1355 		-1.6909 		2.1606
v -2.6336 		-2.0816 		1.3569
v -2.9764 		-2.5172 		0.9798
v -3.0175 		-2.4473 		1.4382
v -2.9679 		-2.5174 		0.9804
v -3.0642 		-2.0816 		0.7484
v -2.6499 		-2.0706 		1.3691
v -2.7271 		-2.9754 		0.4574
v -3.0386 		-2.4473 		1.4325
v -2.9565 		-2.5399 		0.9779
v -2.9565 		-2.5174 		0.9804
v -3.0531 		-2.4473 		1.4273
v -2.6783 		-2.0671 		1.3579
v -3.0964 		-2.0816 		0.7558
v -2.5848 		-1.7214 		2.2125
v -3.0904 		-1.7005 		2.1524
v -3.0904 		-1.7008 		2.1525
v -3.0904 		-1.7004 		2.1524
v -2.6658 		-2.0713 		1.3598
v -2.9093 		-1.9145 		2.6266
v -2.6713 		-2.0672 		1.3579
v -3.103 		-1.6909 		2.1555
v -2.6125 		-1.735 		2.1892
v -3.0904 		-1.7004 		2.1524
v -2.6464 		-2.099 		1.3626
v -3.0785 		-2.0816 		0.7647
v -2.6125 		-1.7672 		2.2214
v -2.6629 		-2.099 		1.3534
v -2.6613 		-2.0816 		1.3593
v -3.0417 		-2.0701 		0.7536
v -2.865 		-2.8461 		0.4378
v -2.9565 		-2.5123 		0.9778
v -2.5945 		-1.7747 		2.314
v -3.0731 		-2.4473 		1.4048
v -2.9816 		-1.9146 		2.6266
v -2.9565 		-2.5217 		0.961
v -2.9742 		-1.9197 		2.634
v -2.9752 		-1.9195 		2.6338
v -2.9796 		-1.9162 		2.629
v -2.9838 		-1.8929 		2.6985
v -2.9958 		-1.914 		2.6338
v -2.8116 		-2.8489 		0.4378
v -3.0252 		-2.4473 		1.4179
v -3.0156 		-2.2029 		0.8025
v -3.0169 		-2.1959 		0.7913
v -3.0199 		-2.1772 		0.7715
v -3.0185 		-2.1859 		0.7754
v -2.6972 		-2.0671 		1.3579
v -2.6145 		-1.7875 		2.3211
v -3.0264 		-2.1675 		0.7867
v -3.0293 		-2.1628 		0.765
v -3.0414 		-2.4473 		1.4114
v -3.022 		-2.1742 		0.7898
v -3.0282 		-2.1644 		0.7657
v -3.0711 		-2.1862 		0.7755
v -2.865 		-2.8268 		0.4378
v -2.792 		-2.8268 		0.4378
v -2.6586 		-2.1226 		1.365
v -2.792 		-2.8233 		0.4012
v -2.7912 		-2.8671 		0.3648
v -2.7875 		-2.8404 		0.3924
v -3.0113 		-2.1545 		0.7613
v -2.7854 		-2.8254 		0.4079
v -2.7527 		-2.8272 		0.3888
v -2.6715 		-2.1285 		1.3625
v -2.792 		-2.8241 		0.4065
v -2.6611 		-2.1243 		1.3643
v -2.627 		-1.7861 		2.3205
v -2.9764 		-2.5399 		0.9591
v -2.6884 		-2.1357 		1.3658
v -2.9565 		-2.5399 		0.9591
v -3.0542 		-2.4473 		1.398
v -2.792 		-2.8228 		0.4092
v -2.6396 		-1.7912 		2.3234
v -2.9858 		-1.8966 		2.634
v -2.9776 		-1.8821 		2.6831
v -2.7624 		-2.8437 		0.3939
v -2.6589 		-2.1295 		1.3675
v -3.0174 		-2.1931 		0.7867
v -3.0184 		-2.1862 		0.7755
v -2.6105 		-1.8009 		2.3291
v -2.6199 		-1.7929 		2.3245
v -2.9436 		-1.8985 		2.6985
v -3.1175 		-1.6909 		2.1772
v -3.0027 		-2.5539 		0.9736
v -2.6658 		-2.1048 		1.3541
v -3.1195 		-1.6909 		2.1384
v -2.6302 		-1.8049 		2.3314
v -2.6843 		-2.1078 		1.3527
v -2.6845 		-2.1094 		1.3535
v -2.9924 		-2.5456 		0.9585
v -2.7069 		-2.1288 		1.3624
v -2.7035 		-2.1079 		1.3527
v -2.6845 		-2.1091 		1.3522
v -2.7663 		-2.8314 		0.4274
v -2.6874 		-2.1287 		1.3625
v -2.7734 		-2.8292 		0.42
v -2.685 		-2.1131 		1.3504
v -2.6882 		-2.1354 		1.3596
v -2.6852 		-2.1144 		1.3498
v -2.6886 		-2.1386 		1.3582
v -2.9764 		-2.5548 		0.9756
v -2.9764 		-2.5599 		0.9694
v -2.9764 		-2.5456 		0.9585
v -2.9764 		-2.5458 		0.9766
v -2.9696 		-2.555 		0.9762
v -3.0642 		-2.1742 		0.7898
v -2.792 		-2.8144 		0.4251
v -2.792 		-2.8226 		0.4096
v -2.7069 		-2.129 		1.3625
v -2.9764 		-2.5711 		0.9558
v -2.9565 		-2.572 		0.9557
v -2.9565 		-2.555 		0.9762
v -3.0202 		-2.1771 		0.7946
v -2.6715 		-2.1077 		1.3528
v -2.9842 		-2.2481 		1.3133
v -2.6684 		-2.1065 		1.3533
v -2.792 		-2.8222 		0.4375
v -3.0275 		-1.849 		2.7649
v -3.0009 		-2.2911 		1.3033
v -2.9565 		-2.5456 		0.9585
v -2.9629 		-2.2365 		1.2559
v -2.9629 		-2.2366 		1.2467
v -2.6515 		-2.0816 		1.3484
v -3.1101 		-1.6909 		2.1475
v -3.0961 		-2.1759 		0.7972
v -2.9847 		-2.2498 		1.3045
v -2.7664 		-2.8467 		0.414
v -2.7624 		-2.8499 		0.4293
v -2.7684 		-2.8461 		0.4119
v -2.5945 		-1.7878 		2.2655
v -2.7864 		-2.8461 		0.4244
v -2.792 		-2.8444 		0.4184
v -2.6199 		-1.8089 		2.2655
v -2.9764 		-2.5538 		0.9485
v -2.9871 		-2.2362 		1.2404
v -2.986 		-2.236 		1.2566
v -2.9764 		-2.5764 		0.9494
v -2.9884 		-2.2459 		1.2404
v -2.6145 		-1.8023 		2.2655
v -2.9891 		-2.2503 		1.2404
v -2.9899 		-2.2563 		1.2404
v -2.6883 		-2.1386 		1.3391
v -2.708 		-2.1383 		1.3393
v -2.708 		-2.1383 		1.3392
v -2.9891 		-2.2359 		1.2567
v -2.9565 		-2.5764 		0.9504
v -2.708 		-2.1383 		1.3392
v -2.7832 		-2.8471 		0.4278
v -2.9565 		-2.5538 		0.9485
v -2.9565 		-2.5598 		0.9485
v -2.9565 		-2.5764 		0.9485
v -3.0745 		-1.8083 		2.634
v -3.0998 		-1.6909 		2.1339
v -3.0395 		-1.8314 		2.6985
v -3.0648 		-2.0431 		0.6923
v -3.0904 		-1.6909 		2.1498
v -2.6829 		-2.099 		1.3486
v -2.627 		-1.8009 		2.2655
v -2.9894 		-2.2459 		1.2404
v -2.9892 		-2.2392 		1.2513
v -2.9892 		-2.2385 		1.2525
v -2.9849 		-2.217 		1.2875
v -2.6125 		-1.7792 		2.2655
v -2.9902 		-2.2361 		1.2404
v -2.7285 		-2.8585 		0.4024
v -2.6396 		-1.8059 		2.2618
v -2.6396 		-1.8069 		2.2655
v -2.6396 		-1.8068 		2.2657
v -2.6715 		-2.099 		1.3487
v -3.0448 		-2.042 		0.692
v -2.6396 		-1.8068 		2.2655
v -2.9921 		-2.2359 		1.2568
v -2.6339 		-2.1759 		1.3159
v -2.9985 		-2.2302 		1.266
v -3.0051 		-2.2239 		1.2404
v -3.0061 		-2.2229 		1.242
v -3.0072 		-2.2216 		1.2799
v -2.9764 		-2.5768 		0.9485
v -2.9764 		-2.5768 		0.9489
v -3.0109 		-2.2188 		1.2489
v -3.0109 		-2.2185 		1.285
v -2.9682 		-2.5772 		0.9494
v -2.6963 		-2.158 		1.3498
v -2.6894 		-2.1446 		1.3556
v -2.7168 		-2.1568 		1.3505
v -3.0708 		-1.806 		2.6985
v -2.7104 		-2.1438 		1.3561
v -2.9913 		-2.1745 		0.6635
v -2.747 		-2.8657 		0.4041
v -2.6105 		-1.818 		2.2655
v -3.0597 		-1.7997 		2.6831
v -2.9565 		-2.5772 		0.9494
v -2.6302 		-1.8225 		2.2655
v -2.6898 		-2.1454 		1.3748
v -2.938 		-2.5584 		0.9189
v -2.938 		-2.5584 		0.9428
v -3.0904 		-1.7373 		2.1622
v -2.9592 		-2.2398 		1.2506
v -3.0904 		-1.7373 		2.1623
v -2.938 		-2.5579 		0.9066
v -2.938 		-2.5581 		0.912
v -2.938 		-2.5764 		0.8961
v -2.6889 		-2.1392 		1.3675
v -2.6122 		-1.9032 		2.2655
v -2.6893 		-2.1416 		1.3703
v -2.9205 		-2.187 		0.6567
v -2.9206 		-2.2116 		0.669
v -2.9205 		-2.2116 		0.669
v -2.9121 		-2.211 		0.6671
v -3.0904 		-1.7373 		2.1623
v -2.6302 		-1.8941 		2.2655
v -2.9317 		-2.1757 		0.6635
v -2.927 		-2.1726 		0.6567
v -2.6715 		-2.1392 		1.3675
v -2.7832 		-2.8682 		0.4096
v -2.9391 		-2.2068 		0.6873
v -2.9357 		-2.1924 		0.6763
v -2.938 		-2.5764 		0.912
v -2.6507 		-1.9132 		2.2655
v -2.9964 		-2.5239 		0.9482
v -3.0021 		-2.1665 		0.6706
v -3.0004 		-2.5379 		0.9454
v -3.0919 		-1.8183 		2.6338
v -2.9592 		-2.2396 		1.2741
v -2.9848 		-2.2175 		1.251
v -2.7084 		-2.1391 		1.3581
v -2.9602 		-2.2366 		1.2558
v -2.9577 		-2.2366 		1.2557
v -3.0296 		-1.8471 		2.6985
v -3.0282 		-1.8495 		2.6967
v -2.9972 		-2.5125 		0.9394
v -2.9537 		-2.2286 		1.2689
v -2.792 		-2.8243 		0.4076
v -2.792 		-2.8237 		0.4171
v -3.026 		-1.8507 		2.6985
v -2.6589 		-2.1862 		1.3373
v -2.9307 		-2.2116 		0.6803
v -2.9576 		-2.2365 		1.2647
v -2.9468 		-2.1494 		0.6672
v -2.9335 		-2.1581 		0.6567
v -3.0058 		-2.5302 		0.9266
v -2.792 		-2.8263 		0.434
v -2.6658 		-2.1742 		1.3233
v -2.792 		-2.867 		0.3648
v -2.792 		-2.8398 		0.3921
v -2.792 		-2.8682 		0.3648
v -2.9269 		-2.1726 		0.6567
v -2.9317 		-2.1757 		0.6635
v -2.792 		-2.8682 		0.3978
v -2.801 		-2.8524 		0.3648
v -2.7987 		-2.8212 		0.3944
v -2.8009 		-2.8366 		0.3785
v -2.9334 		-2.1583 		0.6567
v -2.7127 		-2.2009 		1.3133
v -2.8493 		-2.8387 		0.3648
v -2.7113 		-2.1936 		1.3252
v -2.8111 		-2.8197 		0.3905
v -2.835 		-2.8189 		0.3853
v -2.7101 		-2.188 		1.3344
v -2.8008 		-2.8205 		0.3923
v -2.8043 		-2.8199 		0.392
v -2.7028 		-2.1709 		1.3441
v -2.7044 		-2.1742 		1.3233
v -2.707 		-2.1802 		1.3133
v -2.922 		-2.1727 		0.6567
v -2.865 		-2.8189 		0.3853
v -2.865 		-2.8387 		0.3648
v -2.9838 		-1.9904 		2.7364
v -2.7094 		-2.1862 		1.3373
v -3.1195 		-1.7544 		2.1555
v -2.8037 		-2.8189 		0.3853
v -2.865 		-2.8342 		0.3648
v -3.1101 		-1.7499 		2.1635
v -2.8055 		-2.8222 		0.4071
v -2.8972 		-2.2028 		0.6601
v -2.9938 		-2.0408 		2.7304
v -2.9719 		-2.5761 		0.9135
v -2.7994 		-2.8203 		0.3943
v -2.9565 		-2.5758 		0.9144
v -2.9576 		-2.2365 		1.2661
v -2.965 		-2.2515 		1.3045
v -2.8008 		-2.82 		0.3928
v -3.1355 		-1.7433 		2.1746
v -2.9572 		-2.2366 		1.2557
v -2.9565 		-2.5584 		0.9189
v -2.9065 		-2.1925 		0.6567
v -2.9576 		-2.2365 		1.2649
v -2.9565 		-2.5581 		0.912
v -2.9676 		-2.5584 		0.9189
v -2.9565 		-2.5584 		0.9428
v -2.983 		-2.2994 		1.3051
v -2.9992 		-2.1899 		0.6532
v -3.103 		-1.7459 		2.1703
v -2.6396 		-1.796 		2.2253
v -2.96 		-2.2461 		1.2404
v -2.6965 		-2.1585 		1.3496
v -2.7 		-2.1654 		1.3466
v -2.9764 		-2.5746 		0.912
v -2.5945 		-1.7747 		2.2171
v -2.967 		-2.2648 		1.2404
v -2.9764 		-2.5764 		0.9149
v -2.9923 		-2.5764 		0.9158
v -2.9934 		-2.574 		0.912
v -2.7921 		-2.8225 		0.4094
v -2.6199 		-1.7929 		2.2065
v -2.9206 		-2.1683 		0.6473
v -2.9196 		-2.1683 		0.6471
v -2.6105 		-1.8009 		2.202
v -2.9193 		-2.1675 		0.6455
v -2.8051 		-2.8644 		0.3648
v -2.8051 		-2.838 		0.3913
v -3.0904 		-1.7487 		2.1652
v -2.8941 		-2.2178 		1.2856
v -2.8932 		-2.2178 		1.2856
v -2.865 		-2.8215 		0.4022
v -2.9299 		-2.2372 		1.2551
v -2.8228 		-2.8228 		0.4108
v -2.6145 		-1.7875 		2.2097
v -2.814 		-2.8396 		0.3983
v -2.8503 		-2.838 		0.3913
v -2.9984 		-2.5755 		0.9477
v -2.8094 		-2.8232 		0.4135
v -2.8097 		-2.8232 		0.4135
v -2.9206 		-2.1665 		0.6464
v -2.9206 		-2.1383 		0.6102
v -2.7928 		-2.8126 		0.4265
v -2.8094 		-2.811 		0.424
v -2.8097 		-2.8398 		0.3991
v -2.8094 		-2.8398 		0.3992
v -2.8096 		-2.811 		0.424
v -2.8859 		-2.2184 		1.2496
v -2.8958 		-2.1921 		0.6515
v -2.8816 		-2.1866 		0.639
v -2.9847 		-2.5584 		0.9189
v -3.0998 		-1.7567 		2.1515
v -2.7923 		-2.8443 		0.4182
v -2.9009 		-2.1635 		0.6361
v -2.965 		-2.2565 		1.2404
v -2.8839 		-2.1611 		0.629
v -2.627 		-1.7861 		2.2105
v -2.9793 		-1.9984 		2.7187
v -2.9858 		-2.0314 		2.7147
v -2.9955 		-2.5462 		0.9146
v -2.8995 		-2.164 		0.6372
v -2.865 		-2.838 		0.3913
v -2.9118 		-2.1675 		0.6452
v -3.0793 		-1.6909 		2.0432
v -3.1178 		-1.6909 		2.0532
v -2.9195 		-2.1682 		0.647
v -2.9964 		-2.5479 		0.9351
v -2.8681 		-2.1916 		0.6487
v -2.8784 		-2.1925 		0.6512
v -2.9895 		-2.5584 		0.9428
v -2.6302 		-1.8049 		2.1997
v -2.9764 		-2.5584 		0.9189
v -2.9764 		-2.5584 		0.9428
v -2.6396 		-1.7912 		2.2077
v -2.9895 		-2.2504 		1.2331
v -2.9919 		-2.2601 		1.2173
v -2.9654 		-2.2602 		1.2173
v -3.0998 		-1.6909 		2.0623
v -2.9927 		-2.2614 		1.2087
v -2.9764 		-2.5569 		0.912
v -2.9927 		-2.2641 		1.1922
v -2.9913 		-2.2506 		1.2079
v -2.865 		-2.862 		0.3673
v -2.9902 		-2.2418 		1.2104
v -2.9902 		-2.2372 		1.239
v -2.865 		-2.8644 		0.3648
v -2.865 		-2.8648 		0.3648
v -3.0186 		-2.1774 		0.6678
v -2.8523 		-2.8682 		0.3648
v -2.8094 		-2.8682 		0.3747
v -2.8094 		-2.8483 		0.3919
v -2.9565 		-2.5764 		0.912
v -2.9919 		-2.2421 		1.2083
v -2.9918 		-2.2418 		1.2104
v -2.9445 		-1.9249 		2.6416
v -2.9039 		-1.9387 		2.6338
v -2.971 		-2.2368 		1.2188
v -2.9916 		-2.2363 		1.2195
v -2.704 		-2.1733 		1.3237
v -2.9599 		-2.237 		1.2184
v -2.9628 		-2.237 		1.2185
v -2.9664 		-2.2369 		1.2186
v -2.9917 		-2.2363 		1.2195
v -2.9977 		-2.5652 		0.8975
v -2.9936 		-2.5693 		0.8986
v -2.9977 		-2.5652 		0.8976
v -2.992 		-2.2363 		1.2196
v -3.0457 		-1.7738 		2.0465
v -3.0325 		-1.7607 		2.0429
v -2.9962 		-2.2325 		1.2259
v -3.0001 		-2.5562 		0.8776
v -3.0294 		-1.7615 		2.0595
v -2.689 		-2.1439 		1.3367
v -2.9995 		-2.5644 		0.8964
v -2.983 		-2.5533 		0.8955
v -2.5945 		-1.6424 		2.1817
v -3.0722 		-1.9522 		2.6814
v -3.0899 		-1.9978 		2.6714
v -2.7519 		-2.9044 		0.3115
v -2.7298 		-2.1862 		1.3373
v -2.7292 		-2.1822 		1.3391
v -2.6199 		-1.6319 		2.1635
v -2.7307 		-2.1912 		1.3291
v -3.0631 		-1.9619 		2.6668
v -3.0745 		-1.9927 		2.6597
v -2.7255 		-2.1742 		1.3233
v -3.0313 		-1.7738 		2.0656
v -3.0294 		-1.7686 		2.0642
v -2.9764 		-2.5764 		0.9093
v -2.6145 		-1.635 		2.1689
v -2.9764 		-2.5742 		0.9106
v -2.8037 		-2.8987 		0.3024
v -2.9764 		-2.5746 		0.912
v -2.8051 		-2.9101 		0.3189
v -2.7145 		-1.3132 		0.2155
v -2.9565 		-2.5764 		0.8961
v -2.9565 		-2.5579 		0.9066
v -2.7077 		-1.3013 		0.2762
v -2.9676 		-2.5579 		0.9066
v -2.9764 		-2.5764 		0.8865
v -2.9764 		-2.5575 		0.8988
v -2.6396 		-1.633 		2.1652
v -2.627 		-1.6359 		2.1703
v -2.9625 		-1.8167 		2.0599
v -2.7174 		-1.3184 		0.2785
v -2.9764 		-2.5552 		0.9002
v -2.9764 		-2.5555 		0.9055
v -2.6515 		-1.9941 		1.3093
v -2.865 		-1.2728 		0.2155
v -2.865 		-1.2591 		0.2762
v -3.0012 		-2.3256 		1.2136
v -2.9625 		-1.8122 		2.0609
v -2.6684 		-1.9741 		1.298
v -2.9921 		-2.5767 		0.9163
v -2.6669 		-1.9551 		1.3011
v -2.6667 		-1.9555 		1.2669
v -2.669 		-1.9396 		1.2404
v -2.6675 		-1.95 		1.2577
v -2.6678 		-1.949 		1.2912
v -2.7624 		-2.9138 		0.3255
v -2.6145 		-1.6909 		2.1541
v -3.0109 		-1.7765 		2.0472
v -2.9625 		-1.7766 		2.0474
v -2.5945 		-1.6909 		2.1686
v -2.7282 		-2.9244 		0.3417
v -2.9824 		-2.331 		1.2164
v -2.9625 		-1.8128 		2.0634
v -2.9624 		-1.8167 		2.0599
v -2.865 		-1.2787 		0.2785
v -2.6396 		-1.7005 		2.1524
v -2.6396 		-1.7008 		2.1525
v -2.627 		-1.6909 		2.1555
v -2.9764 		-2.577 		0.9379
v -2.9764 		-2.5776 		0.9169
v -3.0471 		-2.3447 		1.3016
v -2.7239 		-1.3295 		0.2223
v -2.865 		-1.3064 		0.1522
v -2.9764 		-2.5778 		0.9172
v -3.0135 		-2.2166 		1.2526
v -3.013 		-2.2167 		1.2879
v -2.9679 		-2.5784 		0.9177
v -2.865 		-1.7766 		2.0478
v -2.865 		-1.2916 		0.2223
v -2.6869 		-1.9561 		1.3028
v -3.014 		-2.2161 		1.2533
v -3.0137 		-2.2161 		1.2889
v -2.865 		-1.7975 		2.0538
v -2.9565 		-2.5783 		0.9187
v -2.865 		-1.3229 		0.1633
v -3.1092 		-1.687 		2.595
v -3.1092 		-1.6869 		2.595
v -3.104 		-1.681 		2.58
v -2.6867 		-1.9565 		1.2685
v -2.747 		-2.9278 		0.3469
v -3.1024 		-1.6869 		2.58
v -2.564 		-1.574 		0.2155
v -3.0142 		-2.2159 		1.2536
v -3.0151 		-2.2116 		1.2609
v -3.0152 		-2.2116 		1.2962
v -3.0144 		-2.2155 		1.2899
v -3.1024 		-1.6872 		2.58
v -2.9764 		-2.5818 		0.9061
v -2.5501 		-1.574 		0.2762
v -2.9764 		-2.6224 		0.8896
v -2.9764 		-2.6265 		0.8875
v -3.0865 		-1.6909 		2.5064
v -2.7185 		-3.0811 		0.2958
v -2.57 		-1.574 		0.2785
v -2.7148 		-3.0478 		0.3252
v -2.7142 		-3.0734 		0.4252
v -3.1018 		-1.6447 		2.5884
v -2.9565 		-2.5917 		0.9065
v -2.9747 		-2.6231 		0.8912
v -3.0904 		-1.6872 		2.5884
v -2.6125 		-1.6909 		2.1772
v -2.7057 		-3.0746 		0.3306
v -2.9565 		-2.6233 		0.8916
v -2.9625 		-1.8366 		2.0733
v -2.9625 		-1.8167 		2.0778
v -2.9625 		-1.8545 		2.0429
v -2.9625 		-1.8493 		2.0517
v -2.9565 		-2.6285 		0.8884
v -3.0975 		-1.6426 		2.575
v -2.9625 		-1.8295 		2.0508
v -2.9625 		-1.8254 		2.058
v -2.6341 		-1.9206 		1.2056
v -2.9625 		-1.8222 		2.0977
v -2.9623 		-1.8365 		2.0734
v -2.9623 		-1.8366 		2.0733
v -2.9249 		-2.6237 		0.8924
v -2.6105 		-1.6909 		2.1384
v -2.9764 		-2.5873 		0.8795
v -2.9621 		-1.8493 		2.0517
v -2.9623 		-1.8295 		2.0508
v -2.6042 		-1.4232 		0.2155
v -2.9615 		-1.9197 		2.0551
v -2.7325 		-3.0817 		0.4232
v -2.9624 		-1.8254 		2.058
v -2.6199 		-1.6909 		2.1475
v -2.5922 		-1.4164 		0.2762
v -2.9621 		-1.8545 		2.0429
v -3.0257 		-2.5322 		0.9286
v -2.865 		-1.8371 		2.074
v -3.0192 		-2.5413 		0.9514
v -2.6096 		-1.4264 		0.2785
v -3.0135 		-2.5191 		0.9571
v -3.0289 		-2.3526 		1.3051
v -3.0115 		-2.5579 		0.9115
v -3.0132 		-2.5587 		0.9354
v -2.6302 		-1.6909 		2.1339
v -2.6396 		-1.6909 		2.1498
v -3.0959 		-2.2429 		1.2056
v -2.6333 		-1.4401 		0.1522
v -3.0785 		-2.2335 		1.2025
v -3.0793 		-1.6909 		2.4876
v -3.0702 		-2.2597 		1.2173
v -2.9764 		-2.7011 		0.884
v -2.9764 		-2.7111 		0.8834
v -2.9764 		-2.7366 		0.8819
v -3.0015 		-2.7363 		0.8812
v -2.9967 		-2.7009 		0.8835
v -2.6515 		-1.93 		1.2025
v -3.0981 		-1.8892 		2.151
v -3.0642 		-2.2418 		1.2104
v -2.6715 		-1.9217 		1.2104
v -2.9565 		-2.7368 		0.8824
v -2.6205 		-1.4326 		0.2223
v -2.6919 		-1.9217 		1.2104
v -3.1178 		-1.8747 		2.1595
v -2.9565 		-2.7212 		0.8834
v -2.6658 		-1.9217 		1.2104
v -2.6396 		-1.7373 		2.1622
v -2.6396 		-1.7373 		2.1623
v -2.9565 		-2.7012 		0.8845
v -3.0793 		-1.8832 		2.1544
v -3.0049 		-2.439 		1.1754
v -3.0998 		-1.867 		2.1638
v -2.6396 		-1.7373 		2.1623
v -2.9764 		-2.4759 		1.2004
v -2.9764 		-2.4929 		1.2215
v -2.9764 		-2.4811 		1.1763
v -2.6478 		-1.4483 		0.1633
v -2.9565 		-2.4909 		1.188
v -2.9565 		-2.4929 		1.2215
v -2.6319 		-2.0218 		1.2329
v -2.993 		-2.4929 		1.2215
v -2.6455 		-2.0297 		1.207
v -2.5945 		-1.7393 		2.1817
v -2.6367 		-2.0255 		1.203
v -2.9565 		-2.4554 		1.1748
v -2.9489 		-2.2483 		0.8755
v -2.9633 		-2.2483 		0.8755
v -2.6105 		-1.7544 		2.1555
v -2.7624 		-2.9831 		0.2941
v -2.6199 		-1.7499 		2.1635
v -2.9842 		-1.9127 		2.6238
v -2.9843 		-1.8858 		2.5849
v -2.965 		-1.8874 		2.5873
v -2.9561 		-1.8882 		2.5884
v -2.9309 		-1.9023 		2.6089
v -2.9918 		-1.9069 		2.6155
v -2.9933 		-1.8943 		2.5972
v -2.9934 		-1.8928 		2.595
v -2.9941 		-1.8849 		2.5836
v -2.7313 		-1.3423 		0.1522
v -3.0294 		-1.7955 		2.082
v -2.9272 		-1.9044 		2.6119
v -2.9764 		-2.4357 		1.1731
v -2.9869 		-1.8906 		2.581
v -2.9873 		-1.8989 		2.595
v -3.01 		-1.8761 		2.595
v -2.9844 		-2.2758 		0.8342
v -2.9844 		-2.2885 		0.8026
v -3.0339 		-1.7812 		2.0676
v -3.0386 		-1.7943 		2.0711
v -3.0397 		-1.7974 		2.0719
v -2.6145 		-1.7467 		2.1689
v -3.0101 		-1.8761 		2.5949
v -2.9934 		-1.8927 		2.595
v -3.0372 		-1.802 		2.0732
v -2.7396 		-1.3565 		0.1633
v -3.043 		-1.8103 		2.0657
v -3.0079 		-1.8743 		2.5884
v -2.9944 		-1.8849 		2.5836
v -3.0739 		-2.4473 		1.3019
v -2.9402 		-1.9115 		2.595
v -2.7285 		-2.9848 		0.3115
v -2.627 		-1.7459 		2.1703
v -2.9304 		-1.9188 		2.6054
v -2.9903 		-2.2397 		0.8625
v -2.9908 		-2.2397 		0.8625
v -2.9949 		-2.2358 		0.8561
v -3.0033 		-2.2287 		0.8446
v -3.022 		-1.7989 		2.0637
v -3.0542 		-2.4473 		1.3051
v -2.5974 		-1.574 		0.1522
v -2.747 		-2.9837 		0.3192
v -2.9946 		-2.2119 		0.8171
v -3.0354 		-2.4923 		1.2221
v -2.6396 		-1.7487 		2.1652
v -2.9402 		-1.9115 		2.595
v -2.9601 		-1.9095 		2.5921
v -2.9628 		-1.9002 		2.5788
v -2.5828 		-1.574 		0.2223
v -2.6142 		-1.574 		0.1633
v -3.0198 		-2.4866 		1.2329
v -2.8796 		-1.9107 		2.5939
v -2.8865 		-1.9068 		2.5884
v -2.9212 		-1.9038 		2.584
v -3.0329 		-1.8099 		2.0429
v -3.0329 		-1.8093 		2.0435
v -2.6515 		-2.0198 		1.2355
v -2.6302 		-1.7567 		2.1515
v -3.0332 		-1.7997 		2.0538
v -2.6655 		-2.0303 		1.2053
v -2.6524 		-2.034 		1.1939
v -3.0034 		-2.2286 		0.8444
v -2.924 		-1.9036 		2.5837
v -2.9625 		-1.9002 		2.5789
v -3.0474 		-1.7755 		2.047
v -3.0109 		-2.2223 		0.8342
v -3.0109 		-2.222 		0.8696
v -2.6542 		-1.6469 		2.1159
v -2.7191 		-1.652 		2.1159
v -2.7191 		-1.7084 		2.1159
v -2.7191 		-1.6572 		2.0523
v -2.9625 		-1.9003 		2.5788
v -2.9625 		-1.8884 		2.5871
v -3.0329 		-1.8014 		2.052
v -3.0326 		-1.8011 		2.0523
v -3.0326 		-1.8011 		2.0523
v -2.9844 		-2.2399 		0.8627
v -2.6507 		-1.6909 		2.0432
v -2.7279 		-3.0247 		0.3397
v -2.985 		-2.2214 		0.8324
v -2.6122 		-1.6909 		2.0532
v -2.9916 		-2.2149 		0.8219
v -3.0329 		-1.8012 		2.0521
v -2.9174 		-2.5385 		1.445
v -3.0076 		-1.8744 		2.5884
v -2.9779 		-1.8824 		2.5884
v -2.9856 		-2.2205 		0.8671
v -3.0307 		-1.7997 		2.0538
v -3.0312 		-1.8 		2.0534
v -2.9844 		-2.2219 		0.8333
v -2.747 		-3.0298 		0.3423
v -3.0272 		-1.7884 		2.0506
v -3.0242 		-1.7787 		2.0478
v -2.6302 		-1.6909 		2.0623
v -3.022 		-1.7769 		2.0492
v -2.7784 		-1.4298 		0.0539
v -2.865 		-1.4067 		0.0536
v -2.753 		-1.3799 		0.0986
v -2.9137 		-2.5268 		1.4048
v -2.865 		-1.35 		0.0986
v -3.022 		-1.7765 		2.0472
v -2.9844 		-2.2963 		0.8026
v -3.0329 		-1.8041 		2.0492
v -2.865 		-1.3642 		0.1126
v -2.9788 		-2.24 		0.8628
v -2.9834 		-2.2227 		0.8346
v -2.7601 		-1.3922 		0.1126
v -2.9835 		-2.2223 		0.87
v -2.9625 		-1.8651 		2.5289
v -2.974 		-2.2228 		0.8347
v -3.0086 		-2.5302 		1.4527
v -2.865 		-1.4734 		0.0208
v -2.7191 		-1.7667 		2.0444
v -2.6843 		-1.7738 		2.0465
v -2.7006 		-1.7615 		2.0595
v -2.7841 		-1.4392 		0.0704
v -2.865 		-1.4175 		0.0704
v -2.6712 		-1.4617 		0.0986
v -2.6987 		-1.7738 		2.0656
v -2.7006 		-1.7686 		2.0642
v -2.9484 		-2.2406 		0.8636
v -2.9617 		-2.2257 		0.8393
v -2.9696 		-2.2228 		0.8347
v -2.9625 		-1.8583 		2.51
v -3.0793 		-1.808 		2.0791
v -2.9271 		-1.8845 		2.5565
v -2.9627 		-2.2403 		0.8627
v -2.9484 		-2.2406 		0.8633
v -3.0508 		-1.8006 		2.0531
v -2.997 		-2.5237 		1.4382
v -2.9615 		-2.2229 		0.8349
v -2.9232 		-1.8583 		2.4807
v -3.0508 		-1.8002 		2.0536
v -3.0508 		-1.8 		2.0538
v -2.9476 		-2.223 		0.8352
v -3.0508 		-1.7994 		2.0609
v -2.6834 		-1.4691 		0.1126
v -2.9632 		-2.2408 		0.8026
v -2.9653 		-2.2664 		0.8026
v -3.0045 		-1.8722 		2.5799
v -2.7253 		-3.0723 		0.3329
v -2.9684 		-2.2407 		0.8026
v -2.9625 		-1.8478 		2.4807
v -2.7191 		-1.7682 		2.0641
v -2.9473 		-2.223 		0.8352
v -3.0756 		-1.8003 		2.0538
v -3.0507 		-1.7874 		2.0502
v -3.0508 		-1.793 		2.0518
v -3.0506 		-1.7836 		2.0492
v -2.9314 		-2.2409 		0.8641
v -2.9184 		-2.2413 		0.8646
v -2.7519 		-3.0199 		0.3089
v -2.7623 		-1.6909 		2.0432
v -2.9625 		-1.8645 		2.528
v -2.9382 		-2.2227 		0.8707
v -2.9272 		-1.8841 		2.5559
v -2.8671 		-2.2227 		0.8352
v -2.8937 		-2.2227 		0.835
v -2.8704 		-2.2222 		0.87
v -2.865 		-1.4805 		0.0396
v -3.0508 		-1.8073 		2.0459
v -3.0508 		-1.8025 		2.0511
v -2.7606 		-1.7671 		2.0638
v -2.7945 		-1.7663 		2.0635
v -3.0035 		-2.5274 		1.4179
v -3.0507 		-1.81 		2.0429
v -2.6319 		-2.0816 		1.2606
v -2.8431 		-1.7651 		2.0632
v -2.8241 		-1.7655 		2.0633
v -3.0109 		-1.8657 		2.5799
v -3.0109 		-1.8752 		2.595
v -2.983 		-2.2879 		0.8026
v -2.6917 		-1.5797 		0.0542
v -3.0705 		-1.802 		2.0732
v -2.9515 		-2.2555 		0.7322
v -2.9565 		-2.2845 		0.7507
v -2.9565 		-2.2845 		0.7509
v -3.0793 		-1.7935 		2.0709
v -2.6515 		-2.0816 		1.2632
v -2.7641 		-3.0233 		0.3243
v -2.641 		-1.5737 		0.0989
v -3.0492 		-1.7773 		2.0475
v -3.0506 		-1.7811 		2.0485
v -3.0505 		-1.7784 		2.0466
v -2.6552 		-1.574 		0.1126
v -2.6515 		-2.1694 		1.3093
v -2.9636 		-2.2431 		0.7772
v -2.964 		-2.2431 		0.7296
v -2.9845 		-1.8443 		2.5248
v -2.7322 		-3.0569 		0.3278
v -2.741 		-3.0538 		0.2967
v -2.9565 		-2.2504 		0.7507
v -2.7151 		-1.4931 		0.0539
v -2.9635 		-2.241 		0.7765
v -2.9625 		-1.8313 		2.4807
v -2.9625 		-1.8192 		2.4807
v -2.7339 		-3.0734 		0.3064
v -2.9626 		-2.2411 		0.7734
v -2.9565 		-2.2415 		0.7507
v -2.9357 		-1.8313 		2.4807
v -2.938 		-1.8313 		2.4807
v -2.7031 		-1.5794 		0.0704
v -2.6319 		-1.8892 		2.151
v -2.9479 		-2.5909 		1.4527
v -3.0793 		-1.8416 		2.0489
v -2.7109 		-2.1913 		1.2947
v -2.7101 		-2.1873 		1.3014
v -3.0109 		-1.8753 		2.5949
v -3.0109 		-1.866 		2.5797
v -2.6122 		-1.8747 		2.1595
v -2.9411 		-2.5795 		1.4382
v -3.0508 		-1.8213 		2.0558
v -3.0508 		-1.8213 		2.0557
v -3.0508 		-1.8226 		2.0546
v -3.1061 		-1.8986 		2.6041
v -3.0476 		-1.8167 		2.0599
v -3.049 		-1.8294 		2.0485
v -3.0476 		-1.8324 		2.0457
v -3.0469 		-1.8339 		2.0444
v -3.0467 		-1.8349 		2.0429
v -3.0507 		-1.8256 		2.0519
v -2.6507 		-1.8832 		2.1544
v -2.6302 		-1.867 		2.1638
v -3.0765 		-1.8094 		2.595
v -3.0747 		-1.7906 		2.58
v -2.7729 		-1.5264 		0.0208
v -3.0738 		-1.8079 		2.5882
v -2.9519 		-2.5978 		1.4325
v -2.6455 		-2.1338 		1.207
v -2.9634 		-2.241 		0.7819
v -2.7248 		-1.4985 		0.0704
v -2.9591 		-2.6103 		1.4273
v -3.0329 		-1.8183 		2.0484
v -3.0217 		-1.8324 		2.0457
v -2.6367 		-2.1378 		1.203
v -2.6361 		-2.0816 		1.2267
v -2.9565 		-2.2414 		0.7633
v -2.9535 		-2.241 		0.7998
v -2.9693 		-2.6271 		1.4054
v -3.022 		-1.8167 		2.0599
v -2.8023 		-3.0176 		0.2978
v -3.0261 		-1.8227 		2.0545
v -2.9451 		-2.5861 		1.4179
v -2.9534 		-2.6003 		1.4114
v -2.865 		-3.0176 		0.2978
v -2.9565 		-2.2845 		0.7509
v -2.9844 		-2.2989 		0.7767
v -2.812 		-1.4876 		0.0208
v -2.9844 		-2.2994 		0.7754
v -2.6122 		-1.7969 		2.0817
v -3.0781 		-1.7963 		2.5765
v -3.0936 		-1.912 		2.5959
v -2.8043 		-3.0199 		0.3175
v -2.865 		-3.0199 		0.3175
v -3.0634 		-1.8226 		2.595
v -3.0536 		-1.8323 		2.595
v -3.0635 		-1.8228 		2.5948
v -3.0537 		-1.8325 		2.5948
v -3.0027 		-2.3085 		0.7718
v -3.0705 		-1.8339 		2.0444
v -3.061 		-1.8189 		2.5843
v -3.0521 		-1.8303 		2.5885
v -2.9844 		-2.3053 		0.7792
v -2.9596 		-2.6114 		1.398
v -3.0608 		-1.8186 		2.5845
v -2.9732 		-2.3575 		0.7632
v -2.9731 		-2.3566 		0.7632
v -2.6435 		-1.7994 		2.0532
v -2.9744 		-2.3566 		0.7633
v -3.0462 		-1.8175 		2.5951
v -3.052 		-1.83 		2.5886
v -2.9684 		-2.2989 		0.7601
v -2.6344 		-1.812 		2.068
v -2.9692 		-2.308 		0.7438
v -2.9691 		-2.3062 		0.7424
v -3.0604 		-1.8001 		2.5883
v -2.9531 		-2.3013 		0.7382
v -2.9584 		-2.2956 		0.758
v -2.9676 		-2.2986 		0.7599
v -2.9744 		-2.3079 		0.7439
v -2.9702 		-2.6274 		1.3179
v -2.6313 		-1.8066 		2.0649
v -2.9676 		-2.2891 		0.7538
v -2.9545 		-2.3081 		0.7434
v -2.865 		-1.5541 		0.0197
v -3.0448 		-1.8156 		2.5884
v -2.8157 		-1.4939 		0.0396
v -2.9696 		-2.3127 		0.7457
v -3.0602 		-1.8 		2.5884
v -2.9564 		-2.3256 		0.7505
v -2.9565 		-2.3261 		0.7507
v -2.9596 		-2.6103 		1.3182
v -2.6319 		-1.8362 		2.0441
v -2.6165 		-2.0816 		1.1731
v -3.0497 		-1.8268 		2.5799
v -2.7795 		-1.5301 		0.0396
v -3.0497 		-1.8268 		2.5799
v -3.0536 		-1.8323 		2.595
v -2.9565 		-2.3566 		0.7628
v -2.9565 		-2.3575 		0.7628
v -2.6441 		-1.7989 		2.0783
v -2.9676 		-2.3535 		0.7818
v -2.9676 		-2.2994 		0.7604
v -2.9565 		-2.3535 		0.7818
v -2.9565 		-2.2994 		0.7604
v -2.972 		-2.3454 		0.7825
v -2.9366 		-2.6182 		1.3133
v -2.9687 		-2.3039 		0.7633
v -2.9717 		-2.3417 		0.7811
v -2.6455 		-2.0816 		1.2295
v -2.938 		-2.6177 		1.3133
v -3.0499 		-1.8272 		2.5797
v -2.95 		-2.6136 		1.3133
v -3.0537 		-1.8326 		2.5948
v -3.0155 		-2.5342 		1.4325
v -3.0294 		-1.8362 		2.0729
v -3.0451 		-2.5513 		1.4048
v -2.6302 		-1.7926 		2.0897
v -3.0508 		-1.8237 		2.0552
v -3.028 		-2.5413 		1.4273
v -2.6359 		-2.0816 		1.168
v -3.0865 		-1.7994 		2.0532
v -3.1178 		-1.7969 		2.0817
v -2.7587 		-1.5794 		0.0208
v -2.7006 		-1.7955 		2.082
v -3.0956 		-1.812 		2.068
v -3.0178 		-2.5356 		1.4114
v -2.9683 		-2.2986 		0.7606
v -2.9684 		-2.2996 		0.7613
v -3.0987 		-1.8066 		2.0649
v -2.9825 		-2.2993 		0.7737
v -2.7661 		-1.5794 		0.0396
v -2.6507 		-1.808 		2.0791
v -3.0289 		-2.5422 		1.398
v -2.6544 		-1.8003 		2.0538
v -2.9831 		-2.2989 		0.7753
v -2.6794 		-1.7836 		2.0492
v -2.6793 		-1.7874 		2.0502
v -2.6524 		-2.1295 		1.1939
v -2.6524 		-2.0816 		1.2153
v -2.6792 		-1.7965 		2.0528
v -2.6792 		-1.793 		2.0518
v -3.0981 		-1.8362 		2.0441
v -2.6655 		-2.0816 		1.2284
v -2.6655 		-2.1332 		1.2053
v -3.0859 		-1.7989 		2.0783
v -2.8522 		-1.5575 		0.0197
v -2.9565 		-2.3575 		0.7814
v -2.973 		-2.3575 		0.786
v -2.7065 		-3.0948 		0.4175
v -2.9728 		-2.3556 		0.786
v -2.8428 		-1.5922 		0.0197
v -2.8428 		-1.5666 		0.0197
v -2.865 		-1.6051 		0.0197
v -2.8522 		-1.6017 		0.0197
v -2.7724 		-3.1336 		0.3945
v -2.938 		-2.6291 		1.3133
v -2.7256 		-3.1182 		0.403
v -3.0998 		-1.7926 		2.0897
v -3.014 		-2.2121 		0.853
v -3.0123 		-2.2209 		0.8677
v -3.0121 		-2.2213 		0.8325
v -3.0135 		-2.2144 		0.8212
v -2.7758 		-3.1145 		0.3993
v -2.9764 		-2.5533 		1.2569
v -2.6595 		-1.802 		2.0732
v -2.9764 		-2.567 		1.2626
v -3.0733 		-1.845 		2.5263
v -3.0993 		-1.8983 		2.082
v -3.0904 		-1.8773 		2.5035
v -2.6792 		-1.7994 		2.0609
v -2.6792 		-1.8025 		2.0511
v -2.6792 		-1.8073 		2.0459
v -2.7262 		-3.092 		0.4181
v -2.6319 		-2.1417 		1.2329
v -2.9565 		-2.5533 		1.2569
v -2.7365 		-3.1019 		0.4073
v -2.9833 		-2.5533 		1.2569
v -2.6792 		-1.8 		2.0538
v -3.0745 		-1.8872 		2.5098
v -2.938 		-2.3575 		0.7626
v -2.9255 		-2.3575 		0.7621
v -2.9764 		-2.5736 		1.2667
v -2.938 		-2.3575 		0.7814
v -2.9764 		-2.5759 		1.2681
v -3.0631 		-1.8621 		2.5246
v -2.9764 		-2.5758 		1.2682
v -2.6515 		-2.1437 		1.2355
v -2.7735 		-3.0888 		0.295
v -2.9961 		-1.9881 		2.2701
v -2.6507 		-1.7935 		2.0709
v -2.938 		-2.6324 		1.2886
v -2.9206 		-2.6384 		1.2856
v -2.8961 		-2.6469 		1.2815
v -2.9324 		-2.6398 		1.3088
v -2.938 		-2.6364 		1.304
v -2.9308 		-2.6407 		1.3101
v -3.003 		-2.4596 		0.8658
v -3.0029 		-2.4602 		0.8672
v -2.9303 		-2.6411 		1.3106
v -2.938 		-2.6377 		1.3023
v -2.6826 		-1.7755 		2.047
v -2.9016 		-2.6456 		1.2817
v -2.9206 		-2.6406 		1.2827
v -2.938 		-2.6362 		1.2837
v -2.6794 		-1.7811 		2.0485
v -2.6808 		-1.7773 		2.0475
v -3.0155 		-1.3132 		0.2155
v -2.71 		-2.1856 		1.2173
v -2.6795 		-1.7784 		2.0466
v -3.0029 		-2.4592 		0.865
v -2.9698 		-1.9605 		2.2955
v -2.9619 		-1.9433 		2.3135
v -2.962 		-1.9927 		2.2859
v -3.0014 		-2.4514 		0.8469
v -2.9672 		-1.9787 		2.3032
v -2.9206 		-2.6237 		1.3048
v -2.8746 		-2.6395 		1.2973
v -2.8873 		-2.6487 		1.2816
v -2.8878 		-2.649 		1.2812
v -2.9619 		-1.953 		2.3316
v -2.9206 		-2.6268 		1.3008
v -2.9617 		-1.9605 		2.2955
v -2.9844 		-2.4669 		0.863
v -2.9614 		-1.9927 		2.2858
v -2.9617 		-1.9736 		2.3078
v -2.753 		-2.9854 		0.2765
v -2.8037 		-2.9831 		0.2682
v -3.0223 		-1.3013 		0.2762
v -2.7331 		-2.2058 		1.3053
v -2.8051 		-2.9811 		0.2879
v -2.985 		-2.4695 		0.861
v -2.7332 		-2.2062 		1.2698
v -2.9995 		-2.4795 		0.857
v -2.8992 		-2.6461 		1.2816
v -2.968 		-1.9749 		2.308
v -2.9618 		-1.9591 		2.3251
v -2.731 		-2.1925 		1.2928
v -2.7292 		-2.1816 		1.3111
v -2.6917 		-1.7935 		2.0709
v -2.6955 		-1.7827 		2.068
v -2.9619 		-1.9547 		2.3303
v -2.6895 		-1.8067 		2.0689
v -2.6928 		-1.802 		2.0731
v -2.7191 		-1.7771 		2.0665
v -3.0058 		-2.4977 		0.8468
v -3.1326 		-1.7148 		1.7283
v -2.6903 		-1.7974 		2.0719
v -2.6928 		-1.802 		2.0732
v -2.6925 		-1.8013 		2.073
v -3.1395 		-1.7185 		1.6656
v -2.7288 		-3.0472 		0.2824
v -2.9614 		-1.9927 		2.2859
v -2.9616 		-1.9749 		2.3081
v -2.769 		-3.0455 		0.2645
v -3.1158 		-1.7051 		1.7234
v -3.1221 		-1.7088 		1.6642
v -2.9614 		-1.9927 		2.2908
v -2.9174 		-1.9927 		2.2865
v -2.9251 		-1.9927 		2.2864
v -2.938 		-2.6178 		1.2838
v -2.9366 		-2.6183 		1.2854
v -2.9313 		-2.6201 		1.2919
v -2.9294 		-2.6337 		1.2772
v -2.9299 		-2.6342 		1.2757
v -2.9351 		-2.6306 		1.2719
v -2.708 		-1.7989 		2.0637
v -2.9403 		-1.9927 		2.2908
v -2.687 		-1.8103 		2.0657
v -2.9251 		-2.6375 		1.2794
v -2.865 		-3.0455 		0.2554
v -2.9621 		-1.924 		2.3339
v -2.9614 		-1.991 		2.2622
v -2.9615 		-1.9837 		2.2666
v -3.0126 		-1.3184 		0.2785
v -2.969 		-1.9636 		2.2916
v -2.9615 		-1.9817 		2.2688
v -2.9029 		-2.645 		1.2813
v -2.9618 		-1.9571 		2.2973
v -2.9225 		-1.8539 		1.7286
v -2.9002 		-1.851 		1.749
v -3.0061 		-1.3295 		0.2223
v -2.8723 		-2.6403 		1.2969
v -2.8746 		-2.6395 		1.2973
v -2.938 		-2.4149 		0.7614
v -2.938 		-2.4156 		0.7586
v -2.9249 		-2.4151 		0.7607
v -2.938 		-2.4147 		0.7615
v -2.938 		-2.4156 		0.7586
v -2.938 		-2.3728 		0.7616
v -2.938 		-2.6178 		1.2912
v -2.9615 		-1.9927 		2.2969
v -2.9223 		-1.854 		1.7277
v -2.9356 		-1.8541 		1.6944
v -2.938 		-2.6177 		1.2839
v -2.938 		-2.4172 		0.753
v -2.9186 		-2.6151 		1.2612
v -2.9493 		-1.8541 		1.6656
v -2.872 		-2.6403 		1.2969
v -2.8706 		-2.6406 		1.297
v -2.985 		-1.9958 		2.2635
v -2.938 		-2.6171 		1.2847
v -2.938 		-2.4279 		0.7755
v -2.938 		-2.6138 		1.283
v -2.708 		-1.7769 		2.0492
v -2.8718 		-2.6402 		1.2971
v -3.0109 		-2.001 		2.2748
v -3.0034 		-2.0044 		2.2707
v -2.7191 		-1.7765 		2.0472
v -2.708 		-1.7765 		2.0472
v -2.938 		-2.4182 		0.7585
v -2.938 		-2.4173 		0.7595
v -2.938 		-2.6156 		1.2867
v -3.0049 		-2.0115 		2.2618
v -2.8678 		-1.8754 		1.6656
v -2.8673 		-1.8754 		1.6665
v -2.9987 		-1.3423 		0.1522
v -2.938 		-2.4296 		0.7296
v -2.938 		-2.4222 		0.7353
v -2.8684 		-1.8754 		1.6605
v -3.0029 		-2.3612 		0.7878
v -2.9614 		-1.9942 		2.284
v -2.9613 		-2.007 		2.268
v -2.7735 		-3.0512 		0.283
v -2.9904 		-1.3565 		0.1633
v -2.9612 		-2.0119 		2.2618
v -2.6971 		-1.8093 		2.0435
v -2.938 		-2.6063 		1.2791
v -3.1178 		-1.6909 		2.4776
v -2.9844 		-2.3603 		0.7955
v -2.865 		-3.0512 		0.2747
v -3.1258 		-1.4232 		0.2155
v -2.6974 		-1.8011 		2.0523
v -2.6971 		-1.8014 		2.052
v -3.1378 		-1.4164 		0.2762
v -3.0998 		-1.6909 		2.4687
v -2.6971 		-1.8012 		2.0521
v -2.6974 		-1.8011 		2.0524
v -2.9614 		-1.9947 		2.2834
v -2.9614 		-1.9954 		2.2826
v -2.9614 		-1.9955 		2.2825
v -2.9456 		-2.6348 		1.2935
v -2.9541 		-2.6315 		1.2837
v -3.1204 		-1.4264 		0.2785
v -2.9609 		-1.9955 		2.2824
v -2.961 		-1.9953 		2.2826
v -2.6971 		-1.8015 		2.052
v -2.9887 		-1.9987 		2.2855
v -2.8683 		-1.8555 		1.6589
v -2.8677 		-1.8555 		1.6642
v -3.0098 		-1.8111 		1.7234
v -2.6993 		-1.7997 		2.0538
v -2.8672 		-1.8555 		1.6651
v -3.0967 		-1.4401 		0.1522
v -2.7058 		-1.7787 		2.0478
v -2.7028 		-1.7884 		2.0506
v -2.9565 		-2.394 		0.7784
v -2.9565 		-2.3738 		0.7801
v -2.7059 		-1.7786 		2.0478
v -3.0195 		-1.8279 		1.7286
v -2.865 		-3.1022 		0.273
v -2.976 		-2.394 		0.7855
v -2.9796 		-2.6228 		1.2811
v -3.1095 		-1.4326 		0.2223
v -2.769 		-3.1034 		0.2822
v -2.6971 		-1.8041 		2.0492
v -2.969 		-2.6072 		1.2882
v -2.865 		-3.0877 		0.287
v -2.9406 		-2.6361 		1.285
v -2.9612 		-2.0115 		2.2682
v -2.9612 		-2.0156 		2.2618
v -3.0904 		-1.6534 		2.3713
v -2.979 		-2.0084 		2.2781
v -2.865 		-2.836 		0.4985
v -2.865 		-2.8514 		0.4688
v -2.9499 		-2.0135 		2.2618
v -3.0309 		-1.8522 		1.7277
v -2.9764 		-2.7986 		0.5586
v -2.9658 		-2.6083 		1.2885
v -2.9653 		-2.6084 		1.2914
v -3.1101 		-1.6909 		2.3835
v -2.9645 		-2.6087 		1.2958
v -2.6507 		-1.8416 		2.0489
v -2.9764 		-2.82 		0.5735
v -2.9764 		-2.803 		0.5501
v -2.9763 		-2.8438 		0.5289
v -2.9763 		-2.8532 		0.5107
v -3.1195 		-1.6909 		2.3924
v -2.9763 		-2.8241 		0.5107
v -2.9938 		-2.4151 		0.7692
v -2.9961 		-2.4239 		0.7823
v -2.9944 		-2.4198 		0.7806
v -3.0232 		-1.8707 		1.7294
v -2.9593 		-2.8214 		0.5107
v -2.9611 		-2.0293 		2.2618
v -2.961 		-2.0362 		2.2618
v -2.9484 		-2.6036 		1.278
v -3.0822 		-1.4483 		0.1633
v -2.9476 		-2.6063 		1.2791
v -2.9476 		-2.6063 		1.2791
v -2.6595 		-1.8339 		2.0444
v -2.9468 		-2.6091 		1.2806
v -2.9563 		-2.0266 		2.2618
v -2.9444 		-2.6112 		1.2817
v -2.9963 		-2.4234 		0.7851
v -2.9468 		-2.609 		1.2805
v -2.9963 		-2.4223 		0.7825
v -2.9613 		-2.0026 		2.2783
v -2.9665 		-2.607 		1.2863
v -2.9424 		-2.0008 		2.276
v -2.9427 		-2.0007 		2.2761
v -3.103 		-1.6909 		2.3755
v -2.9418 		-2.001 		2.2757
v -2.9565 		-2.821 		0.5107
v -2.6792 		-1.8226 		2.0546
v -2.6792 		-1.8213 		2.0558
v -2.9468 		-2.6003 		1.2919
v -2.6826 		-1.8165 		2.0601
v -3.0511 		-1.8727 		1.73
v -2.6826 		-1.8328 		2.0454
v -2.681 		-1.8294 		2.0485
v -3.0998 		-1.6909 		2.3969
v -3.1326 		-1.574 		0.1522
v -2.6793 		-1.8256 		2.0519
v -3.0904 		-1.6909 		2.3812
v -2.9689 		-2.613 		1.2642
v -2.9692 		-2.612 		1.2636
v -3.1472 		-1.574 		0.2223
v -3.0904 		-1.6538 		2.3713
v -3.0904 		-1.6537 		2.3713
v -3.1101 		-1.6319 		2.3676
v -2.9762 		-2.8682 		0.5107
v -2.9613 		-2.0046 		2.2771
v -2.9613 		-2.0063 		2.2761
v -2.6792 		-1.8237 		2.0552
v -2.9346 		-2.0031 		2.2732
v -2.9426 		-2.0121 		2.2618
v -3.1355 		-1.6384 		2.3565
v -2.9761 		-2.9412 		0.5107
v -2.6831 		-1.8339 		2.0444
v -2.9565 		-2.9412 		0.5107
v -2.9565 		-2.8682 		0.5107
v -3.0904 		-1.633 		2.3659
v -2.6971 		-1.8183 		2.0484
v -3.0904 		-1.6327 		2.3656
v -2.9619 		-2.8365 		0.5107
v -3.103 		-1.6359 		2.3607
v -2.9565 		-2.8302 		0.5107
v -2.9284 		-1.9963 		2.2819
v -2.7083 		-1.8324 		2.0457
v -3.1158 		-1.574 		0.1633
v -2.708 		-1.8167 		2.0599
v -2.9664 		-2.8335 		0.4378
v -2.9725 		-2.8383 		0.4614
v -2.9748 		-2.8402 		0.4707
v -2.938 		-2.0122 		2.2618
v -3.0903 		-1.6331 		2.3657
v -2.8747 		-1.9992 		2.2618
v -3.0329 		-1.8807 		1.7306
v -2.938 		-2.0159 		2.2618
v -3.1175 		-1.6467 		2.3419
v -2.9764 		-2.4167 		0.7688
v -2.9516 		-1.4298 		0.0539
v -2.7039 		-1.8227 		2.0545
v -2.977 		-1.3799 		0.0986
v -2.9565 		-2.4238 		0.7759
v -2.9565 		-2.4305 		0.7726
v -2.9565 		-2.4279 		0.7755
v -3.1355 		-1.6909 		2.3704
v -2.9565 		-2.4133 		0.7767
v -2.9444 		-2.8318 		0.4378
v -2.9468 		-2.8325 		0.4403
v -2.9468 		-2.8325 		0.4404
v -2.9676 		-2.4279 		0.7755
v -2.9699 		-1.3922 		0.1126
v -2.9764 		-2.4305 		0.7827
v -2.938 		-2.0469 		2.2179
v -2.9764 		-2.3991 		0.7854
v -2.938 		-2.0472 		2.218
v -2.976 		-2.3941 		0.7855
v -2.938 		-2.0474 		2.218
v -3.1175 		-1.6909 		2.3536
v -2.9762 		-2.8617 		0.4944
v -2.9183 		-2.0477 		2.2168
v -2.9763 		-2.8413 		0.4763
v -2.9763 		-2.8415 		0.4771
v -2.938 		-2.05 		2.2182
v -2.9253 		-2.0645 		2.1889
v -2.938 		-2.0614 		2.1981
v -2.938 		-2.0656 		2.19
v -2.9773 		-2.8417 		0.478
v -2.9334 		-2.0656 		2.1889
v -3.0235 		-1.8348 		1.6656
v -2.9182 		-2.0462 		2.2194
v -2.9189 		-2.0635 		2.1889
v -2.9763 		-2.8413 		0.4762
v -3.1195 		-1.7544 		2.3755
v -2.9762 		-2.8412 		0.4759
v -2.9054 		-2.0636 		2.1889
v -2.7006 		-1.8362 		2.0729
v -2.9762 		-2.394 		0.7634
v -2.938 		-2.0215 		2.2501
v -2.9742 		-2.3698 		0.7626
v -2.9507 		-2.8363 		0.456
v -2.9737 		-2.394 		0.7613
v -2.938 		-2.0634 		2.1889
v -2.938 		-2.0656 		2.1889
v -3.0135 		-1.8174 		1.6642
v -2.938 		-2.0461 		2.2194
v -2.938 		-2.0413 		2.2253
v -2.938 		-2.046 		2.2253
v -2.938 		-2.0656 		2.1905
v -3.0102 		-2.0382 		2.2283
v -3.0109 		-2.0399 		2.2261
v -2.9763 		-2.8416 		0.4778
v -3.007 		-2.0219 		2.2488
v -2.9613 		-2.0013 		2.2499
v -2.9552 		-2.8396 		0.4755
v -2.9532 		-2.8382 		0.4669
v -3.0588 		-1.4617 		0.0986
v -3.0998 		-1.7567 		2.3795
v -2.9565 		-2.394 		0.7609
v -2.9614 		-1.993 		2.2611
v -2.9565 		-2.8339 		0.4865
v -3.0904 		-1.7284 		2.3713
v -2.9733 		-2.4165 		0.7601
v -2.974 		-2.4151 		0.7608
v -2.9734 		-2.4152 		0.7602
v -2.6307 		-1.8983 		2.082
v -2.9683 		-2.041 		2.2253
v -2.9744 		-2.4151 		0.7612
v -2.961 		-2.03 		2.2392
v -2.9678 		-2.0402 		2.2263
v -3.0904 		-1.7279 		2.3713
v -3.0904 		-1.728 		2.3713
v -2.9687 		-2.4139 		0.7635
v -2.9513 		-2.8509 		0.4465
v -2.9546 		-2.8541 		0.4601
v -2.9609 		-2.0397 		2.2253
v -2.9609 		-2.0372 		2.2289
v -2.9687 		-2.415 		0.76
v -2.9722 		-2.4151 		0.7602
v -3.0904 		-1.7373 		2.3689
v -3.0904 		-1.7373 		2.3687
v -2.9565 		-2.8499 		0.4727
v -2.9666 		-1.8552 		1.5139
v -2.9565 		-2.8405 		0.4808
v -2.961 		-2.4151 		0.7597
v -3.0904 		-1.7373 		2.3688
v -2.9548 		-2.8542 		0.4607
v -2.961 		-2.0326 		2.2359
v -3.0466 		-1.4691 		0.1126
v -3.1175 		-1.735 		2.3419
v -2.9565 		-2.8417 		0.4886
v -3.1101 		-1.7499 		2.3676
v -2.9676 		-2.8588 		0.4805
v -2.9733 		-2.4152 		0.7602
v -2.9609 		-2.0411 		2.2253
v -2.9726 		-2.4151 		0.7602
v -2.9732 		-2.4152 		0.7602
v -2.9608 		-2.0467 		2.2253
v -2.9565 		-2.8558 		0.4677
v -2.9565 		-2.8443 		0.5057
v -2.9512 		-2.0411 		2.2253
v -2.9565 		-2.8566 		0.4709
v -2.9565 		-2.858 		0.4793
v -3.1355 		-1.7433 		2.3565
v -2.8491 		-1.7766 		2.0477
v -3.103 		-1.7459 		2.3607
v -2.9608 		-2.0497 		2.2253
v -2.9608 		-2.0469 		2.1956
v -2.9733 		-2.0451 		2.2031
v -2.9682 		-2.4222 		0.7353
v -2.9608 		-2.0436 		2.2022
v -2.9608 		-2.0426 		2.2021
v -2.956 		-2.4222 		0.7353
v -2.9471 		-2.8489 		0.4378
v -2.9565 		-2.4215 		0.7378
v -2.9893 		-2.0531 		2.2061
v -2.989 		-2.0524 		2.2074
v -2.9942 		-2.0628 		2.1889
v -2.9873 		-2.0383 		2.2037
v -3.0064 		-2.0508 		2.2099
v -3.0109 		-2.0502 		2.2109
v -3.0904 		-1.7487 		2.3659
v -2.9662 		-1.9899 		1.7169
v -2.9565 		-2.3963 		0.7507
v -2.9606 		-2.0631 		2.1889
v -2.9589 		-2.4152 		0.7596
v -2.9459 		-1.4392 		0.0704
v -2.9607 		-2.0542 		2.2047
v -3.0109 		-1.9756 		1.7334
v -2.9354 		-1.8096 		2.4746
v -2.938 		-1.8096 		2.4746
v -2.9492 		-2.8491 		0.4378
v -2.9166 		-1.7986 		2.4588
v -2.8686 		-1.7986 		2.4588
v -2.9676 		-2.8514 		0.4378
v -2.9263 		-1.8377 		2.4484
v -2.9348 		-1.8205 		2.4653
v -2.9303 		-1.8295 		2.4565
v -2.9259 		-1.802 		2.4579
v -2.949 		-1.9879 		1.7425
v -2.9565 		-2.4203 		0.7422
v -2.971 		-2.045 		2.2202
v -2.9565 		-2.4178 		0.7507
v -2.9349 		-1.8096 		2.4746
v -2.9762 		-2.8673 		0.4836
v -2.9762 		-2.8627 		0.4576
v -2.9748 		-2.8607 		0.453
v -2.9704 		-2.8541 		0.4385
v -2.9346 		-1.8205 		2.4653
v -2.9571 		-1.5264 		0.0208
v -2.918 		-1.4876 		0.0208
v -3.0021 		-2.8682 		0.4848
v -2.9565 		-2.4142 		0.7627
v -2.9565 		-2.4152 		0.7595
v -2.9565 		-2.4153 		0.7619
v -2.9565 		-2.4173 		0.7593
v -2.9702 		-2.8537 		0.4378
v -2.9608 		-2.0438 		2.2194
v -2.9565 		-2.4154 		0.7595
v -3.0596 		-1.9562 		1.7299
v -3.0596 		-1.956 		1.7302
v -2.9565 		-2.3957 		0.7608
v -3.0589 		-1.955 		1.7314
v -3.0594 		-1.9524 		1.7346
v -2.8752 		-1.8095 		2.4747
v -2.7126 		-1.9927 		2.2851
v -2.7113 		-1.9746 		2.3077
v -2.87 		-1.8205 		2.4653
v -3.0341 		-1.9562 		1.7297
v -3.0338 		-1.9558 		1.7301
v -2.6512 		-1.9742 		2.3074
v -2.9762 		-2.8682 		0.4528
v -2.9816 		-2.0463 		2.2211
v -2.9756 		-2.8682 		0.4502
v -2.9729 		-2.8682 		0.4378
v -3.0597 		-1.9545 		1.7309
v -2.9608 		-2.0472 		2.217
v -2.9764 		-2.4175 		0.7632
v -2.9764 		-2.4148 		0.7631
v -2.9559 		-2.8682 		0.454
v -2.9526 		-2.8682 		0.4378
v -2.9764 		-2.4202 		0.7439
v -2.9764 		-2.4164 		0.7567
v -2.9565 		-2.8682 		0.457
v -2.9608 		-2.0469 		2.2175
v -2.6595 		-1.9605 		2.2955
v -2.6319 		-1.92 		2.2655
v -2.9764 		-2.4224 		0.7362
v -2.6319 		-1.9659 		2.2852
v -3.0406 		-1.9511 		1.726
v -2.9687 		-2.0537 		2.2205
v -2.9764 		-2.4143 		0.7653
v -2.9608 		-2.0459 		2.2193
v -2.9794 		-2.4144 		0.766
v -2.9608 		-2.0457 		2.2195
v -2.983 		-2.8739 		0.4859
v -2.9608 		-2.0494 		2.2197
v -2.9545 		-2.0461 		2.2191
v -2.9571 		-2.0459 		2.2193
v -2.9341 		-1.8468 		2.4132
v -2.9315 		-1.8285 		2.4315
v -2.9505 		-1.5301 		0.0396
v -2.9981 		-2.4233 		0.7376
v -2.9285 		-1.8127 		2.4472
v -2.9287 		-1.8132 		2.4467
v -2.9764 		-2.4145 		0.7631
v -3.0052 		-1.4985 		0.0704
v -3.0136 		-1.9896 		1.7203
v -3.0273 		-1.9897 		1.7201
v -3.0429 		-1.9887 		1.7322
v -3.0461 		-1.9799 		1.733
v -3.0474 		-1.9763 		1.7334
v -3.0289 		-1.9593 		1.7331
v -2.9764 		-2.4106 		0.763
v -2.9764 		-2.3971 		0.7635
v -2.9764 		-2.3965 		0.7635
v -3.0372 		-1.9606 		1.7243
v -2.9608 		-2.0521 		2.2198
v -2.9607 		-2.0557 		2.2147
v -2.9606 		-2.0656 		2.1959
v -3.0387 		-1.9629 		1.7216
v -2.6507 		-1.9602 		2.2804
v -2.9254 		-1.8468 		2.4395
v -2.9245 		-1.8415 		2.4446
v -2.7157 		-1.9995 		2.2767
v -2.713 		-1.998 		2.2784
v -2.9608 		-2.0527 		2.2199
v -2.9764 		-2.4264 		0.7329
v -2.9764 		-2.4225 		0.736
v -3.0298 		-1.9899 		1.7172
v -2.9762 		-2.4305 		0.7298
v -3.04 		-1.965 		1.7192
v -3.0367 		-1.9753 		1.7171
v -3.0398 		-1.9692 		1.7171
v -2.938 		-2.8233 		0.4012
v -3.0355 		-1.9774 		1.7171
v -2.938 		-2.8564 		0.3729
v -2.937 		-2.8644 		0.3648
v -2.9606 		-2.0656 		2.1969
v -2.929 		-2.8524 		0.3648
v -2.9291 		-2.8366 		0.3785
v -2.9292 		-2.8206 		0.3923
v -2.9313 		-2.8212 		0.3944
v -2.9192 		-2.8201 		0.3902
v -3.0318 		-1.9901 		1.715
v -2.8807 		-2.8387 		0.3648
v -2.895 		-2.8189 		0.3853
v -2.9292 		-2.8206 		0.3922
v -2.9143 		-1.4939 		0.0396
v -2.9609 		-2.03 		2.2082
v -2.9609 		-2.0351 		2.2017
v -2.9651 		-1.8096 		2.4746
v -2.9847 		-1.8097 		2.4746
v -2.9866 		-1.8097 		2.4746
v -2.9263 		-2.8189 		0.3853
v -2.9917 		-1.8096 		2.4746
v -3.04 		-1.9667 		1.7172
v -3.0014 		-1.8377 		2.4484
v -3.001 		-1.8365 		2.4496
v -2.9763 		-2.3959 		0.7635
v -3.017 		-1.9927 		2.2851
v -2.6361 		-2.0346 		2.3091
v -2.6541 		-2.038 		2.2989
v -3.0173 		-1.9759 		2.3061
v -3.0173 		-1.9746 		2.3078
v -3.0788 		-1.9742 		2.3074
v -2.8884 		-2.8238 		0.4056
v -2.9847 		-1.8066 		2.4702
v -2.9918 		-1.8096 		2.4746
v -2.9933 		-1.8114 		2.4742
v -2.9764 		-2.3957 		0.7487
v -2.9918 		-1.8097 		2.4746
v -2.9918 		-1.8096 		2.4746
v -2.938 		-2.4327 		0.7701
v -2.8793 		-2.8387 		0.3907
v -2.8797 		-2.838 		0.3913
v -3.0418 		-1.9678 		1.7435
v -3.0474 		-1.9752 		1.7339
v -2.938 		-2.439 		0.7464
v -3.0426 		-1.9627 		1.7501
v -2.938 		-2.4561 		0.733
v -2.938 		-2.8644 		0.3648
v -2.9249 		-2.8407 		0.3886
v -2.9249 		-2.838 		0.3913
v -2.8872 		-1.5666 		0.0197
v -2.938 		-2.4761 		0.733
v -2.938 		-2.4926 		0.7467
v -2.938 		-2.5027 		0.7296
v -2.8872 		-1.5922 		0.0197
v -3.0705 		-1.9605 		2.2955
v -2.8778 		-1.5575 		0.0197
v -2.938 		-2.8416 		0.3902
v -2.938 		-2.8398 		0.3921
v -2.8778 		-1.6017 		0.0197
v -2.938 		-2.4974 		0.7541
v -3.0981 		-1.92 		2.2655
v -2.8898 		-2.824 		0.4058
v -2.9082 		-2.8248 		0.4093
v -3.0981 		-1.9659 		2.2852
v -2.916 		-2.8396 		0.3983
v -3.0359 		-1.988 		1.7402
v -3.0371 		-1.9713 		1.7468
v -2.9203 		-2.8254 		0.4116
v -2.9206 		-2.8254 		0.4116
v -2.9203 		-2.8398 		0.3991
v -2.9206 		-2.8398 		0.3992
v -2.9844 		-2.4327 		0.7701
v -2.9958 		-2.4464 		0.7744
v -2.938 		-2.8301 		0.4307
v -2.9377 		-2.8443 		0.4182
v -2.9793 		-1.8257 		2.4727
v -2.9625 		-1.8096 		2.4746
v -3.0477 		-1.9756 		1.7334
v -2.6507 		-2.0383 		2.3222
v -3.0793 		-1.9602 		2.2804
v -2.9713 		-1.5794 		0.0208
v -3.0705 		-1.9756 		1.7334
v -2.979 		-2.4336 		0.7846
v -2.938 		-2.8444 		0.4184
v -2.9639 		-1.5794 		0.0396
v -2.9171 		-2.8417 		0.3968
v -2.9206 		-2.842 		0.3973
v -3.0759 		-2.038 		2.2989
v -2.938 		-2.8462 		0.4168
v -2.6678 		-2.0446 		2.3117
v -3.0939 		-2.0346 		2.3091
v -2.9764 		-2.4338 		0.7661
v -2.938 		-2.8658 		0.3648
v -2.9764 		-2.4327 		0.7701
v -2.9565 		-2.4338 		0.7661
v -2.9565 		-2.4327 		0.7701
v -2.9676 		-2.4327 		0.7701
v -3.0383 		-1.5797 		0.0542
v -2.9446 		-2.8254 		0.4079
v -2.9425 		-2.8404 		0.3924
v -2.9388 		-2.8671 		0.3648
v -2.9773 		-2.8272 		0.3888
v -3.0793 		-2.0383 		2.3222
v -3.089 		-1.5737 		0.0989
v -3.017 		-1.998 		2.2784
v -3.0143 		-1.9995 		2.2767
v -2.9764 		-2.4323 		0.7826
v -2.9764 		-2.4334 		0.7814
v -3.0793 		-1.9887 		1.7411
v -3.0793 		-1.9801 		1.742
v -2.9676 		-2.8437 		0.3939
v -3.0035 		-1.8468 		2.4395
v -3.0033 		-1.8444 		2.4418
v -3.0018 		-1.839 		2.4471
v -3.0748 		-1.574 		0.1126
v -2.9941 		-1.8356 		2.4422
v -3.0149 		-1.4931 		0.0539
v -2.9637 		-2.8314 		0.4274
v -2.9566 		-2.8292 		0.42
v -3.0583 		-1.9804 		1.7173
v -3.0583 		-1.9796 		1.7172
v -3.0588 		-1.9707 		1.7171
v -3.0591 		-1.9667 		1.7172
v -3.0592 		-1.9639 		1.7205
v -3.0592 		-1.9639 		1.7205
v -2.9964 		-2.449 		0.7544
v -3.0561 		-1.9899 		1.7174
v -2.9893 		-2.439 		0.7464
v -3.0579 		-1.9859 		1.7173
v -3.0596 		-1.9564 		1.7297
v -3.0563 		-1.9896 		1.7174
v -2.9924 		-2.4561 		0.733
v -3.0579 		-1.986 		1.7173
v -3.057 		-1.9881 		1.7173
v -2.9399 		-2.8306 		0.4329
v -3.0269 		-1.5794 		0.0704
v -3.0007 		-2.4598 		0.7442
v -2.9764 		-2.439 		0.7464
v -2.9565 		-2.4375 		0.7296
v -3.0779 		-1.9667 		1.7172
v -2.9565 		-2.439 		0.7464
v -3.0064 		-1.8792 		2.4078
v -2.9764 		-2.4561 		0.733
v -2.9676 		-2.8499 		0.4293
v -2.9637 		-2.8467 		0.414
v -2.9565 		-2.4561 		0.733
v -3.166 		-1.574 		0.2155
v -2.9616 		-2.8461 		0.4119
v -2.9764 		-2.4669 		0.733
v -2.9565 		-2.4669 		0.733
v -3.1799 		-1.574 		0.2762
v -2.9436 		-2.8461 		0.4244
v -2.9468 		-2.8471 		0.4278
v -2.9858 		-1.8488 		2.4548
v -3.0015 		-2.8585 		0.4024
v -3.16 		-1.574 		0.2785
v -2.9565 		-2.5001 		0.753
v -2.9565 		-2.4926 		0.7467
v -2.9565 		-2.4761 		0.733
v -3.0622 		-2.0446 		2.3117
v -2.983 		-2.8657 		0.4041
v -2.9565 		-2.4979 		0.7539
v -2.9565 		-2.4974 		0.7541
v -2.9676 		-2.4974 		0.7541
v -3.0597 		-1.9899 		1.7174
v -2.9625 		-1.8792 		2.4078
v -2.9627 		-1.8792 		2.4078
v -2.9294 		-1.8683 		2.4184
v -2.865 		-1.8881 		0.5461
v -2.8195 		-1.8758 		0.5552
v -2.8033 		-1.8715 		0.5675
v -2.793 		-1.8687 		0.5768
v -2.6971 		-1.8758 		0.5552
v -3.0566 		-1.9899 		1.7169
v -3.0577 		-1.99 		1.7156
v -3.0131 		-2.0499 		2.2113
v -3.0133 		-2.0456 		2.2191
v -3.0782 		-2.0451 		2.2188
v -2.9967 		-2.4863 		0.759
v -2.9249 		-2.8644 		0.3648
v -2.983 		-2.4997 		0.7601
v -3.0597 		-1.9887 		1.7322
v -2.865 		-1.8944 		0.5657
v -2.9781 		-2.9044 		0.3115
v -2.7043 		-1.8912 		0.5657
v -3.0058 		-2.4678 		0.7655
v -2.9263 		-2.8987 		0.3024
v -3.0577 		-1.9905 		1.7093
v -3.0577 		-1.9903 		1.7121
v -2.9625 		-1.8634 		2.4078
v -2.9628 		-1.8635 		2.4078
v -2.9249 		-2.9101 		0.3189
v -2.9625 		-1.8986 		2.3887
v -3.009 		-1.8986 		2.3887
v -3.0075 		-1.8908 		2.3964
v -2.9961 		-1.8855 		2.3909
v -3.0391 		-1.9873 		1.7083
v -2.865 		-1.888 		0.583
v -2.9764 		-2.4933 		0.7479
v -2.9764 		-2.495 		0.7504
v -2.9764 		-2.4995 		0.7573
v -2.6763 		-1.8904 		0.5697
v -2.9626 		-1.8814 		2.3866
v -2.9625 		-1.8899 		2.3766
v -3.0386 		-1.9906 		1.7081
v -2.9625 		-1.896 		2.3694
v -2.9764 		-2.4987 		0.7576
v -2.9628 		-1.8691 		2.3983
v -3.0705 		-2.03 		2.2082
v -2.6937 		-1.8995 		0.5737
v -2.9676 		-2.9138 		0.3255
v -2.9625 		-1.9006 		2.3866
v -3.0793 		-2.028 		2.1951
v -3.0579 		-1.9925 		1.6845
v -3.0018 		-2.9244 		0.3417
v -2.9625 		-1.8814 		2.3866
v -2.9625 		-1.8899 		2.3766
v -3.0976 		-2.0349 		2.1994
v -2.9625 		-1.8689 		2.3984
v -3.0387 		-1.9914 		1.6982
v -3.0386 		-1.991 		1.7039
v -2.9625 		-1.8986 		2.3887
v -2.983 		-2.9278 		0.3469
v -2.865 		-1.8682 		0.5768
v -3.0973 		-1.9759 		1.7343
v -2.985 		-2.4926 		0.7467
v -2.9898 		-2.4761 		0.733
v -3.0836 		-2.0056 		1.7223
v -2.9764 		-2.4761 		0.733
v -2.9764 		-2.4926 		0.7467
v -3.0784 		-2.0025 		1.7176
v -2.9605 		-2.0694 		2.1889
v -2.6644 		-1.9613 		0.5127
v -3.0728 		-2.1338 		2.2712
v -3.0981 		-2.1349 		2.2798
v -3.0257 		-2.498 		0.8468
v -3.0132 		-2.4806 		0.7373
v -2.6823 		-1.9653 		0.5199
v -3.0705 		-1.996 		1.7316
v -3.0714 		-1.9966 		1.7324
v -3.0129 		-2.4966 		0.753
v -3.0257 		-2.4669 		0.7635
v -3.0123 		-2.4353 		0.7766
v -2.9676 		-2.9831 		0.2941
v -2.6846 		-1.9568 		0.4916
v -3.0135 		-2.4387 		0.7519
v -2.6923 		-1.9636 		0.5087
v -2.6869 		-2.0611 		0.4822
v -3.0158 		-2.4689 		0.861
v -2.6946 		-2.0562 		0.5002
v -3.0976 		-1.9941 		1.7348
v -2.6661 		-2.0542 		0.5025
v -3.0192 		-2.4572 		0.7373
v -2.6843 		-2.0517 		0.5105
v -2.865 		-1.9636 		0.4902
v -3.0015 		-2.9848 		0.3115
v -3.079 		-2.2016 		2.3097
v -2.865 		-1.9707 		0.5087
v -2.983 		-2.9837 		0.3192
v -2.865 		-2.0637 		0.5002
v -2.6923 		-2.1292 		0.5267
v -3.0668 		-2.1862 		2.3134
v -2.865 		-2.0685 		0.4808
v -2.865 		-2.1369 		0.5247
v -2.7003 		-2.1147 		0.5378
v -2.865 		-2.1218 		0.5378
v -3.1152 		-2.1403 		2.2709
v -2.6715 		-2.1144 		0.5404
v -2.6891 		-2.1058 		0.5447
v -2.9277 		-3.0176 		0.2978
v -3.0545 		-2.1967 		2.2955
v -2.9303 		-2.2546 		0.6715
v -2.9194 		-2.2138 		0.6695
v -2.8922 		-2.1496 		1.7262
v -2.9257 		-3.0199 		0.3175
v -2.9206 		-2.2506 		0.6886
v -3.0448 		-2.1799 		2.3006
v -2.9206 		-2.2155 		0.671
v -3.0104 		-2.149 		1.7255
v -2.6042 		-1.7245 		0.2155
v -2.5922 		-1.7313 		0.2765
v -2.6096 		-1.7214 		0.2785
v -3.0021 		-3.0247 		0.3397
v -3.0059 		-2.193 		1.7492
v -2.6333 		-1.7077 		0.1522
v -2.9534 		-2.2109 		1.7433
v -2.983 		-3.0298 		0.3423
v -3.0826 		-2.1338 		1.7233
v -3.0821 		-2.135 		1.7111
v -2.6478 		-1.6994 		0.1633
v -2.6205 		-1.7151 		0.2223
v -3.0784 		-2.1378 		1.7079
v -3.0047 		-3.0723 		0.3329
v -3.056 		-2.0833 		2.2259
v -2.7145 		-1.8345 		0.2155
v -2.865 		-1.875 		0.2155
v -2.7077 		-1.8465 		0.2765
v -3.0796 		-2.0799 		2.231
v -2.9781 		-3.0199 		0.3089
v -2.865 		-1.8887 		0.2765
v -3.0668 		-2.0839 		2.2459
v -2.7174 		-1.8294 		0.2785
v -3.0448 		-2.0876 		2.2422
v -2.865 		-1.869 		0.2785
v -3.0705 		-2.1437 		1.722
v -2.7313 		-1.8057 		0.1522
v -2.865 		-1.8413 		0.1522
v -3.0676 		-2.1437 		1.722
v -2.865 		-1.8562 		0.2223
v -2.7239 		-1.8185 		0.2223
v -3.0705 		-2.162 		1.7243
v -3.0171 		-2.162 		1.7243
v -3.0128 		-2.1492 		1.7227
v -2.9659 		-3.0233 		0.3243
v -3.0597 		-2.1489 		1.7227
v -3.0876 		-2.1415 		2.2604
v -3.1027 		-2.1654 		2.2
v -3.0793 		-2.158 		1.7326
v -3.0793 		-2.1514 		1.732
v -2.865 		-1.8248 		0.1633
v -3.0141 		-2.1646 		1.7298
v -2.7396 		-1.7912 		0.1633
v -2.7145 		-1.6663 		0.0542
v -2.6706 		-1.686 		0.0992
v -3.1298 		-2.1802 		2.1914
v -2.6834 		-1.6786 		0.1126
v -2.9978 		-3.0569 		0.3278
v -2.989 		-3.0538 		0.2967
v -3.0119 		-2.1491 		1.7238
v -2.9605 		-2.0702 		2.1889
v -2.7527 		-1.7684 		0.0992
v -2.9956 		-2.0656 		2.1839
v -2.9606 		-2.0656 		2.1845
v -2.7601 		-1.7556 		0.1126
v -3.0153 		-2.1896 		1.7424
v -3.0205 		-2.1849 		1.7331
v -3.0176 		-2.1877 		1.7387
v -2.9961 		-3.0734 		0.3064
v -3.0993 		-1.9579 		2.1803
v -3.018 		-2.191 		1.74
v -2.7248 		-1.6606 		0.0704
v -3.0115 		-3.0811 		0.2958
v -2.7729 		-1.6327 		0.0208
v -2.812 		-1.6715 		0.0208
v -3.0163 		-2.2079 		1.738
v -3.0158 		-3.0734 		0.4252
v -3.0152 		-3.0478 		0.3252
v -3.0243 		-3.0746 		0.3306
v -3.0776 		-2.1725 		1.7089
v -2.7795 		-1.629 		0.0396
v -2.9816 		-2.0733 		2.145
v -2.9604 		-2.0711 		2.1437
v -3.026 		-2.1503 		1.708
v -3.0253 		-2.1528 		1.7081
v -3.0295 		-2.1629 		1.7084
v -2.9604 		-2.0731 		2.1357
v -2.9604 		-2.0715 		2.1421
v -3.0294 		-2.1631 		1.7084
v -3.0597 		-2.1501 		1.7082
v -3.0074 		-2.0839 		2.1516
v -3.0066 		-2.0829 		2.1533
v -2.865 		-1.6857 		0.0208
v -3.0007 		-2.0759 		2.1657
v -2.865 		-1.6783 		0.0396
v -2.8157 		-1.6652 		0.0396
v -2.9947 		-2.0768 		2.1381
v -3.0109 		-2.0848 		2.1499
v -2.9605 		-2.0693 		2.1781
v -3.0256 		-2.1727 		1.7087
v -2.7781 		-1.7302 		0.0544
v -3.0323 		-2.156 		1.7006
v -2.865 		-1.7536 		0.0544
v -3.0331 		-2.1508 		1.7011
v -2.7841 		-1.7199 		0.0704
v -2.865 		-1.7416 		0.0704
v -2.9767 		-2.0919 		2.1507
v -2.9887 		-2.0956 		2.1418
v -2.865 		-1.7986 		0.0995
v -2.865 		-1.7835 		0.1126
v -2.9603 		-2.0869 		2.147
v -2.9602 		-2.0937 		2.1347
v -2.9603 		-2.0901 		2.1498
v -2.9603 		-2.0904 		2.1484
v -2.9208 		-2.0702 		2.1771
v -2.919 		-2.0661 		2.1843
v -2.9341 		-2.0881 		2.1449
v -2.9259 		-2.0863 		2.1481
v -3.0329 		-1.8758 		0.5552
v -2.9602 		-2.094 		2.1343
v -2.9602 		-2.0924 		2.1404
v -3.097 		-2.164 		1.7254
v -2.9468 		-2.0909 		2.1397
v -2.9601 		-2.1042 		2.1159
v -2.9601 		-2.1016 		2.1218
v -2.9601 		-2.1043 		2.1159
v -3.0976 		-2.1463 		1.7252
v -3.0257 		-1.8912 		0.5657
v -2.9565 		-3.0888 		0.295
v -2.9586 		-2.1042 		2.1159
v -2.9565 		-2.1023 		2.1192
v -3.0044 		-3.1182 		0.403
v -2.9576 		-3.1336 		0.3945
v -3.0537 		-1.8904 		0.5697
v -3.0335 		-2.1547 		1.6532
v -3.0363 		-1.8995 		0.5737
v -2.96 		-2.1112 		2.1159
v -2.9192 		-2.0695 		2.1783
v -2.9162 		-2.1042 		2.1159
v -2.9105 		-1.8758 		0.5552
v -2.9542 		-3.1145 		0.3993
v -2.9598 		-2.1386 		2.1159
v -2.996 		-2.1189 		2.0511
v -2.9964 		-2.1198 		2.0495
v -2.9942 		-2.1129 		2.0616
v -2.9923 		-2.1114 		2.0644
v -2.9625 		-2.0858 		2.1096
v -3.0617 		-1.9525 		1.5396
v -2.9625 		-2.1076 		2.1097
v -2.9887 		-2.131 		2.0675
v -2.9625 		-2.1316 		2.0594
v -2.9887 		-2.1343 		2.0606
v -2.9625 		-2.1288 		2.0653
v -2.9896 		-2.1343 		2.0616
v -2.9898 		-2.1348 		2.0608
v -2.9897 		-2.1348 		2.0607
v -2.9664 		-2.1386 		2.0524
v -2.9846 		-2.1366 		2.0575
v -2.9863 		-2.1362 		2.0582
v -3.0038 		-3.092 		0.4181
v -2.9625 		-2.1386 		2.0518
v -2.9625 		-2.1335 		2.0573
v -2.9896 		-2.1349 		2.0606
v -2.9625 		-2.1366 		2.0575
v -2.9625 		-2.1386 		2.0524
v -3.0656 		-1.9613 		0.5127
v -2.9625 		-2.1322 		2.0655
v -2.9625 		-2.1113 		2.0645
v -2.9625 		-2.1198 		2.0495
v -3.0477 		-1.9653 		0.5199
v -2.9935 		-3.1019 		0.4073
v -2.9602 		-2.0839 		2.113
v -2.9601 		-2.1055 		2.1135
v -2.9599 		-2.1114 		2.0644
v -2.9597 		-2.1285 		2.0652
v -3.0198 		-2.1928 		1.5673
v -3.0454 		-1.9568 		0.4916
v -2.96 		-2.1064 		2.1118
v -3.0377 		-1.9636 		0.5087
v -3.0431 		-2.0611 		0.4822
v -3.0314 		-2.1643 		1.5332
v -3.0235 		-3.0948 		0.4175
v -2.9597 		-2.1322 		2.0654
v -3.0354 		-2.0562 		0.5002
v -3.0639 		-2.0542 		0.5025
v -3.0457 		-2.0517 		0.5105
v -2.9494 		-2.1386 		2.0524
v -2.977 		-2.9854 		0.2765
v -2.9597 		-2.1386 		2.0657
v -3.0377 		-2.1292 		0.5267
v -2.9263 		-2.9831 		0.2682
v -3.0297 		-2.1147 		0.5378
v -2.9959 		-2.12 		2.049
v -2.9964 		-2.1199 		2.0493
v -2.9249 		-2.9811 		0.2879
v -2.9908 		-2.1211 		2.0461
v -3.0585 		-2.1144 		0.5404
v -3.0283 		-2.1701 		1.4602
v -2.9941 		-2.1189 		2.0489
v -3.0409 		-2.1058 		0.5447
v -2.9625 		-2.1155 		2.0477
v -3.0295 		-2.1679 		1.4885
v -2.9625 		-2.1073 		2.0643
v -2.96 		-2.1042 		2.0701
v -3.0012 		-3.0472 		0.2824
v -2.9599 		-2.1071 		2.0642
v -2.961 		-3.0455 		0.2645
v -2.9596 		-2.1386 		2.0558
v -2.9776 		-2.1432 		2.0492
v -2.9625 		-2.139 		2.0513
v -2.9625 		-2.1416 		2.0485
v -2.9625 		-2.1403 		2.05
v -2.9625 		-2.139 		2.0513
v -3.1258 		-1.7245 		0.2155
v -3.1452 		-1.7245 		1.4242
v -2.9565 		-3.0512 		0.283
v -3.1378 		-1.7313 		0.2765
v -2.9625 		-2.2016 		2.0689
v -3.1204 		-1.7214 		0.2785
v -3.1278 		-1.7145 		1.4239
v -2.9591 		-2.2093 		2.0692
v -2.9505 		-2.1404 		2.048
v -2.9584 		-2.1395 		2.0502
v -2.9596 		-2.1413 		2.0484
v -3.0967 		-1.7077 		0.1522
v -3.0266 		-1.8428 		1.4242
v -3.1095 		-1.7151 		0.2223
v -3.0919 		-2.1175 		2.1615
v -3.0511 		-1.8753 		1.3806
v -2.961 		-3.1034 		0.2822
v -3.0822 		-1.6994 		0.1633
v -3.0793 		-2.1329 		2.1592
v -3.0155 		-1.8345 		0.2155
v -3.0223 		-1.8465 		0.2765
v -3.021 		-2.0878 		2.1445
v -3.0258 		-2.1039 		2.1159
v -3.0145 		-2.0858 		2.1481
v -3.017 		-2.0864 		2.1469
v -3.0126 		-1.8294 		0.2785
v -3.0169 		-1.8257 		1.4239
v -2.9782 		-1.8557 		1.4242
v -3.0696 		-2.1093 		2.1675
v -2.9987 		-1.8057 		0.1522
v -2.9003 		-1.8766 		1.4242
v -3.0061 		-1.8185 		0.2223
v -2.8993 		-1.857 		1.4239
v -3.0585 		-2.1258 		2.1663
v -2.9904 		-1.7912 		0.1633
v -2.9773 		-1.7684 		0.0992
v -2.9699 		-1.7556 		0.1126
v -2.896 		-1.8783 		1.1977
v -3.0884 		-2.172 		2.1877
v -3.1124 		-2.1839 		2.1826
v -2.8948 		-1.8587 		1.1926
v -3.0052 		-1.6606 		0.0704
v -3.0581 		-1.9197 		1.2433
v -3.0579 		-1.9179 		1.2404
v -2.9571 		-1.6327 		0.0208
v -2.918 		-1.6715 		0.0208
v -3.0394 		-1.9197 		1.2433
v -3.0392 		-1.9179 		1.2404
v -2.9505 		-1.629 		0.0396
v -2.9143 		-1.6652 		0.0396
v -3.0793 		-2.1135 		2.0441
v -3.038 		-2.1373 		2.0557
v -3.0334 		-2.1386 		2.0524
v -3.0568 		-1.9095 		1.1908
v -3.0562 		-1.9063 		1.2213
v -3.03 		-2.1184 		2.0902
v -3.0382 		-2.1366 		2.0575
v -3.0582 		-1.9197 		1.198
v -3.0294 		-2.1162 		2.0943
v -2.9519 		-1.7302 		0.0544
v -3.0776 		-2.1366 		2.0575
v -3.0558 		-1.9037 		1.2171
v -3.0702 		-1.9038 		1.2173
v -2.9459 		-1.7199 		0.0704
v -3.0366 		-1.9036 		1.217
v -3.0378 		-1.9096 		1.2267
v -3.0389 		-1.9153 		1.236
v -3.0155 		-1.6663 		0.0542
v -3.056 		-1.9045 		1.2185
v -3.0558 		-1.9037 		1.2173
v -3.0366 		-1.9036 		1.2173
v -3.0594 		-1.686 		0.0992
v -3.0705 		-2.1198 		2.0495
v -3.0466 		-1.6786 		0.1126
v -3.0976 		-2.1209 		2.0475
v -3.0395 		-1.9185 		1.1902
v -3.0711 		-2.1634 		2.0509
v -3.0922 		-2.16 		2.064
v -3.0793 		-2.1697 		2.076
v -2.6344 		-2.2671 		1.0565
v -2.6515 		-2.2569 		1.0565
v -2.6604 		-2.2857 		1.0565
v -2.9322 		-2.0476 		1.3689
v -3.0597 		-2.1748 		2.0626
v -3.0423 		-1.9545 		1.4464
v -2.6658 		-2.2666 		1.0565
v -3.0574 		-2.0266 		1.3871
v -3.0189 		-2.1421 		2.0436
v -3.0299 		-2.1396 		2.0499
v -3.0587 		-2.0135 		1.4236
v -2.7375 		-2.2798 		1.0944
v -2.7393 		-2.2798 		1.0944
v -2.7527 		-2.2749 		1.1253
v -2.7529 		-2.2743 		1.1292
v -2.7375 		-2.2762 		1.1171
v -3.0594 		-2.0266 		1.3871
v -2.731 		-2.3241 		1.1226
v -3.0597 		-2.0135 		1.4236
v -2.7401 		-2.2605 		1.0944
v -2.7358 		-2.2931 		1.0944
v -3.0377 		-2.0266 		1.3871
v -3.0391 		-2.0135 		1.4236
v -2.9563 		-1.7173 		2.0429
v -2.9601 		-1.7136 		2.0429
v -2.9596 		-1.7364 		2.036
v -2.9168 		-1.7567 		2.0419
v -2.9426 		-1.7569 		2.0419
v -2.9929 		-1.7573 		2.0418
v -3.0936 		-2.0505 		1.3891
v -3.0018 		-1.7574 		2.0419
v -3.1021 		-2.042 		1.4259
v -2.7551 		-2.2515 		1.1503
v -2.7534 		-2.2554 		1.1262
v -2.7507 		-2.3256 		1.1229
v -3.061 		-1.9927 		1.3441
v -3.0612 		-1.9927 		1.3248
v -3.0613 		-1.9893 		1.3233
v -3.0625 		-1.9626 		1.3133
v -3.0617 		-1.9773 		1.3373
v -3.0615 		-1.9822 		1.3395
v -3.0711 		-1.9773 		1.3373
v -2.7513 		-2.2798 		1.0944
v -2.9662 		-1.7345 		2.0298
v -2.9662 		-1.7346 		2.0356
v -3.0096 		-1.6909 		2.0242
v -3.0109 		-1.7575 		2.042
v -2.7411 		-2.2727 		1.0944
v -3.0424 		-1.9735 		1.331
v -3.0422 		-1.9773 		1.3373
v -3.0416 		-1.9922 		1.344
v -3.0416 		-1.9927 		1.3442
v -2.9562 		-1.7171 		2.0304
v -2.9562 		-1.7171 		2.0308
v -2.7513 		-2.2605 		1.0944
v -2.751 		-2.2727 		1.0944
v -2.9824 		-1.6909 		2.024
v -3.0419 		-1.9893 		1.3233
v -2.7331 		-2.2857 		1.0565
v -2.7381 		-2.2666 		1.0565
v -3.0429 		-1.9626 		1.3133
v -2.9168 		-1.7567 		2.0419
v -2.9198 		-1.7532 		2.0261
v -2.9143 		-1.7584 		2.0165
v -2.7499 		-2.2666 		1.0565
v -3.0642 		-1.9893 		1.3233
v -3.0617 		-1.9833 		1.3133
v -3.0961 		-1.9876 		1.3159
v -2.9209 		-1.7519 		2.0203
v -2.9563 		-1.7173 		2.0407
v -2.7496 		-2.2857 		1.0565
v -2.8853 		-1.7564 		2.042
v -2.8966 		-1.753 		2.0261
v -2.8785 		-1.7576 		2.0173
v -2.7503 		-2.2666 		1.0565
v -3.0535 		-2.058 		1.3606
v -3.0328 		-2.0626 		1.3592
v -3.0526 		-2.0653 		1.3584
v -2.9294 		-1.7243 		2.0326
v -3.0336 		-2.0568 		1.3609
v -3.0537 		-2.0568 		1.3609
v -3.0548 		-2.0482 		1.3684
v -3.0348 		-2.0481 		1.3685
v -2.9333 		-1.7233 		2.0323
v -3.0604 		-2.0103 		1.3326
v -3.0603 		-2.0093 		1.3513
v -2.8691 		-1.7597 		2.0031
v -2.904 		-1.7507 		2.0158
v -3.0525 		-2.0656 		1.3572
v -3.0526 		-2.0656 		1.3572
v -3.0557 		-2.0416 		1.3655
v -3.055 		-2.0462 		1.3675
v -3.0769 		-2.0634 		1.3693
v -3.0715 		-2.0547 		1.3711
v -2.8749 		-1.7652 		2.0031
v -3.0358 		-2.0414 		1.3655
v -2.7082 		-2.4433 		1.1657
v -2.8917 		-1.7624 		2.0088
v -3.0411 		-2.0065 		1.3502
v -3.059 		-2.0482 		1.3684
v -3.0713 		-2.0546 		1.371
v -2.7291 		-2.4048 		1.1158
v -2.9332 		-1.7233 		2.0323
v -2.7481 		-2.4002 		1.1192
v -2.9294 		-1.7243 		2.0326
v -3.0412 		-2.0075 		1.3314
v -2.8682 		-1.6909 		2.0233
v -2.868 		-1.6892 		2.0237
v -2.932 		-1.6763 		1.97
v -2.9361 		-1.6827 		1.97
v -2.7735 		-2.4176 		1.1144
v -2.7644 		-2.4176 		1.1144
v -2.7682 		-2.4176 		1.1144
v -2.7536 		-2.4071 		1.0964
v -2.9885 		-1.6304 		1.97
v -2.9212 		-1.6576 		1.97
v -2.9251 		-1.6629 		1.97
v -2.768 		-2.4211 		1.1204
v -2.7688 		-2.4059 		1.0944
v -2.7536 		-2.4305 		1.1402
v -2.7536 		-2.406 		1.1176
v -2.7536 		-2.4044 		1.1496
v -3.0008 		-2.1822 		1.3391
v -3.0002 		-2.1862 		1.3373
v -2.998 		-2.1993 		1.316
v -2.9993 		-2.1912 		1.3291
v -3.0045 		-2.1742 		1.3233
v -2.7536 		-2.4467 		1.164
v -2.7536 		-2.4355 		1.1448
v -2.7536 		-2.4617 		1.1519
v -2.7536 		-2.4628 		1.1533
v -2.7536 		-2.473 		1.1661
v -2.9348 		-1.6803 		1.9398
v -2.7405 		-2.4612 		1.1517
v -3.1198 		-2.1132 		1.4316
v -2.7735 		-2.4624 		1.1522
v -3.1198 		-2.0731 		1.4285
v -3.0294 		-1.7577 		2.0421
v -2.7536 		-2.4322 		1.1035
v -2.7536 		-2.4318 		1.1092
v -3.0294 		-1.7541 		2.0261
v -2.7567 		-2.4353 		1.1084
v -3.1107 		-2.1115 		1.394
v -2.7536 		-2.4403 		1.1168
v -2.7735 		-2.4472 		1.1273
v -3.1107 		-2.0808 		1.3917
v -2.7735 		-2.4359 		1.1088
v -3.0865 		-1.6909 		2.0247
v -3.0403 		-1.6604 		2.0325
v -3.0274 		-2.172 		1.4362
v -2.7735 		-2.4467 		1.164
v -2.7467 		-2.4467 		1.164
v -3.0403 		-1.6604 		2.0298
v -3.0597 		-2.172 		1.4362
v -3.022 		-1.7727 		2.029
v -3.0232 		-1.6504 		2.0304
v -3.0254 		-1.6483 		2.0357
v -3.0233 		-1.6504 		2.0351
v -3.0198 		-2.1893 		1.4034
v -3.0302 		-2.1647 		1.3981
v -3.0302 		-2.1647 		1.3982
v -3.03 		-2.1651 		1.4011
v -3.0591 		-2.1645 		1.3983
v -3.0933 		-2.1417 		1.3965
v -3.1018 		-2.1443 		1.4342
v -3.0322 		-2.0671 		1.3579
v -3.0801 		-2.0706 		1.3691
v -3.0836 		-2.099 		1.3626
v -3.0523 		-2.0671 		1.3579
v -2.9625 		-1.8994 		1.9131
v -2.9625 		-1.8624 		1.9691
v -2.9625 		-1.8901 		1.9083
v -2.9625 		-1.8939 		1.9004
v -2.9625 		-1.9071 		1.9171
v -3.0587 		-2.0672 		1.3579
v -2.9625 		-1.9117 		1.9073
v -3.0642 		-2.0713 		1.3598
v -2.9624 		-1.8939 		1.9004
v -2.9623 		-1.9117 		1.9073
v -3.0671 		-2.099 		1.3534
v -3.0687 		-2.0816 		1.3593
v -3.0263 		-2.1079 		1.3527
v -3.0231 		-2.1288 		1.3624
v -3.0429 		-2.1287 		1.3625
v -3.0462 		-2.1078 		1.3527
v -3.0419 		-2.1353 		1.3597
v -3.0455 		-2.1129 		1.3505
v -3.0429 		-2.1289 		1.3624
v -3.0415 		-2.1386 		1.3582
v -3.0453 		-2.1144 		1.3498
v -2.9625 		-1.9165 		1.9219
v -3.0714 		-2.1226 		1.365
v -3.0585 		-2.1285 		1.3625
v -3.0689 		-2.1243 		1.3643
v -3.0507 		-1.8103 		2.0427
v -3.0418 		-2.1358 		1.3658
v -3.0328 		-1.8103 		2.0425
v -3.0508 		-1.7764 		2.0284
v -3.0711 		-2.1295 		1.3675
v -3.0329 		-1.7846 		2.0301
v -3.0231 		-2.129 		1.3625
v -3.0329 		-1.7858 		2.0421
v -3.0585 		-2.1077 		1.3528
v -3.0616 		-2.1065 		1.3533
v -3.0642 		-2.1048 		1.3541
v -3.0785 		-2.0816 		1.3484
v -3.0418 		-2.1386 		1.3391
v -3.022 		-2.1383 		1.3392
v -3.022 		-2.1383 		1.3392
v -3.022 		-2.1383 		1.3393
v -3.0462 		-1.838 		2.0384
v -3.0448 		-1.8468 		2.0253
v -3.022 		-2.1383 		1.3392
v -3.0505 		-1.8201 		2.032
v -3.0785 		-1.8203 		2.0321
v -3.0326 		-1.82 		2.0319
v -3.0498 		-1.8374 		2.0065
v -3.0504 		-1.823 		2.028
v -3.0324 		-1.8248 		2.0253
v -3.0319 		-1.8374 		2.0065
v -3.0476 		-2.099 		1.3486
v -3.0585 		-2.099 		1.3487
v -3.0848 		-2.0816 		1.3691
v -3.084 		-2.0949 		1.364
v -3.0843 		-2.0941 		1.3641
v -3.0867 		-2.099 		1.3643
v -3.0495 		-1.8468 		1.9925
v -3.0316 		-1.8468 		1.9925
v -3.0964 		-2.0816 		1.3569
v -3.0406 		-2.1446 		1.3556
v -3.0337 		-2.158 		1.3498
v -3.0196 		-2.1438 		1.3561
v -3.0132 		-2.1568 		1.3505
v -3.0981 		-1.8804 		1.9782
v -3.0412 		-2.1392 		1.3675
v -3.0408 		-2.1416 		1.3703
v -3.0793 		-1.8867 		1.9817
v -3.0402 		-2.1454 		1.3748
v -3.0395 		-1.8784 		1.9782
v -3.0585 		-2.1392 		1.3675
v -3.0216 		-2.1391 		1.3581
v -3.0705 		-1.8784 		1.9782
v -3.0199 		-2.188 		1.3344
v -3.0187 		-2.1936 		1.3252
v -3.0199 		-2.1879 		1.3344
v -3.0183 		-2.1956 		1.3219
v -3.023 		-2.1802 		1.3133
v -3.0256 		-2.1742 		1.3233
v -3.0272 		-2.1709 		1.3441
v -3.0206 		-2.1862 		1.3373
v -3.0335 		-2.1585 		1.3496
v -3.03 		-2.1654 		1.3466
v -3.0711 		-2.1862 		1.3373
v -3.0289 		-1.812 		1.9195
v -3.0209 		-1.8291 		1.9264
v -3.0173 		-2.201 		1.3133
v -3.0503 		-1.8331 		1.9281
v -3.0314 		-1.8393 		1.9306
v -3.0642 		-2.1742 		1.3233
v -3.026 		-2.1733 		1.3237
v -3.041 		-2.1439 		1.3367
v -3.0485 		-1.8801 		1.9572
v -3.0961 		-2.1759 		1.3159
v -3.0631 		-1.9574 		1.27
v -3.0626 		-1.9603 		1.3096
v -3.0631 		-1.9551 		1.301
v -3.0633 		-1.9554 		1.2668
v -3.0625 		-1.9497 		1.2571
v -3.061 		-1.9396 		1.2404
v -3.0608 		-1.939 		1.2748
v -3.0629 		-1.9543 		1.2997
v -3.0632 		-1.9551 		1.2663
v -3.0431 		-1.9562 		1.3028
v -3.0433 		-1.9566 		1.2687
v -3.0425 		-1.9779 		1.3042
v -3.0785 		-1.9941 		1.3093
v -3.0634 		-1.9556 		1.2472
v -3.0785 		-1.93 		1.2025
v -3.0585 		-1.9217 		1.2104
v -3.0398 		-1.9217 		1.2104
v -3.0642 		-1.9217 		1.2104
v -3.0584 		-1.9208 		1.2046
v -3.0959 		-1.9206 		1.2056
v -3.0785 		-2.0198 		1.2355
v -3.0645 		-2.0303 		1.2053
v -3.0776 		-2.034 		1.1939
v -3.0981 		-2.0218 		1.2329
v -3.0845 		-2.0297 		1.207
v -3.0933 		-2.0255 		1.203
v -2.9969 		-2.2058 		1.3055
v -3.0008 		-2.1816 		1.3111
v -2.999 		-2.1925 		1.2928
v -2.9968 		-2.2062 		1.2698
v -2.9922 		-2.2105 		1.2979
v -2.9917 		-2.2114 		1.2612
v -3.0981 		-2.0816 		1.2606
v -3.0785 		-2.0816 		1.2632
v -3.0785 		-2.1694 		1.3093
v -3.0191 		-2.1913 		1.2947
v -3.0199 		-2.1873 		1.3014
v -3.0199 		-2.1873 		1.3015
v -3.0163 		-2.206 		1.3054
v -3.0776 		-2.1295 		1.1939
v -3.0776 		-2.0816 		1.2153
v -3.0645 		-2.0816 		1.2284
v -3.0645 		-2.1332 		1.2053
v -3.0845 		-2.1338 		1.207
# 9842 vertices

g group_0_11909273

usemtl color_11909273
s 0

f 2 	6 	4
f 3 	4 	6
f 5 	9 	1
f 2 	4 	1
f 10 	11 	9
f 11 	7 	9
f 7 	1 	9
f 5 	1 	4
f 75 	73 	13
f 9142 	52 	16
f 13 	19 	75
f 23 	9250 	24
f 9250 	20 	24
f 26 	23 	24
f 24 	20 	26
f 20 	9252 	26
f 25 	23 	26
f 25 	28 	23
f 28 	27 	23
f 30 	23 	27
f 29 	30 	27
f 27 	29 	28
f 31 	28 	29
f 31 	29 	32
f 12 	13 	35
f 13 	19 	35
f 36 	38 	34
f 33 	34 	38
f 19 	9797 	42
f 8 	1506 	4760
f 18 	21 	22
f 18 	22 	43
f 43 	8639 	22
f 48 	9140 	47
f 22 	432 	43
f 53 	54 	45
f 18 	45 	54
f 3330 	14 	118
f 38 	36 	55
f 14 	116 	118
f 22 	21 	432
f 47 	15 	44
f 19 	42 	75
f 42 	35 	19
f 18 	54 	56
f 15 	16 	52
f 47 	15 	52
f 37 	82 	39
f 50 	46 	58
f 60 	34 	59
f 57 	59 	34
f 57 	34 	33
f 35 	42 	39
f 37 	35 	39
f 50 	62 	52
f 61 	52 	62
f 44 	49 	48
f 44 	48 	47
f 39 	9792 	37
f 60 	69 	34
f 69 	248 	34
f 58 	48 	52
f 49 	48 	58
f 47 	52 	48
f 42 	9792 	39
f 19 	9792 	42
f 74 	283 	71
f 9763 	12 	73
f 67 	65 	64
f 77 	79 	57
f 59 	57 	79
f 40 	9553 	9637
f 75 	42 	78
f 76 	78 	42
f 62 	50 	80
f 58 	80 	50
f 68 	65 	64
f 80 	58 	52
f 80 	52 	61
f 42 	39 	76
f 76 	39 	83
f 67 	623 	617
f 64 	67 	617
f 48 	85 	47
f 69 	60 	59
f 69 	59 	79
f 37 	9792 	281
f 40 	97 	96
f 48 	49 	311
f 48 	311 	85
f 64 	1007 	67
f 96 	121 	40
f 83 	82 	72
f 83 	82 	9793
f 83 	72 	76
f 78 	76 	72
f 66 	65 	139
f 76 	9793 	78
f 9193 	89 	90
f 53 	91 	54
f 56 	54 	91
f 56 	91 	92
f 166 	139 	68
f 83 	9793 	76
f 30 	71 	23
f 70 	23 	71
f 70 	81 	23
f 9250 	23 	81
f 54 	53 	245
f 56 	54 	245
f 74 	71 	30
f 363 	6851 	86
f 363 	86 	87
f 363 	87 	88
f 73 	75 	95
f 75 	78 	95
f 72 	95 	78
f 97 	99 	191
f 99 	134 	191
f 87 	295 	86
f 98 	101 	74
f 71 	103 	74
f 70 	103 	71
f 98 	74 	103
f 97 	96 	104
f 102 	100 	18
f 580 	295 	88
f 100 	282 	102
f 89 	86 	295
f 102 	260 	100
f 107 	373 	106
f 116 	14 	94
f 87 	88 	295
f 108 	81 	105
f 1046 	64 	65
f 66 	139 	1046
f 65 	66 	1046
f 9193 	90 	110
f 109 	18 	111
f 70 	105 	81
f 81 	108 	106
f 70 	105 	103
f 8443 	8459 	113
f 71 	27 	28
f 105 	70 	28
f 71 	28 	70
f 78 	9735 	75
f 93 	9823 	17
f 71 	74 	27
f 29 	27 	74
f 18 	115 	102
f 114 	102 	115
f 79 	107 	106
f 108 	69 	106
f 79 	106 	69
f 114 	282 	115
f 102 	282 	114
f 114 	260 	102
f 295 	110 	90
f 96 	190 	121
f 96 	121 	104
f 123 	138 	115
f 18 	109 	115
f 123 	115 	109
f 88 	87 	124
f 122 	7162 	87
f 122 	87 	86
f 196 	113 	115
f 89 	122 	86
f 95 	72 	117
f 120 	104 	121
f 260 	114 	115
f 113 	260 	115
f 75 	73 	9706
f 75 	9706 	78
f 3474 	76 	9706
f 99 	1162 	97
f 97 	1162 	96
f 121 	96 	1162
f 90 	6787 	89
f 110 	6787 	90
f 8673 	127 	111
f 109 	111 	127
f 127 	128 	109
f 126 	109 	128
f 118 	63 	3400
f 123 	109 	126
f 131 	129 	104
f 111 	279 	109
f 63 	118 	116
f 174 	191 	134
f 133 	174 	134
f 18 	56 	135
f 111 	18 	135
f 99 	97 	104
f 134 	99 	104
f 97 	40 	99
f 134 	99 	40
f 1046 	1007 	64
f 56 	8678 	135
f 135 	8675 	111
f 134 	133 	1162
f 56 	245 	135
f 245 	279 	135
f 66 	139 	65
f 107 	106 	140
f 133 	9674 	1162
f 134 	1162 	99
f 25 	108 	105
f 25 	105 	28
f 126 	141 	123
f 138 	123 	141
f 133 	134 	104
f 346 	325 	54
f 129 	142 	104
f 54 	56 	8573
f 135 	8573 	56
f 135 	111 	144
f 111 	109 	144
f 109 	146 	144
f 143 	144 	146
f 146 	109 	123
f 146 	123 	138
f 66 	65 	68
f 149 	128 	148
f 148 	128 	127
f 9797 	130 	150
f 127 	8604 	152
f 127 	152 	128
f 150 	153 	9797
f 114 	154 	102
f 102 	154 	100
f 156 	100 	154
f 161 	8703 	156
f 155 	304 	9797
f 39 	9797 	37
f 28 	31 	98
f 28 	98 	103
f 28 	103 	105
f 154 	159 	156
f 159 	149 	156
f 158 	156 	149
f 148 	158 	149
f 160 	142 	129
f 154 	310 	156
f 139 	166 	1046
f 158 	161 	156
f 129 	163 	160
f 8643 	161 	310
f 153 	155 	9797
f 163 	142 	160
f 8234 	105 	283
f 142 	163 	129
f 161 	164 	156
f 164 	165 	156
f 154 	156 	165
f 168 	127 	128
f 170 	171 	172
f 9647 	9648 	167
f 167 	9648 	169
f 72 	1670 	117
f 96 	97 	191
f 174 	133 	178
f 9711 	304 	9709
f 130 	132 	9709
f 174 	178 	167
f 68 	8910 	565
f 176 	180 	175
f 175 	180 	181
f 184 	185 	183
f 185 	186 	8061
f 182 	8061 	186
f 137 	147 	326
f 177 	9647 	178
f 9647 	167 	178
f 150 	130 	9709
f 565 	166 	68
f 139 	66 	68
f 280 	9086 	137
f 132 	9777 	130
f 177 	9639 	178
f 199 	188 	178
f 177 	178 	188
f 150 	130 	9777
f 189 	186 	185
f 205 	169 	9646
f 155 	153 	286
f 150 	9777 	153
f 187 	186 	185
f 166 	565 	1046
f 552 	1046 	565
f 587 	167 	169
f 190 	96 	191
f 182 	186 	189
f 191 	167 	190
f 132 	130 	192
f 130 	150 	192
f 153 	192 	150
f 187 	182 	186
f 191 	84 	190
f 153 	155 	192
f 194 	201 	8441
f 202 	191 	190
f 191 	174 	167
f 178 	84 	174
f 174 	84 	191
f 193 	170 	194
f 197 	194 	170
f 193 	196 	194
f 184 	8441 	201
f 185 	184 	201
f 199 	178 	198
f 198 	178 	174
f 198 	174 	191
f 198 	191 	202
f 330 	8925 	195
f 203 	199 	198
f 185 	201 	204
f 185 	204 	189
f 205 	206 	207
f 187 	185 	201
f 187 	201 	196
f 186 	201 	185
f 94 	151 	116
f 209 	116 	151
f 169 	205 	207
f 194 	197 	201
f 204 	201 	197
f 194 	196 	201
f 136 	116 	209
f 212 	213 	211
f 210 	211 	213
f 212 	214 	213
f 182 	201 	186
f 201 	7602 	194
f 113 	193 	260
f 217 	218 	216
f 215 	216 	218
f 218 	219 	215
f 202 	215 	219
f 63 	116 	136
f 170 	7610 	197
f 220 	221 	222
f 220 	222 	223
f 223 	222 	131
f 209 	151 	224
f 183 	8067 	184
f 225 	6827 	229
f 183 	184 	176
f 175 	230 	176
f 183 	176 	230
f 224 	236 	209
f 8065 	231 	180
f 181 	180 	231
f 8905 	8906 	225
f 234 	235 	233
f 232 	233 	235
f 237 	238 	239
f 237 	239 	240
f 243 	8906 	241
f 385 	162 	173
f 241 	44 	243
f 236 	136 	209
f 247 	249 	242
f 162 	248 	173
f 257 	248 	256
f 69 	256 	248
f 446 	6838 	243
f 241 	446 	243
f 242 	251 	247
f 251 	242 	244
f 253 	273 	251
f 241 	405 	252
f 71 	283 	70
f 8546 	369 	8541
f 254 	255 	252
f 44 	241 	255
f 108 	256 	69
f 261 	262 	259
f 258 	259 	262
f 8703 	100 	260
f 265 	266 	264
f 263 	264 	266
f 257 	256 	268
f 107 	268 	256
f 106 	107 	256
f 140 	256 	271
f 106 	256 	140
f 269 	271 	256
f 272 	251 	270
f 247 	251 	272
f 108 	25 	256
f 269 	256 	25
f 270 	251 	273
f 70 	283 	105
f 34 	275 	36
f 137 	326 	280
f 123 	109 	279
f 55 	36 	275
f 111 	135 	279
f 281 	305 	226
f 35 	37 	226
f 281 	226 	37
f 138 	123 	279
f 6113 	6114 	5035
f 277 	278 	280
f 305 	314 	226
f 1935 	1932 	276
f 277 	595 	278
f 281 	9792 	305
f 9169 	9168 	595
f 1894 	1976 	284
f 9004 	607 	9005
f 290 	292 	288
f 292 	347 	294
f 288 	292 	294
f 296 	9595 	293
f 294 	293 	9595
f 9595 	389 	294
f 302 	1606 	9797
f 1697 	9797 	1606
f 301 	302 	9797
f 300 	9797 	304
f 9553 	294 	293
f 9553 	293 	296
f 37 	9797 	281
f 281 	9797 	305
f 288 	294 	388
f 294 	297 	288
f 307 	82 	281
f 306 	307 	305
f 281 	305 	307
f 37 	281 	82
f 297 	294 	9553
f 288 	276 	294
f 502 	501 	254
f 298 	359 	295
f 9116 	280 	9169
f 196 	282 	8120
f 501 	502 	309
f 241 	309 	252
f 502 	252 	309
f 243 	309 	241
f 379 	288 	297
f 312 	505 	309
f 243 	246 	309
f 305 	1697 	314
f 305 	314 	315
f 305 	315 	306
f 162 	275 	248
f 162 	317 	275
f 8274 	275 	317
f 228 	313 	229
f 212 	319 	424
f 275 	34 	248
f 320 	321 	318
f 321 	322 	318
f 322 	325 	318
f 323 	318 	325
f 316 	318 	323
f 329 	316 	328
f 323 	316 	329
f 327 	328 	316
f 327 	316 	6270
f 314 	305 	9792
f 211 	336 	212
f 334 	331 	333
f 332 	333 	331
f 319 	212 	336
f 318 	331 	334
f 318 	334 	320
f 449 	292 	290
f 402 	225 	330
f 337 	402 	330
f 340 	346 	339
f 339 	325 	322
f 225 	229 	342
f 343 	340 	345
f 330 	225 	342
f 344 	351 	326
f 7328 	7338 	291
f 451 	84 	290
f 290 	84 	292
f 325 	339 	346
f 293 	294 	347
f 343 	346 	340
f 330 	342 	337
f 313 	337 	342
f 313 	342 	229
f 348 	293 	347
f 211 	210 	349
f 350 	336 	349
f 211 	349 	336
f 229 	8925 	342
f 333 	339 	334
f 339 	321 	334
f 320 	334 	321
f 317 	162 	385
f 72 	307 	1670
f 1670 	307 	306
f 1670 	306 	315
f 344 	338 	351
f 348 	347 	210
f 349 	210 	347
f 349 	347 	292
f 349 	292 	449
f 5838 	320 	334
f 5838 	334 	333
f 292 	9570 	347
f 8479 	8480 	339
f 348 	347 	9570
f 8479 	339 	322
f 210 	213 	349
f 352 	350 	349
f 83 	39 	82
f 280 	351 	338
f 72 	82 	307
f 307 	9793 	82
f 214 	352 	349
f 213 	214 	349
f 83 	76 	9707
f 82 	83 	9707
f 3474 	9707 	76
f 326 	351 	280
f 355 	290 	354
f 292 	354 	290
f 347 	354 	292
f 301 	286 	302
f 355 	354 	356
f 355 	356 	357
f 348 	216 	347
f 354 	347 	216
f 353 	407 	358
f 8476 	8473 	353
f 303 	295 	359
f 77 	57 	33
f 77 	33 	360
f 334 	353 	358
f 334 	358 	333
f 344 	326 	147
f 271 	268 	107
f 271 	107 	140
f 353 	334 	320
f 216 	215 	354
f 215 	362 	354
f 356 	354 	362
f 94 	400 	368
f 365 	367 	364
f 367 	360 	364
f 38 	364 	33
f 33 	364 	360
f 218 	355 	366
f 217 	355 	218
f 357 	366 	355
f 300 	304 	409
f 9711 	409 	304
f 145 	303 	359
f 301 	300 	286
f 304 	286 	300
f 55 	9246 	38
f 302 	2760 	301
f 300 	301 	2760
f 538 	6173 	352
f 155 	9709 	304
f 345 	316 	343
f 323 	346 	316
f 155 	286 	304
f 343 	316 	346
f 325 	346 	323
f 346 	369 	325
f 319 	372 	374
f 345 	378 	343
f 343 	378 	346
f 319 	336 	372
f 350 	372 	336
f 81 	106 	373
f 373 	107 	375
f 377 	373 	8251
f 375 	8251 	373
f 369 	346 	378
f 362 	366 	356
f 357 	356 	366
f 298 	370 	359
f 383 	77 	367
f 360 	367 	77
f 379 	380 	451
f 450 	451 	380
f 157 	145 	370
f 2760 	192 	304
f 304 	300 	2760
f 380 	382 	450
f 381 	450 	382
f 383 	107 	77
f 79 	77 	107
f 107 	383 	375
f 359 	370 	145
f 329 	328 	343
f 345 	343 	328
f 345 	328 	386
f 382 	388 	387
f 381 	382 	387
f 384 	387 	388
f 384 	388 	389
f 29 	74 	30
f 329 	343 	346
f 382 	391 	381
f 32 	29 	74
f 32 	74 	101
f 392 	393 	394
f 361 	313 	228
f 395 	396 	397
f 228 	361 	6507
f 397 	396 	399
f 381 	398 	382
f 276 	382 	398
f 4033 	371 	400
f 328 	327 	386
f 5635 	8128 	399
f 388 	294 	389
f 342 	122 	229
f 6853 	361 	122
f 228 	229 	122
f 388 	382 	380
f 388 	380 	379
f 330 	401 	342
f 379 	297 	380
f 382 	380 	2445
f 400 	299 	368
f 433 	397 	395
f 274 	517 	324
f 225 	8964 	8965
f 371 	299 	400
f 404 	225 	405
f 335 	341 	527
f 388 	379 	288
f 8964 	225 	406
f 404 	406 	225
f 275 	7790 	9247
f 405 	225 	402
f 380 	276 	379
f 276 	9538 	294
f 379 	276 	288
f 382 	276 	380
f 400 	94 	14
f 384 	389 	284
f 353 	403 	407
f 409 	410 	411
f 409 	411 	412
f 9595 	9542 	389
f 414 	416 	411
f 410 	411 	416
f 415 	1932 	418
f 417 	418 	1932
f 400 	14 	4066
f 421 	422 	420
f 419 	420 	422
f 1935 	1925 	424
f 424 	417 	1935
f 1932 	1935 	417
f 1874 	299 	460
f 424 	423 	417
f 417 	423 	2021
f 426 	428 	662
f 369 	378 	413
f 744 	299 	371
f 423 	284 	424
f 402 	408 	405
f 417 	424 	284
f 432 	260 	7352
f 225 	8965 	8905
f 29 	7714 	74
f 284 	418 	417
f 376 	365 	364
f 353 	8473 	432
f 404 	241 	406
f 405 	241 	404
f 408 	552 	502
f 376 	364 	377
f 432 	403 	353
f 434 	436 	431
f 374 	438 	319
f 424 	319 	438
f 424 	438 	423
f 431 	430 	434
f 404 	405 	408
f 415 	287 	418
f 417 	418 	287
f 1894 	1895 	287
f 364 	441 	452
f 381 	387 	398
f 404 	408 	406
f 38 	9010 	364
f 441 	364 	9010
f 381 	391 	398
f 442 	398 	391
f 406 	9002 	404
f 405 	404 	9002
f 245 	8541 	369
f 9002 	408 	405
f 374 	447 	438
f 445 	438 	447
f 372 	447 	374
f 384 	445 	449
f 387 	384 	449
f 405 	408 	453
f 288 	379 	451
f 364 	452 	377
f 450 	381 	398
f 252 	405 	453
f 449 	451 	450
f 398 	387 	450
f 449 	450 	387
f 377 	452 	373
f 519 	373 	452
f 519 	452 	8353
f 434 	431 	455
f 430 	455 	431
f 703 	459 	448
f 398 	442 	454
f 398 	454 	450
f 430 	431 	9668
f 431 	434 	9668
f 290 	288 	451
f 290 	451 	449
f 434 	9644 	436
f 437 	436 	2681
f 455 	516 	434
f 7602 	7599 	260
f 459 	444 	448
f 436 	434 	516
f 7576 	7577 	457
f 372 	350 	447
f 436 	9668 	434
f 350 	352 	447
f 445 	447 	352
f 436 	437 	2679
f 349 	449 	352
f 445 	352 	449
f 2686 	9652 	425
f 426 	425 	9652
f 445 	352 	438
f 2686 	425 	427
f 460 	299 	744
f 214 	438 	352
f 426 	425 	428
f 460 	667 	556
f 466 	451 	355
f 450 	451 	466
f 355 	451 	290
f 252 	453 	254
f 469 	471 	468
f 467 	468 	471
f 472 	473 	466
f 472 	466 	465
f 475 	477 	474
f 450 	466 	398
f 3782 	9250 	476
f 9651 	425 	426
f 478 	480 	477
f 474 	477 	480
f 453 	446 	252
f 483 	484 	482
f 481 	482 	484
f 241 	252 	446
f 465 	466 	355
f 1080 	494 	701
f 484 	486 	488
f 428 	464 	426
f 464 	5605 	426
f 509 	9010 	38
f 490 	491 	489
f 384 	538 	445
f 284 	538 	384
f 352 	445 	538
f 662 	428 	663
f 499 	492 	464
f 509 	38 	9246
f 491 	500 	489
f 423 	424 	1925
f 500 	496 	489
f 505 	503 	494
f 485 	463 	458
f 492 	493 	428
f 446 	494 	9064
f 453 	408 	502
f 501 	503 	505
f 506 	308 	505
f 308 	254 	505
f 501 	505 	254
f 776 	443 	507
f 494 	502 	501
f 494 	501 	505
f 443 	573 	507
f 492 	498 	493
f 663 	493 	498
f 492 	499 	498
f 6774 	498 	499
f 493 	702 	492
f 492 	702 	499
f 453 	502 	254
f 494 	446 	453
f 494 	453 	502
f 453 	252 	502
f 511 	427 	510
f 509 	9246 	461
f 461 	2303 	509
f 497 	2021 	495
f 548 	558 	509
f 516 	514 	515
f 514 	518 	515
f 505 	503 	520
f 505 	520 	506
f 503 	578 	494
f 520 	521 	506
f 284 	423 	495
f 508 	517 	274
f 514 	436 	437
f 495 	497 	284
f 538 	284 	497
f 501 	309 	505
f 522 	505 	312
f 839 	505 	522
f 503 	505 	839
f 516 	515 	513
f 423 	438 	495
f 214 	6200 	438
f 513 	515 	518
f 402 	337 	526
f 402 	526 	524
f 527 	523 	335
f 313 	856 	524
f 526 	313 	524
f 337 	313 	526
f 515 	436 	516
f 518 	437 	515
f 437 	436 	515
f 528 	529 	531
f 622 	519 	529
f 337 	542 	526
f 524 	526 	525
f 529 	528 	532
f 529 	532 	533
f 535 	533 	532
f 524 	525 	536
f 678 	463 	530
f 8353 	8360 	519
f 330 	337 	537
f 526 	537 	337
f 536 	537 	524
f 526 	524 	537
f 535 	531 	529
f 535 	529 	533
f 427 	534 	425
f 401 	330 	537
f 470 	479 	250
f 678 	530 	633
f 497 	2073 	538
f 512 	761 	4875
f 470 	250 	539
f 6615 	8235 	538
f 402 	542 	543
f 543 	681 	402
f 1052 	1054 	539
f 476 	487 	660
f 546 	548 	545
f 548 	558 	545
f 530 	541 	639
f 524 	525 	402
f 549 	402 	525
f 542 	402 	549
f 639 	633 	530
f 540 	465 	355
f 508 	429 	550
f 6175 	6183 	217
f 408 	402 	552
f 538 	547 	6615
f 550 	429 	504
f 394 	554 	392
f 352 	6173 	349
f 547 	6173 	538
f 8466 	9170 	609
f 534 	511 	510
f 546 	553 	548
f 495 	6200 	497
f 497 	6200 	538
f 544 	545 	558
f 362 	473 	472
f 362 	472 	366
f 498 	534 	557
f 510 	557 	534
f 88 	9180 	559
f 579 	88 	559
f 557 	510 	563
f 563 	510 	511
f 558 	602 	509
f 609 	569 	560
f 571 	564 	569
f 609 	49 	569
f 550 	555 	508
f 2445 	380 	297
f 517 	508 	555
f 565 	402 	645
f 552 	402 	565
f 255 	566 	44
f 501 	502 	565
f 552 	565 	502
f 564 	560 	569
f 523 	527 	570
f 545 	551 	553
f 545 	553 	546
f 2873 	1024 	454
f 565 	8910 	552
f 569 	46 	572
f 8518 	572 	8624
f 561 	709 	562
f 570 	573 	523
f 408 	9002 	552
f 551 	545 	544
f 544 	590 	551
f 44 	566 	49
f 569 	49 	566
f 571 	569 	566
f 574 	571 	569
f 362 	215 	473
f 599 	578 	166
f 139 	696 	166
f 578 	503 	565
f 565 	166 	578
f 572 	574 	569
f 46 	569 	58
f 49 	58 	569
f 465 	2107 	472
f 366 	472 	218
f 443 	523 	573
f 546 	548 	509
f 509 	1954 	546
f 545 	546 	1954
f 544 	545 	1954
f 393 	554 	394
f 554 	393 	392
f 440 	470 	1141
f 576 	569 	571
f 539 	954 	470
f 569 	576 	49
f 311 	49 	576
f 568 	972 	567
f 972 	568 	575
f 501 	565 	503
f 503 	578 	520
f 686 	620 	324
f 90 	89 	295
f 493 	663 	428
f 88 	579 	363
f 1956 	660 	487
f 40 	297 	9553
f 580 	88 	579
f 579 	88 	124
f 510 	425 	557
f 591 	120 	190
f 584 	583 	516
f 514 	516 	583
f 583 	584 	585
f 167 	587 	673
f 662 	655 	426
f 544 	558 	590
f 655 	557 	425
f 651 	591 	167
f 190 	167 	591
f 514 	583 	436
f 586 	863 	588
f 583 	594 	596
f 190 	84 	591
f 84 	700 	591
f 651 	591 	700
f 861 	801 	586
f 594 	583 	585
f 167 	673 	651
f 425 	426 	655
f 589 	9203 	597
f 597 	588 	592
f 427 	425 	510
f 84 	451 	700
f 591 	2530 	190
f 588 	551 	597
f 431 	436 	583
f 588 	597 	1954
f 588 	1954 	586
f 169 	218 	587
f 223 	587 	600
f 599 	828 	578
f 223 	600 	220
f 581 	596 	594
f 581 	594 	585
f 584 	581 	585
f 598 	548 	546
f 839 	852 	503
f 852 	693 	503
f 578 	503 	693
f 602 	590 	558
f 602 	558 	8849
f 548 	598 	558
f 8849 	558 	598
f 430 	594 	455
f 585 	455 	594
f 584 	455 	585
f 598 	546 	545
f 549 	526 	542
f 525 	526 	549
f 330 	195 	337
f 643 	681 	195
f 592 	598 	590
f 544 	590 	598
f 589 	592 	590
f 545 	544 	598
f 605 	120 	651
f 591 	651 	120
f 589 	597 	592
f 605 	604 	608
f 542 	543 	878
f 607 	8466 	609
f 878 	536 	542
f 604 	689 	605
f 613 	611 	612
f 581 	584 	516
f 581 	516 	513
f 597 	551 	589
f 615 	645 	612
f 590 	589 	551
f 280 	9005 	607
f 280 	607 	609
f 604 	614 	608
f 516 	455 	584
f 590 	1954 	589
f 613 	617 	611
f 278 	49 	277
f 609 	277 	49
f 277 	280 	609
f 598 	592 	621
f 598 	621 	622
f 603 	620 	628
f 623 	645 	615
f 597 	589 	1954
f 610 	562 	626
f 590 	544 	1954
f 64 	645 	67
f 607 	9004 	595
f 595 	609 	607
f 277 	609 	595
f 460 	556 	616
f 614 	689 	604
f 605 	120 	1162
f 561 	610 	616
f 561 	616 	556
f 528 	8849 	529
f 8852 	8849 	528
f 529 	598 	622
f 598 	529 	8849
f 1054 	1052 	562
f 601 	8624 	46
f 624 	6903 	619
f 121 	190 	120
f 585 	968 	584
f 584 	968 	516
f 1168 	1173 	515
f 104 	120 	608
f 585 	594 	968
f 605 	689 	120
f 629 	608 	625
f 534 	498 	425
f 605 	608 	120
f 120 	121 	1162
f 428 	425 	498
f 528 	529 	519
f 622 	2330 	519
f 608 	629 	104
f 131 	104 	629
f 628 	620 	634
f 621 	2330 	622
f 655 	969 	557
f 223 	131 	587
f 587 	629 	632
f 2711 	519 	2330
f 669 	630 	512
f 627 	876 	625
f 876 	671 	625
f 663 	493 	969
f 625 	632 	629
f 568 	567 	702
f 642 	761 	630
f 629 	587 	131
f 568 	563 	575
f 1252 	1249 	627
f 636 	863 	637
f 512 	630 	761
f 620 	686 	634
f 1208 	613 	866
f 640 	635 	592
f 621 	592 	635
f 1062 	539 	1054
f 627 	625 	638
f 638 	625 	641
f 863 	636 	592
f 640 	592 	636
f 610 	561 	562
f 641 	625 	629
f 641 	629 	222
f 641 	222 	221
f 222 	629 	131
f 635 	640 	636
f 619 	657 	624
f 640 	2330 	635
f 587 	632 	673
f 632 	600 	587
f 1062 	944 	539
f 621 	635 	2330
f 636 	1989 	640
f 637 	1989 	636
f 645 	644 	819
f 636 	646 	635
f 635 	646 	640
f 139 	645 	65
f 646 	636 	640
f 613 	612 	645
f 2303 	461 	650
f 647 	648 	593
f 623 	67 	645
f 631 	649 	582
f 651 	661 	605
f 661 	704 	604
f 604 	605 	661
f 462 	650 	461
f 631 	582 	606
f 650 	462 	654
f 618 	653 	656
f 618 	656 	619
f 652 	633 	639
f 6950 	624 	657
f 657 	619 	656
f 648 	1082 	593
f 658 	652 	639
f 613 	645 	819
f 661 	651 	673
f 617 	1211 	611
f 611 	825 	612
f 65 	615 	693
f 661 	2530 	651
f 651 	2530 	591
f 612 	693 	615
f 611 	615 	612
f 664 	665 	624
f 619 	624 	665
f 666 	619 	665
f 618 	619 	666
f 660 	659 	476
f 665 	770 	666
f 65 	67 	623
f 615 	65 	623
f 611 	617 	623
f 615 	611 	623
f 1207 	68 	617
f 666 	668 	618
f 668 	684 	618
f 668 	666 	770
f 612 	1007 	611
f 670 	690 	667
f 1007 	612 	615
f 683 	6999 	684
f 686 	679 	634
f 691 	556 	667
f 614 	688 	687
f 693 	696 	65
f 599 	166 	696
f 632 	625 	672
f 551 	9227 	553
f 65 	696 	139
f 632 	672 	673
f 672 	676 	632
f 600 	632 	676
f 614 	604 	688
f 675 	674 	986
f 615 	623 	1007
f 463 	678 	458
f 664 	8049 	665
f 645 	402 	644
f 2888 	632 	218
f 64 	65 	645
f 662 	969 	655
f 675 	720 	674
f 714 	517 	555
f 677 	719 	675
f 683 	618 	684
f 683 	684 	770
f 673 	672 	671
f 683 	684 	823
f 671 	676 	672
f 669 	512 	459
f 685 	719 	677
f 688 	604 	704
f 691 	667 	690
f 668 	770 	684
f 40 	689 	297
f 714 	679 	686
f 517 	686 	324
f 691 	690 	709
f 4220 	709 	690
f 121 	689 	40
f 686 	517 	714
f 693 	612 	825
f 694 	824 	719
f 811 	6999 	683
f 684 	6999 	668
f 668 	6999 	666
f 665 	666 	6999
f 630 	726 	642
f 677 	675 	986
f 653 	921 	656
f 121 	120 	689
f 695 	341 	582
f 969 	662 	663
f 677 	986 	685
f 694 	685 	986
f 633 	652 	738
f 695 	582 	649
f 655 	662 	498
f 557 	655 	498
f 663 	498 	662
f 738 	678 	633
f 828 	696 	693
f 828 	693 	682
f 688 	673 	687
f 695 	527 	341
f 563 	702 	557
f 688 	700 	687
f 701 	696 	680
f 696 	693 	680
f 682 	680 	693
f 492 	969 	493
f 662 	655 	702
f 166 	645 	139
f 655 	557 	702
f 493 	663 	702
f 662 	702 	663
f 673 	688 	704
f 563 	568 	702
f 704 	700 	688
f 595 	703 	448
f 657 	656 	910
f 910 	656 	653
f 653 	656 	2137
f 704 	661 	673
f 704 	661 	700
f 651 	700 	661
f 6950 	2137 	657
f 459 	703 	669
f 704 	2530 	661
f 706 	601 	458
f 632 	2888 	672
f 587 	218 	632
f 726 	669 	703
f 705 	695 	649
f 681 	643 	402
f 643 	644 	402
f 708 	775 	464
f 706 	458 	678
f 714 	712 	679
f 431 	583 	430
f 6808 	6533 	430
f 562 	709 	711
f 977 	715 	687
f 614 	687 	715
f 713 	5525 	430
f 430 	5525 	434
f 715 	745 	728
f 690 	670 	4220
f 614 	715 	689
f 675 	719 	720
f 721 	527 	695
f 836 	837 	920
f 9077 	706 	716
f 724 	836 	723
f 876 	625 	608
f 713 	760 	430
f 758 	430 	760
f 166 	565 	645
f 430 	9668 	713
f 717 	4238 	718
f 701 	494 	578
f 428 	498 	464
f 4238 	717 	1158
f 708 	5605 	464
f 828 	599 	696
f 630 	669 	726
f 728 	730 	731
f 735 	736 	734
f 728 	734 	736
f 728 	736 	730
f 724 	723 	842
f 722 	842 	723
f 721 	695 	705
f 728 	752 	881
f 732 	881 	752
f 721 	570 	527
f 785 	787 	718
f 6915 	723 	724
f 727 	729 	816
f 706 	678 	738
f 734 	739 	735
f 918 	727 	729
f 740 	766 	741
f 460 	744 	667
f 741 	1019 	740
f 722 	618 	842
f 618 	619 	842
f 6903 	842 	619
f 743 	739 	742
f 734 	742 	739
f 990 	712 	1058
f 1140 	260 	1139
f 752 	728 	745
f 728 	730 	715
f 725 	7986 	720
f 748 	4199 	667
f 699 	9231 	726
f 705 	746 	721
f 699 	726 	703
f 731 	750 	734
f 749 	734 	750
f 748 	667 	744
f 752 	731 	754
f 752 	754 	755
f 752 	728 	731
f 371 	748 	744
f 738 	716 	706
f 757 	792 	733
f 733 	792 	732
f 428 	464 	492
f 618 	722 	6915
f 723 	6915 	722
f 731 	734 	754
f 9209 	716 	738
f 758 	760 	6808
f 759 	751 	753
f 766 	764 	741
f 1151 	766 	740
f 753 	1151 	1073
f 748 	371 	4199
f 696 	701 	599
f 578 	599 	701
f 760 	758 	6802
f 594 	430 	758
f 1151 	753 	766
f 764 	766 	753
f 767 	504 	429
f 788 	818 	760
f 754 	731 	792
f 737 	764 	766
f 763 	767 	429
f 618 	722 	653
f 768 	653 	722
f 6774 	464 	498
f 647 	593 	769
f 765 	764 	753
f 728 	752 	734
f 755 	734 	752
f 737 	765 	764
f 556 	691 	561
f 709 	561 	691
f 775 	816 	499
f 7093 	767 	763
f 8013 	912 	765
f 765 	917 	764
f 752 	755 	732
f 733 	732 	755
f 683 	811 	618
f 729 	702 	938
f 729 	727 	702
f 718 	769 	717
f 593 	717 	769
f 790 	757 	707
f 1044 	1045 	2082
f 1050 	2000 	759
f 771 	772 	773
f 665 	921 	770
f 772 	774 	773
f 730 	880 	715
f 499 	464 	775
f 772 	771 	774
f 790 	857 	757
f 718 	787 	769
f 789 	782 	769
f 734 	749 	742
f 780 	771 	779
f 779 	771 	773
f 789 	769 	787
f 599 	578 	693
f 696 	599 	693
f 6774 	499 	775
f 774 	9027 	773
f 781 	9027 	771
f 774 	771 	9027
f 702 	6784 	499
f 771 	773 	774
f 443 	776 	777
f 754 	783 	755
f 681 	543 	856
f 647 	769 	782
f 790 	792 	757
f 793 	788 	1273
f 788 	818 	1273
f 788 	793 	786
f 734 	783 	754
f 542 	549 	856
f 767 	794 	2108
f 1294 	786 	791
f 793 	791 	786
f 782 	789 	795
f 1050 	1044 	2000
f 643 	195 	644
f 799 	800 	798
f 543 	542 	195
f 801 	798 	800
f 797 	787 	785
f 884 	1965 	798
f 783 	754 	792
f 783 	792 	790
f 787 	797 	789
f 795 	789 	797
f 790 	707 	792
f 804 	805 	4295
f 801 	806 	798
f 806 	845 	798
f 9231 	794 	642
f 806 	801 	800
f 806 	800 	799
f 893 	792 	1234
f 959 	1234 	807
f 681 	543 	195
f 794 	767 	642
f 803 	824 	799
f 784 	628 	882
f 731 	807 	792
f 800 	799 	803
f 642 	767 	762
f 542 	337 	195
f 805 	804 	808
f 805 	808 	795
f 803 	801 	800
f 792 	707 	807
f 797 	4294 	805
f 642 	762 	761
f 760 	869 	793
f 810 	988 	807
f 805 	795 	797
f 813 	722 	812
f 811 	812 	722
f 722 	618 	811
f 658 	776 	652
f 814 	815 	822
f 796 	652 	776
f 817 	801 	845
f 683 	770 	811
f 812 	811 	770
f 819 	820 	613
f 815 	821 	822
f 846 	801 	849
f 644 	820 	819
f 631 	802 	649
f 823 	812 	811
f 683 	823 	811
f 806 	799 	845
f 817 	845 	799
f 1761 	819 	195
f 644 	195 	819
f 1761 	1768 	819
f 799 	824 	817
f 878 	543 	681
f 643 	878 	681
f 644 	819 	643
f 819 	878 	643
f 799 	800 	817
f 801 	817 	800
f 819 	820 	878
f 801 	803 	817
f 579 	559 	571
f 255 	363 	566
f 564 	571 	559
f 560 	564 	559
f 803 	799 	817
f 770 	813 	812
f 1172 	1273 	818
f 812 	823 	813
f 566 	579 	571
f 788 	786 	818
f 574 	572 	564
f 571 	574 	564
f 1678 	802 	631
f 613 	867 	865
f 4303 	4330 	814
f 814 	4330 	815
f 560 	564 	572
f 649 	802 	809
f 826 	827 	825
f 827 	682 	825
f 255 	311 	566
f 311 	576 	566
f 571 	566 	576
f 5600 	5599 	823
f 574 	576 	571
f 828 	827 	826
f 828 	826 	829
f 803 	719 	824
f 579 	566 	363
f 827 	826 	680
f 808 	804 	821
f 822 	821 	804
f 4295 	4306 	804
f 682 	693 	825
f 124 	830 	579
f 682 	827 	828
f 579 	830 	580
f 824 	9215 	817
f 9215 	824 	694
f 653 	768 	921
f 827 	680 	682
f 910 	653 	768
f 768 	653 	2137
f 578 	828 	832
f 521 	520 	832
f 578 	832 	520
f 826 	827 	852
f 827 	682 	852
f 693 	852 	682
f 724 	838 	836
f 840 	841 	837
f 840 	837 	836
f 840 	836 	838
f 837 	836 	842
f 838 	842 	836
f 843 	829 	826
f 843 	826 	825
f 723 	722 	813
f 724 	723 	813
f 840 	838 	813
f 724 	813 	838
f 825 	680 	826
f 842 	838 	724
f 6915 	838 	3087
f 836 	3087 	838
f 724 	838 	6915
f 756 	784 	882
f 852 	851 	826
f 731 	754 	807
f 754 	783 	807
f 810 	807 	783
f 831 	860 	835
f 810 	975 	857
f 846 	845 	847
f 882 	844 	756
f 845 	801 	846
f 791 	793 	869
f 793 	788 	760
f 950 	968 	818
f 849 	861 	846
f 847 	849 	846
f 857 	790 	810
f 807 	810 	790
f 792 	807 	790
f 841 	850 	834
f 837 	841 	834
f 851 	852 	853
f 734 	755 	783
f 862 	849 	801
f 831 	835 	848
f 790 	757 	783
f 783 	757 	755
f 757 	733 	755
f 855 	847 	845
f 733 	732 	707
f 757 	733 	707
f 715 	977 	745
f 977 	988 	745
f 846 	849 	845
f 855 	845 	849
f 857 	810 	783
f 752 	857 	755
f 783 	755 	857
f 9176 	836 	837
f 834 	9176 	837
f 858 	847 	859
f 644 	643 	856
f 9176 	3087 	836
f 752 	745 	857
f 861 	9204 	846
f 861 	849 	862
f 715 	745 	689
f 857 	689 	745
f 643 	681 	856
f 543 	542 	856
f 549 	525 	856
f 861 	862 	863
f 745 	733 	857
f 525 	524 	856
f 588 	586 	801
f 1406 	835 	860
f 736 	735 	731
f 735 	739 	731
f 750 	731 	739
f 743 	750 	739
f 854 	919 	860
f 866 	613 	864
f 849 	847 	862
f 863 	862 	847
f 969 	816 	729
f 6915 	3087 	3055
f 858 	868 	863
f 858 	863 	847
f 867 	613 	820
f 868 	871 	863
f 869 	6808 	760
f 866 	864 	856
f 864 	865 	856
f 865 	867 	856
f 644 	856 	867
f 867 	820 	644
f 770 	841 	813
f 840 	813 	841
f 873 	863 	874
f 864 	865 	867
f 874 	863 	871
f 869 	760 	6802
f 739 	876 	735
f 736 	735 	876
f 864 	867 	866
f 813 	823 	840
f 855 	875 	847
f 864 	877 	865
f 860 	831 	872
f 864 	866 	877
f 875 	798 	855
f 760 	6542 	869
f 854 	860 	872
f 841 	3016 	850
f 841 	840 	3016
f 935 	936 	872
f 854 	872 	879
f 549 	542 	536
f 525 	549 	536
f 3016 	840 	823
f 1293 	1294 	6810
f 869 	6810 	791
f 878 	867 	865
f 878 	865 	877
f 876 	739 	743
f 872 	936 	879
f 849 	862 	855
f 730 	880 	731
f 878 	820 	867
f 732 	792 	881
f 730 	736 	880
f 730 	728 	893
f 881 	893 	728
f 882 	634 	679
f 732 	881 	707
f 881 	893 	707
f 1215 	707 	893
f 883 	854 	879
f 884 	875 	912
f 855 	912 	875
f 608 	614 	880
f 614 	715 	880
f 875 	884 	847
f 733 	745 	732
f 715 	893 	745
f 732 	745 	881
f 883 	886 	833
f 884 	798 	875
f 799 	798 	1971
f 845 	855 	798
f 736 	731 	880
f 969 	499 	816
f 875 	855 	862
f 875 	862 	884
f 883 	833 	854
f 876 	608 	736
f 627 	625 	876
f 880 	736 	608
f 847 	1989 	859
f 861 	884 	862
f 807 	1234 	792
f 881 	792 	893
f 895 	858 	898
f 735 	736 	893
f 736 	880 	893
f 880 	730 	893
f 470 	440 	892
f 881 	745 	893
f 859 	898 	858
f 895 	894 	858
f 891 	1242 	735
f 893 	891 	735
f 873 	874 	868
f 873 	868 	858
f 873 	858 	9132
f 965 	840 	841
f 965 	841 	1176
f 891 	1215 	893
f 871 	868 	874
f 1216 	1282 	896
f 1282 	1161 	899
f 897 	896 	1282
f 812 	813 	965
f 840 	965 	813
f 868 	858 	859
f 868 	859 	871
f 841 	850 	1176
f 927 	892 	440
f 1989 	873 	874
f 1989 	874 	871
f 1989 	871 	859
f 771 	780 	901
f 882 	628 	634
f 781 	771 	901
f 901 	859 	858
f 901 	858 	773
f 901 	773 	771
f 757 	857 	733
f 868 	774 	858
f 773 	858 	774
f 742 	749 	743
f 750 	743 	749
f 871 	901 	868
f 774 	868 	901
f 774 	901 	771
f 723 	836 	920
f 834 	934 	837
f 743 	742 	876
f 742 	908 	876
f 859 	901 	898
f 779 	898 	901
f 780 	779 	901
f 831 	848 	885
f 9027 	901 	873
f 833 	892 	919
f 9027 	781 	901
f 871 	874 	901
f 874 	873 	901
f 895 	9138 	894
f 749 	904 	742
f 750 	904 	749
f 908 	742 	904
f 908 	904 	909
f 831 	885 	907
f 834 	837 	842
f 898 	9138 	895
f 671 	876 	908
f 672 	625 	671
f 479 	470 	892
f 872 	831 	907
f 903 	834 	842
f 935 	872 	907
f 834 	903 	9176
f 779 	9034 	895
f 779 	895 	898
f 1856 	907 	885
f 900 	1258 	750
f 743 	900 	750
f 904 	750 	906
f 855 	845 	912
f 917 	884 	912
f 900 	1252 	876
f 627 	876 	1252
f 625 	627 	1249
f 900 	876 	743
f 914 	934 	903
f 912 	9138 	1998
f 912 	911 	9138
f 911 	9155 	912
f 915 	916 	743
f 742 	743 	916
f 903 	842 	914
f 9176 	903 	914
f 896 	1386 	897
f 1998 	917 	912
f 920 	768 	723
f 934 	920 	837
f 9155 	924 	912
f 897 	899 	1120
f 882 	996 	844
f 903 	834 	923
f 929 	764 	917
f 912 	8013 	911
f 1009 	809 	870
f 895 	7917 	898
f 894 	7917 	895
f 999 	1241 	989
f 885 	1953 	1856
f 802 	870 	809
f 1009 	1029 	809
f 885 	1906 	1953
f 890 	816 	889
f 722 	723 	768
f 802 	778 	870
f 850 	923 	834
f 918 	889 	890
f 1148 	770 	921
f 1029 	705 	809
f 705 	649 	809
f 854 	833 	919
f 923 	850 	770
f 850 	841 	770
f 737 	924 	9155
f 850 	3016 	923
f 926 	727 	816
f 922 	926 	816
f 890 	922 	816
f 938 	969 	729
f 919 	892 	927
f 756 	925 	1125
f 890 	922 	918
f 922 	926 	918
f 918 	926 	727
f 850 	923 	1176
f 768 	920 	921
f 1969 	1971 	929
f 928 	1969 	929
f 889 	6784 	890
f 930 	931 	750
f 930 	750 	749
f 926 	702 	727
f 910 	768 	920
f 930 	749 	916
f 742 	916 	749
f 929 	924 	928
f 750 	931 	915
f 750 	915 	743
f 638 	915 	876
f 743 	876 	915
f 1141 	1454 	927
f 917 	1998 	929
f 638 	876 	627
f 920 	934 	921
f 917 	912 	924
f 917 	924 	929
f 926 	6784 	702
f 932 	936 	935
f 900 	743 	915
f 920 	934 	910
f 934 	1057 	910
f 933 	936 	932
f 886 	479 	833
f 917 	765 	912
f 567 	1153 	568
f 906 	905 	937
f 886 	250 	479
f 898 	751 	1999
f 768 	2137 	920
f 934 	920 	2137
f 844 	925 	756
f 892 	833 	479
f 926 	1289 	727
f 729 	1153 	938
f 778 	1130 	940
f 942 	1055 	562
f 1406 	1423 	835
f 1153 	1289 	941
f 899 	941 	1289
f 899 	897 	1282
f 941 	899 	1161
f 945 	2002 	939
f 945 	1915 	948
f 943 	944 	961
f 949 	948 	1915
f 942 	943 	944
f 897 	1386 	899
f 899 	1205 	941
f 778 	940 	870
f 948 	2002 	945
f 835 	1423 	964
f 950 	1172 	818
f 763 	429 	947
f 944 	943 	539
f 1161 	1282 	1172
f 2002 	948 	719
f 949 	719 	948
f 274 	1111 	947
f 941 	1120 	899
f 952 	906 	905
f 954 	955 	957
f 956 	957 	955
f 786 	1189 	818
f 953 	939 	2002
f 793 	1126 	788
f 818 	1126 	950
f 763 	947 	960
f 946 	984 	961
f 963 	971 	962
f 961 	985 	956
f 803 	2002 	719
f 818 	788 	1126
f 685 	694 	719
f 940 	1097 	870
f 937 	959 	958
f 470 	956 	1241
f 983 	1241 	957
f 1218 	959 	958
f 961 	956 	955
f 963 	962 	964
f 959 	807 	958
f 7021 	960 	966
f 1092 	1189 	581
f 955 	942 	956
f 964 	962 	951
f 957 	1241 	956
f 967 	1121 	1218
f 1507 	1508 	1234
f 959 	1521 	958
f 905 	906 	1550
f 955 	954 	961
f 954 	943 	961
f 955 	954 	942
f 943 	942 	954
f 965 	823 	6980
f 909 	904 	908
f 904 	937 	908
f 938 	972 	729
f 918 	729 	972
f 955 	470 	954
f 956 	470 	955
f 974 	1153 	567
f 539 	943 	954
f 671 	908 	673
f 937 	673 	908
f 951 	962 	971
f 676 	671 	908
f 909 	952 	908
f 676 	908 	952
f 937 	904 	906
f 973 	976 	965
f 909 	904 	952
f 906 	952 	904
f 707 	577 	975
f 970 	965 	1171
f 1067 	689 	1033
f 965 	6999 	812
f 976 	6999 	965
f 981 	887 	980
f 1010 	1028 	978
f 1033 	689 	975
f 689 	857 	975
f 938 	1153 	974
f 981 	888 	887
f 515 	516 	1168
f 1448 	951 	971
f 983 	954 	957
f 1012 	1023 	954
f 707 	975 	1043
f 964 	848 	835
f 1448 	964 	951
f 707 	1049 	807
f 938 	974 	969
f 807 	988 	958
f 967 	958 	988
f 857 	745 	988
f 810 	857 	988
f 568 	575 	969
f 567 	568 	969
f 975 	807 	1043
f 810 	807 	975
f 1049 	1043 	807
f 1114 	1025 	946
f 961 	984 	985
f 985 	992 	957
f 957 	956 	985
f 938 	974 	972
f 972 	974 	567
f 687 	673 	977
f 937 	977 	673
f 957 	1222 	983
f 1189 	786 	581
f 887 	335 	980
f 596 	758 	583
f 6808 	583 	758
f 946 	1065 	1114
f 687 	700 	977
f 985 	984 	987
f 947 	429 	508
f 1053 	1051 	937
f 977 	937 	988
f 1051 	988 	937
f 989 	1000 	983
f 986 	9215 	694
f 777 	980 	443
f 1060 	988 	700
f 977 	700 	988
f 991 	934 	914
f 983 	957 	992
f 987 	992 	985
f 989 	983 	992
f 980 	777 	981
f 2038 	842 	710
f 983 	993 	989
f 3015 	2897 	988
f 3293 	3015 	988
f 6808 	430 	583
f 2888 	2887 	672
f 671 	672 	2887
f 980 	523 	443
f 984 	992 	987
f 937 	958 	967
f 6802 	758 	581
f 596 	581 	758
f 990 	996 	882
f 982 	997 	1306
f 747 	998 	759
f 995 	759 	998
f 998 	1001 	995
f 596 	594 	758
f 908 	671 	3004
f 3004 	3005 	908
f 994 	995 	1001
f 968 	1168 	516
f 1061 	996 	990
f 915 	638 	916
f 968 	758 	818
f 758 	760 	818
f 968 	594 	758
f 596 	758 	594
f 638 	641 	676
f 641 	221 	676
f 1106 	510 	969
f 916 	638 	676
f 914 	842 	991
f 1005 	1008 	1017
f 1006 	1017 	1008
f 930 	952 	931
f 1013 	1002 	995
f 994 	1013 	995
f 999 	1000 	989
f 954 	983 	1000
f 510 	557 	969
f 1274 	931 	952
f 916 	952 	930
f 676 	952 	916
f 954 	1000 	1012
f 1004 	995 	1002
f 600 	676 	221
f 984 	946 	1025
f 992 	984 	1014
f 992 	1014 	1015
f 999 	989 	1015
f 992 	1015 	989
f 1017 	1006 	1016
f 221 	220 	600
f 492 	499 	969
f 702 	567 	974
f 1010 	978 	1011
f 1004 	1002 	1017
f 1005 	1017 	1002
f 989 	993 	999
f 978 	979 	1011
f 990 	1058 	1061
f 997 	982 	1020
f 1021 	1019 	1022
f 943 	954 	1023
f 9176 	914 	991
f 451 	450 	1024
f 700 	451 	1024
f 679 	712 	990
f 702 	974 	938
f 882 	679 	990
f 1021 	1027 	1019
f 1009 	1069 	1029
f 1014 	984 	1025
f 1027 	1026 	1019
f 1026 	1027 	1030
f 903 	923 	914
f 1020 	982 	1032
f 1031 	1140 	1034
f 979 	978 	1028
f 1094 	1144 	991
f 834 	903 	934
f 975 	577 	1033
f 1059 	914 	923
f 1035 	1034 	1026
f 1026 	1030 	1035
f 689 	1018 	297
f 747 	1038 	1019
f 1038 	1022 	1019
f 1047 	1048 	1045
f 707 	1043 	1049
f 1039 	1041 	1131
f 1045 	1021 	1044
f 1044 	1022 	1050
f 1052 	1054 	1084
f 1084 	1054 	1055
f 1051 	1053 	967
f 1022 	1044 	1021
f 1048 	1021 	1045
f 1054 	1052 	1056
f 1042 	1539 	1040
f 934 	991 	1057
f 967 	988 	1051
f 626 	562 	1052
f 1035 	1030 	1200
f 1048 	1200 	1021
f 1034 	1035 	1200
f 1036 	1161 	1037
f 921 	2115 	1148
f 1027 	1200 	1030
f 1056 	1055 	1054
f 1022 	1030 	1027
f 1022 	1027 	1021
f 770 	1059 	923
f 1036 	1205 	1037
f 1051 	1060 	1053
f 1054 	562 	1055
f 1083 	1084 	1055
f 1062 	1083 	1055
f 3016 	1059 	923
f 1050 	1022 	1038
f 747 	759 	1038
f 1050 	1038 	759
f 1063 	1120 	1037
f 1037 	1120 	1036
f 943 	1023 	944
f 944 	1089 	1062
f 996 	1061 	1117
f 1040 	1063 	1042
f 1037 	1042 	1063
f 1065 	946 	1056
f 1064 	1065 	1056
f 961 	1056 	946
f 1030 	1038 	279
f 1038 	747 	279
f 747 	8003 	279
f 1022 	1038 	1030
f 8003 	7998 	279
f 988 	1060 	1051
f 1066 	991 	1059
f 1056 	961 	1062
f 1056 	1062 	1055
f 1002 	1022 	1021
f 1062 	961 	944
f 1059 	770 	1066
f 1148 	1066 	770
f 1027 	1005 	1021
f 1002 	1021 	1005
f 577 	2692 	1067
f 1009 	1097 	1118
f 1030 	1008 	1027
f 1005 	1027 	1008
f 1171 	965 	1176
f 1070 	1034 	1031
f 1033 	577 	1067
f 1069 	1009 	1118
f 1066 	1176 	1059
f 923 	1059 	1176
f 1070 	1008 	1034
f 1006 	1008 	1070
f 2115 	921 	1057
f 934 	1057 	921
f 1035 	1034 	1008
f 1030 	1035 	1008
f 2769 	689 	1067
f 1072 	575 	1071
f 568 	1153 	575
f 747 	1038 	998
f 689 	2769 	1018
f 934 	2137 	1057
f 1040 	1071 	1042
f 944 	1062 	942
f 1055 	942 	1062
f 1022 	1002 	1038
f 998 	1038 	1002
f 1013 	1001 	1002
f 998 	1002 	1001
f 623 	67 	1007
f 1048 	1047 	1073
f 1055 	1062 	1054
f 1075 	1040 	1042
f 1004 	1048 	1047
f 1042 	1037 	1075
f 1075 	1037 	1161
f 1200 	1302 	1048
f 1078 	1079 	1077
f 1080 	701 	1074
f 1095 	1096 	1064
f 1073 	1045 	1044
f 1069 	1081 	1029
f 1073 	1044 	1050
f 700 	2785 	1060
f 1029 	1081 	746
f 1029 	746 	705
f 1085 	1086 	1087
f 1079 	1075 	1161
f 1089 	944 	1023
f 1083 	1062 	1089
f 925 	1086 	1090
f 1086 	1085 	1090
f 1078 	1077 	1092
f 1065 	1064 	1096
f 1077 	1068 	1078
f 925 	844 	1086
f 1084 	1083 	1096
f 1084 	1096 	1095
f 1083 	1089 	1096
f 753 	1073 	759
f 1050 	759 	1073
f 1086 	844 	996
f 1084 	1083 	1082
f 1083 	1089 	1082
f 982 	1082 	1089
f 1004 	1045 	1044
f 1050 	995 	1044
f 1023 	1098 	1089
f 759 	995 	1050
f 1004 	1044 	995
f 870 	1097 	1009
f 1047 	1045 	1073
f 1076 	1126 	1077
f 1047 	1045 	1004
f 1375 	1065 	1096
f 1077 	1126 	1068
f 1375 	1096 	1098
f 1089 	1098 	1096
f 2087 	2082 	1047
f 1111 	1007 	1046
f 1098 	1032 	1089
f 982 	1089 	1032
f 1163 	1164 	1073
f 1077 	515 	1076
f 1077 	1078 	515
f 518 	515 	1078
f 1080 	1074 	887
f 2086 	2087 	1047
f 1089 	1083 	1098
f 842 	2038 	1100
f 1102 	1103 	1101
f 1104 	1101 	1103
f 1128 	1129 	1094
f 593 	1082 	1306
f 888 	1080 	887
f 1072 	1106 	575
f 1094 	1100 	1093
f 725 	1105 	1102
f 725 	1102 	1101
f 720 	1105 	725
f 1106 	969 	575
f 974 	567 	969
f 1101 	1104 	1107
f 1072 	1109 	575
f 972 	575 	1109
f 1107 	1137 	1101
f 1137 	1152 	1101
f 1152 	740 	725
f 1014 	1025 	1110
f 1107 	1104 	1103
f 1107 	1103 	1102
f 1110 	1025 	1112
f 842 	1100 	991
f 511 	510 	1106
f 1025 	1114 	1112
f 1105 	1123 	1102
f 1103 	1102 	1105
f 575 	563 	1072
f 1105 	1104 	1103
f 1097 	1223 	1284
f 1138 	1137 	1104
f 1115 	1104 	1137
f 1121 	3293 	1053
f 1051 	3293 	988
f 1053 	3293 	1051
f 688 	2530 	704
f 1094 	991 	1100
f 1299 	1118 	1284
f 1102 	1115 	1107
f 1115 	1137 	1107
f 1086 	1117 	1087
f 1015 	1014 	1000
f 999 	1015 	1000
f 1012 	1000 	1014
f 1110 	1012 	1014
f 1086 	996 	1117
f 1102 	1123 	1115
f 7177 	1108 	5908
f 1102 	1103 	1115
f 1104 	1115 	1103
f 1020 	1000 	997
f 993 	997 	1000
f 1012 	1000 	1020
f 999 	993 	1000
f 1104 	1105 	1115
f 274 	1113 	1111
f 1105 	1102 	1115
f 1012 	1110 	1023
f 508 	274 	947
f 1012 	1020 	1032
f 1012 	1032 	1023
f 1114 	1119 	1112
f 1097 	1284 	1118
f 991 	1094 	9176
f 720 	719 	1105
f 1053 	1121 	967
f 1121 	1053 	937
f 1087 	1122 	1085
f 1090 	1085 	1122
f 1053 	1060 	1121
f 937 	967 	1121
f 1199 	1124 	1116
f 1123 	1915 	1115
f 1060 	1218 	1121
f 1116 	1174 	1199
f 1127 	2110 	1093
f 958 	1521 	967
f 1129 	1148 	1093
f 1093 	1094 	1129
f 1093 	1100 	1127
f 1648 	1550 	906
f 2887 	3004 	671
f 1094 	991 	1133
f 914 	1059 	991
f 1128 	1094 	1133
f 1132 	1039 	1131
f 1129 	1128 	1133
f 1136 	1137 	1135
f 1169 	1198 	1134
f 1140 	1198 	1139
f 1134 	1198 	1140
f 1129 	1128 	3016
f 1128 	1133 	3016
f 1133 	1066 	3016
f 1059 	3016 	1066
f 1139 	1026 	1140
f 1129 	1176 	1128
f 1133 	1128 	1176
f 8042 	1140 	1104
f 1139 	1104 	1140
f 927 	440 	1141
f 1111 	960 	947
f 1137 	1019 	1138
f 1111 	966 	960
f 1046 	966 	1111
f 1139 	1198 	1145
f 1057 	991 	1144
f 1093 	2111 	1094
f 2110 	2111 	1093
f 1127 	1093 	1148
f 1147 	1127 	1148
f 1026 	1139 	1145
f 1041 	1099 	1143
f 1145 	1104 	1139
f 1041 	1143 	1131
f 1145 	1138 	1026
f 1019 	1026 	1138
f 274 	324 	1146
f 942 	562 	1150
f 1104 	1145 	1138
f 274 	1146 	1113
f 991 	1066 	1133
f 1137 	1136 	1151
f 1137 	1151 	1152
f 1019 	1137 	1152
f 1133 	1066 	1148
f 1133 	1148 	1129
f 1129 	3016 	1148
f 725 	1101 	1152
f 1152 	1137 	1138
f 1152 	1138 	1145
f 1026 	1034 	1140
f 1134 	1140 	1031
f 2999 	1176 	1147
f 8042 	1134 	1140
f 1176 	1066 	1133
f 1152 	1151 	740
f 341 	1431 	582
f 2111 	2115 	1144
f 1057 	1144 	2115
f 1019 	1152 	740
f 1071 	575 	1153
f 741 	725 	740
f 1144 	2116 	1057
f 2111 	2116 	1144
f 1152 	1145 	740
f 1139 	260 	1145
f 1169 	260 	1134
f 1037 	1153 	1036
f 1155 	1036 	1153
f 1042 	1071 	1037
f 1430 	335 	887
f 1153 	1037 	1071
f 1136 	1135 	1073
f 1151 	1136 	1073
f 1111 	1113 	1007
f 1159 	1153 	941
f 1153 	1159 	1155
f 1135 	1227 	1136
f 1136 	1227 	1151
f 765 	7985 	764
f 1159 	1161 	1155
f 1161 	1036 	1155
f 1151 	1227 	766
f 1155 	1205 	1036
f 766 	2120 	1151
f 1042 	1037 	1205
f 1155 	1159 	1205
f 1163 	1137 	1164
f 523 	980 	335
f 1120 	1155 	1036
f 1159 	1155 	1120
f 1164 	1182 	1163
f 1161 	1159 	941
f 1501 	1481 	1163
f 941 	1205 	1159
f 970 	3174 	965
f 823 	965 	3174
f 680 	1074 	701
f 1167 	1168 	1172
f 9679 	9665 	1162
f 1169 	1134 	1031
f 8038 	1169 	8055
f 1173 	1076 	1172
f 1168 	1173 	1172
f 1134 	8042 	1169
f 1167 	1172 	950
f 6272 	1125 	1157
f 131 	629 	9671
f 129 	131 	142
f 9172 	3174 	1171
f 8 	1532 	1506
f 1180 	577 	1177
f 1088 	1651 	1178
f 1174 	1116 	1091
f 1174 	1091 	1181
f 1180 	1177 	1196
f 1138 	1145 	1198
f 1590 	1528 	1154
f 1191 	1180 	1196
f 941 	1159 	1120
f 4923 	1187 	1154
f 1188 	1160 	1253
f 577 	707 	1177
f 1181 	1091 	1088
f 1168 	1167 	1189
f 1167 	950 	1189
f 950 	818 	1189
f 1173 	1168 	1189
f 1181 	1088 	1178
f 1170 	1184 	1190
f 1167 	1126 	1168
f 1196 	1175 	1191
f 1173 	1168 	1126
f 950 	1126 	1167
f 1076 	1077 	1172
f 1079 	1172 	1077
f 1172 	1079 	1161
f 1189 	1092 	1077
f 1256 	1223 	1170
f 1256 	1170 	1190
f 1173 	1189 	1076
f 1179 	1182 	1194
f 711 	1150 	562
f 1077 	1076 	1189
f 1193 	1194 	1182
f 1173 	1126 	1076
f 1192 	1143 	1099
f 1192 	1099 	1108
f 1197 	1198 	1169
f 8038 	8039 	1197
f 1137 	1138 	1198
f 6802 	581 	786
f 1031 	1034 	1200
f 1200 	1201 	1031
f 968 	1167 	1168
f 1201 	1200 	1198
f 1201 	1198 	1197
f 1076 	515 	1173
f 950 	1167 	968
f 604 	605 	1162
f 1532 	8 	68
f 1398 	918 	1212
f 1198 	1197 	1182
f 1193 	1182 	1197
f 1190 	1202 	1256
f 1249 	1248 	9671
f 1017 	1016 	1201
f 1017 	1201 	1200
f 891 	893 	1234
f 7392 	1124 	1199
f 1206 	1298 	1201
f 7392 	1199 	1422
f 1203 	1242 	891
f 613 	1701 	617
f 1207 	617 	1701
f 1197 	1204 	1206
f 1197 	1206 	1201
f 1208 	1209 	613
f 1209 	1710 	613
f 1193 	1197 	1204
f 1238 	1215 	1203
f 1203 	1215 	891
f 865 	864 	613
f 1201 	1016 	1206
f 893 	715 	891
f 614 	1203 	715
f 1198 	1210 	1137
f 1210 	1164 	1137
f 1207 	1775 	617
f 825 	611 	1211
f 1213 	1011 	979
f 1027 	1021 	1200
f 68 	64 	617
f 611 	1297 	617
f 1534 	1536 	1213
f 1011 	1213 	1536
f 1200 	1048 	1210
f 1073 	1210 	1048
f 1200 	1210 	1198
f 825 	1211 	843
f 1211 	1776 	843
f 1211 	680 	825
f 1198 	1182 	1210
f 972 	1109 	1212
f 1510 	971 	1132
f 825 	826 	851
f 825 	851 	1211
f 1017 	1200 	1048
f 1017 	1048 	1004
f 1543 	1212 	1109
f 1011 	1536 	1178
f 1184 	1170 	1130
f 853 	1891 	851
f 1073 	1164 	1210
f 1776 	1211 	851
f 1227 	1163 	1182
f 1210 	1182 	1164
f 1238 	1237 	1215
f 1208 	866 	2126
f 1177 	707 	1215
f 856 	2126 	866
f 1213 	979 	1028
f 1028 	1545 	1213
f 820 	819 	1209
f 867 	820 	1208
f 1208 	820 	1209
f 866 	867 	1208
f 1132 	1131 	1311
f 897 	1289 	896
f 1208 	1209 	1217
f 925 	1090 	1239
f 1143 	1310 	1131
f 1216 	1289 	1220
f 1208 	1217 	866
f 877 	866 	1217
f 1198 	1361 	1197
f 1164 	1481 	1210
f 1210 	1361 	1198
f 1125 	925 	1239
f 1239 	1157 	1125
f 1201 	1302 	1200
f 1048 	1427 	1047
f 1206 	1302 	1201
f 956 	1222 	957
f 1279 	1222 	1154
f 1130 	1170 	940
f 1216 	1386 	896
f 940 	1170 	1223
f 1154 	956 	942
f 949 	1123 	719
f 1105 	719 	1123
f 1090 	1285 	1239
f 942 	1150 	1154
f 1306 	1226 	1158
f 949 	1915 	1123
f 1160 	1158 	1226
f 993 	983 	1222
f 956 	1154 	1222
f 1182 	1179 	1227
f 1205 	899 	1386
f 1220 	1386 	1216
f 1225 	1309 	1276
f 1234 	1218 	1225
f 896 	897 	1246
f 1120 	1246 	897
f 1234 	1235 	891
f 1203 	891 	1235
f 1237 	1238 	1235
f 1203 	1235 	1238
f 1239 	1240 	1157
f 1236 	1157 	1240
f 1238 	1242 	1203
f 739 	735 	1242
f 1354 	1250 	1243
f 1250 	1157 	1243
f 1194 	1230 	1179
f 1286 	1244 	1239
f 1239 	1244 	1240
f 1237 	1242 	1238
f 1220 	1219 	1386
f 1354 	1245 	1250
f 1216 	896 	1246
f 614 	1162 	1238
f 1247 	1135 	1163
f 1135 	1137 	1163
f 1220 	1246 	1219
f 1216 	1246 	1220
f 1242 	1248 	1249
f 1135 	1247 	1073
f 1247 	1227 	1135
f 1236 	1243 	1157
f 737 	766 	1227
f 1251 	1233 	1154
f 1279 	1154 	1233
f 5628 	6937 	1246
f 1252 	900 	1242
f 743 	739 	900
f 739 	1242 	900
f 764 	928 	766
f 1154 	1187 	1232
f 1238 	1203 	614
f 891 	715 	1203
f 1246 	1120 	9688
f 1242 	1249 	1252
f 1073 	1247 	1163
f 1254 	1188 	1253
f 1163 	1227 	1247
f 1219 	1220 	1289
f 1501 	1163 	1247
f 1248 	1258 	1249
f 1252 	1249 	1258
f 900 	1252 	1258
f 906 	750 	905
f 1258 	905 	750
f 1045 	1047 	2082
f 1257 	1282 	1219
f 237 	1250 	1245
f 1253 	1160 	1259
f 1160 	1226 	1259
f 1257 	1386 	1219
f 1260 	1261 	1262
f 1219 	1246 	1257
f 1202 	1263 	1256
f 1268 	1256 	1263
f 1264 	1261 	1260
f 629 	625 	1249
f 5412 	9671 	1248
f 1262 	1261 	1265
f 1243 	1236 	1244
f 1240 	1244 	1236
f 1248 	1249 	1266
f 1267 	1265 	1261
f 1269 	1252 	900
f 1269 	900 	915
f 1261 	1264 	1267
f 922 	890 	1289
f 890 	889 	1289
f 470 	1241 	1141
f 1269 	1266 	1252
f 1249 	1252 	1266
f 1245 	1268 	237
f 238 	237 	1263
f 1289 	926 	922
f 1235 	1234 	1258
f 905 	1258 	1234
f 905 	1234 	937
f 1272 	1275 	1280
f 1225 	1235 	1234
f 1280 	1275 	1271
f 1290 	1288 	1272
f 1454 	1141 	1241
f 1274 	952 	905
f 1274 	905 	1258
f 1263 	237 	1268
f 1276 	1237 	1235
f 1248 	1277 	1258
f 5254 	1190 	1184
f 1270 	1271 	1278
f 1006 	1270 	1016
f 1278 	1016 	1270
f 1258 	1277 	1276
f 1258 	1276 	1235
f 1278 	1271 	1275
f 1235 	1225 	1276
f 727 	1289 	729
f 1153 	729 	1289
f 1260 	1272 	1264
f 1263 	1202 	6694
f 6694 	1202 	6693
f 1280 	1264 	1272
f 1274 	1258 	1277
f 897 	899 	1289
f 1000 	1241 	999
f 989 	1241 	983
f 1234 	959 	937
f 1279 	1233 	1241
f 1279 	1241 	1000
f 1122 	1283 	1090
f 1090 	1283 	1284
f 1090 	1284 	1285
f 1239 	1285 	1286
f 1288 	1290 	1287
f 1275 	1272 	1288
f 1290 	1262 	1287
f 1265 	1267 	1262
f 1260 	1262 	1267
f 889 	6794 	1289
f 1216 	896 	1289
f 1292 	1287 	1265
f 1262 	1265 	1287
f 1220 	1282 	1216
f 1220 	1219 	1282
f 1267 	1291 	1265
f 1292 	1265 	1291
f 959 	1218 	1234
f 1113 	1297 	1007
f 958 	967 	1218
f 1399 	1364 	1296
f 1178 	1536 	1355
f 1146 	1297 	1113
f 1283 	1300 	1299
f 1235 	1276 	1234
f 1279 	1301 	1226
f 1279 	1226 	1222
f 611 	1007 	1297
f 1299 	1284 	1283
f 1302 	1535 	1303
f 1303 	1296 	1298
f 1550 	1548 	905
f 1299 	1300 	1285
f 1286 	1285 	1300
f 1296 	1303 	1295
f 1175 	1196 	1304
f 1355 	1181 	1178
f 1259 	1226 	1301
f 1285 	1284 	1223
f 1293 	1294 	1273
f 1296 	1298 	5035
f 1223 	1097 	940
f 1293 	1273 	1305
f 1215 	1325 	1304
f 1172 	1282 	1273
f 1304 	1335 	1323
f 1295 	1280 	1296
f 1271 	1296 	1280
f 1231 	1381 	1297
f 1298 	1296 	1271
f 1298 	1271 	1270
f 1305 	786 	1293
f 1294 	1293 	786
f 1177 	1215 	1304
f 1302 	1303 	1362
f 1370 	1308 	1223
f 1285 	1223 	1308
f 1299 	1285 	1308
f 1299 	1308 	1327
f 1196 	1177 	1304
f 656 	657 	2137
f 1288 	1426 	1275
f 1275 	1302 	1303
f 997 	993 	1222
f 997 	1222 	1226
f 1327 	1328 	1299
f 1310 	1311 	1131
f 1226 	1306 	997
f 1122 	1087 	1283
f 1087 	1312 	1283
f 1300 	1283 	1312
f 1314 	1298 	1206
f 1031 	1201 	1298
f 1298 	1314 	1303
f 1315 	1312 	1087
f 1315 	1087 	1117
f 1317 	1313 	1316
f 1319 	1279 	1012
f 1000 	1012 	1279
f 1319 	1329 	1279
f 1314 	1206 	1278
f 1016 	1278 	1206
f 1321 	1276 	1309
f 1314 	1362 	1303
f 1314 	1278 	1275
f 1314 	1275 	1303
f 1293 	1255 	1294
f 1305 	1255 	1293
f 1321 	1325 	1276
f 1321 	1371 	1323
f 1323 	1335 	1321
f 1325 	1321 	1324
f 1237 	1276 	1325
f 1320 	1118 	1299
f 1426 	1048 	1302
f 1302 	1206 	1303
f 1314 	1303 	1206
f 1023 	1319 	1012
f 1301 	1279 	1329
f 1325 	1324 	1326
f 1294 	791 	1273
f 791 	793 	1273
f 1306 	1158 	593
f 717 	593 	1158
f 1335 	1304 	1324
f 1325 	1324 	1304
f 1320 	1299 	1328
f 1325 	1326 	1237
f 1242 	1237 	1326
f 1328 	1330 	1320
f 1325 	1215 	1237
f 1237 	1238 	1162
f 1194 	1193 	1331
f 1286 	1300 	1308
f 1510 	1132 	1311
f 1532 	68 	1575
f 1312 	1328 	1300
f 1308 	1300 	1327
f 1294 	1255 	791
f 1332 	1301 	1329
f 1322 	1417 	1323
f 1327 	1300 	1328
f 1312 	1315 	1328
f 1331 	1193 	1334
f 1324 	1321 	1335
f 1126 	793 	1255
f 793 	791 	1255
f 1329 	1319 	1119
f 1110 	1112 	1319
f 1023 	1110 	1319
f 238 	1263 	239
f 1324 	1335 	1326
f 1112 	1119 	1319
f 791 	6810 	1294
f 1319 	1023 	1032
f 1337 	1399 	1338
f 1319 	1032 	1329
f 1342 	1332 	1032
f 1326 	1335 	1323
f 1336 	1329 	1119
f 1330 	1328 	1315
f 1337 	1364 	1396
f 8041 	1396 	1364
f 1335 	1162 	1323
f 1335 	1324 	1162
f 1322 	1323 	1162
f 680 	1307 	1074
f 1333 	1332 	1336
f 1332 	1329 	1336
f 1340 	1341 	1326
f 1322 	1162 	1372
f 1333 	1332 	1342
f 1329 	1032 	1332
f 1307 	680 	1785
f 972 	1212 	918
f 1082 	982 	1306
f 1341 	1248 	1326
f 1242 	1326 	1248
f 1385 	1387 	1339
f 1339 	1344 	1345
f 1319 	1347 	1023
f 1329 	1347 	1319
f 1098 	1023 	1347
f 1074 	1307 	887
f 1324 	1325 	1162
f 1325 	1237 	1162
f 1348 	1349 	1345
f 1339 	1345 	1349
f 1430 	887 	1307
f 1065 	1350 	1114
f 1336 	1119 	1350
f 1340 	1390 	1341
f 1248 	1341 	1351
f 1277 	1248 	1351
f 1114 	1350 	1119
f 1346 	1230 	1331
f 1341 	6262 	1248
f 1354 	1243 	1353
f 1244 	1353 	1243
f 1340 	1341 	1356
f 1358 	1353 	1357
f 1359 	1353 	1358
f 1244 	1357 	1353
f 1266 	1356 	1248
f 1341 	1248 	1356
f 1375 	1350 	1065
f 1337 	1338 	1362
f 1337 	1362 	1364
f 1277 	1351 	1321
f 1277 	1321 	1276
f 1245 	1354 	1365
f 1354 	1353 	1365
f 1359 	1365 	1353
f 1399 	1337 	1364
f 1366 	1358 	1357
f 1347 	1375 	1098
f 1367 	1365 	1368
f 1351 	1369 	1277
f 1274 	1277 	1369
f 1365 	1359 	1358
f 1365 	1358 	1368
f 1347 	1373 	1032
f 1347 	1032 	1098
f 1298 	1296 	1363
f 1363 	1376 	1298
f 1357 	1244 	1370
f 1244 	1286 	1370
f 1308 	1370 	1286
f 1322 	1323 	1371
f 1507 	1508 	1689
f 8041 	1364 	1363
f 1357 	1370 	1366
f 1326 	1323 	1417
f 1372 	1417 	1322
f 1347 	1098 	1083
f 1366 	1370 	1358
f 1368 	1358 	1370
f 1368 	1370 	1223
f 1368 	1256 	1367
f 1268 	1367 	1256
f 1372 	1465 	1322
f 1333 	1374 	1332
f 1373 	1332 	1374
f 1368 	1223 	1256
f 1329 	1332 	1373
f 1329 	1373 	1347
f 1365 	1367 	1245
f 1317 	1316 	1195
f 1268 	1245 	1367
f 1363 	1377 	1376
f 1364 	1362 	1363
f 1374 	1375 	1373
f 1347 	1373 	1375
f 8047 	1298 	1376
f 1344 	3823 	1345
f 1342 	1032 	1373
f 1342 	1373 	1374
f 1379 	1340 	1417
f 1326 	1417 	1340
f 1345 	3824 	1348
f 1741 	1380 	1381
f 6288 	6287 	1229
f 1433 	1229 	6593
f 1204 	1377 	1314
f 1204 	1314 	1206
f 1377 	1334 	1204
f 1193 	1204 	1334
f 1377 	1363 	1362
f 1385 	1339 	244
f 1377 	1362 	1314
f 1385 	242 	1387
f 1362 	1352 	1377
f 1334 	1377 	1352
f 1388 	1174 	1181
f 1380 	1575 	1775
f 1194 	1331 	1230
f 1355 	1669 	1388
f 1380 	1575 	68
f 1334 	1352 	1331
f 1331 	1352 	1346
f 1575 	1581 	1532
f 1389 	1390 	1379
f 1340 	1379 	1390
f 1551 	1391 	1390
f 1351 	1341 	1391
f 1341 	1390 	1391
f 1181 	1355 	1388
f 1383 	68 	1382
f 242 	1385 	244
f 1197 	1361 	1204
f 1377 	1204 	1362
f 1362 	1204 	1361
f 1356 	1392 	1340
f 1379 	1340 	1392
f 1207 	1704 	68
f 1381 	68 	1383
f 1381 	1380 	68
f 1393 	1310 	1143
f 1395 	1405 	1362
f 1551 	1371 	1391
f 1321 	1391 	1371
f 1351 	1391 	1321
f 1083 	1084 	1766
f 1767 	1766 	1084
f 1704 	1207 	1297
f 1702 	1704 	1297
f 1399 	1395 	1394
f 1083 	1373 	1347
f 1494 	1371 	1309
f 1394 	1396 	1395
f 1251 	1401 	1233
f 1369 	1351 	1391
f 1383 	1382 	1297
f 1702 	1297 	1382
f 1394 	1338 	1399
f 1297 	1381 	1383
f 1301 	1233 	1259
f 1401 	1259 	1233
f 1338 	1337 	1396
f 1338 	1396 	1394
f 1401 	1251 	1402
f 1321 	1371 	1276
f 1234 	1276 	1371
f 1403 	1399 	1295
f 1296 	1295 	1399
f 1259 	1401 	1253
f 1786 	1919 	1281
f 1375 	1374 	1350
f 1269 	1274 	1266
f 915 	931 	1269
f 931 	1274 	1269
f 1192 	1400 	1393
f 1404 	1399 	1403
f 1333 	1336 	1374
f 1336 	1350 	1374
f 1333 	1342 	1374
f 1274 	1369 	1266
f 1356 	1266 	1369
f 1395 	1399 	1527
f 1526 	1527 	1399
f 1360 	1398 	1212
f 1360 	1212 	1488
f 927 	1406 	919
f 1408 	1392 	1407
f 1392 	1356 	1407
f 1395 	1396 	1405
f 1404 	1410 	1526
f 1404 	1526 	1399
f 1553 	1596 	1405
f 1394 	5106 	1338
f 1412 	1413 	1411
f 1387 	1411 	1413
f 1408 	1389 	1379
f 1408 	1379 	1392
f 1412 	1414 	1413
f 1192 	1393 	1143
f 1416 	1507 	1418
f 1344 	1339 	1415
f 1415 	1339 	1387
f 1397 	1384 	1639
f 1372 	1507 	1416
f 1418 	1419 	1417
f 1295 	1303 	1403
f 1403 	1303 	1404
f 1174 	1388 	1409
f 1465 	1418 	1419
f 860 	919 	1406
f 410 	9705 	1670
f 411 	410 	1670
f 1372 	1416 	1417
f 1400 	1192 	7200
f 1416 	1418 	1417
f 1637 	1632 	1420
f 9713 	1703 	9708
f 1418 	1465 	1416
f 1372 	1416 	1465
f 1403 	1600 	1404
f 1295 	5035 	1403
f 1420 	971 	963
f 1387 	242 	1415
f 242 	249 	1415
f 1610 	1602 	5035
f 1174 	1409 	1199
f 1424 	1379 	1417
f 1414 	1415 	1413
f 1387 	1413 	1415
f 964 	1423 	1420
f 964 	1420 	963
f 1280 	1295 	1403
f 1199 	1409 	1422
f 1421 	1228 	1512
f 1411 	1387 	1415
f 1264 	1280 	1404
f 1403 	1404 	1280
f 1690 	1700 	1417
f 1264 	1404 	1410
f 1414 	1412 	1415
f 1411 	1415 	1412
f 1397 	1421 	1384
f 1416 	1372 	1162
f 614 	604 	1162
f 1418 	1416 	1162
f 1424 	1166 	1379
f 1003 	1425 	1857
f 1427 	1535 	1426
f 1428 	1535 	1427
f 1429 	1577 	1428
f 1340 	1166 	1341
f 1379 	1166 	1340
f 629 	1249 	9671
f 1389 	1408 	1407
f 1389 	1407 	1390
f 1432 	1429 	1428
f 1428 	1287 	1429
f 1434 	1309 	1225
f 1218 	1434 	1225
f 1613 	1545 	1425
f 1028 	1425 	1545
f 1309 	1434 	1437
f 1436 	1432 	1428
f 1436 	1428 	1427
f 1454 	1423 	1406
f 1802 	1620 	1425
f 1427 	1288 	1287
f 1427 	1287 	1428
f 1439 	1185 	1186
f 1318 	1644 	1440
f 1003 	1803 	1425
f 1434 	1218 	1438
f 1454 	1406 	927
f 1441 	1439 	1186
f 1436 	1501 	1432
f 2846 	2638 	1655
f 1443 	971 	1510
f 1426 	1302 	1361
f 1362 	1361 	1302
f 1436 	1426 	1361
f 1443 	1448 	971
f 1427 	1426 	1436
f 1427 	1426 	1288
f 1302 	1275 	1426
f 1449 	1561 	1446
f 848 	964 	1450
f 1481 	1501 	1436
f 1430 	1431 	341
f 1427 	1048 	1426
f 2086 	1047 	1427
f 1427 	1428 	2086
f 1438 	1218 	2795
f 1561 	1449 	1476
f 964 	1448 	1450
f 1443 	1450 	1448
f 1447 	1452 	1442
f 1318 	1444 	1456
f 1423 	1454 	1640
f 412 	2660 	409
f 1442 	1456 	1444
f 1434 	1438 	1455
f 1241 	1476 	1454
f 1454 	1476 	1449
f 1454 	1449 	1446
f 1434 	1455 	1437
f 1442 	1452 	1456
f 885 	848 	1450
f 967 	1521 	1121
f 1463 	1462 	1460
f 1458 	1910 	1457
f 341 	335 	1430
f 1692 	1688 	1508
f 1441 	1195 	1461
f 620 	603 	1146
f 1465 	1175 	1304
f 1195 	1441 	1186
f 1231 	1146 	603
f 1569 	1690 	1468
f 1471 	1694 	1468
f 913 	885 	1450
f 1468 	1467 	1562
f 1472 	1682 	1460
f 1346 	1466 	1469
f 1323 	1322 	1465
f 1346 	1469 	1230
f 1473 	1478 	1474
f 1323 	1465 	1304
f 1346 	1352 	1466
f 1472 	1460 	1479
f 1472 	1685 	1682
f 1146 	324 	620
f 1362 	1361 	1352
f 1431 	606 	582
f 913 	1464 	1475
f 1464 	913 	1450
f 1470 	1191 	1471
f 1460 	1462 	1479
f 1470 	1597 	1471
f 1231 	1297 	1146
f 1185 	1439 	710
f 1471 	1603 	1470
f 1394 	1395 	1362
f 1338 	1394 	1362
f 1481 	1361 	1579
f 1501 	1481 	1588
f 1480 	1588 	1483
f 1561 	1478 	1473
f 1482 	1432 	1483
f 1462 	1595 	1627
f 1482 	1499 	1483
f 1462 	1627 	1479
f 1478 	1561 	1476
f 1590 	1561 	1477
f 1480 	1483 	1432
f 1478 	1487 	1474
f 1499 	1480 	1483
f 1474 	1487 	1473
f 1501 	2117 	1480
f 1490 	1205 	1491
f 1487 	1478 	1241
f 1481 	1436 	1361
f 1491 	1445 	1490
f 1489 	1490 	1445
f 1484 	1494 	1493
f 1431 	1430 	1281
f 1485 	1503 	1502
f 1430 	1307 	1281
f 1466 	1352 	1361
f 1466 	1361 	1481
f 1316 	1568 	1461
f 1496 	1497 	1498
f 1579 	1588 	1481
f 1485 	1496 	1500
f 1498 	1500 	1496
f 1492 	1484 	1493
f 1502 	1496 	1485
f 1492 	1493 	1437
f 1466 	1481 	1501
f 1466 	1501 	1499
f 1623 	1281 	1942
f 1912 	1504 	902
f 1164 	1163 	1481
f 1361 	1210 	1481
f 1464 	1503 	1475
f 1432 	1501 	1480
f 1494 	1309 	1493
f 1480 	1499 	1501
f 1475 	1503 	1485
f 1491 	1459 	1495
f 1492 	1437 	1455
f 1491 	1495 	1546
f 1445 	1491 	1546
f 1247 	2117 	1501
f 1224 	902 	1504
f 1487 	1477 	1473
f 1514 	1515 	1513
f 1508 	1507 	1484
f 1494 	1484 	1507
f 1507 	1322 	1371
f 1518 	1513 	1511
f 1512 	1516 	1421
f 1507 	1371 	1551
f 1517 	1513 	1511
f 1421 	1516 	1384
f 1520 	1519 	1510
f 1507 	1371 	1494
f 1321 	1309 	1371
f 1521 	1666 	1563
f 1530 	1582 	1522
f 1575 	1380 	1231
f 1513 	1522 	1511
f 1519 	1523 	1510
f 1443 	1510 	1523
f 1508 	1484 	1521
f 1511 	1522 	1517
f 1476 	1241 	1478
f 1523 	1450 	1443
f 1519 	1450 	1523
f 1513 	1518 	1514
f 1527 	1542 	1518
f 1526 	1527 	1518
f 1750 	1477 	1241
f 1489 	1539 	1490
f 1487 	1241 	1477
f 1437 	1493 	1309
f 1528 	1402 	1251
f 1508 	1521 	1234
f 959 	1234 	1521
f 1371 	1507 	1234
f 1529 	1520 	1675
f 1590 	1477 	1589
f 1522 	1513 	1530
f 1542 	1596 	1514
f 1569 	1531 	1690
f 1301 	1750 	1233
f 1520 	1464 	1519
f 1529 	1464 	1520
f 1450 	1519 	1464
f 1467 	1468 	1690
f 1459 	1491 	1205
f 1233 	1750 	1241
f 1544 	1517 	1596
f 1522 	1530 	1517
f 1917 	1504 	1912
f 1205 	1386 	1459
f 1512 	1504 	1917
f 1706 	1728 	1531
f 1527 	1526 	1515
f 1535 	1515 	1526
f 1535 	1526 	1537
f 1228 	1504 	1512
f 1539 	1042 	1205
f 1712 	1533 	1531
f 1514 	1542 	1515
f 1205 	1490 	1539
f 1510 	1673 	1520
f 1525 	1488 	1543
f 1728 	1716 	1531
f 1544 	1579 	1553
f 1212 	1543 	1488
f 1544 	1513 	1517
f 1613 	1686 	1545
f 1390 	1407 	1548
f 1547 	1548 	1407
f 1534 	1545 	1536
f 1536 	1545 	1686
f 1530 	1596 	1517
f 1514 	1518 	1542
f 1548 	1551 	1390
f 1513 	1553 	1514
f 1224 	1504 	1228
f 1548 	1549 	1551
f 1507 	1551 	1549
f 1507 	1549 	1508
f 1547 	1552 	1551
f 1547 	1551 	1548
f 1486 	1452 	1447
f 1527 	1515 	1542
f 1447 	1541 	1486
f 1538 	1806 	1540
f 1369 	1391 	1552
f 1551 	1552 	1391
f 7169 	7099 	1594
f 1534 	1213 	1545
f 1513 	1544 	1553
f 1554 	1555 	1528
f 1402 	1528 	1555
f 1402 	1555 	1401
f 1277 	1548 	1391
f 1551 	1391 	1548
f 1391 	1351 	1277
f 1277 	1258 	1548
f 1560 	1550 	1557
f 1544 	1553 	1396
f 195 	208 	1559
f 1550 	1560 	1558
f 1532 	1580 	1572
f 1529 	1584 	1464
f 1405 	1395 	1542
f 1405 	1514 	1553
f 1542 	1395 	1527
f 1542 	1514 	1405
f 1405 	1396 	1553
f 1563 	1592 	1562
f 1563 	1569 	1508
f 1566 	1316 	1313
f 1381 	1231 	1380
f 1473 	1477 	1561
f 1562 	1531 	1563
f 1535 	1567 	1518
f 1535 	1518 	1515
f 1593 	1232 	1561
f 1515 	1579 	1513
f 1597 	1563 	1562
f 1873 	1505 	1988
f 1569 	1468 	1508
f 1468 	1467 	1508
f 1566 	1568 	1316
f 1568 	1566 	1565
f 1361 	1362 	1405
f 1517 	1579 	1544
f 1511 	1579 	1517
f 1579 	1361 	1553
f 1405 	1553 	1361
f 1531 	1569 	1563
f 1873 	1564 	1505
f 1569 	1563 	1599
f 1963 	1461 	1568
f 208 	1524 	1559
f 1467 	1692 	1508
f 1511 	1396 	1585
f 1517 	1396 	1511
f 1511 	1522 	1582
f 1599 	1578 	1569
f 1569 	1470 	1468
f 1511 	1585 	1522
f 1461 	1195 	1316
f 1468 	1562 	1569
f 1563 	1569 	1562
f 1572 	2148 	1571
f 1529 	1675 	1584
f 1763 	1764 	1566
f 1567 	1574 	1518
f 1380 	1741 	1575
f 1516 	1576 	1384
f 1503 	1464 	1584
f 1574 	1577 	1518
f 1511 	1513 	1579
f 1471 	1468 	1470
f 1470 	1569 	1578
f 1580 	1581 	1913
f 1581 	1575 	1913
f 1741 	1913 	1575
f 1571 	1960 	1572
f 1582 	1518 	1511
f 1787 	1759 	1675
f 1578 	1191 	1470
f 1384 	1576 	1586
f 1586 	1576 	1587
f 1578 	1597 	1470
f 1528 	1251 	1154
f 1470 	1603 	1578
f 1588 	1579 	1518
f 1515 	1518 	1579
f 1639 	1384 	1586
f 1480 	1501 	1588
f 1587 	1780 	1586
f 1588 	1518 	1582
f 1541 	1447 	1608
f 1580 	1919 	1581
f 1585 	1583 	1453
f 1532 	1581 	1580
f 1608 	1447 	1442
f 1576 	1516 	1990
f 1483 	1588 	1482
f 1582 	1691 	1588
f 1590 	1589 	1554
f 1555 	1554 	1589
f 1453 	1676 	1585
f 1581 	1775 	1575
f 1563 	1598 	1599
f 1462 	1463 	1595
f 1537 	1526 	1577
f 1518 	1577 	1526
f 1561 	1590 	1593
f 5024 	1561 	1232
f 1537 	1526 	1410
f 1154 	1593 	1590
f 1554 	1528 	1590
f 1232 	1593 	1154
f 1596 	1691 	1582
f 1596 	1582 	1530
f 1530 	1513 	1596
f 1513 	1514 	1596
f 1598 	1563 	1597
f 1595 	1505 	1564
f 1530 	1522 	1585
f 1615 	1614 	1672
f 1604 	5106 	1596
f 1527 	1526 	1600
f 1537 	1600 	1526
f 1914 	1913 	1559
f 1596 	1542 	1604
f 4127 	1626 	1597
f 1595 	1463 	1505
f 1615 	226 	1614
f 1578 	1599 	1191
f 1599 	1598 	1191
f 1598 	1626 	1191
f 1602 	1542 	1600
f 1598 	1597 	1599
f 1578 	1599 	1597
f 1694 	1471 	1597
f 4924 	4922 	1532
f 1583 	1585 	1396
f 1517 	1544 	1396
f 1604 	1691 	1596
f 1629 	1691 	1604
f 1596 	1530 	1585
f 1596 	1636 	1604
f 1553 	1544 	1596
f 1598 	1603 	1597
f 1599 	1603 	1598
f 1444 	1608 	1442
f 1578 	1603 	1599
f 1555 	1589 	1401
f 1253 	1401 	1589
f 314 	1697 	1614
f 1603 	1694 	1597
f 1254 	1253 	1589
f 1697 	1615 	1614
f 1686 	1613 	1612
f 1611 	1686 	1612
f 1610 	1542 	1602
f 1527 	1600 	1542
f 1606 	1646 	1697
f 1614 	1617 	314
f 1615 	1735 	1614
f 1618 	314 	1617
f 315 	314 	1618
f 1584 	1675 	1760
f 1760 	1503 	1584
f 1607 	1541 	1608
f 1591 	1592 	1649
f 1609 	8397 	1638
f 1619 	1575 	1231
f 1638 	8397 	1397
f 1616 	1591 	1592
f 1611 	1620 	1686
f 1838 	1607 	3324
f 1612 	1620 	1611
f 1620 	1612 	1425
f 1613 	1425 	1612
f 1621 	1601 	1622
f 1598 	1597 	1626
f 1629 	5106 	1604
f 1601 	1621 	8370
f 1614 	226 	314
f 1696 	226 	1615
f 4081 	1191 	1626
f 1310 	7903 	1311
f 1628 	1311 	7903
f 9792 	1672 	1614
f 1699 	1622 	1601
f 1310 	1393 	7903
f 1564 	1627 	1595
f 4127 	1597 	1603
f 1604 	1542 	1629
f 1617 	307 	1618
f 306 	315 	307
f 1626 	4127 	1603
f 315 	1618 	1670
f 1617 	1670 	1618
f 1618 	307 	315
f 1571 	2148 	1630
f 1313 	1621 	1622
f 1635 	5106 	1629
f 1395 	1405 	5106
f 2151 	1624 	2149
f 1621 	1313 	1317
f 1625 	1960 	1624
f 1317 	8370 	1621
f 1624 	1960 	1630
f 1630 	1960 	1571
f 1634 	1711 	1609
f 1635 	1691 	1629
f 971 	1420 	1632
f 1629 	1542 	1635
f 1634 	1609 	1638
f 1769 	3429 	1591
f 1629 	1604 	1636
f 1636 	1596 	1585
f 6105 	1635 	1636
f 1629 	1636 	1635
f 1632 	1561 	1556
f 307 	1617 	9793
f 9793 	1617 	1631
f 1638 	1397 	1639
f 1618 	9708 	1617
f 1642 	6091 	1610
f 1640 	1446 	1632
f 1561 	1632 	1446
f 1637 	1643 	1632
f 1643 	1640 	1632
f 1617 	9708 	1631
f 315 	9708 	1618
f 1643 	1637 	1423
f 1420 	1423 	1637
f 1640 	1454 	1446
f 302 	2660 	1606
f 301 	2660 	302
f 1639 	1634 	1638
f 302 	286 	1606
f 1643 	1423 	1640
f 1666 	1665 	1563
f 1508 	1521 	1563
f 1537 	1577 	1574
f 1537 	1574 	1567
f 1537 	1567 	1535
f 2746 	1697 	1646
f 1647 	1648 	1558
f 1550 	1558 	1648
f 5740 	2709 	1606
f 1537 	1410 	1535
f 1404 	1303 	1535
f 1410 	1404 	1535
f 1570 	1658 	1651
f 2746 	1646 	286
f 1606 	286 	1646
f 1302 	1426 	1535
f 1648 	1647 	1649
f 1633 	1644 	1645
f 1567 	1428 	1574
f 1567 	1535 	1428
f 1647 	1653 	1648
f 1652 	1648 	1653
f 1646 	2760 	1606
f 1606 	2760 	302
f 1708 	1633 	1645
f 301 	300 	409
f 1591 	1562 	1592
f 1641 	1644 	1633
f 1574 	1428 	1577
f 1655 	1577 	1429
f 1641 	1440 	1644
f 1649 	1592 	1656
f 1537 	1577 	1600
f 1577 	1655 	1600
f 1657 	1600 	1655
f 1659 	1651 	1658
f 1661 	1610 	1657
f 1660 	1661 	1657
f 1573 	1681 	1570
f 1650 	1651 	1659
f 1602 	1600 	1657
f 1548 	1550 	1549
f 1610 	1602 	1657
f 1549 	1550 	1649
f 1648 	1649 	1550
f 1661 	1642 	1610
f 1628 	1673 	1311
f 1557 	1550 	1648
f 1557 	1648 	1652
f 6114 	1642 	5035
f 1410 	1404 	1600
f 1410 	1600 	1537
f 1624 	1625 	1630
f 1625 	4924 	1630
f 1592 	1563 	1656
f 1656 	1563 	1665
f 9789 	1546 	1672
f 1403 	5035 	1600
f 1632 	1132 	971
f 1672 	9792 	9789
f 1665 	1666 	1649
f 1549 	1649 	1666
f 4924 	1532 	1571
f 1630 	4924 	1571
f 1602 	1600 	5035
f 1666 	1616 	1665
f 7923 	7924 	1388
f 1267 	1537 	1260
f 1537 	1535 	1260
f 1272 	1260 	1535
f 1651 	1650 	1667
f 1651 	1667 	1668
f 1011 	1651 	1010
f 1668 	1010 	1651
f 1508 	1549 	1521
f 1666 	1521 	1549
f 1567 	1290 	1535
f 1272 	1535 	1290
f 1616 	1666 	1484
f 1521 	1484 	1666
f 1290 	1567 	1262
f 1265 	1262 	1567
f 1265 	1567 	1574
f 1265 	1574 	1577
f 1537 	1267 	1265
f 1537 	1265 	1577
f 1455 	4136 	1492
f 1536 	1687 	1355
f 1669 	1355 	1687
f 1410 	1537 	1267
f 1410 	1267 	1264
f 1011 	1178 	1651
f 1537 	1600 	1267
f 1600 	1671 	1267
f 1291 	1267 	1671
f 1668 	1674 	1010
f 1671 	1600 	1602
f 1671 	1602 	1610
f 1671 	1610 	1642
f 1665 	1121 	1666
f 1666 	1121 	1521
f 1625 	1624 	1605
f 1432 	1655 	1429
f 1656 	1665 	1649
f 1605 	1630 	1571
f 1605 	1571 	1572
f 1605 	1572 	1619
f 6138 	1657 	1432
f 1655 	1432 	1657
f 1388 	1669 	7923
f 1605 	1624 	1630
f 1665 	1616 	1656
f 1592 	1656 	1616
f 1657 	6138 	1660
f 1572 	1580 	1619
f 1575 	1619 	1581
f 1581 	1619 	1580
f 1657 	1655 	1292
f 1429 	1287 	1655
f 1570 	1651 	1088
f 1939 	1623 	1942
f 1660 	1657 	1292
f 1287 	1292 	1655
f 1676 	1453 	1583
f 1028 	1010 	1674
f 1675 	1520 	1673
f 1674 	1668 	1667
f 1680 	1840 	1658
f 1678 	1623 	1939
f 1714 	1715 	1675
f 1583 	1910 	1676
f 1458 	1676 	1910
f 1674 	1659 	1658
f 1667 	1650 	1674
f 1674 	1650 	1659
f 1592 	3443 	1656
f 1656 	3443 	1665
f 1457 	6275 	1458
f 1676 	1458 	1636
f 1585 	1676 	1636
f 1573 	1680 	1681
f 1258 	905 	1548
f 1682 	1683 	1684
f 1560 	1557 	1652
f 1560 	1652 	1653
f 603 	628 	1619
f 1540 	1693 	1538
f 1356 	1369 	1407
f 1407 	1552 	1547
f 1552 	1407 	1369
f 1558 	1560 	1653
f 1558 	1653 	1647
f 1536 	1686 	1687
f 1573 	1693 	1680
f 1689 	1419 	1507
f 1322 	1507 	1372
f 1419 	1418 	1507
f 1619 	1231 	603
f 1685 	1683 	1682
f 1482 	1588 	1691
f 1688 	1689 	1508
f 1431 	1281 	606
f 1692 	1467 	1690
f 1573 	1538 	1693
f 1619 	628 	1605
f 1691 	1432 	1482
f 1691 	6138 	1432
f 1694 	1692 	1467
f 1467 	1468 	1694
f 1499 	1482 	1691
f 1623 	606 	1281
f 1682 	1684 	1663
f 1658 	1570 	1681
f 1691 	1695 	6138
f 1663 	1684 	1747
f 1690 	1417 	1689
f 1688 	1690 	1689
f 1688 	1692 	1690
f 628 	784 	1605
f 6150 	6281 	1695
f 1695 	6281 	1691
f 1696 	1697 	1698
f 1456 	1452 	1645
f 1692 	1694 	1688
f 1689 	1688 	1694
f 2643 	2642 	1482
f 1615 	1697 	1696
f 1417 	1419 	1689
f 606 	1623 	631
f 1689 	1694 	1465
f 1689 	1465 	1419
f 2906 	2846 	1657
f 1655 	1657 	2846
f 1660 	2906 	1657
f 1623 	1678 	631
f 1681 	1680 	1658
f 1162 	1727 	1419
f 1689 	1727 	1688
f 1424 	1417 	1700
f 1644 	1318 	1456
f 1456 	1645 	1644
f 1531 	1533 	1690
f 1690 	1533 	1700
f 1703 	1705 	1698
f 1696 	1698 	1705
f 1705 	1734 	1696
f 1696 	1735 	1615
f 1827 	1840 	1693
f 1701 	1702 	1704
f 1207 	1701 	1704
f 1707 	1706 	1531
f 1601 	1662 	1699
f 1663 	1460 	1682
f 1460 	1663 	1463
f 1591 	1707 	1562
f 1382 	1702 	1741
f 1701 	1741 	1702
f 1707 	1531 	1562
f 1383 	1741 	1381
f 1707 	1597 	1562
f 1713 	1714 	1675
f 1701 	613 	1709
f 1710 	1709 	613
f 1562 	1467 	1707
f 1787 	1675 	1730
f 1698 	226 	1696
f 1467 	1692 	1707
f 1711 	1634 	1783
f 1731 	1675 	1715
f 1712 	1531 	1716
f 1698 	1696 	1672
f 1689 	1419 	1727
f 1717 	1041 	1039
f 1714 	1722 	1715
f 1615 	1672 	1696
f 1175 	1465 	1694
f 1179 	1720 	1227
f 1719 	1715 	1714
f 1719 	1714 	1721
f 1175 	1694 	1191
f 1713 	1722 	1714
f 1720 	1179 	1777
f 1703 	1723 	1705
f 1713 	1721 	1714
f 5922 	1099 	1041
f 1694 	1471 	1191
f 1687 	1686 	8154
f 1617 	1614 	1735
f 1039 	1132 	1632
f 1769 	1770 	1706
f 1707 	1591 	1706
f 1723 	1670 	1617
f 1727 	1726 	1728
f 1736 	1609 	1711
f 1632 	1556 	1717
f 1039 	1632 	1717
f 1510 	1311 	1673
f 1725 	1728 	1726
f 1731 	1714 	1715
f 1452 	1724 	1645
f 1721 	1713 	1733
f 1486 	1724 	1452
f 1728 	1706 	1727
f 1722 	1745 	1715
f 1731 	1715 	1745
f 5932 	5908 	1108
f 1735 	1696 	1734
f 1631 	1617 	1735
f 1737 	1730 	1731
f 1631 	1735 	1617
f 1723 	1617 	1735
f 1727 	4152 	1706
f 1735 	9793 	1631
f 1645 	1724 	1708
f 1737 	1731 	1719
f 1715 	1719 	1731
f 1116 	5937 	5935
f 1723 	1735 	1734
f 1731 	1730 	1675
f 1706 	1692 	1727
f 1707 	1692 	1706
f 1688 	1727 	1692
f 1124 	5944 	1116
f 1677 	9793 	1735
f 1734 	1677 	1735
f 1739 	1740 	1728
f 1728 	1740 	1716
f 1631 	9708 	1735
f 1694 	1603 	1471
f 1620 	1802 	1686
f 1088 	1738 	1570
f 1734 	1705 	1723
f 737 	1227 	1720
f 737 	1720 	924
f 1091 	1116 	5935
f 1745 	1722 	1744
f 1722 	1713 	1744
f 1743 	1744 	1713
f 1708 	1724 	1718
f 1734 	1705 	1677
f 1739 	1728 	1746
f 1734 	9708 	1705
f 1735 	9708 	1734
f 1791 	4468 	1162
f 1726 	1727 	1162
f 1418 	1162 	1419
f 1726 	1162 	1725
f 1091 	5935 	1088
f 1088 	5935 	1738
f 1663 	1747 	1749
f 1743 	1731 	1748
f 1713 	1731 	1743
f 1714 	1731 	1713
f 1765 	1589 	1751
f 1754 	1712 	1716
f 1713 	1752 	1743
f 1749 	1747 	1753
f 1477 	1750 	1589
f 1750 	1751 	1589
f 1732 	1733 	1713
f 1743 	1732 	1713
f 1716 	1740 	1754
f 1386 	1343 	1459
f 1730 	1731 	1755
f 1755 	1731 	1745
f 1700 	1533 	1712
f 1740 	1166 	1716
f 1301 	1751 	1750
f 1755 	1745 	1744
f 1755 	1744 	1756
f 8154 	1745 	1744
f 1740 	1739 	1754
f 1754 	1739 	1746
f 4707 	1755 	1686
f 1745 	1686 	1755
f 8154 	1686 	1745
f 1716 	1166 	1712
f 1739 	1166 	1740
f 1745 	1755 	1757
f 1700 	1712 	1424
f 1332 	1751 	1301
f 1742 	1850 	1729
f 1758 	1712 	1754
f 1332 	1333 	1751
f 1740 	1716 	1758
f 1712 	1758 	1716
f 1463 	1749 	1505
f 1740 	1758 	1739
f 1762 	1916 	1741
f 1761 	1762 	1741
f 1760 	1675 	1759
f 1751 	1766 	1765
f 1758 	4170 	1739
f 1383 	1382 	1741
f 1663 	1749 	1463
f 1374 	1373 	1766
f 1649 	1647 	4173
f 1622 	1763 	1566
f 1566 	1313 	1622
f 1765 	1766 	1767
f 1136 	2120 	1135
f 1135 	2120 	1247
f 1151 	2120 	1136
f 1760 	1759 	1503
f 1502 	1503 	1759
f 1709 	1768 	1701
f 1761 	1741 	1701
f 1761 	1701 	1768
f 1727 	1706 	1770
f 1770 	4182 	1727
f 1769 	1706 	1591
f 1772 	1775 	1771
f 1773 	1775 	1772
f 1774 	1775 	1773
f 1581 	1771 	1775
f 1622 	1699 	1763
f 1704 	1775 	1207
f 1702 	1775 	1704
f 1382 	1380 	1702
f 1383 	1380 	1382
f 1702 	1380 	1775
f 1776 	617 	1775
f 1211 	617 	1776
f 1707 	4152 	1597
f 1603 	1597 	4152
f 1778 	2588 	1730
f 1382 	68 	1702
f 1333 	1374 	1751
f 1766 	1751 	1374
f 1373 	1083 	1766
f 1770 	1769 	4173
f 1649 	4173 	1769
f 1702 	68 	1704
f 1649 	1769 	1591
f 1737 	2574 	1730
f 1778 	1730 	2574
f 1779 	1778 	1781
f 1207 	617 	1297
f 1784 	1573 	1782
f 1812 	1808 	5517
f 1672 	1546 	8695
f 1769 	1591 	1616
f 1538 	1573 	1784
f 1730 	1778 	1787
f 1773 	1772 	1788
f 1771 	1788 	1772
f 1591 	3429 	1592
f 1770 	4328 	1769
f 1783 	1634 	1586
f 1639 	1586 	1634
f 1780 	1783 	1586
f 1781 	1787 	1779
f 1781 	2574 	1787
f 1786 	1785 	1771
f 1771 	1785 	1772
f 1573 	1790 	1782
f 1794 	1795 	4603
f 1791 	4603 	1795
f 1698 	1697 	1796
f 1773 	1772 	1785
f 1698 	1796 	1800
f 1698 	1800 	1703
f 226 	1698 	1796
f 3502 	3503 	1789
f 1802 	1803 	1686
f 4707 	1686 	1803
f 1793 	1792 	1805
f 1654 	1679 	1823
f 1792 	1798 	1793
f 1698 	1672 	1796
f 2973 	2847 	1672
f 1807 	2586 	1778
f 1731 	1730 	2588
f 1808 	1807 	1778
f 1823 	1810 	1654
f 1797 	1774 	1773
f 1793 	3141 	1792
f 1808 	1812 	1807
f 1779 	1807 	1812
f 1538 	1784 	1806
f 1805 	1813 	1793
f 1794 	1793 	1813
f 2342 	1748 	2588
f 1814 	1797 	1788
f 1798 	1801 	1794
f 1798 	1794 	1793
f 1784 	1782 	1806
f 1815 	1797 	1814
f 1773 	1788 	1797
f 1724 	2019 	1718
f 1794 	1162 	1793
f 1810 	1811 	1662
f 1813 	1818 	1794
f 1795 	1794 	1818
f 1816 	1808 	1778
f 1730 	1755 	1778
f 1816 	1778 	1755
f 1785 	1797 	1773
f 1801 	1795 	1794
f 1812 	1808 	1778
f 1810 	1662 	1654
f 1778 	1779 	1812
f 1749 	1753 	1817
f 1806 	1782 	1819
f 1771 	1581 	1821
f 1782 	1790 	1819
f 4699 	5517 	1808
f 1787 	1778 	1808
f 1795 	1162 	1794
f 1808 	1812 	1787
f 1779 	1787 	1812
f 1381 	1380 	1383
f 1827 	1693 	1540
f 1756 	1824 	1816
f 1756 	1816 	1755
f 1788 	1771 	1825
f 1821 	1825 	1771
f 2489 	1810 	1823
f 1817 	1884 	1898
f 1162 	1795 	1791
f 1755 	4707 	1816
f 1816 	1826 	1755
f 1757 	1755 	1826
f 1230 	1469 	1809
f 1162 	3141 	1793
f 1802 	1425 	1803
f 1540 	1806 	1827
f 1469 	1799 	1809
f 1806 	1852 	1827
f 1230 	1809 	1179
f 1848 	1846 	1830
f 1763 	1699 	1831
f 1831 	1764 	1763
f 1846 	1832 	1829
f 1829 	1830 	1846
f 1805 	1804 	3142
f 2548 	1764 	1831
f 1821 	1786 	1771
f 1818 	1813 	1166
f 3142 	1166 	1805
f 1772 	2066 	1771
f 1831 	1811 	2548
f 1813 	1805 	1166
f 1806 	1819 	1852
f 1811 	1831 	1699
f 1800 	2900 	1703
f 4543 	1166 	4549
f 2122 	1720 	1777
f 1699 	1662 	1811
f 1800 	2918 	1703
f 1705 	1703 	2918
f 2652 	1483 	2117
f 1835 	1839 	1834
f 1836 	1607 	1838
f 1829 	1833 	1830
f 1839 	1830 	1833
f 1833 	1834 	1839
f 1836 	1541 	1607
f 1674 	1658 	1840
f 1500 	1498 	1835
f 1820 	1786 	1821
f 1497 	1839 	1498
f 1780 	1837 	1783
f 1773 	2066 	1772
f 1797 	2066 	1773
f 1821 	1771 	2066
f 1028 	1674 	1840
f 1835 	1498 	1839
f 1711 	1783 	1837
f 1828 	1838 	1843
f 1486 	1541 	1836
f 1838 	1828 	1836
f 1847 	1844 	1911
f 1842 	1911 	1844
f 1486 	1836 	1828
f 1844 	6275 	1842
f 1425 	1028 	1840
f 1847 	1851 	6275
f 1732 	1737 	1733
f 1719 	1721 	1737
f 1843 	1841 	1849
f 1680 	1693 	1840
f 1737 	1732 	1743
f 1737 	1743 	1748
f 1847 	1911 	1851
f 1838 	1841 	1843
f 1733 	1737 	1721
f 1850 	9537 	1729
f 1850 	2579 	9537
f 1732 	1743 	1752
f 1732 	1752 	1733
f 1705 	9708 	1703
f 1742 	1854 	1850
f 1840 	1857 	1425
f 932 	1856 	1855
f 1853 	1827 	1852
f 1424 	1712 	1166
f 1746 	1166 	1739
f 4168 	1166 	1746
f 1840 	1827 	1857
f 1851 	2504 	6275
f 1861 	419 	1860
f 422 	1860 	419
f 454 	442 	391
f 1857 	1827 	1853
f 1864 	1875 	1863
f 1870 	1871 	1866
f 1867 	1868 	1869
f 1861 	1872 	1871
f 1872 	1866 	1871
f 1865 	1866 	1872
f 1736 	1854 	1742
f 1858 	1854 	1736
f 1858 	1711 	1837
f 1875 	1804 	1863
f 1822 	1863 	1804
f 1858 	1736 	1711
f 1776 	1845 	1214
f 1214 	843 	1776
f 1815 	1845 	1776
f 276 	3785 	227
f 1564 	1873 	1627
f 1776 	680 	1211
f 1466 	1799 	1469
f 3350 	1873 	1862
f 1774 	1815 	1775
f 1627 	1873 	3350
f 1874 	2057 	1902
f 1776 	1775 	1815
f 1797 	1815 	1774
f 1774 	1785 	1775
f 1797 	1785 	1774
f 1932 	1930 	276
f 2652 	2643 	1482
f 2609 	1466 	1499
f 1775 	680 	1776
f 680 	1775 	1785
f 1877 	1879 	2019
f 1856 	935 	907
f 1786 	1307 	1785
f 390 	2841 	1876
f 932 	935 	1856
f 1307 	1786 	1281
f 1942 	1281 	1919
f 1884 	1879 	1883
f 1885 	1879 	1884
f 2019 	1879 	1885
f 1879 	1881 	1883
f 1882 	1883 	1881
f 1887 	1888 	1890
f 3634 	284 	267
f 1480 	2117 	1483
f 1482 	1483 	2652
f 1774 	1775 	1891
f 851 	1891 	1775
f 1797 	1774 	1891
f 284 	3634 	3804
f 1878 	368 	1874
f 299 	1874 	368
f 1775 	1776 	851
f 1893 	1978 	1895
f 1892 	1893 	1895
f 94 	368 	151
f 1878 	151 	368
f 1895 	1897 	1892
f 1896 	1892 	1897
f 1709 	1710 	2126
f 1710 	1209 	2126
f 1209 	1208 	2126
f 1889 	1886 	1439
f 1898 	1888 	1887
f 1889 	1439 	1441
f 1896 	1897 	1899
f 1899 	3647 	1896
f 1768 	2126 	1761
f 1896 	2030 	1892
f 1963 	1903 	1461
f 1710 	819 	1709
f 1461 	1903 	1441
f 1892 	276 	1893
f 1768 	1709 	819
f 1209 	819 	1710
f 1903 	2183 	1889
f 1209 	1710 	1217
f 1709 	1217 	1710
f 1918 	8041 	1907
f 1892 	1896 	276
f 1903 	1889 	1441
f 913 	1475 	1906
f 1908 	1905 	1907
f 1221 	1761 	1762
f 1886 	710 	1439
f 1915 	1905 	1908
f 1910 	1904 	1911
f 1900 	1896 	3529
f 1749 	1817 	1909
f 1768 	1221 	1709
f 1217 	1709 	1221
f 885 	913 	1906
f 1768 	1761 	1221
f 1886 	2038 	710
f 1894 	2034 	1895
f 1897 	1895 	3919
f 2149 	1630 	2148
f 1910 	1905 	1904
f 5083 	1624 	2151
f 1909 	1817 	1898
f 1580 	1914 	1572
f 1913 	1914 	1580
f 2148 	1572 	1914
f 1905 	1915 	1904
f 1913 	1741 	1916
f 1894 	284 	1895
f 2033 	2018 	4924
f 1843 	1877 	1828
f 1899 	284 	3647
f 1897 	284 	1899
f 1895 	284 	1897
f 3804 	3647 	284
f 1907 	1905 	1910
f 155 	304 	192
f 1516 	1512 	1997
f 1926 	1878 	1874
f 1909 	1898 	1887
f 1919 	1920 	1581
f 1921 	1581 	1920
f 1821 	1581 	1921
f 9726 	192 	1860
f 1923 	1860 	2760
f 1907 	1910 	1918
f 9446 	1865 	1872
f 1104 	1115 	1915
f 1861 	1860 	1923
f 2760 	1860 	192
f 1843 	1879 	1877
f 1936 	1925 	1935
f 1919 	1786 	1920
f 1908 	1104 	1915
f 1922 	1927 	1923
f 1861 	1923 	1927
f 1872 	1861 	1927
f 1921 	1920 	1786
f 1881 	1879 	1849
f 1945 	1925 	1936
f 1924 	2042 	1919
f 1920 	1919 	2042
f 1849 	1879 	1843
f 1918 	1910 	1583
f 1929 	1887 	1890
f 151 	1926 	224
f 1928 	1931 	1933
f 1396 	8041 	1918
f 1938 	2006 	1950
f 1941 	1950 	1940
f 1937 	1938 	1950
f 1580 	1939 	1942
f 1919 	1580 	1942
f 1583 	1396 	1918
f 1924 	1919 	1942
f 1910 	1842 	1457
f 1946 	1943 	1941
f 1928 	1947 	1937
f 1911 	1842 	1910
f 1926 	1874 	1902
f 1928 	1933 	1947
f 1949 	1945 	1948
f 1945 	1936 	1948
f 1936 	1932 	1948
f 1935 	1932 	1936
f 1930 	1948 	1932
f 1930 	1967 	1948
f 1928 	1937 	1950
f 1952 	1950 	1951
f 1943 	1944 	1950
f 1951 	1950 	1944
f 1943 	1950 	1941
f 1926 	151 	1878
f 1953 	1855 	1856
f 1945 	1936 	276
f 1920 	2088 	1919
f 9439 	1950 	1955
f 1952 	1955 	1950
f 1942 	1939 	1924
f 1936 	1935 	276
f 1930 	1932 	1957
f 1957 	1935 	1936
f 1932 	1935 	1957
f 2593 	2598 	1970
f 1957 	1936 	1945
f 1625 	4924 	1960
f 1580 	1572 	1960
f 1580 	1960 	1961
f 2007 	1580 	1961
f 1566 	1764 	1565
f 1962 	1565 	1764
f 1956 	487 	519
f 1565 	1963 	1568
f 1963 	1565 	1962
f 382 	2445 	391
f 884 	917 	1965
f 1963 	1962 	1966
f 1964 	1906 	2055
f 1930 	1932 	1976
f 415 	1976 	1932
f 1902 	2049 	7310
f 1970 	1983 	2593
f 1967 	1978 	1948
f 917 	929 	1965
f 1971 	1965 	929
f 1930 	1967 	276
f 1978 	276 	1967
f 1969 	1972 	1975
f 1967 	1930 	3529
f 2010 	2009 	1968
f 2002 	1969 	1972
f 1968 	1958 	1970
f 1903 	1963 	1966
f 1976 	1894 	1930
f 1895 	1967 	1930
f 1894 	1895 	1930
f 1965 	847 	884
f 460 	1984 	1874
f 2031 	1948 	1978
f 1971 	1975 	1965
f 847 	1965 	1975
f 1979 	2010 	1977
f 1968 	1977 	2010
f 1965 	1971 	798
f 803 	799 	1971
f 1903 	1966 	2183
f 1893 	276 	1978
f 1968 	1977 	1958
f 1977 	1979 	1958
f 1980 	9452 	2011
f 1981 	9452 	1980
f 1965 	884 	1954
f 1957 	3529 	1930
f 1893 	1978 	3529
f 1983 	1982 	2593
f 2014 	2593 	1982
f 1971 	1969 	1975
f 1982 	1983 	2215
f 1958 	2215 	1983
f 2017 	2020 	1982
f 1970 	2009 	1983
f 460 	616 	1984
f 861 	1954 	884
f 1970 	1958 	1983
f 1992 	1989 	1975
f 2020 	1977 	1968
f 2020 	1968 	1970
f 2020 	1970 	1983
f 1983 	1982 	2020
f 1991 	1992 	1975
f 1979 	1977 	2020
f 1887 	1929 	1934
f 1965 	1954 	1971
f 1969 	1971 	1954
f 1986 	250 	1987
f 1486 	1828 	1877
f 539 	250 	1986
f 1877 	1724 	1486
f 519 	2711 	1956
f 847 	1975 	1989
f 1505 	1749 	1988
f 1989 	1992 	640
f 1992 	1991 	640
f 1994 	1992 	1991
f 1994 	1991 	1993
f 1988 	1909 	1934
f 1985 	2371 	1990
f 2330 	640 	1991
f 2371 	1587 	1990
f 873 	1989 	637
f 1934 	1909 	1887
f 1576 	1990 	1587
f 1995 	1996 	1992
f 1995 	1992 	1994
f 1992 	1996 	1991
f 1934 	1929 	1859
f 1997 	1512 	1917
f 1993 	1991 	1995
f 1996 	1995 	1991
f 1862 	1934 	1859
f 1998 	1999 	2000
f 1997 	1917 	2279
f 2001 	1984 	616
f 9138 	898 	1998
f 1999 	1998 	898
f 2001 	616 	610
f 1973 	1941 	1974
f 2279 	1917 	2281
f 1940 	1974 	1941
f 1973 	1981 	1974
f 1980 	1974 	1981
f 1997 	1985 	1990
f 2042 	1924 	1959
f 610 	2003 	2001
f 1990 	1516 	1997
f 1981 	1980 	9461
f 1961 	1960 	2005
f 1940 	1950 	2006
f 803 	1971 	2002
f 1939 	1580 	2007
f 1052 	2004 	626
f 2002 	1971 	1969
f 1939 	2007 	1924
f 1970 	1968 	2009
f 1678 	1939 	2007
f 1977 	2470 	1979
f 1979 	2470 	2011
f 2007 	1961 	1924
f 2011 	2010 	1979
f 2005 	1678 	1961
f 2007 	1961 	1678
f 610 	626 	2004
f 1972 	1969 	2012
f 1960 	2088 	1959
f 1862 	1988 	1934
f 1979 	2011 	9452
f 1998 	2012 	928
f 929 	1998 	928
f 2007 	1942 	1961
f 1939 	1942 	2007
f 1942 	1919 	1961
f 1960 	1961 	1919
f 1921 	2088 	1920
f 1960 	1919 	2088
f 1862 	1873 	1988
f 610 	2004 	2003
f 1882 	1888 	1883
f 1898 	1883 	1888
f 1983 	2015 	1982
f 2014 	1982 	2015
f 2012 	766 	928
f 1982 	2215 	2014
f 2017 	1982 	2014
f 1884 	1883 	1898
f 1959 	1960 	4924
f 2015 	1983 	2009
f 2011 	1979 	2020
f 2019 	1724 	1877
f 1994 	2000 	1995
f 2000 	2023 	1995
f 2022 	1995 	2023
f 1949 	1948 	2021
f 648 	647 	2024
f 2026 	2027 	2023
f 2023 	2027 	2022
f 2014 	2015 	2025
f 2025 	2009 	2010
f 2010 	2011 	2025
f 1940 	2006 	1974
f 2008 	1974 	2006
f 2025 	2011 	2006
f 1978 	1967 	1895
f 2018 	2042 	1959
f 2023 	2028 	2026
f 1974 	1980 	2008
f 2008 	2006 	2011
f 2005 	1960 	1959
f 2022 	2027 	2029
f 2088 	2018 	1959
f 1900 	2030 	1896
f 2030 	2031 	1892
f 1893 	1892 	2031
f 1978 	1893 	2031
f 2011 	2008 	1980
f 2028 	2032 	2026
f 2009 	2025 	2015
f 1978 	1967 	3529
f 2018 	1959 	4924
f 2016 	2013 	2014
f 2033 	2042 	2018
f 648 	2024 	1082
f 2015 	2017 	2014
f 2030 	3919 	2031
f 2033 	2005 	2018
f 2014 	9461 	2017
f 2016 	9461 	2014
f 1959 	2018 	2005
f 3556 	2031 	2030
f 2005 	2045 	2051
f 1900 	2036 	2030
f 3925 	2030 	2036
f 2036 	2039 	3556
f 2036 	3556 	2030
f 2158 	2486 	953
f 2031 	2118 	2030
f 2281 	1917 	1912
f 2021 	1948 	2034
f 2031 	2034 	1948
f 1986 	2424 	2037
f 1900 	2039 	2036
f 2011 	2020 	2010
f 2009 	2010 	2020
f 2017 	2015 	2020
f 2009 	2020 	2015
f 2036 	2039 	3925
f 2033 	2018 	2088
f 2002 	2060 	2035
f 1953 	1906 	1964
f 1972 	2060 	2002
f 2051 	2044 	2005
f 2020 	9461 	2011
f 2017 	9461 	2020
f 1980 	2011 	9461
f 2030 	2118 	2036
f 1948 	1949 	2031
f 1949 	2118 	2031
f 1874 	1984 	2057
f 1820 	1821 	1921
f 932 	1855 	2041
f 2042 	1825 	1821
f 415 	418 	2021
f 418 	417 	2021
f 2038 	3461 	1100
f 1821 	1921 	2042
f 1820 	1921 	1821
f 1921 	1920 	2042
f 933 	932 	2041
f 1820 	1921 	1786
f 2044 	2045 	2043
f 2033 	4924 	2045
f 1973 	1974 	2052
f 2008 	2052 	1974
f 1976 	415 	284
f 418 	284 	415
f 2045 	2042 	2033
f 1960 	1959 	1924
f 1961 	1960 	1924
f 2046 	2047 	2009
f 2010 	2009 	2047
f 2048 	2010 	2047
f 2005 	2033 	2045
f 2045 	2044 	2051
f 2011 	2052 	2008
f 2041 	2050 	933
f 2021 	2034 	415
f 415 	2034 	1976
f 1894 	1976 	2034
f 2053 	2042 	2051
f 2045 	2051 	2042
f 2010 	2053 	2011
f 2035 	953 	2002
f 1976 	287 	415
f 2011 	1980 	2052
f 2054 	2052 	1980
f 1981 	2054 	1980
f 287 	1976 	1894
f 2056 	2014 	2013
f 1988 	1749 	1909
f 2449 	454 	391
f 2449 	391 	2445
f 2099 	2101 	2059
f 2147 	2138 	2239
f 2056 	2301 	2014
f 2141 	2059 	2058
f 2014 	2056 	2016
f 2058 	2035 	2059
f 2063 	2056 	2014
f 2063 	2014 	2017
f 450 	454 	1024
f 2483 	2873 	2449
f 1902 	2057 	2049
f 2060 	2120 	2059
f 1972 	2120 	2060
f 2046 	2009 	2015
f 2046 	2015 	2061
f 2059 	2141 	2060
f 2017 	2020 	2063
f 2060 	2059 	2035
f 2045 	2088 	2051
f 2088 	2045 	2033
f 2062 	2095 	233
f 2064 	2065 	2063
f 2064 	2063 	2020
f 2064 	2020 	2011
f 2064 	2011 	2052
f 3600 	3296 	2095
f 234 	233 	2095
f 2449 	2873 	454
f 647 	2067 	2024
f 495 	423 	1925
f 1933 	1931 	1947
f 1969 	1954 	1972
f 2155 	2147 	2060
f 2059 	2060 	2058
f 1945 	2071 	1925
f 495 	1925 	2071
f 495 	2071 	2072
f 497 	495 	2073
f 2076 	2072 	2071
f 1984 	2001 	2070
f 1972 	2060 	2141
f 1975 	1972 	2141
f 1921 	1820 	2088
f 2066 	2088 	1821
f 1820 	1821 	2088
f 1891 	2078 	1797
f 2066 	1797 	2078
f 2001 	2003 	2070
f 2044 	2043 	2053
f 2079 	2068 	2077
f 2044 	2053 	2051
f 2074 	1993 	2141
f 1975 	2141 	1993
f 1991 	1975 	1993
f 1953 	2069 	1855
f 2043 	2005 	2044
f 2060 	1972 	1954
f 253 	1378 	2081
f 2082 	2083 	2084
f 2085 	2087 	2084
f 2086 	2087 	2085
f 2082 	2084 	2087
f 2051 	2088 	2089
f 2089 	2064 	2051
f 2044 	2051 	2064
f 2043 	2044 	2064
f 253 	1348 	1378
f 1946 	9412 	1943
f 2000 	1994 	2074
f 2075 	2082 	2074
f 2083 	2082 	2075
f 2000 	2074 	2082
f 2067 	647 	2090
f 1993 	2074 	1994
f 1916 	2126 	1913
f 1944 	1943 	9412
f 1855 	2069 	2240
f 2330 	1993 	2187
f 1943 	2093 	1944
f 2095 	2077 	2091
f 1433 	2091 	2077
f 264 	1433 	2077
f 264 	2077 	265
f 2071 	466 	2072
f 782 	2090 	647
f 2067 	2090 	2098
f 2074 	1995 	2029
f 2022 	2029 	1995
f 1944 	2093 	1951
f 1995 	2074 	1993
f 398 	466 	2071
f 276 	398 	2071
f 2091 	1435 	2095
f 3725 	2095 	1435
f 1946 	2093 	1943
f 2006 	1952 	2093
f 2086 	2085 	2094
f 2071 	1945 	1949
f 2096 	2076 	1949
f 2071 	1949 	2076
f 2028 	2086 	2085
f 1951 	1944 	9412
f 2155 	2147 	2239
f 2188 	2067 	2097
f 276 	2071 	1945
f 2080 	1330 	2100
f 1315 	2100 	1330
f 1952 	1951 	9412
f 2102 	2073 	2072
f 2102 	2072 	2103
f 2104 	2188 	2097
f 2094 	2101 	2099
f 1938 	1937 	2628
f 1937 	1947 	2628
f 1947 	1933 	2628
f 1931 	2628 	1933
f 2098 	2106 	2097
f 1951 	2093 	1952
f 2628 	1952 	1938
f 2240 	2041 	1855
f 2194 	2101 	2122
f 2102 	2103 	2107
f 2105 	2107 	2103
f 1912 	902 	2109
f 2274 	1912 	2109
f 2104 	2097 	2106
f 1144 	1094 	2111
f 2259 	2436 	2101
f 202 	2531 	215
f 2103 	2096 	2105
f 2072 	2076 	2103
f 2076 	2096 	2103
f 2112 	2105 	2096
f 2087 	2094 	2082
f 1147 	1148 	2115
f 1998 	2000 	2094
f 2082 	2094 	2000
f 215 	2105 	473
f 466 	473 	2105
f 2103 	466 	2105
f 2103 	2072 	466
f 2000 	2082 	2023
f 2028 	2023 	2082
f 2028 	2082 	2087
f 2071 	2103 	1945
f 1957 	1945 	2103
f 2072 	2103 	2071
f 2111 	2110 	2116
f 2094 	2087 	2086
f 2103 	2105 	1957
f 2086 	2028 	2087
f 2113 	7263 	2114
f 1955 	1952 	2628
f 2118 	2096 	1949
f 2118 	1949 	2021
f 928 	2012 	1969
f 2099 	2059 	2120
f 2120 	1972 	2012
f 2117 	2099 	2120
f 1949 	2112 	2096
f 1998 	2094 	2120
f 2117 	2120 	2094
f 2006 	1938 	1952
f 1949 	2096 	2118
f 2122 	2117 	2120
f 2025 	2006 	1938
f 2025 	1938 	1937
f 2120 	2012 	1998
f 2090 	782 	2124
f 928 	924 	2012
f 2120 	2012 	924
f 2122 	2120 	924
f 1914 	1913 	2126
f 1916 	1762 	2126
f 1762 	1761 	2126
f 1768 	1709 	2126
f 2098 	2124 	2106
f 2127 	2102 	2118
f 2073 	2102 	2127
f 2102 	2107 	2118
f 2125 	2118 	2107
f 2124 	2098 	2090
f 2111 	2110 	2115
f 3249 	2115 	2110
f 2069 	2128 	2092
f 2129 	795 	808
f 2124 	795 	2129
f 2117 	1247 	2120
f 929 	928 	764
f 2120 	766 	2012
f 2422 	218 	2107
f 2110 	3216 	2116
f 3216 	3215 	2116
f 2113 	2114 	2129
f 2124 	2129 	2114
f 2082 	2000 	1044
f 1999 	751 	2000
f 2114 	2106 	2124
f 2073 	2102 	465
f 472 	2107 	218
f 2102 	2107 	465
f 2099 	2117 	2094
f 776 	2119 	796
f 2122 	2099 	2117
f 2121 	2123 	2130
f 2109 	910 	2116
f 547 	538 	2131
f 2072 	2073 	495
f 2131 	538 	2073
f 2132 	2130 	2123
f 795 	2124 	782
f 2127 	8233 	2131
f 2127 	2131 	2073
f 2108 	504 	767
f 2073 	465 	2131
f 1953 	2128 	2069
f 2109 	902 	910
f 507 	2119 	776
f 1720 	2122 	924
f 2132 	821 	2130
f 815 	2130 	821
f 1761 	195 	1762
f 1916 	1762 	195
f 2109 	2116 	3208
f 815 	4330 	2130
f 2121 	2130 	4330
f 2099 	2101 	2555
f 2555 	2117 	2099
f 195 	1559 	1913
f 1913 	1916 	195
f 2135 	2190 	2191
f 2134 	555 	550
f 540 	2131 	465
f 910 	1057 	2116
f 2027 	2026 	2084
f 2027 	2084 	2083
f 1964 	2055 	2133
f 8233 	2127 	2136
f 2118 	2136 	2127
f 2101 	2239 	2059
f 2139 	2102 	2073
f 2139 	2073 	2131
f 1984 	2140 	2057
f 2107 	2102 	2139
f 2140 	2049 	2057
f 2058 	2138 	2141
f 1933 	2387 	1931
f 2138 	2035 	2058
f 2136 	2118 	8235
f 2021 	8235 	2118
f 1984 	2070 	2140
f 1944 	9444 	1943
f 1951 	9444 	1944
f 2143 	1946 	1943
f 2118 	2125 	2136
f 953 	2035 	2158
f 1933 	1947 	2387
f 1947 	1937 	2387
f 2140 	2190 	2135
f 1952 	9444 	1951
f 1955 	9444 	1952
f 2128 	1964 	2133
f 423 	495 	2021
f 555 	2134 	2142
f 2184 	2075 	2144
f 2128 	1953 	1964
f 2143 	1872 	1946
f 2058 	2059 	2239
f 2093 	1946 	1872
f 2143 	9444 	1872
f 1937 	1938 	2150
f 2006 	2150 	1938
f 2138 	2147 	2141
f 2147 	2035 	2138
f 2153 	2140 	2070
f 2138 	2060 	2147
f 2058 	2060 	2138
f 1914 	2126 	2149
f 2151 	2149 	2126
f 2148 	1914 	2149
f 2003 	2153 	2070
f 2093 	1872 	2006
f 1914 	1559 	2148
f 2150 	2006 	1927
f 1872 	1927 	2006
f 2138 	2058 	2239
f 2156 	3392 	2157
f 2003 	2179 	2153
f 2159 	2597 	2598
f 5078 	5092 	5029
f 2155 	2154 	2160
f 2144 	2141 	2160
f 2155 	2160 	2141
f 1928 	2461 	2159
f 2186 	2179 	2004
f 2158 	2155 	2154
f 2158 	2154 	2162
f 550 	2108 	2134
f 2149 	2148 	5029
f 2147 	2155 	2141
f 2149 	2164 	2148
f 2108 	550 	504
f 2067 	2188 	2189
f 2024 	2067 	2189
f 2155 	2158 	2147
f 2035 	2147 	2158
f 497 	538 	8235
f 8235 	2021 	497
f 2137 	3216 	2110
f 2137 	2110 	2111
f 2137 	2111 	1144
f 1144 	1057 	2137
f 2172 	2128 	2133
f 2165 	2166 	2167
f 570 	2146 	573
f 2112 	2169 	2125
f 2168 	2125 	2169
f 2170 	1886 	2171
f 2060 	1954 	2155
f 2145 	2146 	570
f 2098 	2097 	2067
f 1889 	2171 	1886
f 2173 	2174 	1957
f 2175 	3536 	2174
f 1957 	2174 	3536
f 3536 	2175 	2176
f 3536 	2176 	2177
f 2190 	2140 	2153
f 2092 	2128 	2172
f 573 	2119 	507
f 2151 	2164 	2149
f 2179 	2190 	2153
f 2146 	2119 	573
f 2180 	2144 	2160
f 2181 	2164 	2152
f 2151 	2152 	2164
f 2180 	2185 	2144
f 2184 	2144 	2185
f 2178 	2309 	1948
f 2075 	2074 	2141
f 2141 	2144 	2075
f 1914 	2148 	2164
f 1914 	2164 	1913
f 2183 	2672 	2171
f 2075 	2184 	2083
f 2083 	2184 	2185
f 2164 	1221 	1913
f 1916 	1913 	1221
f 1762 	1916 	1221
f 2003 	2004 	2179
f 2185 	2187 	2184
f 1991 	1993 	2330
f 2074 	2187 	1993
f 2075 	2187 	2074
f 2187 	2075 	2184
f 2184 	2029 	2185
f 2075 	2074 	2029
f 2184 	2075 	2029
f 2171 	1889 	2183
f 2179 	2191 	2190
f 2160 	2154 	2187
f 2163 	2187 	2154
f 2160 	2187 	2185
f 2180 	2160 	2185
f 2170 	2038 	1886
f 7349 	7342 	2179
f 2191 	2179 	7342
f 2162 	2154 	2163
f 2192 	2177 	2176
f 2176 	2175 	2192
f 2083 	2185 	2027
f 2029 	2027 	2185
f 7349 	2179 	2186
f 2133 	2217 	2172
f 2175 	2174 	2192
f 4360 	4411 	2092
f 4360 	2092 	2172
f 2461 	2462 	2159
f 2197 	2194 	2196
f 2174 	2198 	2175
f 2198 	2178 	2175
f 2176 	2175 	2178
f 2200 	2159 	2199
f 1928 	2159 	2200
f 2161 	2199 	2159
f 2196 	2194 	2201
f 2173 	2195 	2174
f 2200 	1931 	1928
f 2192 	2174 	2195
f 2598 	2593 	2159
f 2172 	2217 	4360
f 2164 	2181 	1221
f 2157 	2205 	2156
f 2594 	2205 	2157
f 2205 	2206 	3389
f 2204 	3389 	2206
f 2210 	2212 	2209
f 2211 	2212 	2210
f 2208 	2209 	2212
f 2201 	2541 	2196
f 2594 	2593 	2205
f 808 	821 	2129
f 2123 	2113 	2132
f 2113 	2129 	2132
f 2165 	2203 	2166
f 2195 	2166 	2203
f 2132 	2129 	821
f 2299 	2217 	2313
f 2154 	2218 	2163
f 2216 	2163 	2218
f 3408 	3410 	2591
f 2206 	2205 	2221
f 2219 	2221 	2205
f 2222 	2084 	2032
f 2026 	2032 	2084
f 2224 	2225 	2223
f 2213 	2214 	2225
f 2219 	2205 	2013
f 2205 	2593 	2013
f 2014 	2013 	2593
f 2222 	2232 	2218
f 2231 	2232 	2222
f 2232 	2233 	2218
f 2216 	2218 	2233
f 2215 	2235 	2016
f 2016 	2014 	2215
f 2194 	2197 	2236
f 2216 	2218 	2236
f 2194 	2236 	2218
f 2237 	2238 	2215
f 2215 	2238 	2235
f 2218 	2154 	2239
f 2085 	2084 	2222
f 2194 	2218 	2239
f 2243 	2241 	2242
f 2221 	2219 	2161
f 2219 	2013 	2161
f 2218 	2239 	2222
f 2094 	2085 	2239
f 2222 	2239 	2085
f 2161 	3394 	2206
f 2220 	2245 	2246
f 2220 	2246 	2247
f 2199 	2161 	2013
f 2013 	2014 	2199
f 2041 	2240 	2050
f 2220 	3721 	2245
f 2249 	2245 	3721
f 2222 	2032 	2085
f 2028 	2085 	2032
f 2258 	2050 	2240
f 2206 	2221 	2161
f 2154 	2155 	2239
f 2249 	2248 	2252
f 3651 	2251 	2248
f 2239 	2101 	2094
f 2177 	3544 	2250
f 2240 	2253 	2258
f 2238 	2204 	2206
f 2099 	2122 	2101
f 2239 	2101 	2194
f 2248 	3651 	2250
f 2177 	2248 	2250
f 2249 	2248 	2177
f 2249 	2177 	2192
f 2201 	2194 	1777
f 2025 	2199 	2014
f 2249 	2267 	2248
f 2134 	2108 	2182
f 2219 	2238 	2221
f 2177 	2250 	2267
f 2266 	2267 	2250
f 2238 	2237 	2204
f 794 	9245 	2108
f 1777 	1179 	2201
f 2251 	2255 	2252
f 1777 	2194 	2122
f 2013 	2016 	2235
f 2206 	2221 	2238
f 2235 	2238 	2219
f 2013 	2235 	2219
f 2245 	2257 	2246
f 2249 	2252 	2245
f 2252 	2257 	2245
f 2256 	2246 	2257
f 2134 	2182 	2142
f 2101 	2239 	2259
f 2239 	2218 	2259
f 2216 	2259 	2218
f 2669 	2183 	1966
f 2249 	2192 	2245
f 2246 	2245 	2192
f 2182 	2193 	2142
f 2085 	2263 	2222
f 2231 	2222 	2263
f 2264 	2261 	2262
f 2240 	2260 	2253
f 2207 	2202 	2145
f 2187 	2163 	2232
f 2145 	2202 	2146
f 2257 	2252 	2265
f 2262 	2265 	2252
f 2262 	2252 	2255
f 2262 	2255 	2261
f 2231 	2187 	2232
f 2240 	2069 	2260
f 2266 	2267 	2262
f 2266 	2262 	2261
f 2260 	2092 	4411
f 2245 	2246 	2268
f 2230 	883 	879
f 2232 	2263 	2259
f 2690 	2259 	2263
f 2263 	2232 	2231
f 2235 	9461 	2016
f 2260 	2069 	2092
f 2267 	2266 	2264
f 2269 	2270 	2231
f 2269 	2231 	2263
f 9461 	2238 	2237
f 2266 	2248 	2267
f 2245 	2268 	2249
f 2267 	2249 	2268
f 2202 	2119 	2146
f 2162 	2163 	2271
f 2267 	2175 	2176
f 2176 	2177 	2267
f 883 	2230 	2254
f 4411 	4394 	2260
f 2264 	2262 	2267
f 2267 	2268 	2262
f 2265 	2262 	2268
f 2265 	2268 	2246
f 2265 	2246 	2256
f 883 	2254 	886
f 2163 	2216 	2233
f 2233 	2232 	2163
f 1987 	886 	2254
f 250 	886 	1987
f 2192 	2446 	2246
f 2253 	4394 	4392
f 2236 	2273 	2216
f 2216 	2273 	2163
f 2197 	2273 	2236
f 2253 	2260 	4394
f 2271 	2163 	2273
f 2229 	2228 	2234
f 2229 	2307 	2228
f 2216 	2233 	2259
f 2233 	2232 	2259
f 2236 	2259 	2216
f 2133 	2055 	2283
f 714 	2280 	2272
f 2283 	2313 	2217
f 2133 	2283 	2217
f 2279 	1985 	1997
f 1985 	2279 	2701
f 2413 	2422 	2277
f 2277 	2286 	2413
f 2276 	2413 	2286
f 2286 	2401 	2276
f 2275 	2276 	2401
f 2261 	2288 	2262
f 2275 	2262 	2288
f 2284 	2300 	2282
f 2283 	2055 	2287
f 2275 	2288 	2289
f 2275 	2289 	2290
f 2280 	714 	2142
f 2284 	2278 	2282
f 2291 	2286 	2277
f 3495 	1594 	3546
f 215 	2293 	2277
f 2145 	721 	2292
f 539 	2284 	2282
f 2612 	2004 	2278
f 2370 	2283 	2287
f 2294 	2277 	2293
f 2286 	2277 	2294
f 2235 	2238 	9461
f 2284 	2353 	2297
f 2204 	2305 	2206
f 2221 	2206 	2305
f 2015 	2301 	2061
f 2217 	2299 	4360
f 2298 	2322 	2295
f 2457 	2479 	2234
f 2234 	2227 	2229
f 2219 	2221 	2305
f 1986 	2714 	2295
f 2296 	2295 	2300
f 2227 	2567 	2229
f 2013 	2219 	2056
f 2306 	2056 	2219
f 2305 	2306 	2219
f 2112 	2309 	2105
f 2277 	2105 	2309
f 2291 	2277 	2309
f 2291 	2309 	2310
f 2306 	2301 	2056
f 2015 	2014 	2301
f 215 	2277 	2105
f 2296 	2297 	1986
f 2056 	2306 	2235
f 2056 	2235 	2016
f 2303 	650 	7000
f 2306 	2056 	2063
f 2286 	2173 	2277
f 2105 	2277 	2173
f 2173 	1957 	2105
f 2300 	2285 	1056
f 2296 	2300 	2297
f 1056 	2380 	2300
f 2297 	2300 	2284
f 2284 	2297 	2278
f 2278 	2297 	2296
f 2318 	2298 	2714
f 2295 	2296 	1986
f 2297 	539 	1986
f 2297 	2284 	539
f 2306 	2305 	2301
f 2305 	2304 	2301
f 2313 	2333 	2299
f 714 	2272 	712
f 2237 	2238 	2304
f 2305 	2304 	2238
f 2238 	2235 	2305
f 2306 	2305 	2235
f 2312 	2567 	2314
f 2313 	2370 	2333
f 2316 	2317 	3284
f 2297 	2298 	2296
f 2295 	2296 	2298
f 2269 	2319 	2320
f 2269 	2320 	2321
f 2269 	2321 	2270
f 2142 	714 	555
f 2305 	2316 	2304
f 3284 	3290 	2316
f 2282 	2353 	2284
f 2385 	2158 	2162
f 2145 	570 	721
f 2316 	2305 	2306
f 2316 	2306 	2063
f 2322 	2324 	2300
f 2324 	2285 	2300
f 2343 	2414 	2328
f 2370 	2313 	2283
f 2065 	2316 	2063
f 2300 	2295 	2322
f 2318 	2328 	2298
f 2199 	2025 	2200
f 1947 	1931 	2025
f 1947 	2025 	1937
f 2200 	2025 	1931
f 2318 	2498 	2298
f 2298 	2295 	2714
f 2308 	2292 	721
f 2308 	721 	746
f 2414 	2416 	2285
f 2154 	1954 	2163
f 2154 	2155 	1954
f 2326 	2324 	2322
f 2722 	2274 	3610
f 2722 	2281 	2274
f 2318 	2298 	2297
f 2297 	2339 	2318
f 2281 	1912 	2274
f 2318 	2327 	2328
f 2326 	2322 	2328
f 2322 	2298 	2328
f 2334 	2318 	2327
f 2280 	2193 	2402
f 2332 	2628 	2199
f 2200 	2199 	2628
f 1744 	1743 	2335
f 2474 	1956 	2711
f 2326 	2328 	2324
f 2331 	2335 	2329
f 2335 	2336 	2329
f 3517 	2329 	2336
f 2327 	2318 	2339
f 2327 	2339 	2340
f 1931 	2200 	2628
f 3517 	2536 	3419
f 2341 	2339 	2297
f 2342 	8147 	2335
f 2345 	1962 	2344
f 2344 	1962 	1764
f 2335 	2331 	2342
f 2327 	2340 	2343
f 2327 	2343 	2328
f 2336 	2335 	2342
f 2346 	2369 	2330
f 2231 	2346 	2330
f 2231 	2330 	2187
f 2334 	2327 	2340
f 2142 	2193 	2280
f 2347 	2210 	2348
f 2233 	2420 	2232
f 2145 	2292 	2207
f 2349 	2350 	2351
f 2315 	2338 	2352
f 2344 	1764 	2548
f 2337 	2207 	2292
f 2231 	2232 	2346
f 2349 	2351 	2354
f 2349 	2354 	2355
f 2341 	2297 	2353
f 2321 	2346 	2231
f 2321 	2231 	2270
f 2344 	2548 	2418
f 2292 	2308 	2415
f 2324 	2328 	2414
f 2415 	2337 	2292
f 2348 	2356 	2357
f 2348 	2357 	2349
f 2348 	2349 	2347
f 2359 	2396 	2315
f 2359 	2315 	2352
f 2361 	2367 	2368
f 2368 	2348 	2347
f 2357 	2350 	2349
f 2362 	2400 	2360
f 2363 	2365 	1084
f 1052 	1084 	2365
f 2311 	2360 	2400
f 2365 	2363 	1056
f 2375 	2711 	2369
f 2711 	2330 	2369
f 2004 	2365 	2363
f 2004 	2363 	2278
f 2354 	2356 	2348
f 2354 	2348 	2210
f 2354 	2210 	2209
f 2370 	2362 	2360
f 1084 	2395 	2363
f 2354 	2209 	2355
f 2371 	1985 	2366
f 2363 	2372 	1056
f 2321 	2320 	2369
f 2321 	2369 	2346
f 2373 	2355 	2354
f 2278 	2363 	2372
f 2372 	2380 	2278
f 2355 	2376 	2354
f 539 	2380 	2365
f 1052 	2365 	1056
f 2348 	2378 	7417
f 2479 	7417 	2378
f 2368 	2367 	2348
f 2378 	2348 	2367
f 2319 	2375 	2369
f 2319 	2369 	2320
f 1052 	2365 	2004
f 2231 	2346 	2263
f 2346 	2369 	2263
f 2375 	2263 	2369
f 2350 	2384 	2351
f 9622 	2373 	2384
f 2395 	2396 	2380
f 2357 	2383 	2350
f 2357 	2356 	2383
f 2361 	2383 	2367
f 2384 	2350 	2383
f 1056 	2285 	2382
f 1064 	1056 	2382
f 2162 	2271 	2385
f 2351 	2384 	2354
f 2354 	2384 	2373
f 2282 	2300 	2380
f 2372 	2380 	1056
f 2377 	2360 	2311
f 2386 	2199 	2200
f 2380 	2282 	2278
f 4528 	2377 	2311
f 2367 	2383 	2356
f 1931 	2387 	2200
f 2386 	2200 	2387
f 1937 	2150 	2387
f 2271 	2273 	2385
f 2273 	2388 	2385
f 2388 	2411 	2385
f 2363 	2365 	2372
f 2365 	1052 	539
f 2372 	2365 	2380
f 2387 	1927 	2386
f 2386 	1927 	2199
f 2211 	2356 	2212
f 2378 	2356 	2211
f 2389 	2212 	2356
f 2376 	3422 	2354
f 2389 	2356 	2390
f 2332 	2199 	1927
f 2360 	2333 	2370
f 2377 	2333 	2360
f 2356 	2354 	2390
f 2380 	539 	2282
f 2376 	2373 	2354
f 4528 	2333 	2377
f 2392 	2393 	2567
f 2393 	2394 	2567
f 1927 	3265 	2332
f 2150 	1927 	2387
f 1082 	2495 	2315
f 2364 	2195 	2294
f 2167 	2166 	2364
f 2380 	2372 	2395
f 2372 	2363 	2395
f 2385 	2488 	2158
f 2282 	2380 	2396
f 2286 	2294 	2173
f 2166 	2195 	2364
f 2173 	2294 	2195
f 2198 	2291 	2178
f 2310 	2178 	2291
f 2398 	2388 	2197
f 2273 	2197 	2388
f 2262 	2275 	2267
f 2267 	2275 	2401
f 1095 	1064 	2399
f 2382 	2399 	1064
f 2401 	2286 	2291
f 2196 	2398 	2197
f 1901 	9507 	2767
f 2395 	1084 	2399
f 1095 	2399 	1084
f 2174 	2401 	2198
f 2291 	2198 	2401
f 2396 	2395 	2399
f 2267 	2401 	2175
f 2174 	2175 	2401
f 2358 	2381 	2402
f 2395 	1082 	2396
f 2315 	2396 	1082
f 1082 	2395 	1084
f 2309 	2405 	2310
f 2282 	2396 	2353
f 2406 	2353 	2396
f 2112 	1949 	1948
f 2309 	2112 	1948
f 2309 	2178 	2310
f 2404 	2397 	2325
f 2309 	2310 	2407
f 2399 	2575 	2406
f 2408 	2276 	2275
f 2290 	2408 	2275
f 2359 	2406 	2396
f 2243 	2276 	2275
f 2735 	2385 	2427
f 2411 	2427 	2385
f 2243 	2275 	2241
f 2412 	2241 	2275
f 2290 	2412 	2275
f 2396 	2406 	2395
f 2105 	2277 	2422
f 1832 	2410 	1829
f 2024 	2495 	1082
f 2413 	2276 	2408
f 2410 	1832 	1846
f 2243 	2244 	2276
f 2388 	2398 	2411
f 2285 	2324 	2414
f 2422 	2413 	2244
f 1485 	2428 	1906
f 2139 	2275 	2276
f 2413 	2139 	2276
f 2382 	2285 	2416
f 2366 	2379 	2371
f 1780 	1587 	2379
f 2371 	2379 	1587
f 1485 	1906 	1475
f 2275 	2139 	2290
f 2382 	2518 	2399
f 2408 	3696 	2405
f 2421 	2403 	2405
f 2216 	2163 	2420
f 1954 	2481 	2163
f 2418 	2345 	2344
f 2107 	2105 	2422
f 1834 	1833 	2423
f 2309 	2112 	2125
f 2309 	2125 	2405
f 2169 	2112 	2309
f 2407 	2169 	2309
f 2398 	2425 	2411
f 2216 	2420 	2233
f 2346 	2232 	2420
f 2107 	2422 	2125
f 2422 	2408 	2125
f 2405 	2125 	2408
f 2431 	2428 	1500
f 2425 	2236 	2420
f 2216 	2420 	2236
f 1829 	2410 	1833
f 2402 	2381 	2409
f 2037 	2480 	2601
f 2411 	2425 	2427
f 1906 	2428 	2055
f 2125 	2168 	2405
f 2421 	2405 	2168
f 2426 	2421 	2168
f 1485 	1500 	2428
f 2422 	2413 	2408
f 2429 	2420 	2481
f 2433 	2429 	2481
f 2420 	2163 	2481
f 2055 	2428 	2485
f 2413 	2276 	2244
f 2303 	2481 	509
f 1954 	509 	2481
f 2337 	2391 	2374
f 1987 	2254 	2424
f 2139 	2413 	2422
f 2139 	2422 	2107
f 2415 	2391 	2337
f 2417 	2427 	2398
f 2425 	2398 	2427
f 2423 	1835 	1834
f 2420 	2429 	2346
f 2369 	2346 	2429
f 2139 	26 	2290
f 1986 	1987 	2424
f 1962 	2345 	1966
f 2427 	2425 	2429
f 2420 	2429 	2425
f 2294 	2293 	2364
f 2431 	2430 	2428
f 2427 	2432 	2735
f 2004 	2612 	2186
f 2364 	2203 	2167
f 2165 	2167 	2203
f 2741 	2432 	2417
f 2427 	2417 	2432
f 2429 	2433 	2375
f 2754 	2375 	2433
f 2247 	2256 	2220
f 2434 	2243 	3721
f 2242 	3721 	2243
f 2440 	2441 	2428
f 2750 	2432 	2433
f 2433 	2432 	2429
f 2409 	2280 	2402
f 2431 	1835 	2430
f 1500 	1835 	2431
f 2423 	2430 	1835
f 2434 	2244 	2243
f 2272 	2280 	2409
f 2327 	2318 	2714
f 2244 	2243 	2439
f 2243 	2242 	2439
f 2438 	2439 	2242
f 2259 	2690 	2436
f 1839 	2437 	1830
f 2257 	2220 	2256
f 2434 	2220 	2257
f 2430 	2423 	2440
f 2259 	2427 	2436
f 2236 	2425 	2259
f 2425 	2427 	2259
f 2432 	2436 	2427
f 2256 	2257 	2265
f 1833 	2771 	2423
f 2440 	2423 	2771
f 2062 	2064 	2443
f 2430 	2440 	2428
f 2436 	2433 	2429
f 2420 	2259 	2429
f 2216 	2259 	2420
f 2436 	2429 	2259
f 2393 	2392 	2451
f 2393 	2453 	2394
f 1966 	2345 	2669
f 2448 	2445 	2447
f 2446 	2447 	2445
f 2445 	2448 	2449
f 2455 	2437 	1497
f 2226 	2444 	2230
f 2366 	1985 	2701
f 2451 	2392 	2454
f 2424 	2254 	2444
f 2451 	2454 	2393
f 2453 	2393 	2454
f 2230 	2444 	2254
f 1839 	1497 	2437
f 2456 	2819 	2455
f 1496 	2459 	1497
f 2272 	2649 	2450
f 2455 	1497 	2459
f 2460 	2450 	2649
f 2456 	2455 	2459
f 2488 	2385 	2452
f 2354 	2373 	1063
f 2354 	1063 	2464
f 2461 	1928 	2465
f 2471 	2468 	2466
f 2606 	2466 	2463
f 7006 	2481 	2303
f 9544 	2469 	1950
f 2470 	1950 	2469
f 2470 	2465 	1950
f 1928 	1950 	2465
f 2463 	2466 	2468
f 2453 	2454 	2394
f 2367 	2457 	2454
f 2356 	2467 	2367
f 2467 	2457 	2367
f 2457 	1063 	2454
f 2464 	1063 	2457
f 7006 	2303 	7000
f 2366 	2458 	2379
f 8189 	2227 	2475
f 2476 	2473 	2472
f 2476 	2472 	2477
f 2701 	2458 	2366
f 1968 	1970 	2461
f 2465 	1977 	2461
f 1977 	1968 	2461
f 1977 	2465 	2470
f 2211 	8844 	2479
f 2378 	2211 	2479
f 2461 	2532 	2462
f 2460 	1061 	2450
f 1956 	2474 	7004
f 2356 	2378 	2467
f 2479 	2467 	2378
f 2367 	2479 	2378
f 2444 	2480 	2424
f 2450 	1061 	1058
f 2866 	2445 	297
f 2480 	2037 	2424
f 7089 	2891 	2481
f 2485 	2428 	2441
f 2485 	2287 	2055
f 2446 	2483 	2447
f 712 	2272 	2450
f 2465 	9517 	2461
f 2598 	2597 	2532
f 2470 	9517 	2465
f 2779 	2673 	2437
f 2450 	1058 	712
f 2195 	2203 	2192
f 2447 	2483 	2448
f 2465 	2461 	2419
f 2447 	2192 	2448
f 2446 	2192 	2447
f 2340 	2339 	2343
f 2343 	2339 	2341
f 2353 	2414 	2341
f 2448 	2483 	2449
f 2441 	2771 	2484
f 2448 	2192 	2203
f 2449 	2448 	2203
f 9544 	9401 	2469
f 939 	953 	2486
f 2441 	2484 	2485
f 2340 	2339 	2334
f 2338 	2334 	2339
f 2341 	2352 	2339
f 2338 	2339 	2352
f 939 	2486 	945
f 2437 	2455 	2819
f 2343 	2341 	2414
f 2353 	2416 	2414
f 2990 	2488 	2493
f 2819 	2779 	2437
f 2353 	2359 	2341
f 2352 	2341 	2359
f 1915 	945 	2486
f 1811 	1810 	2482
f 1915 	2486 	1904
f 2490 	2595 	2492
f 2296 	2295 	2278
f 2492 	2491 	2494
f 2482 	1810 	2489
f 2466 	2496 	2471
f 1069 	1118 	2478
f 2452 	2493 	2488
f 2497 	2492 	2491
f 2318 	2334 	2498
f 2419 	2461 	2462
f 2486 	2158 	2488
f 1069 	2487 	1081
f 2501 	2538 	2500
f 2554 	2502 	2503
f 2227 	8191 	2475
f 2419 	9533 	2465
f 2631 	2496 	2606
f 2466 	2606 	2496
f 1069 	2478 	2487
f 2375 	2319 	2269
f 2375 	2269 	2263
f 2465 	9533 	2470
f 2247 	2503 	2614
f 2614 	2503 	2502
f 2457 	2467 	2479
f 2475 	2234 	2479
f 2227 	2234 	2475
f 2502 	2483 	2446
f 2502 	2446 	2503
f 3107 	2463 	2468
f 1851 	2988 	2504
f 2454 	2392 	2475
f 2392 	2567 	2475
f 2227 	2475 	2567
f 2489 	2505 	2703
f 2471 	2496 	3134
f 2487 	2308 	746
f 2367 	2454 	2479
f 2475 	2479 	2454
f 2247 	2246 	2446
f 2503 	2247 	2446
f 2487 	746 	1081
f 2505 	2489 	1823
f 2447 	2448 	2503
f 9622 	2384 	2506
f 2040 	2951 	2442
f 2334 	2338 	2498
f 2499 	2498 	2338
f 2494 	2614 	2501
f 2442 	2950 	2443
f 2501 	2483 	2502
f 1958 	2435 	2215
f 2338 	2495 	2499
f 2315 	2495 	2338
f 2503 	2514 	2502
f 2476 	2507 	2473
f 2446 	2447 	2503
f 2514 	2503 	2448
f 2494 	2501 	2500
f 2500 	2483 	2501
f 2514 	215 	2501
f 2501 	2502 	2514
f 2510 	2515 	2339
f 2448 	2449 	2514
f 2628 	9529 	9437
f 2353 	2341 	2515
f 2341 	2339 	2515
f 2515 	2511 	2572
f 2201 	1809 	2541
f 2492 	218 	2491
f 2244 	2600 	2422
f 2353 	2515 	2416
f 2516 	2518 	2515
f 2517 	2518 	2516
f 2416 	2515 	2518
f 2201 	1179 	1809
f 2353 	2515 	2519
f 2353 	2519 	2359
f 2521 	2517 	2516
f 2512 	3417 	1846
f 2492 	2494 	2490
f 2888 	2490 	2494
f 2725 	2478 	2522
f 2524 	2527 	2523
f 2449 	2203 	2364
f 2293 	2514 	2364
f 2449 	2364 	2514
f 2528 	2527 	2526
f 2525 	2523 	2527
f 2537 	1809 	1799
f 2492 	2497 	2490
f 2524 	2526 	2527
f 1466 	2609 	2607
f 2529 	2515 	2353
f 2529 	2353 	2406
f 1118 	2762 	2522
f 2382 	2416 	2518
f 2531 	2530 	2494
f 2767 	9507 	3780
f 2575 	2399 	2518
f 2517 	2575 	2518
f 1830 	2673 	1848
f 2500 	2531 	2494
f 2533 	2406 	2575
f 2460 	2513 	1117
f 2525 	2535 	2523
f 2534 	2523 	2535
f 2873 	2483 	2500
f 2873 	2500 	2531
f 1061 	2460 	1117
f 2633 	2632 	2086
f 2500 	215 	2531
f 2501 	215 	2500
f 2535 	2525 	2536
f 2394 	2454 	1063
f 2293 	215 	2514
f 2522 	2478 	1118
f 1733 	3513 	2509
f 1733 	1752 	3513
f 2508 	2509 	3513
f 2323 	2389 	2390
f 2492 	2490 	218
f 3513 	3417 	2508
f 2482 	2548 	1811
f 2390 	2354 	3422
f 2530 	2531 	2543
f 2543 	2531 	2539
f 2234 	3049 	2457
f 2535 	3517 	2534
f 2536 	3517 	2535
f 2950 	2954 	2443
f 2540 	2539 	2538
f 2525 	2527 	2536
f 2527 	3419 	2536
f 2571 	2445 	2538
f 2445 	2539 	2538
f 2062 	2443 	2954
f 2540 	2543 	2539
f 2534 	2545 	2546
f 2534 	2546 	2547
f 2396 	2399 	2406
f 2529 	2406 	2533
f 2526 	2524 	2512
f 2523 	2509 	2524
f 2508 	2524 	2509
f 2508 	2512 	2524
f 2528 	2526 	2512
f 1846 	2528 	2512
f 2541 	2537 	2744
f 2549 	2543 	2540
f 1846 	1848 	2528
f 2537 	2541 	1809
f 2543 	2866 	2549
f 2524 	2550 	2526
f 2329 	4166 	2582
f 2548 	2482 	2418
f 2539 	2543 	3098
f 2549 	3098 	2543
f 2538 	2539 	3098
f 2225 	2361 	2213
f 2368 	2213 	2361
f 1673 	2307 	1675
f 2384 	2383 	2368
f 1752 	1713 	2307
f 2312 	1752 	2307
f 1675 	2307 	1713
f 2555 	2101 	2436
f 2554 	2571 	2502
f 2542 	1068 	2553
f 2542 	2553 	2552
f 2509 	2523 	1733
f 2523 	2534 	1733
f 1732 	1733 	2534
f 1743 	1732 	2534
f 1743 	2534 	2336
f 2557 	2558 	2554
f 2383 	2361 	2368
f 2506 	2384 	2368
f 2312 	2314 	1752
f 2314 	3513 	1752
f 2359 	2519 	2529
f 2359 	2529 	2406
f 2561 	2562 	2560
f 2445 	2557 	2554
f 2335 	2336 	1748
f 2336 	2534 	1748
f 1737 	1748 	2534
f 1737 	2534 	2547
f 2395 	2406 	2529
f 2445 	2558 	2557
f 2361 	2553 	2383
f 2383 	2553 	1068
f 2566 	2565 	2568
f 2307 	2229 	2567
f 1837 	2556 	1858
f 2307 	2567 	2312
f 2379 	2556 	1780
f 2569 	2799 	2560
f 2565 	2558 	3721
f 2565 	3721 	2568
f 2533 	2516 	2529
f 2515 	2529 	2516
f 3517 	2336 	2534
f 2556 	1837 	1780
f 2569 	2562 	2561
f 2538 	2501 	2571
f 2519 	2515 	2529
f 2458 	2556 	2379
f 2571 	2554 	2558
f 2572 	2573 	2521
f 2572 	2521 	2516
f 2572 	2516 	2533
f 2558 	2540 	2571
f 2565 	2540 	2558
f 2556 	2458 	2645
f 2562 	2561 	2563
f 2534 	2336 	2545
f 2342 	2545 	2336
f 1858 	2556 	2645
f 2529 	2515 	2572
f 2510 	2511 	2515
f 2545 	2574 	2546
f 2558 	2445 	2571
f 2551 	2655 	2649
f 3098 	2571 	2538
f 2574 	1737 	2546
f 2547 	2546 	1737
f 2576 	2572 	2575
f 2572 	2533 	2575
f 2526 	2577 	2524
f 2569 	2561 	2799
f 2578 	2799 	2561
f 2577 	2550 	2524
f 2566 	2580 	2565
f 2550 	2577 	2526
f 2538 	2571 	2540
f 2582 	2542 	2552
f 2561 	2504 	2578
f 2649 	2544 	2551
f 2594 	2593 	2532
f 2546 	5517 	1509
f 2581 	2578 	2988
f 2381 	2419 	2544
f 2540 	2565 	2584
f 2580 	2584 	2565
f 2583 	2551 	2544
f 1808 	4695 	1807
f 2578 	2561 	2581
f 2562 	2581 	2561
f 267 	9537 	2579
f 2586 	2637 	1778
f 2578 	2563 	2561
f 2581 	2563 	2578
f 2558 	2571 	3098
f 3721 	2558 	3098
f 2544 	2419 	2583
f 2331 	2329 	2582
f 2542 	2582 	4166
f 2243 	2566 	2568
f 2591 	2435 	2585
f 2587 	2588 	2589
f 2572 	2905 	2395
f 2576 	2905 	2572
f 2572 	2395 	2529
f 2243 	2568 	2570
f 2243 	2570 	2242
f 2590 	2361 	2588
f 2368 	2361 	2590
f 2589 	2588 	2361
f 2435 	9540 	2585
f 2566 	2243 	2580
f 2584 	2580 	2243
f 2361 	2225 	2589
f 2587 	2589 	2225
f 2587 	2225 	2224
f 2224 	8229 	2587
f 2587 	8229 	2342
f 2510 	2499 	2511
f 2580 	2566 	3921
f 2566 	2570 	3921
f 3727 	3921 	2570
f 2570 	2566 	2568
f 2383 	2589 	2361
f 2592 	2511 	2499
f 2499 	2510 	2498
f 2594 	2157 	2593
f 3392 	2593 	2157
f 1807 	1781 	2586
f 1779 	1781 	1807
f 2540 	2584 	2595
f 1731 	2588 	1748
f 2597 	2159 	2462
f 2595 	2490 	2596
f 2595 	2584 	2492
f 2491 	2492 	2584
f 3392 	3394 	2593
f 2599 	2491 	2584
f 2244 	2600 	2243
f 2599 	2584 	2600
f 2545 	2586 	1781
f 2574 	2545 	1781
f 1781 	1778 	2574
f 2561 	2563 	2504
f 2585 	9540 	2391
f 2243 	2600 	2584
f 3389 	3887 	2156
f 2595 	2584 	2596
f 3165 	2596 	2584
f 2988 	2578 	2504
f 1781 	1779 	5517
f 1779 	1812 	5517
f 2714 	1986 	2037
f 1850 	1854 	2639
f 1509 	1787 	2574
f 1509 	2574 	2546
f 2597 	1970 	2598
f 2462 	1970 	2597
f 2603 	2604 	2596
f 2595 	2596 	2604
f 2461 	1970 	2462
f 2463 	2602 	2606
f 2553 	2589 	2587
f 2582 	2552 	2587
f 2553 	2587 	2552
f 2570 	2568 	2566
f 2570 	2566 	2605
f 2570 	2605 	2608
f 2462 	2532 	2597
f 2361 	2589 	2553
f 2605 	2566 	2580
f 2605 	2580 	2610
f 2598 	2532 	2593
f 2610 	2580 	2584
f 2610 	2584 	2595
f 2610 	2595 	2604
f 2157 	3887 	2594
f 2593 	2594 	2583
f 2599 	2614 	2491
f 2613 	2615 	2602
f 2597 	2598 	2419
f 2583 	2419 	2598
f 2611 	2677 	2613
f 1466 	2607 	1799
f 2494 	2491 	2614
f 2597 	2419 	2462
f 2606 	2602 	2615
f 2614 	2599 	2600
f 2598 	2593 	2583
f 2472 	2473 	2617
f 2616 	2617 	2473
f 2607 	2537 	1799
f 2599 	2621 	2491
f 2497 	2491 	2621
f 2623 	2622 	2620
f 2600 	2621 	2599
f 2619 	2620 	2622
f 2501 	2502 	2571
f 2215 	2435 	2591
f 2616 	2622 	2623
f 2616 	2623 	2617
f 2554 	2503 	2445
f 2625 	2626 	2624
f 2624 	2626 	2627
f 2627 	2634 	2624
f 2502 	2501 	2614
f 2860 	2861 	2463
f 2599 	218 	2600
f 2491 	218 	2599
f 2615 	2647 	2606
f 2626 	2632 	2627
f 2630 	2627 	2632
f 2630 	2632 	2633
f 2618 	2415 	2308
f 2626 	2607 	2627
f 2618 	2308 	2487
f 2630 	2634 	2627
f 2635 	9529 	2628
f 2627 	2607 	2634
f 2634 	2117 	2627
f 2639 	2579 	1850
f 1807 	4697 	2586
f 2633 	2638 	2630
f 2638 	2640 	2630
f 2652 	2643 	2634
f 2642 	2624 	2643
f 3590 	2628 	2332
f 2662 	2585 	2618
f 287 	1895 	1897
f 2938 	2661 	2630
f 2588 	1778 	2637
f 2645 	1854 	1858
f 2564 	2585 	2662
f 2643 	2609 	2642
f 2631 	2606 	2647
f 2585 	2415 	2618
f 2545 	2637 	2586
f 4012 	3979 	2613
f 2585 	2391 	2415
f 2639 	1854 	2645
f 2559 	2086 	2632
f 2648 	2641 	2636
f 2632 	2626 	2650
f 2625 	2650 	2626
f 2626 	2625 	2607
f 2651 	2632 	2650
f 2615 	2677 	2647
f 2624 	2634 	2643
f 2648 	2727 	2641
f 2652 	2634 	2630
f 2645 	2720 	2639
f 2634 	2607 	2652
f 2609 	2652 	2607
f 2342 	2588 	2587
f 2335 	1748 	2342
f 2587 	2342 	2582
f 2331 	2582 	2342
f 2652 	2117 	2634
f 2626 	2627 	2117
f 2117 	2555 	2626
f 2625 	2626 	2555
f 2589 	2383 	2587
f 2384 	2587 	2383
f 2384 	2545 	2587
f 2342 	2587 	2545
f 2661 	2642 	2609
f 2652 	2609 	2643
f 2643 	2652 	2630
f 2656 	1927 	2654
f 2649 	2655 	2460
f 1922 	2654 	1927
f 2616 	2473 	2657
f 2659 	2619 	2622
f 2651 	2653 	2632
f 2653 	2559 	2632
f 2263 	2085 	2559
f 2085 	2086 	2559
f 5740 	1606 	2660
f 2295 	2498 	2629
f 2616 	2657 	2622
f 2661 	2783 	2642
f 2340 	2327 	2714
f 301 	409 	2660
f 2381 	2649 	2409
f 2641 	2499 	2636
f 2244 	2434 	2600
f 2614 	2600 	2434
f 2381 	2544 	2649
f 2495 	2636 	2499
f 2642 	2630 	2661
f 2244 	2439 	2621
f 2244 	2621 	2600
f 2668 	2782 	2661
f 2446 	2445 	2503
f 2666 	2170 	2171
f 2614 	2434 	2257
f 2614 	2257 	2256
f 2668 	2661 	2938
f 2272 	2409 	2649
f 2295 	2298 	2498
f 2498 	2510 	2629
f 2964 	2668 	2609
f 2661 	2609 	2668
f 2418 	2669 	2345
f 2665 	2664 	2749
f 2667 	2749 	2664
f 2256 	2247 	2614
f 2629 	2278 	2295
f 2629 	2612 	2278
f 2183 	2669 	2672
f 2618 	2487 	2478
f 2670 	2664 	2665
f 2665 	2663 	2670
f 2671 	2418 	2482
f 2662 	2618 	2478
f 2793 	2629 	2510
f 2664 	2670 	2667
f 2563 	6275 	2504
f 2418 	2671 	2669
f 1923 	2760 	1922
f 2669 	2671 	2672
f 218 	2422 	2600
f 2384 	2506 	9642
f 9643 	2545 	9642
f 2384 	9642 	2545
f 2677 	2611 	2676
f 2615 	2613 	2677
f 2611 	2675 	2676
f 1499 	6281 	2609
f 2681 	2679 	2675
f 2676 	2675 	2679
f 1922 	2680 	2654
f 2682 	2604 	2497
f 2605 	2610 	2621
f 2678 	2497 	2604
f 2603 	2678 	2604
f 2620 	2619 	2684
f 2683 	2684 	2619
f 2687 	2686 	2683
f 2684 	2683 	2686
f 6150 	1695 	2920
f 2668 	2920 	1695
f 6294 	6150 	2920
f 2661 	2668 	1695
f 2948 	2971 	6294
f 2439 	2438 	2608
f 2439 	2608 	2605
f 2439 	2605 	2621
f 2707 	2685 	2663
f 2663 	2665 	2707
f 2497 	2621 	2610
f 2682 	2497 	2610
f 6109 	5552 	2674
f 2665 	2749 	2663
f 2663 	2749 	2685
f 2688 	2604 	2682
f 2638 	2633 	1429
f 1428 	1429 	2633
f 2663 	2685 	2670
f 2690 	2263 	2559
f 2689 	2690 	2559
f 2610 	2688 	2682
f 2688 	2610 	2604
f 2685 	2869 	2670
f 2651 	2650 	2638
f 2640 	2638 	2650
f 2625 	2624 	2650
f 2640 	2650 	2624
f 2603 	2691 	2678
f 2555 	2689 	2625
f 2650 	2625 	2689
f 2653 	2650 	2689
f 2653 	2689 	2559
f 2692 	1180 	2693
f 1068 	2506 	2384
f 2650 	2653 	2651
f 2692 	577 	1180
f 2697 	2559 	2653
f 2171 	2672 	2666
f 2394 	4125 	2567
f 2314 	2567 	4125
f 2651 	2699 	2653
f 2697 	2653 	2699
f 2699 	2700 	2697
f 2665 	2663 	2694
f 2856 	2666 	2703
f 2664 	2665 	2694
f 2694 	2667 	2664
f 2189 	2636 	2024
f 2495 	2024 	2636
f 2672 	2671 	2703
f 2710 	2706 	2708
f 2672 	2703 	2666
f 2754 	2751 	2705
f 2706 	2705 	2708
f 2665 	2664 	2707
f 3038 	3030 	2712
f 2458 	2701 	2720
f 2695 	2658 	1670
f 2716 	2713 	2715
f 3407 	3408 	3018
f 2718 	2719 	2720
f 2375 	2705 	2711
f 7097 	2711 	2705
f 2655 	3111 	2717
f 2369 	2429 	2375
f 2726 	3031 	2629
f 2716 	2715 	2673
f 2460 	2655 	2717
f 2513 	2460 	2717
f 2705 	2375 	2754
f 2722 	2719 	2718
f 2662 	2478 	2725
f 2710 	2708 	2690
f 2710 	2690 	2689
f 2998 	2713 	2724
f 2723 	2724 	2713
f 2718 	2281 	2722
f 2723 	2713 	2716
f 2279 	2281 	2718
f 3038 	2712 	2629
f 2644 	2629 	2712
f 2551 	3111 	2655
f 2716 	2991 	2723
f 2728 	2641 	2727
f 2723 	2673 	2724
f 2564 	2662 	3122
f 2725 	3122 	2662
f 2716 	2673 	2723
f 2728 	2592 	2641
f 2385 	2735 	2452
f 2998 	2724 	2673
f 3849 	2675 	2611
f 2585 	2564 	2591
f 2676 	2679 	2732
f 2729 	2692 	2693
f 2734 	4078 	2702
f 2734 	2693 	4078
f 2677 	2676 	2732
f 2698 	2734 	2702
f 2698 	2696 	2734
f 2730 	2734 	2696
f 2730 	2729 	2734
f 2729 	2693 	2734
f 2735 	2774 	2986
f 2767 	3084 	1901
f 2738 	2740 	2739
f 2720 	2719 	2639
f 262 	2739 	2740
f 3910 	2683 	2659
f 2619 	2659 	2683
f 3910 	3912 	2683
f 2683 	2743 	2687
f 2718 	2720 	2701
f 1901 	3019 	286
f 2745 	2208 	2389
f 2212 	2389 	2208
f 2744 	2537 	2741
f 2864 	1697 	2747
f 2746 	2747 	1697
f 2748 	2398 	2196
f 2279 	2718 	2701
f 2432 	2750 	2735
f 2398 	2748 	2417
f 2749 	2736 	3315
f 3745 	3688 	1789
f 2748 	2196 	2541
f 2752 	2731 	2751
f 2750 	2751 	2731
f 2814 	2735 	2731
f 2742 	3612 	2753
f 2754 	2733 	2751
f 2752 	2751 	2733
f 1646 	1606 	2709
f 2746 	1646 	2709
f 2747 	2746 	2709
f 2751 	2750 	2607
f 2741 	2607 	2750
f 2708 	2705 	2751
f 3011 	2747 	286
f 2758 	2755 	2759
f 2754 	2751 	2750
f 2916 	2866 	2923
f 2746 	286 	2747
f 2756 	2789 	2755
f 2750 	2731 	2735
f 2746 	2760 	1646
f 2742 	3327 	2325
f 2753 	3327 	2742
f 2746 	2747 	2760
f 2741 	2750 	2432
f 2680 	1922 	2760
f 2427 	2429 	2432
f 2750 	2433 	2754
f 2760 	2721 	2680
f 2763 	2879 	2764
f 2748 	2541 	2744
f 2755 	2788 	2761
f 2756 	2755 	2761
f 2748 	2744 	2741
f 2766 	2764 	3315
f 2763 	2942 	3315
f 2942 	2868 	3315
f 2417 	2748 	2741
f 2436 	2751 	2757
f 2436 	2757 	2555
f 2737 	261 	2738
f 2436 	2690 	2751
f 2708 	2751 	2690
f 2738 	2737 	2740
f 2766 	3315 	2765
f 2432 	2750 	2436
f 2751 	2436 	2750
f 2759 	2768 	2758
f 2899 	262 	2740
f 2433 	2436 	2754
f 2751 	2754 	2436
f 2770 	1018 	2769
f 2752 	2733 	2731
f 2710 	2689 	2555
f 2710 	2555 	2757
f 2771 	2764 	2766
f 2771 	2766 	2765
f 9461 	3405 	2899
f 2772 	8631 	2323
f 2559 	2697 	2706
f 2700 	2706 	2697
f 2441 	2440 	2771
f 2772 	2323 	2768
f 2562 	2775 	2560
f 2774 	2560 	2775
f 2773 	2784 	1018
f 2768 	8603 	2772
f 2816 	2484 	2771
f 2770 	2773 	1018
f 2670 	2771 	2410
f 2777 	2767 	2776
f 2774 	2569 	2560
f 2770 	2769 	2692
f 2692 	2773 	2770
f 2766 	2879 	2765
f 1118 	1320 	2762
f 2771 	2765 	2780
f 2922 	1320 	1330
f 2773 	2692 	2784
f 2782 	2797 	2783
f 2762 	1320 	2922
f 3060 	2767 	2781
f 2777 	2781 	2767
f 2782 	2957 	2783
f 2950 	2442 	2951
f 2776 	2787 	2777
f 2787 	2781 	2777
f 2786 	2763 	2764
f 2787 	2776 	2778
f 2951 	9464 	2899
f 2809 	2797 	2811
f 2785 	700 	1024
f 261 	259 	2737
f 261 	2737 	2738
f 687 	977 	2897
f 2764 	2766 	2786
f 2766 	2765 	2786
f 2562 	2569 	2775
f 8700 	8691 	2788
f 909 	908 	3005
f 2569 	2774 	2775
f 2769 	1067 	2692
f 2563 	2774 	2775
f 2563 	2775 	2562
f 2803 	2791 	2079
f 2068 	2079 	2791
f 2629 	2793 	2726
f 2767 	3780 	2792
f 2767 	2792 	2790
f 2794 	2799 	2642
f 2624 	2642 	2799
f 1218 	1060 	2785
f 2780 	2765 	2879
f 2783 	2797 	2794
f 2796 	2778 	2767
f 2776 	2767 	2778
f 2812 	2624 	2799
f 2798 	1438 	2795
f 2797 	2799 	2794
f 2756 	2759 	2755
f 2796 	2810 	2778
f 2755 	2789 	2788
f 2981 	2791 	2803
f 2804 	2812 	2799
f 2797 	2804 	2799
f 2077 	2800 	2079
f 2803 	2079 	2800
f 2767 	2790 	2796
f 1455 	1438 	2798
f 2922 	2803 	2800
f 2578 	2581 	2799
f 2805 	2799 	2581
f 2805 	2774 	2799
f 2080 	2100 	2803
f 2499 	2641 	2592
f 2798 	2802 	1455
f 3688 	3506 	1789
f 2080 	2803 	1330
f 2922 	1330 	2803
f 2807 	2786 	2780
f 2037 	2601 	2714
f 2799 	2804 	2794
f 2804 	2813 	2794
f 2806 	2787 	2778
f 2780 	2879 	2807
f 2944 	2801 	2791
f 2800 	2077 	2068
f 2068 	2791 	2800
f 2797 	2882 	2811
f 2601 	2480 	3026
f 3812 	2674 	2810
f 2808 	2807 	2400
f 2400 	2807 	3315
f 2789 	3089 	2831
f 2812 	2804 	2813
f 2812 	2813 	2814
f 3026 	2714 	2601
f 2790 	2810 	2796
f 2792 	2810 	2790
f 2806 	2778 	2810
f 2765 	3315 	2780
f 2814 	2813 	2797
f 2788 	2827 	2761
f 2077 	2095 	2800
f 2095 	2815 	2800
f 2801 	2800 	2815
f 2780 	2807 	2771
f 2813 	2774 	2814
f 2095 	2817 	2815
f 2816 	2771 	2807
f 2816 	2807 	2808
f 2837 	2830 	2768
f 2809 	2812 	2814
f 2809 	2814 	2797
f 2095 	2062 	2817
f 2954 	2817 	2062
f 2731 	2812 	2814
f 2812 	2733 	2814
f 2754 	2481 	2733
f 2783 	2794 	2814
f 2797 	2813 	2804
f 253 	3715 	1348
f 8700 	2823 	2820
f 3143 	2786 	2824
f 2804 	2799 	2774
f 2804 	2774 	2813
f 2339 	2340 	2714
f 2825 	2826 	2824
f 3143 	2824 	2826
f 2755 	2788 	8691
f 2827 	8700 	2788
f 2794 	2813 	2814
f 2829 	3709 	2881
f 2807 	2824 	2786
f 2765 	2780 	2786
f 2581 	2988 	2805
f 2830 	2827 	2788
f 2788 	2755 	2758
f 2830 	2788 	2758
f 2808 	2824 	2807
f 2821 	3144 	2828
f 2788 	2789 	2827
f 2988 	2774 	2805
f 2339 	2714 	2510
f 2510 	2714 	2793
f 2831 	8700 	2827
f 2833 	2828 	2818
f 266 	2835 	263
f 2829 	263 	2835
f 2835 	2836 	2829
f 2832 	2829 	2836
f 2581 	2562 	2805
f 2775 	2805 	2562
f 2830 	2837 	2831
f 2830 	2831 	2827
f 2828 	2833 	2821
f 2774 	2805 	2775
f 2879 	2834 	2807
f 2808 	2807 	2834
f 2827 	2789 	2831
f 2801 	2836 	2800
f 2835 	2800 	2836
f 2581 	2805 	2563
f 2774 	2563 	2805
f 2831 	2761 	2827
f 2840 	2885 	2839
f 2575 	2517 	2576
f 2573 	2576 	2517
f 2521 	2573 	2517
f 265 	2077 	266
f 2835 	266 	2077
f 2835 	2077 	2800
f 2774 	2988 	2986
f 2759 	8720 	2758
f 2830 	2758 	8720
f 2879 	2840 	2834
f 2814 	2774 	2735
f 2793 	2592 	2844
f 2829 	1433 	1435
f 2829 	1435 	3709
f 2837 	2830 	8720
f 2814 	2782 	2783
f 2726 	2793 	2844
f 2838 	2895 	2839
f 2832 	2843 	2829
f 2843 	2091 	2829
f 1433 	2829 	2091
f 2830 	2758 	2768
f 2838 	2886 	2779
f 1435 	2091 	3709
f 2091 	2843 	3709
f 2839 	2838 	2779
f 2845 	2840 	2839
f 2801 	2815 	2836
f 2815 	2817 	2836
f 2832 	2836 	2817
f 2843 	2832 	2817
f 2842 	2845 	2839
f 2894 	7097 	2811
f 2706 	2811 	2705
f 2779 	2819 	2839
f 2839 	2819 	2845
f 2728 	2844 	2592
f 2511 	2592 	2793
f 1876 	2841 	2520
f 3431 	2758 	2830
f 2839 	2845 	3169
f 3431 	2830 	2837
f 1796 	1697 	2847
f 1218 	2785 	2795
f 2823 	9746 	2820
f 2847 	2870 	1796
f 2850 	2826 	2825
f 226 	1796 	2980
f 2820 	8677 	2822
f 2847 	2980 	1796
f 2444 	2851 	2480
f 1796 	1672 	2847
f 2919 	8677 	2823
f 2851 	4196 	2867
f 2849 	3660 	2852
f 2852 	2853 	2854
f 2923 	1018 	2784
f 2692 	2729 	2784
f 3173 	2896 	2739
f 2952 	3143 	2850
f 8700 	2831 	2855
f 3247 	2802 	2798
f 2849 	2981 	3010
f 2831 	2837 	2855
f 2857 	2855 	2837
f 2851 	2444 	2226
f 1833 	2410 	2771
f 2703 	2505 	2856
f 1830 	2437 	2673
f 2849 	2852 	2981
f 2630 	2640 	2938
f 2846 	2938 	2640
f 2673 	2779 	2871
f 2831 	2855 	2761
f 2783 	2661 	2782
f 2671 	2482 	2489
f 2799 	2794 	2560
f 2859 	2862 	2858
f 3255 	2795 	2785
f 2643 	2630 	2642
f 2861 	3655 	2463
f 3011 	286 	3019
f 2846 	2640 	2811
f 2809 	2811 	2640
f 2624 	2809 	2640
f 2671 	2489 	2703
f 2631 	2861 	2860
f 1024 	3255 	2785
f 2809 	2624 	2812
f 977 	988 	2897
f 3049 	2234 	2761
f 2733 	2812 	2731
f 2695 	1670 	2900
f 2868 	2786 	2869
f 2837 	8720 	2857
f 3017 	2931 	8720
f 2741 	2537 	2607
f 2868 	2869 	2879
f 2837 	2768 	2857
f 2865 	2961 	2864
f 2638 	2811 	2651
f 2846 	2811 	2638
f 2706 	2651 	2811
f 2086 	1428 	2633
f 2868 	2869 	3315
f 2685 	2749 	2869
f 2749 	3315 	2869
f 3234 	3233 	2867
f 2872 	2885 	2871
f 2866 	297 	1018
f 2870 	2911 	2900
f 2870 	2900 	1800
f 2757 	2625 	2710
f 2625 	2650 	2710
f 2706 	2710 	2650
f 2706 	2650 	2651
f 2870 	2918 	1800
f 2625 	2757 	2607
f 2757 	2751 	2607
f 2539 	2445 	2866
f 2700 	2699 	2651
f 2700 	2651 	2706
f 2771 	2670 	2942
f 1670 	1723 	2900
f 2559 	2706 	2653
f 2651 	2653 	2706
f 2869 	2868 	2670
f 2942 	2670 	2868
f 2986 	2452 	2735
f 2872 	2871 	2895
f 2910 	2911 	2704
f 2871 	2779 	2872
f 2500 	2539 	2531
f 2530 	2549 	2898
f 2898 	3025 	2897
f 2539 	2866 	2543
f 2814 	2733 	2481
f 2433 	2481 	2754
f 3474 	2870 	1800
f 1800 	1703 	3474
f 2905 	2576 	2874
f 227 	2856 	2505
f 2874 	2573 	2511
f 2511 	2875 	2874
f 2878 	2877 	3145
f 2877 	3660 	3145
f 2864 	2709 	2865
f 2709 	2864 	2747
f 2853 	2852 	2878
f 2881 	2853 	2878
f 2864 	3011 	2865
f 2747 	3011 	2864
f 2763 	2942 	2879
f 2877 	2878 	2852
f 2738 	2739 	2737
f 2737 	2739 	2896
f 2951 	2899 	2858
f 2862 	2950 	2858
f 2705 	2811 	7097
f 3700 	2878 	2881
f 2782 	2920 	2882
f 2883 	2884 	2885
f 2880 	267 	2579
f 2955 	2760 	2864
f 2747 	2864 	2760
f 3051 	1765 	2874
f 2886 	2838 	2885
f 2884 	2886 	2885
f 2949 	2955 	2865
f 2864 	2865 	2955
f 2888 	2596 	2490
f 2887 	3036 	2888
f 2883 	2885 	2889
f 2760 	2955 	2721
f 3708 	2890 	2877
f 2881 	2878 	2890
f 2720 	2645 	2458
f 2882 	2972 	2891
f 2885 	2840 	2879
f 3145 	2881 	2878
f 2888 	2497 	2887
f 2892 	2893 	2961
f 4760 	3085 	2876
f 2490 	2497 	2888
f 2889 	2895 	2883
f 2884 	2883 	2895
f 7106 	2894 	2891
f 2882 	2891 	2894
f 2896 	3173 	2899
f 2883 	2779 	2884
f 2794 	2642 	2783
f 2920 	2948 	2882
f 2530 	2898 	2494
f 3007 	2494 	2898
f 2854 	2853 	2901
f 2797 	2782 	2882
f 2903 	2862 	2859
f 2531 	2530 	2873
f 2898 	2873 	2530
f 2882 	2957 	2782
f 2889 	2779 	2883
f 3007 	2898 	2897
f 2957 	2560 	2794
f 2814 	2481 	2782
f 2897 	2873 	2898
f 2894 	2811 	2882
f 2853 	2904 	2901
f 202 	190 	2530
f 2530 	688 	2898
f 2889 	2885 	2872
f 2573 	2874 	2576
f 2782 	2481 	2882
f 2573 	2572 	2511
f 2889 	2872 	2895
f 2530 	2531 	202
f 2905 	1765 	1767
f 2846 	2906 	2938
f 904 	909 	3005
f 2490 	2888 	218
f 2889 	2872 	2779
f 3700 	2881 	2890
f 2579 	2719 	2880
f 2909 	2910 	2968
f 2911 	2968 	2910
f 2794 	2783 	2957
f 2899 	2913 	2890
f 2896 	2899 	2890
f 2890 	3708 	2896
f 1800 	1796 	2870
f 3169 	3170 	2884
f 2579 	2639 	2719
f 3169 	2884 	2886
f 2719 	2722 	2880
f 2853 	2881 	2913
f 2881 	2890 	2913
f 2561 	2560 	2957
f 2563 	2561 	2957
f 2937 	2855 	3089
f 2910 	2900 	2911
f 1723 	1703 	2900
f 2883 	3183 	2889
f 2872 	2889 	3184
f 2912 	2914 	2907
f 2910 	2918 	2911
f 2899 	2740 	2896
f 2737 	2896 	2740
f 2916 	2729 	2914
f 2870 	2911 	2918
f 2920 	2782 	2668
f 2938 	2920 	2668
f 3474 	2704 	2911
f 2914 	3056 	2866
f 2903 	2859 	2921
f 2859 	2922 	2921
f 2858 	2922 	2859
f 2801 	2921 	2922
f 2801 	2922 	2800
f 2668 	2964 	2920
f 2911 	2870 	3474
f 1018 	2923 	2866
f 2910 	2909 	2900
f 2925 	2823 	3104
f 8700 	3104 	2823
f 2909 	2918 	2910
f 2905 	2874 	1765
f 2926 	2906 	2927
f 1705 	2918 	1677
f 2937 	3104 	2855
f 2928 	3104 	2929
f 1767 	1084 	2905
f 1084 	2395 	2905
f 3051 	3052 	1765
f 2930 	2929 	2931
f 2908 	2915 	2909
f 2957 	2882 	6424
f 2909 	2908 	2918
f 8929 	2918 	2908
f 2906 	2926 	2933
f 2906 	2933 	2934
f 2935 	2786 	2936
f 2929 	3104 	2937
f 2932 	1790 	3070
f 1573 	3070 	1790
f 2934 	2938 	2906
f 2929 	2937 	2931
f 2939 	2931 	2937
f 2858 	2762 	2922
f 2915 	8929 	2908
f 2959 	2958 	2786
f 2934 	2927 	2906
f 2784 	2729 	2923
f 2907 	2914 	2729
f 2918 	8735 	1677
f 2903 	2921 	2862
f 2941 	2959 	2786
f 2941 	2786 	2935
f 3110 	2761 	2928
f 2940 	2932 	3070
f 2918 	8929 	8735
f 2786 	2942 	2763
f 2939 	2937 	2855
f 2939 	2855 	2857
f 2942 	2786 	2868
f 2694 	2869 	2786
f 2866 	2916 	2914
f 2862 	2921 	2943
f 2704 	2908 	2909
f 2909 	2910 	2704
f 2766 	2764 	2879
f 2868 	2879 	2942
f 1790 	2932 	1819
f 2800 	2791 	2801
f 2945 	2946 	2944
f 2801 	2944 	2946
f 3077 	2866 	3056
f 1819 	2932 	2947
f 2940 	2947 	2932
f 2764 	2771 	2763
f 2763 	2771 	2942
f 2948 	2971 	2882
f 2921 	2801 	2946
f 2961 	2949 	2892
f 2971 	2948 	2938
f 2951 	2858 	2950
f 3173 	2858 	2899
f 2936 	2917 	2935
f 2959 	2941 	2917
f 2920 	2964 	2948
f 2949 	2961 	2865
f 2935 	2917 	2941
f 2950 	2913 	2951
f 2949 	2709 	2892
f 2952 	2941 	2935
f 2952 	2935 	2936
f 2865 	2709 	2949
f 2950 	2862 	2954
f 2943 	2954 	2862
f 2906 	6137 	2934
f 2943 	2921 	2954
f 2953 	2917 	2936
f 3011 	2892 	2949
f 2865 	3011 	2949
f 2949 	2892 	2955
f 2892 	2893 	2955
f 2893 	3023 	2955
f 2953 	2952 	2936
f 2954 	2921 	2913
f 2926 	2927 	2933
f 2935 	3283 	2936
f 1819 	2947 	1852
f 2934 	2933 	2938
f 2913 	2950 	2954
f 2946 	2913 	2921
f 2934 	2933 	2927
f 1897 	1899 	1880
f 3255 	1024 	2873
f 1853 	2965 	1857
f 2951 	2913 	2899
f 3027 	3014 	2958
f 2694 	2786 	2958
f 2960 	2946 	2945
f 2960 	2853 	2946
f 2853 	2913 	2946
f 2961 	2962 	2963
f 3056 	2914 	2912
f 2960 	2904 	2853
f 2941 	2952 	2959
f 3838 	2959 	2958
f 2967 	2968 	2966
f 2961 	8903 	2968
f 2961 	2968 	2962
f 2961 	2963 	2969
f 2972 	2882 	2971
f 2970 	2891 	2972
f 3710 	2890 	3709
f 3838 	3283 	2959
f 2972 	2971 	2938
f 3145 	2829 	2881
f 2965 	1852 	2947
f 2969 	2973 	2961
f 2971 	2964 	2972
f 6430 	2972 	2964
f 1853 	1852 	2965
f 2938 	6423 	2972
f 3593 	3710 	2896
f 259 	3593 	2896
f 2737 	259 	2896
f 2973 	2847 	2961
f 1697 	2961 	2847
f 2956 	1857 	2965
f 2817 	2954 	2843
f 2954 	2950 	2843
f 3709 	2843 	2950
f 3709 	2950 	2951
f 3709 	2951 	2899
f 3709 	2899 	2896
f 2852 	2854 	2975
f 2901 	2975 	2854
f 2948 	2920 	2938
f 2901 	2904 	2960
f 2901 	2960 	2945
f 2948 	2964 	2971
f 3711 	2694 	2979
f 2979 	2694 	2977
f 2960 	2945 	2944
f 2663 	2685 	2694
f 2685 	2869 	2694
f 2983 	3030 	2974
f 2976 	2983 	2974
f 3077 	3076 	2866
f 6317 	6294 	2971
f 2972 	6317 	2971
f 2879 	2869 	2707
f 2685 	2707 	2869
f 2934 	6320 	2933
f 2926 	2933 	6320
f 2967 	2908 	2968
f 3015 	3255 	2897
f 2791 	2981 	2985
f 2985 	2981 	2984
f 2981 	2852 	2984
f 2975 	2984 	2852
f 2986 	2493 	2452
f 2978 	3030 	2983
f 2974 	3030 	2982
f 2879 	2707 	2713
f 1904 	2988 	1911
f 2976 	2974 	2989
f 1904 	2990 	2988
f 2980 	2968 	2967
f 2990 	2986 	2988
f 2968 	8695 	2967
f 2715 	2991 	2716
f 2993 	2987 	2992
f 1349 	2992 	2987
f 2990 	2493 	2986
f 2488 	2990 	2486
f 2997 	2998 	2991
f 2963 	2911 	2969
f 2962 	2911 	2963
f 2968 	2911 	2962
f 2978 	2983 	2714
f 3870 	1349 	2987
f 2969 	2911 	2973
f 1904 	2486 	2990
f 2995 	2110 	1127
f 2973 	2911 	2847
f 2945 	2984 	2901
f 2975 	2901 	2984
f 2996 	2993 	2992
f 2997 	2713 	2998
f 2989 	2982 	2714
f 2968 	2980 	2962
f 2992 	2985 	2993
f 2984 	2993 	2985
f 2999 	1127 	1147
f 2974 	2982 	2989
f 2976 	2989 	2983
f 2791 	2985 	2944
f 2995 	1127 	1100
f 2989 	2714 	2983
f 3217 	2995 	1100
f 2980 	2847 	2973
f 2980 	2973 	2969
f 2980 	2969 	2963
f 2724 	2723 	2991
f 2998 	2724 	2991
f 2963 	2962 	2980
f 2993 	3000 	2987
f 3076 	3077 	2897
f 2511 	2793 	2875
f 2962 	2963 	8695
f 2963 	1672 	8695
f 3001 	3000 	2993
f 2962 	8695 	2968
f 2997 	2998 	2673
f 2875 	2793 	2714
f 3000 	2993 	2984
f 2945 	2960 	2984
f 3000 	2984 	2960
f 2963 	2969 	1672
f 2973 	1672 	2969
f 2871 	2997 	2673
f 2992 	2993 	3000
f 2982 	2875 	2714
f 2967 	2966 	2908
f 3001 	2996 	3000
f 2992 	3000 	2996
f 3002 	3197 	2887
f 2960 	2944 	2985
f 2992 	3000 	2985
f 2960 	2985 	3000
f 3003 	3193 	3005
f 3769 	3778 	2998
f 3007 	3003 	3005
f 2966 	2980 	2967
f 3005 	3009 	3003
f 2967 	8695 	2966
f 2992 	3714 	3000
f 2977 	3012 	2979
f 2494 	3007 	2887
f 2887 	2888 	2494
f 2995 	9176 	1127
f 3217 	9176 	2995
f 1093 	1127 	9176
f 3010 	2981 	2100
f 2979 	2977 	3013
f 3004 	3002 	3007
f 3002 	2887 	3007
f 2981 	2803 	2100
f 2497 	3009 	2887
f 2887 	3004 	3002
f 2513 	3010 	1117
f 2977 	2694 	3014
f 2999 	1147 	2115
f 3005 	3004 	3007
f 2100 	1315 	3010
f 1117 	3010 	1315
f 3005 	3004 	3009
f 3004 	2887 	3009
f 2855 	2831 	3089
f 2961 	1697 	2864
f 2885 	2713 	2871
f 2997 	2871 	2713
f 2994 	3015 	2897
f 2713 	2885 	2879
f 2929 	2928 	2761
f 2937 	2929 	2761
f 2855 	2937 	2761
f 2908 	2909 	2968
f 2870 	2847 	2911
f 2997 	2991 	2871
f 2895 	2871 	2991
f 2897 	3015 	3007
f 3293 	3007 	3015
f 2873 	2897 	3255
f 3293 	3255 	3015
f 2768 	3078 	3150
f 2930 	2931 	3017
f 2939 	8720 	2931
f 2857 	8720 	2939
f 2857 	2768 	2939
f 2871 	3184 	2997
f 2872 	3184 	2871
f 9056 	3024 	3011
f 2947 	3008 	3006
f 2940 	3008 	2947
f 2977 	3014 	3012
f 2898 	688 	2897
f 2887 	3002 	3004
f 3099 	3016 	3075
f 3014 	3013 	2977
f 3293 	3292 	3007
f 3021 	3020 	3030
f 3019 	1901 	3022
f 2961 	2893 	3023
f 1648 	906 	3005
f 3277 	1648 	3003
f 906 	904 	3005
f 3020 	3021 	3026
f 3024 	8903 	3023
f 3076 	2897 	3025
f 2539 	2500 	2538
f 2543 	2549 	2530
f 3025 	2898 	2549
f 2715 	2716 	3779
f 2978 	3021 	3030
f 3075 	3016 	823
f 3024 	3023 	8868
f 2892 	3011 	2893
f 2893 	3011 	3023
f 2979 	3838 	2977
f 2978 	3026 	3021
f 2714 	3026 	2978
f 2851 	2867 	3026
f 970 	1171 	3174
f 2851 	3026 	2480
f 1147 	1176 	1148
f 1129 	1148 	1176
f 3025 	2549 	2540
f 2549 	2866 	3025
f 3025 	3098 	2549
f 9041 	2955 	3023
f 3023 	3024 	9041
f 3013 	3014 	3027
f 2591 	2564 	3018
f 2939 	2768 	2931
f 3150 	3148 	2768
f 3013 	2952 	2753
f 2844 	3029 	3028
f 2844 	3028 	2726
f 1851 	1911 	2988
f 2595 	2596 	2540
f 3036 	2540 	2596
f 3197 	3120 	3036
f 3179 	3017 	8720
f 2931 	2930 	9706
f 3032 	2982 	3031
f 3039 	2982 	3030
f 3405 	3407 	3018
f 2919 	2925 	2924
f 3032 	3031 	3028
f 3032 	3028 	3029
f 2596 	2888 	3036
f 3101 	3095 	3037
f 3095 	3091 	3037
f 2925 	2919 	2823
f 3903 	3862 	3050
f 3165 	3036 	2596
f 3031 	2982 	3039
f 2820 	2823 	8677
f 2822 	8776 	2820
f 3039 	2629 	3031
f 3197 	3040 	3036
f 2596 	3036 	3040
f 2596 	3040 	2603
f 3264 	2924 	2925
f 2820 	3264 	2823
f 2925 	2823 	3264
f 3043 	3044 	3042
f 3041 	3201 	390
f 3030 	3038 	3047
f 3030 	3047 	3039
f 3039 	3047 	2629
f 3028 	3031 	2726
f 226 	2980 	3041
f 3047 	3038 	2629
f 390 	226 	3041
f 3029 	2844 	3032
f 3052 	3051 	2728
f 2844 	2728 	3051
f 3051 	3032 	2844
f 2728 	2727 	3052
f 2982 	3032 	2875
f 3046 	3340 	3045
f 3044 	3045 	3042
f 2464 	2457 	3049
f 3051 	2875 	3032
f 3465 	2376 	3049
f 2912 	2907 	3056
f 3035 	3058 	3034
f 3033 	3034 	3058
f 2761 	3072 	3049
f 3059 	3033 	3058
f 3060 	3061 	3062
f 2323 	3057 	2768
f 3063 	3060 	3062
f 3046 	3065 	3340
f 3066 	3340 	3065
f 1291 	1671 	1292
f 1292 	1671 	1660
f 2874 	2875 	3051
f 3060 	3063 	3022
f 3064 	3022 	3063
f 1661 	1660 	1671
f 3043 	3109 	3044
f 3044 	3043 	3045
f 3014 	2694 	2958
f 3129 	3132 	3070
f 3056 	3069 	3044
f 2907 	3069 	3056
f 3045 	3044 	3069
f 3070 	3008 	2940
f 3044 	3054 	3071
f 2994 	2897 	3054
f 3044 	3071 	3043
f 3044 	3071 	3056
f 3071 	3077 	3056
f 3071 	3044 	3045
f 3014 	2958 	3012
f 2917 	3012 	2958
f 3027 	2958 	3014
f 2958 	2959 	2917
f 3045 	3140 	3046
f 3069 	3046 	3045
f 3046 	3069 	3065
f 9146 	3158 	9147
f 3115 	3072 	3110
f 3054 	2897 	3077
f 3071 	3054 	3077
f 3068 	3126 	6325
f 3105 	3043 	3077
f 3063 	3062 	3073
f 3073 	3062 	3061
f 3013 	3027 	2952
f 2958 	2952 	3027
f 2959 	2952 	2958
f 3091 	3092 	3073
f 3077 	3071 	3045
f 3068 	6325 	407
f 2540 	3138 	3025
f 3073 	3064 	3063
f 3057 	3078 	2768
f 3045 	3098 	3077
f 3046 	3098 	3045
f 3065 	3098 	3046
f 3076 	3077 	3098
f 3061 	3060 	3081
f 3068 	3088 	3147
f 3082 	3167 	3083
f 3084 	3022 	1901
f 3065 	3149 	3066
f 3751 	3082 	3162
f 3088 	3068 	407
f 2762 	3074 	2522
f 3022 	3084 	3060
f 3343 	3066 	3069
f 3065 	3069 	3066
f 3082 	2998 	3083
f 3084 	2767 	3060
f 3288 	2876 	3085
f 3060 	2781 	3081
f 1094 	1093 	9176
f 3066 	3098 	3065
f 2958 	3027 	3838
f 3067 	3911 	3066
f 2787 	2806 	3073
f 1573 	8036 	3070
f 3115 	3110 	3089
f 2937 	3089 	2929
f 2787 	3073 	3061
f 2787 	3061 	3081
f 2787 	3081 	2781
f 3091 	3093 	3092
f 3288 	3089 	2876
f 3092 	3022 	3064
f 3064 	3073 	3092
f 2657 	2473 	3079
f 3025 	3138 	3076
f 3093 	3091 	3095
f 3074 	2858 	3173
f 3079 	3097 	3080
f 3096 	3080 	3097
f 3025 	2866 	3076
f 1165 	3163 	9271
f 3097 	3012 	3096
f 3076 	3098 	3025
f 3834 	3270 	3097
f 3053 	3074 	3173
f 2858 	3074 	2762
f 3239 	3283 	3096
f 3096 	3283 	3097
f 3101 	9083 	3095
f 2924 	2925 	3104
f 2941 	2959 	3283
f 3048 	3053 	2739
f 3042 	3103 	3043
f 3106 	3105 	3103
f 3093 	3022 	3092
f 2739 	3541 	3048
f 3054 	3044 	3109
f 3043 	3105 	3109
f 3105 	3106 	3109
f 3106 	3139 	3109
f 8700 	2855 	3104
f 3110 	3104 	2928
f 3114 	3113 	3112
f 3073 	3037 	3091
f 3106 	3045 	3105
f 3043 	3105 	3045
f 3071 	3077 	3043
f 3110 	3115 	3104
f 3115 	3137 	3104
f 2463 	3107 	3108
f 3113 	3114 	3108
f 2463 	3108 	3114
f 2551 	3887 	3111
f 2821 	2833 	3116
f 3903 	3111 	3887
f 3114 	3119 	3113
f 3140 	3120 	3109
f 3117 	3109 	3120
f 413 	3086 	3094
f 3121 	3118 	2833
f 3118 	3116 	2833
f 3050 	3111 	3903
f 3175 	3108 	2496
f 3107 	3134 	2496
f 3048 	3018 	3122
f 3105 	3077 	3106
f 3123 	3127 	3124
f 2929 	2930 	2928
f 2928 	2930 	3110
f 3109 	3117 	3125
f 3175 	2496 	3113
f 3114 	3113 	2496
f 3124 	3127 	3128
f 2860 	2463 	3112
f 3114 	3112 	2463
f 3053 	3048 	3122
f 3076 	3138 	3077
f 2861 	3082 	2860
f 823 	3174 	3075
f 3083 	2860 	3082
f 3114 	3112 	3119
f 2860 	3083 	3112
f 3108 	3107 	2496
f 2564 	3122 	3018
f 3105 	3043 	3103
f 3112 	2631 	2860
f 2994 	3109 	3042
f 3114 	2496 	3112
f 2631 	3112 	2496
f 2717 	3111 	3050
f 1149 	6325 	3126
f 3109 	2994 	3054
f 3131 	3168 	3134
f 3133 	3086 	1142
f 3118 	3144 	3116
f 3103 	3042 	3109
f 3168 	3107 	3134
f 3130 	3144 	3123
f 3121 	3123 	3144
f 3115 	3110 	3148
f 3131 	3134 	2468
f 3107 	2468 	3134
f 3133 	1142 	1156
f 3128 	3130 	3124
f 3123 	3124 	3130
f 2928 	3089 	3110
f 2929 	3089 	2928
f 3194 	3125 	3117
f 3120 	3103 	3117
f 3194 	3117 	3103
f 3196 	3130 	3128
f 3107 	3169 	3134
f 3134 	3169 	3131
f 3108 	3170 	3107
f 4589 	3104 	3378
f 3131 	2471 	3134
f 3120 	3197 	3117
f 3125 	3117 	3197
f 3050 	3180 	2717
f 3136 	3104 	3137
f 3138 	3106 	3103
f 3115 	3148 	3137
f 3148 	3150 	3137
f 3180 	2513 	2717
f 3140 	3109 	3139
f 3138 	3139 	3106
f 2821 	3116 	3144
f 3115 	3089 	3137
f 3138 	3045 	3106
f 2725 	2522 	3074
f 3137 	3072 	3115
f 3136 	3072 	3137
f 3127 	3201 	3128
f 3126 	3141 	1149
f 3106 	3077 	3138
f 1162 	1149 	3141
f 3151 	3136 	3137
f 3142 	3133 	1156
f 3103 	3139 	3138
f 2936 	2786 	2953
f 3143 	2953 	2786
f 3142 	1156 	1166
f 3053 	2725 	3074
f 3201 	3127 	390
f 3137 	3089 	3136
f 3103 	3120 	3140
f 3139 	3103 	3140
f 2838 	2839 	2885
f 3053 	3122 	2725
f 3138 	2540 	3139
f 2842 	2839 	2895
f 3072 	3136 	3135
f 3140 	3139 	2540
f 2540 	3036 	3120
f 2838 	2886 	2895
f 2886 	2884 	2895
f 2761 	3110 	3072
f 3140 	2540 	3120
f 2884 	2779 	2886
f 3189 	3126 	3068
f 3139 	3045 	3138
f 2842 	2895 	3160
f 3162 	3160 	2895
f 3068 	3147 	3189
f 3148 	3110 	2930
f 3065 	3046 	3149
f 3151 	3137 	3150
f 3067 	3066 	3149
f 2838 	2839 	3169
f 2886 	2838 	3169
f 3929 	3149 	3156
f 3859 	4149 	3050
f 3008 	3070 	3190
f 3149 	3177 	3157
f 3149 	3157 	3155
f 3166 	3894 	3147
f 3163 	3158 	9271
f 3139 	3140 	3045
f 2825 	2848 	2826
f 2826 	2848 	3143
f 3154 	3136 	3153
f 3151 	3153 	3136
f 3088 	3166 	3147
f 3120 	3117 	3046
f 3149 	3046 	3117
f 3140 	3120 	3046
f 2917 	3143 	2848
f 2953 	3143 	2917
f 3163 	3055 	3158
f 3153 	3146 	3154
f 3143 	2952 	2953
f 3178 	3149 	3125
f 3117 	3125 	3149
f 3055 	9147 	3158
f 3153 	3078 	3154
f 2826 	2850 	3143
f 3146 	3153 	3151
f 3146 	3151 	3150
f 9172 	9157 	3159
f 3075 	3159 	9157
f 3157 	3161 	3155
f 3156 	3155 	3161
f 3856 	3857 	3050
f 3153 	3151 	3078
f 3151 	3150 	3078
f 3152 	3660 	2849
f 3155 	3157 	3921
f 3165 	3921 	3157
f 3167 	3168 	3169
f 3167 	3169 	3170
f 3191 	3109 	3125
f 3191 	3125 	3171
f 1165 	3055 	3163
f 3168 	3172 	3169
f 3894 	3166 	3901
f 3118 	3121 	3144
f 3194 	3103 	3109
f 3159 	3075 	3174
f 3167 	3175 	3108
f 3167 	3108 	3107
f 3167 	3107 	3168
f 3125 	3194 	3171
f 3146 	3150 	3017
f 3017 	3148 	2930
f 3159 	3174 	9172
f 3148 	3017 	3150
f 3171 	3125 	3197
f 3164 	3176 	3094
f 3094 	3086 	3164
f 2930 	2768 	3148
f 2931 	2768 	2930
f 3171 	3178 	3125
f 3177 	3149 	3178
f 3175 	3167 	3112
f 3175 	3112 	3113
f 3167 	3170 	3181
f 3178 	3357 	3177
f 3905 	3904 	3164
f 3183 	3184 	3167
f 3183 	3167 	3181
f 3157 	3177 	3165
f 3178 	3165 	3177
f 3123 	3121 	3127
f 2833 	3127 	3121
f 3186 	3167 	3184
f 3156 	3187 	3155
f 3219 	3155 	3187
f 3155 	3219 	3157
f 3221 	3177 	3219
f 3157 	3219 	3177
f 2841 	3127 	2833
f 3160 	3170 	3169
f 3178 	3177 	3221
f 2841 	390 	3127
f 2849 	3010 	3180
f 3146 	3017 	3179
f 3160 	3169 	3172
f 3190 	3070 	3132
f 3191 	3171 	3192
f 3108 	3175 	3113
f 3109 	3193 	3194
f 9706 	2930 	3148
f 3152 	2849 	3180
f 3191 	3193 	3109
f 3152 	3180 	3050
f 3171 	3194 	3195
f 3171 	3195 	3192
f 3175 	3170 	3108
f 3169 	3107 	3170
f 3172 	3131 	3169
f 3182 	3185 	3188
f 3171 	3197 	3192
f 3170 	3162 	3181
f 3160 	3162 	3170
f 3183 	3181 	3162
f 3010 	2513 	3180
f 3170 	3175 	3181
f 3192 	3178 	3171
f 3193 	3191 	3192
f 3193 	3192 	3195
f 3193 	3195 	3194
f 3200 	3242 	3196
f 3183 	3181 	3175
f 3119 	3183 	3175
f 3119 	3175 	3113
f 2666 	3591 	2170
f 3006 	3008 	3190
f 3192 	3197 	3191
f 3197 	3002 	3191
f 3036 	2887 	3197
f 3004 	3191 	3002
f 3193 	3003 	3194
f 3172 	3169 	2845
f 3276 	3194 	3277
f 3003 	3277 	3194
f 3191 	3005 	3193
f 3004 	3005 	3191
f 3150 	3474 	3148
f 3151 	3474 	3150
f 9706 	3148 	3474
f 3129 	3070 	3100
f 3164 	3086 	3199
f 3200 	3201 	3203
f 3276 	3357 	3194
f 3170 	3181 	2884
f 2883 	2884 	3181
f 2170 	3461 	2038
f 3178 	3192 	3195
f 3195 	3194 	3178
f 3202 	3203 	3201
f 3141 	3126 	3232
f 3181 	3183 	2883
f 3133 	3199 	3086
f 3196 	3201 	3200
f 3178 	3192 	3165
f 3192 	3197 	3165
f 3036 	3165 	3197
f 3129 	3251 	3132
f 3204 	3205 	3192
f 3204 	3192 	3191
f 3183 	3162 	3184
f 3186 	3184 	3162
f 3206 	3207 	3194
f 3193 	3194 	3207
f 3128 	3201 	3196
f 3208 	3681 	3610
f 2109 	3208 	2274
f 3610 	2274 	3208
f 3193 	3207 	3209
f 3193 	3209 	3204
f 3193 	3204 	3191
f 3119 	3186 	3184
f 3184 	3183 	3119
f 3210 	3281 	3211
f 3206 	3194 	3212
f 3195 	3212 	3194
f 3214 	3217 	3213
f 3215 	3217 	3214
f 3216 	3217 	3215
f 3211 	3282 	3217
f 3212 	3195 	3205
f 3192 	3205 	3195
f 2739 	3053 	3173
f 3216 	2110 	2995
f 3216 	2995 	3217
f 3192 	3205 	3197
f 3040 	3197 	3205
f 3184 	2889 	3183
f 3133 	3252 	3199
f 3219 	3187 	3220
f 3132 	3251 	2956
f 2999 	3222 	3217
f 3217 	2995 	2999
f 3211 	3217 	3222
f 3222 	3333 	3211
f 3205 	3192 	3221
f 3192 	3178 	3221
f 3209 	3212 	3205
f 3209 	3205 	3204
f 3153 	3474 	3151
f 3232 	4682 	3141
f 3102 	3235 	9709
f 2678 	3040 	2497
f 3102 	2919 	2924
f 3228 	2917 	2848
f 4366 	2956 	3272
f 3205 	3204 	3040
f 2965 	2947 	3006
f 2953 	2936 	3283
f 3201 	9225 	3202
f 2965 	3190 	2956
f 3132 	2956 	3190
f 2497 	3040 	3009
f 1127 	2999 	2995
f 3006 	3190 	2965
f 3143 	3231 	2826
f 3040 	3204 	3009
f 3009 	3204 	3209
f 3009 	3209 	3207
f 3368 	3279 	3206
f 3294 	3218 	3310
f 3203 	3242 	3200
f 1100 	3211 	3217
f 3211 	3210 	9207
f 3221 	3219 	3368
f 3212 	3221 	3206
f 3206 	3221 	3368
f 3220 	3368 	3219
f 4386 	3291 	3226
f 3209 	3229 	3212
f 3221 	3212 	3229
f 3204 	3205 	3229
f 3221 	3229 	3205
f 4131 	3224 	3225
f 3209 	3204 	3229
f 3225 	3868 	3224
f 2691 	3040 	2678
f 3230 	2863 	3226
f 3224 	3232 	3225
f 2603 	3040 	2691
f 2863 	3230 	2867
f 3030 	3226 	3090
f 3233 	3234 	3226
f 3230 	3226 	3234
f 3224 	3573 	3232
f 3342 	3302 	3232
f 3102 	2924 	3104
f 3030 	3020 	3226
f 3233 	3226 	3020
f 3143 	3283 	3231
f 2825 	2826 	3231
f 3232 	3126 	3189
f 2867 	3230 	3234
f 3217 	3211 	9176
f 9207 	9176 	3211
f 2916 	2923 	2729
f 3080 	3096 	3238
f 3239 	3238 	3096
f 3237 	3238 	3239
f 3026 	2867 	3233
f 2730 	2907 	2729
f 3243 	3244 	3241
f 3237 	3241 	3244
f 3237 	3244 	3238
f 3233 	3020 	3026
f 3218 	3294 	3227
f 4130 	3232 	3189
f 3112 	3167 	2860
f 3130 	3242 	3240
f 3186 	3083 	3167
f 3083 	3186 	3162
f 3242 	3203 	3202
f 3119 	3112 	3186
f 3186 	3112 	3083
f 3130 	3196 	3242
f 2115 	3249 	2999
f 3222 	2999 	3249
f 2998 	2997 	3184
f 1148 	9212 	1147
f 2999 	1147 	9212
f 3235 	3102 	3104
f 3236 	3235 	3104
f 3184 	3186 	2998
f 3083 	2998 	3186
f 3202 	3198 	3242
f 3236 	3104 	3250
f 3240 	3144 	3130
f 3136 	3135 	3104
f 3248 	3251 	3100
f 3246 	3253 	3248
f 3253 	3251 	3248
f 3129 	3100 	3251
f 3252 	3133 	3142
f 3227 	1444 	1318
f 3255 	3292 	3245
f 4347 	4348 	3248
f 3256 	3257 	3248
f 3246 	3248 	3257
f 1927 	2656 	2674
f 3236 	3250 	9709
f 3235 	3236 	9709
f 3250 	3373 	9709
f 3247 	3255 	3245
f 3265 	3812 	3260
f 3258 	3259 	3261
f 3258 	3261 	3262
f 3090 	3226 	3291
f 3247 	2798 	3255
f 2919 	3235 	3236
f 2795 	3255 	2798
f 3235 	2919 	3102
f 3250 	3344 	3236
f 3258 	3259 	3252
f 3215 	3214 	3249
f 3216 	3215 	3249
f 4381 	4385 	3142
f 3571 	3570 	3252
f 3257 	3272 	3246
f 3264 	3236 	3235
f 3102 	3264 	3235
f 2924 	3264 	3102
f 3258 	3266 	3259
f 4141 	4142 	3266
f 3214 	3213 	3249
f 2110 	3216 	3249
f 3264 	3250 	3236
f 3241 	2917 	3243
f 3228 	3300 	2917
f 3267 	3268 	3269
f 3241 	3270 	3243
f 3012 	2917 	3239
f 3237 	3239 	2917
f 3241 	3237 	2917
f 3262 	3261 	3271
f 3596 	3598 	3271
f 3272 	2956 	3251
f 2994 	3042 	3275
f 3275 	3292 	2994
f 3214 	2116 	3215
f 3213 	2116 	3214
f 3270 	3241 	3237
f 3270 	3237 	3239
f 3263 	2332 	3260
f 1927 	2674 	3265
f 3265 	3260 	2332
f 3277 	3278 	3276
f 3274 	3357 	3278
f 3275 	3274 	3278
f 3239 	3096 	3012
f 3275 	3274 	3245
f 3257 	3256 	3272
f 3368 	3276 	3279
f 3277 	3279 	3276
f 3096 	3097 	3270
f 3239 	3096 	3270
f 3213 	3217 	3282
f 3253 	3246 	3272
f 3283 	3239 	3237
f 3281 	3213 	3282
f 3251 	3253 	3272
f 3284 	3286 	3287
f 3284 	3287 	3289
f 3241 	3283 	3237
f 3243 	3283 	3241
f 3277 	3003 	3278
f 3007 	3278 	3003
f 3143 	2953 	3283
f 2305 	2204 	2304
f 3003 	3009 	3279
f 3003 	3279 	3277
f 3208 	2116 	3213
f 3213 	3282 	3208
f 3282 	3281 	3208
f 3458 	3208 	3281
f 2935 	2941 	3283
f 3261 	3273 	3262
f 3292 	3293 	2994
f 3015 	2994 	3293
f 3227 	3294 	1444
f 3295 	3287 	3436
f 3286 	3436 	3287
f 3838 	3097 	3283
f 3289 	3287 	3296
f 688 	687 	2897
f 3295 	3296 	3287
f 3271 	3297 	3596
f 3007 	3292 	3278
f 3080 	3238 	2472
f 3292 	3255 	3293
f 2137 	1594 	3282
f 3282 	1594 	3281
f 3288 	3135 	3089
f 4171 	3299 	3268
f 3273 	4171 	3268
f 3214 	2137 	3213
f 3213 	2137 	3282
f 3238 	3244 	2472
f 3005 	3003 	1648
f 3834 	3079 	3270
f 3262 	3273 	3266
f 3258 	3262 	3266
f 3268 	3266 	3273
f 3278 	3292 	3275
f 3244 	3270 	3080
f 3275 	3245 	3292
f 3298 	3300 	3301
f 3244 	3243 	3298
f 3244 	3298 	3301
f 3293 	1665 	3292
f 3292 	3442 	3275
f 3302 	3304 	3303
f 3522 	3524 	3285
f 3304 	3305 	3303
f 3244 	3301 	2472
f 3301 	3300 	2472
f 3228 	2477 	3300
f 2472 	3300 	2477
f 3303 	4653 	3305
f 3300 	3270 	3301
f 3306 	3305 	3304
f 3244 	3301 	3270
f 3308 	3322 	3285
f 3538 	3537 	3285
f 3238 	3080 	2473
f 3080 	3079 	2473
f 3305 	4653 	3306
f 3322 	3541 	3285
f 3541 	3539 	3285
f 3306 	3314 	3232
f 3305 	3306 	3232
f 2507 	3231 	3300
f 3301 	2507 	3300
f 3307 	3311 	3308
f 3238 	2473 	2507
f 3238 	2507 	3301
f 3238 	3301 	3244
f 3248 	3100 	4398
f 3309 	4398 	3100
f 3458 	3281 	1594
f 3243 	2917 	3298
f 3300 	3298 	2917
f 3215 	3216 	2137
f 3303 	3305 	3232
f 3270 	3300 	3298
f 3337 	3313 	1479
f 3243 	3270 	3298
f 3215 	2137 	3214
f 3231 	3283 	3300
f 3298 	3300 	3283
f 3304 	3314 	3306
f 3283 	3243 	3298
f 3313 	3223 	3254
f 4467 	3232 	3314
f 1188 	1232 	1187
f 1479 	3254 	1472
f 2764 	2763 	3315
f 1479 	3313 	3254
f 2311 	2400 	3315
f 1232 	1188 	1254
f 3318 	3500 	3317
f 3319 	3320 	3317
f 3320 	3478 	3317
f 3478 	3458 	3317
f 3315 	2736 	2311
f 3366 	3367 	3321
f 3316 	3321 	3367
f 3323 	3316 	3321
f 3324 	1607 	1608
f 2780 	3315 	2807
f 3057 	4571 	3078
f 3321 	3458 	3326
f 3069 	2907 	2730
f 2648 	2644 	2727
f 2712 	2727 	2644
f 3321 	3326 	3366
f 3327 	2850 	2404
f 3329 	3328 	3245
f 3326 	3323 	3321
f 3322 	3308 	3541
f 2952 	2850 	3327
f 3316 	9207 	3321
f 3367 	3317 	3316
f 3323 	3317 	3316
f 2404 	2325 	3327
f 3317 	9207 	3316
f 3290 	3284 	2301
f 2302 	2301 	3284
f 2302 	3284 	3289
f 1608 	1444 	3294
f 2952 	3327 	2753
f 3245 	3274 	3329
f 1608 	3294 	3324
f 3310 	3324 	3294
f 3328 	3247 	3245
f 3533 	3330 	3339
f 3328 	3334 	3335
f 3289 	3295 	3284
f 3295 	3436 	3284
f 3290 	3284 	3436
f 3333 	3336 	3325
f 3336 	3371 	3325
f 3310 	3402 	3324
f 2667 	2707 	2664
f 3332 	3507 	3331
f 3325 	3210 	3323
f 3290 	2301 	2304
f 3328 	3329 	3334
f 9207 	3325 	3326
f 3321 	9207 	3326
f 2317 	3289 	3284
f 2304 	2316 	3290
f 3302 	3303 	3232
f 3328 	3415 	3247
f 3571 	3252 	3565
f 4624 	3078 	4571
f 3339 	3345 	3533
f 3317 	3323 	3318
f 3274 	3275 	3042
f 3340 	3274 	3042
f 3042 	3045 	3340
f 3331 	2749 	2667
f 3343 	3066 	3067
f 3499 	3498 	3323
f 3344 	2902 	2919
f 3330 	118 	3339
f 3332 	3614 	3331
f 3313 	3338 	3223
f 3331 	3417 	3332
f 3317 	3318 	9207
f 3318 	3498 	9207
f 3066 	3343 	3067
f 3348 	3349 	3347
f 3349 	3352 	3347
f 2670 	3417 	3331
f 2667 	2670 	3331
f 3355 	3347 	3352
f 3351 	3352 	3349
f 3157 	3353 	3161
f 3417 	2670 	2410
f 3347 	3356 	6715
f 3358 	3349 	3348
f 3178 	3194 	3357
f 3157 	3177 	3357
f 3157 	3357 	3353
f 2410 	1846 	3417
f 3351 	3349 	3358
f 3357 	3274 	3340
f 3345 	3535 	3533
f 3358 	3348 	3347
f 3360 	3362 	3359
f 3347 	3359 	3362
f 3361 	3362 	3360
f 3358 	3347 	3362
f 3276 	3278 	3357
f 3419 	2527 	2673
f 3336 	3333 	9212
f 3337 	3338 	3313
f 3362 	3361 	3363
f 2528 	1848 	2673
f 3340 	3329 	3274
f 3337 	1479 	1627
f 3351 	3358 	3352
f 4175 	3341 	3342
f 3333 	3222 	9212
f 3365 	3521 	3364
f 3563 	3350 	3595
f 3363 	3354 	3356
f 3363 	3356 	3362
f 3276 	3368 	3357
f 3370 	3104 	3369
f 3371 	3366 	3326
f 3340 	3066 	3372
f 3250 	3104 	3373
f 3370 	3373 	3104
f 3317 	3367 	3374
f 3357 	3375 	3353
f 2667 	2694 	3331
f 3337 	1627 	3350
f 3326 	3325 	3371
f 3377 	3318 	3374
f 3340 	3372 	3375
f 3340 	3375 	3357
f 4666 	3303 	4665
f 3302 	3303 	4666
f 4175 	3342 	4666
f 3135 	3378 	3104
f 2667 	3331 	2707
f 3507 	2707 	3331
f 3340 	3372 	3329
f 3334 	3329 	3372
f 4589 	3346 	3104
f 2715 	2713 	3381
f 3342 	3625 	3302
f 3136 	3154 	3135
f 3378 	3135 	3384
f 3382 	3378 	3384
f 3357 	3368 	3383
f 3357 	3383 	3375
f 3400 	3339 	118
f 3136 	3089 	3135
f 3135 	3288 	3378
f 3356 	3355 	3362
f 3358 	3362 	3355
f 3379 	3520 	3374
f 3374 	3367 	3379
f 3366 	3379 	3367
f 3371 	3379 	3366
f 3336 	3379 	3371
f 3358 	3355 	3352
f 4653 	3303 	3625
f 2713 	2707 	3507
f 3386 	3353 	3375
f 3388 	3392 	3387
f 3372 	3385 	3386
f 3372 	3386 	3375
f 3381 	2673 	2715
f 3391 	4589 	3378
f 3389 	3387 	3392
f 3389 	3392 	2156
f 3414 	3334 	3385
f 3372 	3385 	3334
f 3381 	3419 	2673
f 2161 	2159 	3394
f 3391 	3378 	3393
f 3382 	3393 	3378
f 2723 	3779 	2716
f 3375 	3383 	3386
f 2159 	2593 	3394
f 3376 	3310 	3218
f 3378 	3288 	3391
f 3402 	3310 	3376
f 3380 	3441 	3381
f 3391 	3072 	3378
f 3135 	3378 	3072
f 3397 	3464 	3387
f 3388 	3387 	3398
f 3425 	3479 	3218
f 3335 	3334 	3414
f 3146 	4556 	3384
f 3382 	3384 	4556
f 3218 	3479 	3376
f 3389 	2204 	3387
f 2156 	2205 	3389
f 3399 	3387 	2204
f 3393 	3382 	4556
f 3274 	3385 	3340
f 3275 	3442 	3274
f 3372 	3340 	3385
f 3399 	3493 	3387
f 3397 	3387 	3493
f 3382 	3384 	3393
f 4494 	3393 	3384
f 3390 	3400 	63
f 3386 	3456 	3357
f 3375 	3386 	3357
f 3357 	3456 	3276
f 3401 	3380 	3381
f 3179 	4556 	3146
f 3396 	3389 	3486
f 3397 	3389 	3396
f 3387 	3389 	3397
f 2156 	3864 	3389
f 3384 	3135 	3154
f 3384 	3154 	3146
f 2157 	2532 	2156
f 3390 	3444 	3403
f 4624 	4526 	3078
f 3154 	3078 	3384
f 3387 	3887 	3389
f 3397 	3396 	3887
f 3365 	3364 	3549
f 3384 	3474 	3154
f 3154 	3474 	3153
f 3382 	3474 	3384
f 3397 	3887 	3387
f 3472 	3418 	3409
f 3382 	3393 	3474
f 3400 	3390 	3403
f 3404 	3405 	3018
f 3563 	3395 	3406
f 9714 	3373 	2660
f 2591 	3018 	3408
f 3370 	2660 	3373
f 2215 	2591 	3410
f 3344 	3373 	3370
f 3344 	3370 	3369
f 2215 	3410 	2237
f 3264 	5435 	3373
f 4214 	3975 	2698
f 3345 	3403 	3409
f 3338 	3395 	3223
f 9714 	9709 	3373
f 3388 	3399 	3392
f 2204 	3392 	3399
f 3406 	3395 	3338
f 2919 	3236 	3344
f 3344 	3250 	3373
f 3392 	2204 	3394
f 2204 	2206 	3394
f 3411 	3412 	3413
f 9212 	3367 	3366
f 3371 	9212 	3366
f 3413 	3412 	3414
f 3418 	3535 	3409
f 3337 	3406 	3338
f 2802 	3247 	3415
f 3336 	9212 	3371
f 3406 	3337 	3350
f 3346 	3344 	3369
f 3415 	3328 	3335
f 3374 	9212 	3377
f 3374 	3367 	9212
f 3400 	3403 	3345
f 2512 	2508 	3417
f 4027 	7151 	3374
f 3370 	5435 	3369
f 3346 	3369 	5435
f 3336 	1176 	3333
f 3345 	3409 	3535
f 3373 	3250 	3264
f 3370 	3373 	5435
f 3374 	3377 	4027
f 3415 	3335 	3412
f 3412 	3335 	3414
f 2528 	2673 	2527
f 2323 	8844 	2389
f 3421 	1318 	1440
f 3381 	3380 	3419
f 3426 	3427 	3424
f 3428 	4270 	3424
f 3222 	3333 	1176
f 3336 	3371 	1176
f 2464 	3049 	2354
f 3400 	3345 	3339
f 3428 	3427 	4214
f 3422 	3057 	2390
f 3319 	3496 	3320
f 3390 	3730 	3444
f 3425 	3421 	3416
f 2237 	3410 	2204
f 3408 	3399 	3410
f 3407 	3405 	3399
f 3408 	3407 	3399
f 2204 	3410 	3399
f 3423 	3429 	3480
f 3425 	3416 	3420
f 3411 	3423 	3429
f 3404 	3399 	3405
f 3526 	3541 	3404
f 3455 	3426 	3424
f 3431 	2939 	2931
f 9461 	3408 	3407
f 9461 	3407 	3405
f 3404 	3541 	3405
f 3424 	3413 	3426
f 3414 	3426 	3413
f 2837 	2857 	3431
f 3431 	2857 	2939
f 3403 	3444 	3447
f 3408 	9461 	3410
f 2237 	3410 	9461
f 3426 	3455 	3385
f 3386 	3385 	3455
f 3493 	3285 	3284
f 3426 	3414 	3385
f 3435 	4250 	3442
f 3427 	3428 	3424
f 3493 	3284 	3399
f 2304 	3399 	3290
f 2204 	3399 	2304
f 3290 	3399 	3284
f 3430 	3320 	3379
f 3437 	3442 	3423
f 3379 	3320 	3319
f 3433 	3434 	3440
f 3437 	3423 	3480
f 3447 	3409 	3403
f 3423 	3411 	3437
f 3439 	3438 	3441
f 3438 	3473 	3441
f 3409 	3475 	3472
f 3316 	3458 	3321
f 3326 	3281 	3325
f 3325 	3281 	3210
f 2323 	2390 	3057
f 3436 	3404 	3405
f 3436 	3407 	3408
f 3323 	1100 	3461
f 3448 	3380 	3432
f 3413 	3424 	3435
f 3436 	3405 	3407
f 3410 	3436 	3408
f 3218 	3227 	3425
f 3443 	3442 	3437
f 3432 	3439 	3445
f 3443 	3437 	3480
f 3445 	3446 	3432
f 3449 	3432 	3446
f 3443 	3437 	3411
f 2237 	2304 	3410
f 3290 	3436 	2304
f 3410 	2304 	3436
f 3441 	3446 	3445
f 3441 	3445 	3439
f 3227 	1318 	3421
f 3210 	3211 	3333
f 3325 	3210 	3333
f 3443 	1592 	3437
f 3421 	3425 	3227
f 1100 	3323 	3211
f 3210 	3211 	3323
f 3326 	3325 	3323
f 3446 	3445 	3419
f 3445 	3439 	3419
f 3223 	3433 	3254
f 3442 	3443 	3480
f 3210 	3325 	9207
f 3440 	3254 	3433
f 3380 	3381 	3432
f 2713 	3432 	3381
f 3435 	3442 	3413
f 3411 	3413 	3442
f 3249 	3333 	3222
f 3336 	3333 	3249
f 3440 	1685 	1472
f 3411 	3442 	3443
f 3432 	3449 	3448
f 3222 	2999 	9212
f 3254 	3440 	1472
f 3249 	3379 	3336
f 1176 	2999 	3222
f 3435 	3274 	3442
f 3424 	3274 	3435
f 3442 	3292 	3443
f 3385 	3274 	3426
f 3426 	3274 	3424
f 3292 	1665 	3443
f 3213 	3430 	3249
f 3379 	3249 	3430
f 3380 	3448 	3441
f 3441 	3448 	3449
f 3441 	3449 	3446
f 3449 	3419 	3448
f 3455 	3456 	3453
f 3457 	3454 	3456
f 4249 	3456 	3454
f 3282 	3211 	3281
f 3281 	3326 	3458
f 3421 	1641 	3416
f 3459 	3460 	3462
f 3380 	3448 	3419
f 3446 	3419 	3449
f 3421 	1440 	1641
f 3444 	3753 	3452
f 3460 	3463 	3464
f 3453 	3451 	3466
f 3401 	3448 	3380
f 3467 	3468 	3459
f 3467 	3459 	3462
f 1685 	3440 	1683
f 3447 	3444 	3452
f 3454 	3457 	3480
f 3440 	3434 	1683
f 2376 	2354 	3049
f 3401 	3902 	3448
f 3457 	3481 	3454
f 3462 	3862 	3856
f 3447 	3452 	3485
f 3424 	3456 	3455
f 3470 	3471 	3456
f 3470 	3456 	3455
f 3455 	3453 	3386
f 3353 	3386 	3453
f 3473 	3438 	3432
f 3438 	3439 	3432
f 3458 	3430 	3281
f 3213 	3281 	3430
f 3640 	3441 	3473
f 3470 	3455 	3386
f 3470 	3386 	3383
f 3476 	3477 	3456
f 3457 	3456 	3477
f 3316 	3317 	3458
f 3475 	3409 	3447
f 3478 	3320 	3430
f 3480 	3456 	3435
f 3424 	3435 	3456
f 3476 	3456 	3480
f 3473 	3517 	3438
f 3495 	3681 	3320
f 3481 	3476 	3456
f 3481 	3456 	3471
f 3435 	3442 	3480
f 3458 	3478 	3430
f 3476 	3276 	3456
f 1648 	3277 	3476
f 3455 	3456 	3386
f 3276 	3476 	3277
f 2924 	3102 	9709
f 3457 	3477 	3480
f 3320 	3478 	1594
f 1594 	3478 	3458
f 3477 	3481 	3457
f 3445 	4111 	3439
f 8024 	3487 	3264
f 3480 	3477 	3476
f 3476 	3481 	3477
f 3449 	4058 	3446
f 3591 	3676 	3461
f 3487 	5435 	3264
f 3454 	1648 	3457
f 3477 	3457 	1648
f 3486 	3464 	3396
f 3397 	3396 	3464
f 3477 	1648 	3476
f 5435 	3487 	1870
f 3398 	3387 	3464
f 3009 	3207 	3279
f 3398 	3464 	3463
f 3206 	3279 	3207
f 3490 	3545 	3492
f 3482 	3472 	3483
f 3475 	3483 	3472
f 3220 	3383 	3368
f 3475 	3485 	3483
f 3492 	3684 	3555
f 3485 	3475 	3447
f 3496 	3498 	3495
f 3497 	3498 	3496
f 3499 	3495 	3498
f 3490 	3492 	3592
f 3471 	3470 	4311
f 3466 	4311 	3470
f 3319 	3317 	3500
f 3497 	3500 	3318
f 3497 	3318 	3498
f 3503 	3499 	3502
f 3504 	3499 	3503
f 3501 	3502 	3499
f 3491 	3490 	3592
f 3220 	3466 	3383
f 3470 	3383 	3466
f 3501 	3505 	3506
f 3501 	3506 	3502
f 3425 	3420 	3479
f 3490 	3513 	3492
f 3479 	3420 	3488
f 2261 	2255 	2288
f 3499 	3510 	3501
f 3377 	3518 	3498
f 3498 	3318 	3377
f 3498 	3518 	3499
f 3509 	3501 	3510
f 3317 	3374 	3318
f 2289 	2288 	2251
f 3530 	3531 	3507
f 3484 	3508 	3511
f 3318 	3323 	3498
f 3507 	3560 	3432
f 3512 	2289 	2251
f 2255 	2251 	2288
f 3507 	3555 	3560
f 3484 	3511 	3433
f 3513 	3490 	3491
f 3513 	3491 	3489
f 3499 	3690 	3501
f 3511 	3434 	3433
f 3432 	2713 	3507
f 3956 	3498 	3499
f 2412 	3512 	2241
f 2251 	2241 	3512
f 3499 	3501 	3956
f 2242 	2570 	2438
f 2608 	2438 	2570
f 3220 	3187 	3515
f 3223 	3484 	3433
f 3365 	3364 	3469
f 3516 	3718 	3510
f 3395 	3484 	3223
f 3330 	3533 	3514
f 3161 	3353 	3515
f 3353 	3466 	3515
f 3510 	3499 	3518
f 3377 	3374 	3520
f 3518 	3377 	3520
f 3396 	3397 	3856
f 3493 	3856 	3397
f 3377 	9212 	3518
f 3518 	4027 	3377
f 3396 	3486 	3887
f 3520 	3516 	3518
f 3510 	3518 	3516
f 3523 	3521 	3365
f 2694 	3685 	3521
f 3522 	3524 	3525
f 3524 	3526 	3525
f 3453 	3466 	3353
f 3220 	3515 	3466
f 3332 	3331 	3521
f 2694 	3521 	3331
f 3527 	3528 	3521
f 3332 	3521 	3528
f 4150 	4149 	3494
f 3018 	3048 	3525
f 3530 	3521 	3531
f 3529 	1896 	1892
f 3532 	3527 	3521
f 3479 	3488 	3720
f 4027 	3518 	3510
f 3509 	4027 	3510
f 3532 	3521 	3530
f 3491 	3592 	3489
f 3502 	3516 	3503
f 3503 	3516 	3504
f 3528 	3507 	3332
f 3519 	3531 	3513
f 3489 	3519 	3513
f 2749 	3331 	3614
f 3525 	3048 	3541
f 3528 	3614 	3332
f 3489 	3519 	3545
f 3531 	3545 	3519
f 3534 	3508 	3484
f 3404 	3018 	3526
f 3018 	3525 	3526
f 3507 	3528 	3527
f 3527 	3532 	3507
f 3555 	3507 	3531
f 3533 	3535 	3559
f 3500 	3496 	3319
f 3497 	3496 	3500
f 3525 	3539 	3522
f 262 	3540 	2739
f 3530 	3507 	3532
f 3495 	3504 	3516
f 3516 	3520 	3495
f 3497 	3496 	3520
f 3718 	3516 	3502
f 2739 	3540 	3541
f 3614 	3528 	3527
f 3614 	3527 	3532
f 3496 	3495 	3520
f 3525 	3541 	3539
f 3532 	3530 	3614
f 3530 	3531 	3614
f 3592 	3614 	3531
f 3495 	3320 	3496
f 3514 	3659 	3664
f 3718 	3502 	3506
f 3417 	3527 	3528
f 3528 	3332 	3417
f 3533 	3659 	3514
f 3506 	3732 	3502
f 3468 	3538 	3459
f 3538 	3494 	3459
f 3460 	3459 	3494
f 3398 	3463 	3399
f 3388 	3398 	3399
f 1948 	3543 	2178
f 3544 	2178 	3543
f 3731 	3554 	3542
f 3532 	3527 	3417
f 3500 	3497 	3520
f 3520 	3379 	3500
f 3532 	3417 	3530
f 3491 	3555 	3489
f 3489 	3555 	3519
f 3319 	3500 	3379
f 3731 	3542 	3376
f 3469 	3523 	3365
f 3495 	3499 	3546
f 3738 	3484 	3395
f 3546 	3499 	3504
f 3495 	3546 	3504
f 3547 	3324 	3548
f 3523 	3365 	3549
f 3546 	3681 	3495
f 3491 	3489 	3545
f 3478 	3320 	3681
f 3681 	3546 	3504
f 3548 	3324 	3402
f 1892 	1893 	3529
f 3521 	3552 	3550
f 3490 	3491 	3545
f 3684 	3492 	3545
f 3548 	3542 	3547
f 3521 	3523 	3552
f 3529 	1957 	3536
f 3542 	3554 	3547
f 3552 	3469 	3550
f 3491 	3490 	3555
f 3469 	3552 	3523
f 3458 	3478 	3208
f 3208 	3478 	3681
f 3554 	1841 	3547
f 3551 	3550 	3549
f 3550 	3552 	3549
f 3523 	3549 	3552
f 3497 	1594 	3496
f 3495 	3496 	1594
f 3548 	3402 	3376
f 4183 	3550 	3551
f 3553 	3535 	3418
f 1594 	3497 	3500
f 1594 	3500 	3319
f 3319 	3320 	1594
f 3558 	3560 	3557
f 3535 	3553 	3559
f 4183 	4091 	3550
f 3548 	3376 	3542
f 3503 	3504 	1789
f 3546 	1789 	3504
f 3552 	4091 	3523
f 3562 	3559 	3561
f 3460 	3493 	3463
f 3561 	3559 	3553
f 3493 	3399 	3463
f 3493 	3522 	3494
f 3493 	3399 	3526
f 3524 	3493 	3526
f 3522 	3493 	3524
f 3539 	3494 	3522
f 3404 	3526 	3399
f 3556 	3543 	2031
f 1948 	2031 	3543
f 3557 	3517 	3558
f 3560 	3558 	3564
f 3312 	3304 	3565
f 3537 	3538 	3468
f 3224 	3573 	4175
f 3341 	4175 	3566
f 3538 	261 	3537
f 2737 	3537 	261
f 3567 	3560 	3564
f 3568 	3342 	3341
f 3568 	3341 	3566
f 3494 	3493 	3460
f 3544 	2177 	2178
f 2176 	2178 	2177
f 3567 	3564 	3640
f 3558 	3640 	3564
f 3342 	3568 	3302
f 3304 	3302 	3568
f 2250 	3536 	2177
f 3567 	3473 	3560
f 3432 	3560 	3473
f 262 	261 	3538
f 3494 	3540 	3538
f 3539 	3541 	3494
f 262 	3538 	3540
f 3342 	3232 	3341
f 3522 	3539 	3524
f 3567 	3564 	3517
f 3558 	3517 	3564
f 3540 	3494 	3541
f 3569 	3570 	3568
f 3570 	3571 	3568
f 3571 	3565 	3568
f 3304 	3568 	3565
f 3567 	3640 	3473
f 2899 	3541 	262
f 3544 	3543 	3572
f 3566 	4175 	3573
f 3567 	3517 	3473
f 3439 	3438 	3517
f 4107 	4108 	3564
f 3568 	3566 	3573
f 3419 	3439 	3517
f 3524 	3539 	3526
f 3539 	3541 	3526
f 3540 	262 	3541
f 2899 	3405 	3541
f 3367 	7151 	3366
f 1176 	3371 	3366
f 3572 	3656 	3544
f 3494 	3285 	3493
f 3286 	3284 	3285
f 4131 	3568 	3224
f 3573 	3224 	3568
f 3439 	4111 	3438
f 4107 	3564 	3567
f 3561 	3553 	3617
f 3566 	3341 	3232
f 3524 	3526 	3285
f 3545 	3521 	3577
f 3550 	3551 	3521
f 3551 	3577 	3521
f 3581 	3574 	3575
f 3578 	3580 	3576
f 3575 	3576 	3580
f 3579 	3580 	3578
f 3581 	3575 	3580
f 3526 	3436 	3285
f 3286 	3285 	3436
f 3526 	3404 	3436
f 3521 	3545 	3531
f 3258 	3568 	3259
f 3569 	3568 	3258
f 4131 	3259 	3568
f 3537 	3710 	3308
f 3579 	3666 	3580
f 3580 	3583 	3584
f 3573 	3566 	3232
f 3531 	3519 	3555
f 3586 	3580 	3579
f 3285 	3494 	3538
f 3308 	3285 	3537
f 3258 	3252 	3569
f 3406 	3350 	3563
f 3587 	3565 	3571
f 3587 	3571 	3570
f 3531 	3519 	3592
f 3489 	3592 	3519
f 3570 	3569 	3252
f 3311 	258 	3308
f 258 	262 	3308
f 3540 	3308 	262
f 3579 	3580 	3536
f 3308 	3540 	3541
f 3530 	3513 	3531
f 3570 	3588 	3587
f 3582 	3581 	3580
f 3522 	3285 	3539
f 3513 	3530 	3417
f 3395 	3563 	3738
f 3268 	3588 	3266
f 3774 	3581 	3586
f 3580 	3586 	3581
f 3550 	3469 	3551
f 3577 	3551 	3469
f 1841 	3324 	3547
f 3549 	3577 	3551
f 1841 	1838 	3324
f 3554 	1849 	1841
f 3785 	3591 	2856
f 3280 	3590 	3263
f 3590 	2332 	3263
f 3591 	2666 	2856
f 3581 	3536 	3580
f 3588 	3565 	3587
f 3588 	3570 	3571
f 3565 	3588 	3571
f 259 	258 	3593
f 3593 	258 	3311
f 3554 	3800 	1849
f 3266 	3588 	4141
f 3594 	3468 	3467
f 3588 	3268 	4141
f 3262 	3271 	3598
f 3599 	3600 	3307
f 3311 	3307 	3600
f 3224 	4175 	3225
f 4175 	4666 	3602
f 3597 	3612 	3589
f 3603 	3359 	3347
f 3582 	3536 	3581
f 3341 	3566 	3625
f 3566 	3573 	3625
f 3602 	3601 	3605
f 3596 	3605 	3601
f 3585 	3604 	3614
f 3583 	3630 	3584
f 3607 	3584 	3630
f 3606 	3584 	3607
f 3297 	3605 	3596
f 3583 	3543 	3584
f 3601 	3602 	4672
f 3350 	1862 	1859
f 3350 	1859 	3595
f 3580 	3584 	3608
f 3609 	3580 	3608
f 3591 	3461 	2170
f 3609 	3608 	3613
f 2880 	2722 	3610
f 3418 	3472 	3615
f 3604 	2749 	3614
f 3608 	3584 	3606
f 3616 	3613 	3606
f 3608 	3606 	3613
f 3418 	3615 	3553
f 2314 	4125 	3513
f 3598 	4674 	3262
f 3584 	3543 	3608
f 3614 	3592 	3585
f 3583 	3584 	3608
f 3734 	2310 	3609
f 3608 	3609 	3645
f 3612 	3597 	3618
f 4639 	3598 	3596
f 1594 	1789 	3546
f 3553 	3615 	3617
f 3575 	3574 	3607
f 3606 	3607 	3574
f 2749 	3604 	2736
f 3621 	3601 	3620
f 3622 	3601 	3621
f 3602 	3620 	3601
f 3574 	3619 	3575
f 3574 	3795 	3606
f 3342 	3341 	3625
f 3302 	4666 	3342
f 4630 	3612 	2742
f 3607 	3616 	3606
f 3303 	3302 	3625
f 3629 	3576 	3575
f 2856 	227 	3785
f 3633 	1888 	3631
f 3607 	3630 	3575
f 3629 	3575 	3630
f 3575 	3619 	3629
f 3617 	3628 	3889
f 3906 	3889 	3628
f 2677 	2732 	3626
f 3280 	6639 	3603
f 3603 	3347 	3280
f 3628 	3617 	3615
f 3610 	3634 	2880
f 267 	2880 	3634
f 2684 	3624 	2620
f 3623 	2620 	3624
f 3590 	3280 	3347
f 3629 	26 	3575
f 3574 	3575 	26
f 3910 	2659 	3624
f 3623 	3624 	2659
f 3606 	28 	3607
f 3560 	3637 	3638
f 3557 	3560 	3638
f 3628 	3615 	3636
f 276 	3791 	3785
f 3612 	3618 	2753
f 3472 	3482 	3636
f 3639 	3578 	3576
f 276 	1896 	3791
f 3638 	3640 	3557
f 3558 	3557 	3640
f 3643 	3644 	3462
f 3579 	3578 	3642
f 3615 	3472 	3636
f 3642 	3666 	3579
f 3641 	3666 	3642
f 3583 	3580 	3645
f 4150 	3145 	3643
f 3644 	3643 	3145
f 1900 	1896 	3647
f 3646 	1900 	3647
f 3586 	3642 	3670
f 3579 	3642 	3586
f 3641 	3670 	3642
f 3646 	3649 	3648
f 3647 	3649 	3646
f 3660 	3152 	3644
f 3651 	3586 	3670
f 3586 	3651 	3721
f 2248 	3721 	3651
f 2249 	3721 	2248
f 3622 	3621 	3596
f 4639 	3596 	3621
f 4166 	3517 	3638
f 3557 	3638 	3517
f 3642 	3536 	3641
f 2250 	3656 	3536
f 3656 	3663 	3536
f 3655 	3657 	3653
f 3621 	3658 	3622
f 3642 	3579 	3536
f 3558 	3564 	4108
f 3621 	3620 	4639
f 3652 	2602 	3653
f 3655 	3653 	2602
f 3620 	3658 	3621
f 3583 	3645 	3543
f 3666 	3543 	3645
f 3640 	3638 	3637
f 3583 	3608 	3645
f 3648 	3810 	3873
f 3810 	3809 	3873
f 3754 	3655 	3755
f 3653 	3755 	3655
f 3637 	4166 	3638
f 3659 	3562 	3675
f 3646 	3791 	1900
f 3810 	3791 	3648
f 2987 	3000 	3695
f 3655 	2631 	3653
f 3648 	3791 	3646
f 1900 	3791 	1896
f 3659 	3559 	3562
f 2250 	3544 	3656
f 2861 	3657 	3655
f 2602 	2463 	3655
f 1900 	3529 	3646
f 2878 	3700 	2877
f 3659 	3533 	3559
f 3810 	3648 	3529
f 3646 	3529 	3648
f 3638 	3667 	3637
f 4108 	3669 	3557
f 3557 	3558 	4108
f 3656 	2250 	3651
f 3662 	3663 	3641
f 3662 	3641 	3642
f 3919 	3925 	1899
f 1899 	1897 	3919
f 3647 	3916 	3649
f 3649 	3917 	3650
f 3660 	3700 	3467
f 3578 	3662 	3642
f 3675 	3664 	3659
f 3663 	3666 	3641
f 3645 	3580 	3666
f 3667 	3737 	4106
f 3663 	3668 	3641
f 3668 	3670 	3641
f 3601 	3622 	3596
f 1929 	3633 	3671
f 3650 	3649 	3804
f 3804 	3649 	3647
f 3641 	3536 	3663
f 3669 	4100 	3667
f 3082 	2861 	3769
f 3657 	3769 	2861
f 3779 	3778 	3657
f 3779 	3657 	3655
f 3601 	3622 	3658
f 3657 	2631 	3655
f 3666 	3630 	3645
f 3657 	2861 	2631
f 3572 	3543 	3666
f 3647 	1880 	1899
f 3622 	4672 	3621
f 3601 	4672 	3622
f 4129 	3514 	3664
f 4108 	3995 	3669
f 3669 	3626 	3667
f 3645 	3609 	3666
f 1880 	3647 	3672
f 3649 	3672 	3647
f 3261 	3262 	4674
f 3662 	3668 	3663
f 3667 	3638 	3669
f 3653 	3756 	3652
f 3649 	3650 	3672
f 3662 	2251 	3670
f 3668 	3662 	3670
f 3578 	2251 	3662
f 2613 	2602 	4012
f 4012 	2602 	3673
f 3652 	3673 	2602
f 3674 	3605 	3297
f 1880 	3672 	1789
f 4056 	3902 	3673
f 3672 	3743 	1789
f 3605 	3261 	3602
f 4674 	3602 	3261
f 3261 	3605 	3297
f 3297 	3271 	3261
f 3652 	3761 	3653
f 3666 	3663 	3572
f 3656 	3572 	3663
f 3668 	3656 	3670
f 3663 	3656 	3668
f 3651 	3670 	3656
f 3591 	3785 	3676
f 4011 	3673 	2647
f 3653 	2647 	3652
f 2264 	3677 	2261
f 3461 	3676 	3323
f 3653 	2631 	2647
f 3677 	3663 	3668
f 3670 	3677 	3668
f 3785 	3791 	3676
f 3323 	3676 	3690
f 3677 	2266 	2261
f 3661 	3675 	4018
f 3677 	2264 	2266
f 3676 	3791 	3690
f 3675 	3661 	3664
f 2248 	2266 	3651
f 2266 	3677 	3651
f 3670 	3651 	3677
f 4150 	3494 	3643
f 2877 	3660 	3708
f 3644 	3643 	3538
f 3494 	3538 	3643
f 3679 	3680 	3545
f 3680 	3716 	3545
f 3656 	3677 	2250
f 2266 	2250 	3677
f 3663 	3677 	3656
f 3707 	3682 	3545
f 3545 	3682 	3679
f 2405 	2403 	2310
f 3666 	2310 	2403
f 3583 	3645 	3630
f 3506 	3505 	3688
f 3505 	3689 	3688
f 3686 	3688 	3689
f 3644 	3145 	3660
f 3666 	3609 	2310
f 3684 	3691 	3555
f 3492 	3555 	3490
f 3691 	3766 	3555
f 2877 	2852 	3660
f 3512 	3639 	2289
f 3639 	3576 	2289
f 3633 	1929 	1890
f 3695 	3145 	3654
f 3691 	3592 	3684
f 136 	3694 	3730
f 3607 	4202 	3616
f 3671 	3633 	3739
f 3684 	3513 	4125
f 3513 	3684 	3492
f 3691 	3684 	4125
f 3576 	3696 	2289
f 3629 	3696 	3576
f 2290 	2289 	3696
f 136 	3730 	63
f 1859 	3671 	3595
f 3630 	3666 	2403
f 3680 	3679 	3665
f 3654 	2987 	3695
f 3665 	3679 	3682
f 2407 	2310 	4197
f 3660 	2877 	3700
f 1929 	3671 	1859
f 3701 	3680 	3679
f 3701 	3679 	3682
f 2408 	2290 	3696
f 3594 	3467 	3700
f 3703 	3705 	3702
f 3706 	3702 	3705
f 2878 	2877 	2890
f 3619 	3632 	3696
f 3696 	3632 	2412
f 3696 	2412 	2290
f 2403 	2405 	3696
f 3696 	3629 	2403
f 3630 	2403 	3629
f 3707 	3701 	3682
f 3629 	3619 	3696
f 2890 	3708 	3700
f 3708 	3468 	3700
f 3683 	3685 	2694
f 3364 	3521 	3685
f 2737 	2896 	3708
f 3679 	4183 	3682
f 2403 	2421 	3630
f 2421 	4202 	3630
f 3683 	2694 	3711
f 3708 	2890 	3710
f 2881 	3709 	2890
f 3501 	3509 	3505
f 3689 	3505 	3712
f 3689 	3712 	3713
f 2991 	2715 	3381
f 3690 	3689 	3505
f 3505 	3501 	3690
f 3690 	3499 	3323
f 3723 	3545 	3716
f 263 	2829 	3715
f 3441 	2991 	3381
f 3630 	3607 	28
f 3686 	3689 	3713
f 3686 	3713 	3717
f 3145 	3695 	2829
f 3801 	3729 	3701
f 3690 	3686 	3689
f 3639 	3512 	2412
f 3639 	2412 	3632
f 3714 	2829 	3695
f 3715 	2829 	3714
f 63 	3730 	3390
f 1888 	1882 	3631
f 3718 	3719 	3712
f 3713 	3712 	3719
f 3717 	3713 	3719
f 3714 	1349 	3715
f 1349 	1348 	3715
f 3695 	3000 	3714
f 2992 	1349 	3714
f 3712 	9243 	3713
f 3712 	3505 	3509
f 3716 	3680 	3665
f 3709 	2896 	3710
f 3509 	3510 	3718
f 3712 	3509 	3718
f 3582 	3581 	3774
f 263 	3715 	264
f 3723 	3701 	3722
f 3716 	3701 	3723
f 3680 	3701 	3716
f 3586 	3721 	3098
f 4045 	3723 	3722
f 3716 	4183 	3680
f 4045 	4183 	3723
f 3713 	4027 	3712
f 3725 	3710 	3311
f 3600 	3725 	3311
f 3593 	3311 	3710
f 3717 	4027 	3713
f 3699 	4141 	3698
f 3705 	4141 	3706
f 3706 	4141 	3699
f 3727 	3619 	3781
f 3692 	3698 	3699
f 3723 	4183 	3716
f 3619 	3727 	3632
f 2241 	3632 	3727
f 2241 	3727 	3728
f 2241 	3728 	2242
f 3699 	3706 	3692
f 3705 	3692 	3706
f 3729 	3545 	3722
f 3698 	3189 	3699
f 3554 	3731 	3800
f 3578 	3639 	2251
f 3381 	2715 	3755
f 3502 	3732 	3503
f 3632 	2241 	3639
f 2241 	2251 	3639
f 3711 	3012 	3683
f 2979 	3012 	3711
f 3729 	3722 	3665
f 3722 	3723 	3665
f 3723 	3716 	3665
f 3730 	3694 	3693
f 2252 	2248 	2251
f 3719 	3718 	3688
f 3688 	3718 	3506
f 3651 	3670 	2251
f 3722 	3701 	3729
f 3688 	3732 	3506
f 3504 	3503 	3732
f 3734 	3580 	3609
f 3741 	3740 	4101
f 3580 	4101 	3733
f 3731 	3376 	3479
f 3753 	3444 	3730
f 3717 	3746 	3686
f 3735 	3686 	3746
f 3996 	4106 	3737
f 3735 	3791 	3736
f 3467 	3462 	3644
f 3644 	3660 	3467
f 3748 	3623 	3624
f 3791 	3735 	3690
f 3686 	3690 	3735
f 3538 	3537 	3644
f 3660 	3644 	3537
f 3708 	3660 	3537
f 3739 	3484 	3738
f 3753 	3730 	3693
f 3740 	3536 	3733
f 3733 	3536 	3582
f 3667 	4100 	3737
f 3686 	3735 	9242
f 3537 	3468 	3708
f 3594 	3700 	3468
f 3537 	2737 	3708
f 236 	3694 	136
f 3627 	3737 	3667
f 3720 	3731 	3479
f 3667 	3737 	3637
f 236 	3832 	3694
f 3720 	3611 	3731
f 3804 	3681 	3732
f 3307 	3308 	3710
f 3708 	3710 	3537
f 3710 	3725 	3307
f 3599 	3307 	3725
f 3731 	3611 	3800
f 3504 	3732 	3681
f 3733 	3582 	3580
f 3633 	3631 	3739
f 3739 	3631 	3534
f 3582 	3774 	3733
f 3484 	3739 	3534
f 3355 	3356 	3347
f 3590 	3347 	4188
f 3741 	3740 	3775
f 3774 	3775 	3740
f 3740 	3733 	3774
f 3743 	3744 	3742
f 3736 	3742 	3744
f 3744 	3745 	3736
f 3735 	3736 	3745
f 3735 	3745 	3686
f 3688 	3686 	3745
f 3687 	3724 	3789
f 3747 	3665 	3748
f 3683 	3013 	3685
f 4045 	3722 	3729
f 3736 	3735 	3746
f 3746 	3752 	3736
f 3529 	3536 	4289
f 3736 	3791 	3742
f 3742 	9242 	3736
f 3741 	4289 	3740
f 3536 	3740 	4289
f 3549 	3685 	3013
f 3013 	3683 	3711
f 3013 	3711 	2979
f 3624 	3747 	3748
f 3749 	3746 	3717
f 3749 	3717 	3719
f 3613 	4138 	4101
f 3613 	3734 	3609
f 3693 	3687 	3750
f 2895 	2991 	3162
f 3441 	4042 	2991
f 3189 	3147 	3699
f 3957 	4162 	3747
f 3753 	3693 	3750
f 3754 	3755 	3756
f 3609 	3608 	3543
f 3609 	3543 	3734
f 3704 	3920 	3948
f 3757 	3758 	3705
f 3758 	3790 	3705
f 4183 	3747 	3748
f 3760 	3613 	3616
f 4055 	3756 	3761
f 3704 	3692 	3705
f 4055 	3652 	3756
f 3756 	3653 	3657
f 3763 	4174 	3762
f 3616 	3606 	3799
f 3760 	3616 	3799
f 3657 	2861 	3756
f 3763 	3765 	4174
f 3746 	3749 	3752
f 3545 	4174 	3766
f 29 	27 	4138
f 3704 	3705 	3147
f 3705 	3706 	3147
f 3752 	3830 	4027
f 3746 	3752 	4027
f 3768 	4413 	3766
f 3740 	3770 	3771
f 3706 	3699 	3147
f 3764 	3452 	3753
f 3743 	3749 	3744
f 3719 	3688 	3749
f 3772 	4265 	3773
f 3738 	3671 	3739
f 3753 	3750 	3764
f 3776 	3741 	3775
f 3757 	3164 	3758
f 3744 	3749 	3745
f 3745 	3749 	3688
f 3764 	3750 	3803
f 3595 	3738 	3563
f 3745 	3744 	3804
f 3595 	3671 	3738
f 3775 	3774 	3777
f 3688 	3745 	3732
f 3804 	3732 	3745
f 3773 	4279 	3772
f 3756 	3769 	3778
f 3756 	3778 	3779
f 3756 	3779 	3754
f 3815 	3743 	3672
f 7145 	3452 	3764
f 3754 	3751 	3755
f 3761 	3755 	3751
f 3767 	3780 	2635
f 1789 	3744 	3745
f 3751 	3754 	3779
f 3773 	4166 	3772
f 3502 	1789 	3506
f 3784 	4174 	3765
f 3687 	3783 	3750
f 3770 	3782 	3771
f 3781 	3771 	3782
f 3779 	3655 	3754
f 3787 	3767 	3786
f 3790 	3758 	3860
f 3762 	3794 	3763
f 4048 	3782 	3770
f 4223 	3782 	4054
f 3796 	3792 	3789
f 3783 	3789 	3792
f 3574 	3581 	3795
f 3797 	3793 	3780
f 3765 	3763 	3794
f 3765 	3794 	3784
f 4302 	1881 	3611
f 3795 	3581 	3582
f 3798 	3799 	3740
f 3771 	3798 	3740
f 3733 	3740 	3799
f 3799 	3795 	3733
f 3582 	3733 	3795
f 3751 	3779 	3778
f 3769 	3751 	3778
f 3801 	3765 	3763
f 3801 	3763 	3762
f 3787 	3797 	3767
f 3780 	3767 	3797
f 3765 	3801 	3784
f 3769 	3657 	3778
f 3762 	4174 	3802
f 3723 	3722 	3545
f 4138 	3760 	3799
f 3799 	3606 	3795
f 4139 	4138 	3799
f 2723 	2724 	3778
f 2724 	2998 	3778
f 3635 	3260 	3812
f 3691 	3684 	3545
f 3768 	3766 	4174
f 3691 	3545 	3766
f 3781 	3619 	3574
f 3781 	3574 	3795
f 3755 	2715 	3754
f 3754 	2715 	3779
f 3778 	3779 	2723
f 4236 	3555 	3766
f 3766 	3768 	4236
f 3799 	3781 	3795
f 3783 	3687 	3789
f 3766 	3592 	3691
f 3560 	4265 	3637
f 3772 	3637 	4265
f 3799 	3798 	3781
f 3771 	3781 	3798
f 3800 	3611 	1881
f 3560 	3555 	4265
f 4236 	4265 	3555
f 3816 	9242 	3742
f 1888 	3633 	1890
f 3829 	3847 	3012
f 4139 	3799 	3798
f 4139 	3798 	3771
f 4091 	3683 	3685
f 3691 	4125 	3766
f 1849 	3800 	1881
f 3681 	3804 	3634
f 3711 	3838 	2979
f 3772 	3640 	3637
f 3812 	3797 	3787
f 3812 	3787 	3786
f 3549 	3013 	3618
f 3805 	3780 	3793
f 2081 	1378 	2996
f 3637 	3772 	4166
f 3806 	3780 	3805
f 3809 	3791 	3810
f 2081 	2996 	3001
f 2081 	3001 	3807
f 3993 	4100 	3640
f 3637 	3737 	3772
f 3802 	3729 	3794
f 4000 	3813 	3529
f 3014 	2977 	3838
f 3803 	3783 	3792
f 6760 	1339 	6597
f 3762 	3802 	3794
f 3013 	2753 	3618
f 3610 	3681 	3634
f 2792 	3780 	3806
f 3783 	3803 	3750
f 3802 	3801 	3762
f 3811 	3469 	3808
f 3809 	3854 	3814
f 3742 	3816 	3743
f 3815 	3743 	3816
f 3265 	2674 	3812
f 224 	3818 	236
f 3737 	3817 	3996
f 3805 	3793 	3820
f 3816 	3821 	3815
f 3819 	3815 	3813
f 3813 	3815 	3821
f 3797 	3820 	3793
f 3626 	3983 	3996
f 3871 	3872 	3814
f 4091 	3838 	3683
f 3737 	3993 	3817
f 3795 	3574 	26
f 3629 	3696 	26
f 3814 	3791 	3809
f 1378 	1348 	3824
f 3824 	1345 	3823
f 3822 	1378 	3824
f 3799 	26 	3798
f 3795 	26 	3799
f 3825 	3822 	3824
f 3097 	3079 	3826
f 3827 	3828 	3826
f 3097 	3826 	3828
f 27 	28 	3606
f 8234 	8233 	28
f 3751 	3162 	2991
f 3529 	3809 	3810
f 4412 	4048 	26
f 3798 	26 	3771
f 3771 	26 	3770
f 3788 	3772 	3817
f 4263 	3773 	3788
f 3773 	3772 	3788
f 3737 	3817 	3772
f 2861 	2860 	3167
f 3167 	3756 	2861
f 4314 	6602 	249
f 3606 	3616 	27
f 3769 	3756 	3082
f 3167 	3082 	3756
f 3752 	3830 	3816
f 3821 	3830 	3831
f 3821 	3831 	3874
f 1415 	272 	1344
f 3823 	1344 	3833
f 3696 	2290 	26
f 3083 	3162 	3082
f 3769 	3082 	3751
f 236 	3818 	3832
f 3742 	3752 	3816
f 3742 	3736 	3752
f 270 	3833 	272
f 3833 	1344 	272
f 2403 	3630 	28
f 3833 	3824 	3823
f 3082 	3769 	2998
f 4045 	3802 	3762
f 3763 	4045 	3762
f 3797 	3812 	3820
f 3791 	3821 	3816
f 3816 	3742 	3791
f 3825 	3824 	273
f 270 	273 	3824
f 270 	3824 	3833
f 4045 	3763 	3765
f 4045 	3765 	3784
f 2810 	3820 	3812
f 3828 	3012 	3097
f 3828 	3834 	3097
f 3838 	3828 	3097
f 3805 	3820 	3806
f 3820 	2810 	3806
f 2792 	3806 	2810
f 3821 	3874 	3813
f 3874 	3875 	3813
f 3814 	3813 	3871
f 3012 	3828 	3827
f 3827 	3829 	3012
f 3545 	3729 	4174
f 3802 	4174 	3729
f 3693 	3835 	3687
f 3693 	3694 	3835
f 2833 	2818 	3842
f 3665 	3794 	3729
f 3828 	3827 	3834
f 3829 	3834 	3827
f 3199 	3790 	3164
f 3758 	3164 	3790
f 3791 	3814 	3813
f 3791 	3813 	3821
f 3842 	3836 	3985
f 2220 	2434 	3721
f 3837 	3705 	3790
f 4026 	1708 	1718
f 3827 	3828 	3838
f 3721 	2242 	3728
f 3694 	3832 	3835
f 4091 	3811 	3838
f 3827 	3838 	3829
f 3711 	3683 	3838
f 3724 	3687 	3941
f 3809 	3529 	3814
f 3814 	3529 	3813
f 3836 	3842 	2818
f 3774 	3866 	3777
f 3027 	3014 	3838
f 3813 	4000 	3821
f 3816 	3821 	4000
f 476 	3781 	3782
f 3729 	3801 	3802
f 3831 	3830 	3885
f 3728 	2570 	3721
f 2568 	3721 	2570
f 3842 	3978 	2646
f 2617 	3826 	3079
f 3080 	2472 	3079
f 2520 	3842 	2646
f 2617 	3079 	2472
f 3821 	3816 	3830
f 3561 	3840 	3562
f 3729 	3802 	4045
f 3080 	3270 	3079
f 3826 	3079 	3834
f 3238 	3244 	3080
f 3843 	3562 	3840
f 3830 	3752 	3885
f 3749 	3885 	3752
f 3844 	3827 	3826
f 3746 	9243 	3752
f 3831 	4027 	3830
f 3847 	3844 	3808
f 3846 	3808 	3844
f 3827 	3844 	3829
f 3829 	3844 	3847
f 3849 	3850 	3848
f 2833 	3842 	2520
f 2617 	3846 	3844
f 3826 	2617 	3844
f 3815 	3819 	3885
f 2520 	2841 	2833
f 3843 	3840 	3851
f 3627 	3996 	3850
f 2580 	3921 	2584
f 3728 	3727 	2570
f 2532 	2646 	4258
f 3891 	3886 	3819
f 3886 	3885 	3819
f 3844 	3826 	3846
f 3834 	3846 	3826
f 3815 	3804 	3743
f 3079 	3826 	3844
f 2657 	3079 	3844
f 3837 	3790 	3841
f 3860 	3841 	3790
f 3851 	3840 	3852
f 3846 	2657 	3844
f 3744 	3743 	3804
f 3804 	3815 	3819
f 3847 	3808 	3469
f 3790 	3199 	3837
f 3648 	3649 	3810
f 3809 	3810 	3649
f 3834 	3847 	3808
f 3811 	3834 	3808
f 3757 	3758 	3268
f 3837 	3268 	3790
f 3847 	3838 	3808
f 3809 	3649 	3650
f 3809 	3650 	3854
f 3813 	3814 	3854
f 3854 	3819 	3813
f 3697 	3703 	3702
f 3469 	3012 	3847
f 4146 	4144 	2635
f 3872 	3873 	3809
f 3809 	3814 	3872
f 3835 	3941 	3687
f 3834 	3829 	3847
f 3776 	3775 	3853
f 3460 	3464 	3861
f 3775 	456 	3853
f 3859 	3462 	3857
f 3856 	3857 	3462
f 3758 	3858 	3860
f 3775 	3777 	456
f 3862 	3462 	3861
f 3460 	3861 	3462
f 3819 	3854 	3891
f 3863 	3861 	3464
f 3819 	3854 	3804
f 3650 	3804 	3854
f 3650 	3854 	3672
f 3486 	3865 	3464
f 3864 	3464 	3865
f 3744 	1789 	3743
f 4025 	3675 	3843
f 3867 	3464 	3864
f 3819 	3672 	3854
f 3815 	3672 	3819
f 3858 	4171 	3860
f 3841 	3860 	4171
f 3863 	3464 	3867
f 4064 	462 	3866
f 3889 	3852 	3840
f 3869 	3870 	5089
f 3859 	3857 	3494
f 3493 	3494 	3857
f 3855 	1339 	3869
f 3873 	3880 	3648
f 462 	3777 	3866
f 3486 	3396 	3856
f 1339 	3870 	3869
f 3889 	3840 	3617
f 3871 	3813 	3875
f 1349 	3870 	1339
f 2594 	2532 	2157
f 3486 	3389 	3865
f 3774 	3911 	3866
f 3917 	3873 	3872
f 3865 	3486 	3856
f 3864 	3865 	3856
f 3857 	3856 	3493
f 3862 	3861 	3856
f 3861 	3867 	3856
f 3864 	3856 	3867
f 3556 	3873 	3872
f 3879 	3702 	3706
f 3861 	3863 	3867
f 3724 	3852 	3888
f 3863 	3862 	3861
f 3879 	3706 	3699
f 3879 	3699 	3878
f 3561 	3617 	3840
f 3808 	3838 	3811
f 3829 	3838 	3847
f 2532 	3145 	3862
f 3916 	3880 	3873
f 2532 	3862 	3863
f 2532 	3863 	3867
f 3864 	2156 	2532
f 2675 	3849 	3848
f 3873 	3556 	3880
f 3702 	3879 	3697
f 3879 	3878 	3697
f 3877 	3697 	3878
f 3867 	3864 	2532
f 3865 	3389 	3864
f 3880 	2118 	3873
f 3849 	3848 	3884
f 3697 	3877 	4047
f 3364 	3685 	3469
f 3683 	3012 	3685
f 3012 	3469 	3685
f 3831 	3885 	3874
f 3875 	3874 	3885
f 3875 	3885 	3886
f 3685 	3549 	3364
f 2583 	2594 	3887
f 4140 	3875 	3874
f 3874 	3831 	4140
f 4140 	3831 	3830
f 3781 	476 	3890
f 3888 	3852 	3889
f 3874 	4027 	3831
f 3704 	3920 	3692
f 3943 	3811 	3896
f 3896 	3811 	3846
f 2157 	2156 	3887
f 3886 	3891 	3871
f 3875 	3886 	3871
f 3872 	3871 	3891
f 3917 	3872 	3891
f 3920 	3704 	3892
f 3865 	3887 	3486
f 3789 	3724 	3888
f 3751 	2991 	4042
f 3640 	4042 	3441
f 3893 	3895 	3892
f 3894 	3895 	3893
f 2551 	2583 	3887
f 3872 	3871 	3556
f 4140 	3556 	3875
f 3627 	3850 	3849
f 3627 	3849 	2611
f 3894 	3893 	3898
f 3894 	3898 	3899
f 3900 	3901 	3899
f 3894 	3899 	3901
f 3884 	3627 	3850
f 3884 	3850 	3849
f 3857 	3859 	3050
f 3850 	2732 	3849
f 3755 	3761 	3756
f 3761 	3902 	4055
f 3862 	3903 	3861
f 3586 	3911 	3774
f 3894 	3905 	3895
f 3901 	3904 	3894
f 3905 	3894 	3904
f 3873 	2118 	3872
f 3871 	3872 	2136
f 3861 	3903 	3863
f 3627 	3626 	2732
f 3850 	3627 	2732
f 3921 	3727 	3890
f 3883 	4062 	3907
f 3862 	3856 	3050
f 3717 	3746 	4027
f 2684 	3845 	3624
f 3865 	3864 	3887
f 3864 	3867 	3887
f 3881 	3908 	3882
f 3977 	4162 	3623
f 3867 	3863 	3887
f 3903 	3887 	3863
f 3909 	3883 	3907
f 3871 	7332 	3875
f 3910 	4029 	3845
f 3098 	3911 	3586
f 3908 	3881 	3883
f 3789 	3918 	3796
f 3098 	3066 	3911
f 511 	4073 	427
f 427 	4073 	3912
f 3907 	3913 	3909
f 3743 	3815 	3885
f 3848 	3850 	3996
f 3996 	514 	3914
f 3848 	3996 	3914
f 3749 	3743 	3885
f 3789 	3888 	3918
f 3909 	3913 	3883
f 3880 	3922 	3648
f 3646 	3648 	3922
f 3889 	3906 	3888
f 3916 	3873 	3917
f 3678 	3894 	3901
f 3895 	3894 	3678
f 2635 	2628 	4146
f 3703 	3892 	3704
f 3705 	3703 	3704
f 3940 	3869 	3939
f 3920 	3892 	3895
f 2034 	2031 	3919
f 3895 	3948 	3920
f 3705 	3704 	3757
f 1900 	3646 	3924
f 3924 	3646 	3923
f 3922 	3937 	3646
f 2039 	1900 	3924
f 3888 	3906 	3918
f 3895 	3678 	3920
f 3925 	3919 	2030
f 2039 	3924 	3925
f 3751 	4042 	3761
f 3678 	3692 	3920
f 3155 	3156 	3149
f 3556 	2039 	3924
f 3755 	3653 	3761
f 3147 	3920 	3704
f 3923 	3938 	3924
f 3401 	3381 	3755
f 3920 	3147 	3895
f 3894 	3895 	3147
f 3937 	3556 	3923
f 3781 	3890 	3727
f 3761 	3902 	3401
f 3755 	3761 	3401
f 3916 	3922 	3880
f 3846 	2617 	2623
f 3904 	3931 	3905
f 3930 	3905 	3931
f 3929 	3156 	3161
f 3880 	3556 	3922
f 3922 	2118 	3880
f 3176 	3164 	3904
f 3926 	3932 	3952
f 3767 	3952 	3932
f 3932 	3928 	3767
f 3927 	3767 	3928
f 3901 	3933 	3904
f 3896 	3846 	4074
f 3915 	2681 	3914
f 3848 	3914 	2675
f 3934 	3935 	3936
f 3923 	3646 	3937
f 3834 	4074 	3846
f 3925 	3924 	3938
f 3938 	3923 	3937
f 2675 	3914 	2681
f 437 	2681 	3915
f 3896 	3897 	2657
f 3924 	3923 	3556
f 2657 	3846 	3896
f 2036 	2118 	2039
f 2039 	2118 	3924
f 3915 	3998 	3914
f 437 	4075 	3915
f 3914 	3998 	3848
f 3922 	3916 	3937
f 3938 	3937 	3916
f 2732 	3915 	3914
f 3849 	2732 	3848
f 3914 	3848 	2732
f 3922 	3556 	3937
f 3843 	3982 	4025
f 2732 	2679 	3915
f 437 	3915 	2679
f 3942 	3928 	3932
f 3923 	2118 	3937
f 3924 	2118 	3923
f 3937 	2118 	3922
f 2136 	8233 	3871
f 2136 	3872 	2118
f 2684 	3910 	3845
f 3685 	3364 	4091
f 3365 	3523 	4091
f 3364 	3365 	4091
f 3910 	2684 	3912
f 3912 	2684 	2686
f 3927 	3786 	3767
f 3941 	3852 	3724
f 427 	3912 	2686
f 3891 	3854 	3917
f 3917 	3649 	3916
f 3650 	3917 	3854
f 3635 	3942 	3759
f 3941 	3851 	3852
f 3808 	3846 	3811
f 3942 	4253 	3759
f 3919 	1895 	2034
f 3647 	1899 	3925
f 3845 	3957 	3912
f 3845 	3912 	3910
f 3812 	3942 	3635
f 3938 	3647 	3925
f 3845 	3910 	3624
f 3942 	3927 	3928
f 3942 	3812 	3927
f 3786 	3927 	3812
f 3904 	3933 	3946
f 3904 	3946 	3931
f 3811 	3943 	3469
f 2743 	2683 	3912
f 3916 	3647 	3938
f 2743 	3912 	427
f 3943 	4074 	3811
f 3834 	3811 	4074
f 3176 	3904 	3933
f 3932 	3926 	3942
f 3948 	3895 	3905
f 2407 	3947 	3950
f 4091 	3943 	3811
f 3929 	3156 	3921
f 3156 	3155 	3921
f 4029 	4030 	3845
f 3747 	3845 	3951
f 3949 	3952 	3953
f 2407 	3950 	2426
f 3954 	3187 	3929
f 3156 	3929 	3187
f 3757 	3704 	3948
f 3845 	3624 	3957
f 3623 	4162 	3624
f 3757 	3948 	3858
f 3758 	3757 	3858
f 3958 	3858 	3948
f 3948 	3905 	3958
f 3930 	3958 	3905
f 9293 	3960 	3952
f 3953 	3952 	3960
f 3954 	3515 	3187
f 3960 	9293 	3955
f 3876 	3989 	3961
f 3165 	2584 	3921
f 3960 	4253 	3953
f 3951 	3794 	3747
f 3876 	3961 	3962
f 3818 	7159 	3959
f 3954 	3929 	3515
f 3161 	3515 	3929
f 3951 	3957 	3747
f 3689 	3956 	3505
f 3501 	3505 	3956
f 3881 	3882 	3961
f 3962 	3961 	3882
f 3951 	3747 	4045
f 3952 	3949 	3926
f 3944 	3945 	3963
f 3944 	3963 	3964
f 3984 	3818 	3959
f 4183 	4045 	3747
f 3016 	9212 	1148
f 476 	4071 	3890
f 3949 	3953 	4253
f 3967 	4016 	3969
f 3970 	3971 	3969
f 3967 	3969 	3971
f 3623 	3748 	3966
f 2696 	3975 	3987
f 3976 	3978 	3974
f 4159 	3977 	3966
f 3973 	3974 	3978
f 3832 	3818 	3984
f 2696 	2698 	3975
f 3757 	3948 	3164
f 3905 	3164 	3948
f 3149 	4020 	3968
f 3965 	3784 	3794
f 3973 	4005 	3974
f 3794 	3972 	3965
f 3968 	3343 	3069
f 3968 	3069 	3969
f 3974 	3994 	3976
f 3948 	3267 	3905
f 3904 	3905 	3267
f 3933 	3904 	3267
f 3986 	3970 	3969
f 3758 	3790 	3268
f 3972 	3965 	3801
f 3784 	3801 	3965
f 4020 	3986 	3969
f 3959 	3982 	3984
f 3988 	3931 	3946
f 3973 	3842 	3985
f 3969 	3069 	3987
f 3969 	3987 	3986
f 3990 	3978 	3991
f 3986 	3911 	3969
f 3968 	3911 	3343
f 3980 	3509 	3510
f 3986 	4020 	3970
f 3976 	3991 	3978
f 3832 	3984 	3835
f 3941 	3835 	3984
f 3510 	3518 	3980
f 3970 	3987 	3971
f 3640 	4279 	3993
f 3851 	3984 	3982
f 3986 	3987 	3970
f 3975 	3971 	3987
f 4013 	3992 	4077
f 4029 	3910 	4031
f 3970 	5411 	3986
f 3971 	5411 	3970
f 3968 	3969 	3911
f 3983 	3626 	3995
f 3686 	9242 	3689
f 4005 	3985 	3836
f 4005 	3836 	2818
f 4017 	4016 	3975
f 3975 	3967 	3971
f 3996 	3817 	3997
f 3983 	3995 	3981
f 2611 	2613 	3995
f 3981 	3995 	2613
f 3985 	4005 	3973
f 3994 	3974 	4005
f 3991 	3994 	3990
f 4108 	4107 	3983
f 4107 	4111 	3983
f 3967 	5411 	3971
f 3991 	3976 	3994
f 3998 	3996 	3999
f 3995 	4108 	3983
f 3997 	4001 	3996
f 3999 	3996 	4001
f 3851 	3941 	3984
f 3912 	4031 	3910
f 4021 	3990 	3994
f 1633 	1708 	3992
f 3983 	3981 	2677
f 2647 	2677 	3981
f 2677 	3995 	3983
f 1708 	4026 	3992
f 3626 	3627 	2611
f 3995 	3626 	2611
f 3931 	4171 	3930
f 3946 	4171 	3931
f 3626 	3669 	3995
f 4003 	3931 	4002
f 3988 	4002 	3931
f 3627 	3626 	3996
f 4003 	4004 	3931
f 3946 	3931 	4004
f 3626 	3995 	2677
f 3998 	3999 	3993
f 3993 	3999 	4001
f 3697 	3892 	3703
f 3842 	3973 	3978
f 3987 	2730 	2696
f 3999 	3848 	3998
f 3884 	3848 	3999
f 3977 	2620 	3966
f 3966 	2620 	3623
f 4001 	3884 	3999
f 3893 	3892 	4065
f 3697 	4065 	3892
f 4075 	4266 	3998
f 2730 	3987 	3069
f 4002 	4004 	4003
f 3966 	3977 	3623
f 3993 	4001 	3997
f 3997 	3817 	3993
f 3817 	3737 	3627
f 4159 	4160 	3977
f 3997 	3817 	3884
f 4001 	3997 	3884
f 3627 	3884 	3817
f 2828 	3144 	2818
f 4005 	2818 	3144
f 3817 	3997 	3788
f 3652 	4055 	3673
f 3999 	3998 	3788
f 4001 	3999 	3788
f 3997 	4001 	3788
f 4011 	4055 	3979
f 4011 	3979 	4012
f 3673 	4011 	4012
f 3851 	3982 	3843
f 4058 	4056 	4011
f 3902 	3761 	3673
f 3982 	3959 	4014
f 3385 	4016 	3426
f 3372 	4016 	3385
f 3066 	4016 	3372
f 4016 	4017 	3426
f 3427 	3426 	4017
f 3989 	4015 	4013
f 3735 	3736 	9242
f 1633 	3992 	4013
f 9242 	3816 	4000
f 3968 	4016 	3343
f 3066 	3343 	4016
f 3968 	3969 	4016
f 3978 	3990 	4021
f 3067 	3149 	3343
f 3968 	3343 	3149
f 3969 	3968 	4020
f 4015 	3989 	3876
f 4110 	4284 	4021
f 1633 	4013 	1641
f 3994 	4059 	4021
f 4193 	4022 	4009
f 3067 	3343 	3911
f 4015 	1641 	4013
f 3673 	4011 	4056
f 4012 	4058 	4011
f 3971 	3970 	4020
f 3979 	3981 	2613
f 4017 	4016 	4024
f 4023 	4024 	4016
f 4023 	4016 	3967
f 4023 	3967 	3971
f 4023 	3971 	4020
f 4140 	3830 	9243
f 3979 	4057 	4012
f 3665 	3747 	3794
f 4103 	1684 	4102
f 3967 	3975 	4016
f 1683 	4102 	1684
f 4058 	4012 	4057
f 4030 	4029 	3794
f 3746 	3717 	9243
f 3717 	3713 	9243
f 3673 	3652 	2647
f 4016 	5411 	3967
f 4103 	4109 	1684
f 3509 	3980 	3712
f 4012 	2647 	3979
f 3981 	3979 	2647
f 4011 	2647 	4012
f 4020 	3149 	3929
f 4020 	3929 	4023
f 4025 	3982 	4014
f 4018 	4025 	4014
f 3453 	3427 	4024
f 4017 	4024 	3427
f 3427 	3453 	3428
f 4006 	2623 	4007
f 3977 	4007 	2620
f 2623 	2620 	4007
f 3752 	9243 	3830
f 3562 	3843 	3675
f 3509 	3712 	4027
f 4006 	4010 	2623
f 3784 	3965 	4045
f 4045 	3965 	563
f 4026 	4038 	4126
f 563 	3965 	3972
f 4010 	4051 	4007
f 4010 	4007 	4006
f 3675 	4025 	4018
f 4017 	3975 	3427
f 4026 	4126 	3992
f 3896 	3846 	2623
f 3624 	3845 	3747
f 3951 	3845 	4030
f 4214 	3427 	3975
f 3966 	3623 	2659
f 4006 	4007 	2622
f 2659 	2622 	4007
f 5411 	4016 	4017
f 3427 	4281 	4017
f 5099 	4017 	4281
f 3911 	3986 	5411
f 3977 	3966 	4007
f 2659 	4007 	3966
f 3692 	4022 	4019
f 4030 	3794 	3951
f 2657 	4010 	4006
f 2622 	2657 	4006
f 4030 	3957 	3951
f 4024 	4023 	4034
f 3692 	3678 	4022
f 4029 	4031 	3794
f 4246 	1753 	1747
f 3929 	3921 	4023
f 3921 	5825 	4023
f 4040 	4050 	4039
f 2019 	3839 	4038
f 7326 	4027 	7334
f 3868 	3692 	4019
f 4030 	4029 	3957
f 4029 	4031 	3957
f 4032 	3957 	4031
f 400 	4066 	4033
f 4036 	4006 	4035
f 1718 	2019 	4038
f 4043 	4044 	4046
f 4030 	3951 	4045
f 4029 	4030 	4045
f 4038 	4026 	1718
f 4029 	4045 	4031
f 4035 	4007 	4037
f 4048 	3770 	3740
f 4036 	4039 	4050
f 4051 	4036 	4050
f 4019 	4193 	3868
f 4054 	4048 	4053
f 4052 	4053 	4048
f 3740 	3741 	4048
f 4052 	4048 	3741
f 4055 	3902 	4056
f 3740 	3733 	4101
f 4056 	4058 	4055
f 4106 	4055 	4057
f 3741 	3776 	4052
f 4246 	4248 	1753
f 1817 	1753 	4248
f 4007 	4035 	4006
f 4047 	4028 	3697
f 3977 	4037 	4007
f 4271 	1884 	1817
f 4051 	4010 	4036
f 4006 	4036 	4010
f 4060 	3994 	4005
f 3451 	3428 	3453
f 3453 	4024 	4034
f 4011 	3673 	4055
f 4022 	3678 	4061
f 4106 	3979 	4055
f 4061 	4009 	4022
f 4059 	3994 	4060
f 5114 	5113 	4034
f 4061 	4069 	4009
f 4033 	4049 	670
f 3902 	3761 	4042
f 4056 	3902 	4042
f 4058 	4056 	4042
f 3652 	3673 	3761
f 3883 	3881 	4063
f 4000 	3529 	4289
f 3449 	3448 	4056
f 4062 	3883 	4063
f 3741 	4052 	4289
f 4064 	654 	462
f 4100 	4057 	4042
f 4058 	4042 	4057
f 4814 	3913 	4062
f 3902 	4056 	3448
f 3446 	4058 	3445
f 4057 	3445 	4058
f 4056 	4058 	3449
f 4062 	4164 	4165
f 14 	3330 	4066
f 4066 	4049 	4033
f 4050 	2623 	4051
f 4010 	4051 	2623
f 4164 	4062 	4063
f 4071 	476 	659
f 4031 	3912 	4032
f 4073 	4032 	3912
f 4051 	4050 	4007
f 3866 	5389 	4064
f 3996 	3998 	514
f 4075 	514 	3998
f 3866 	3911 	5389
f 3896 	3897 	4076
f 4050 	4076 	3897
f 4040 	4076 	4050
f 4075 	518 	514
f 5574 	5481 	4094
f 4076 	3943 	3896
f 4077 	3989 	4013
f 4071 	5086 	3890
f 3992 	4126 	4077
f 3897 	3896 	2623
f 4050 	3897 	2623
f 3915 	3914 	514
f 4078 	2693 	1180
f 3915 	514 	437
f 4077 	4126 	4079
f 3897 	4074 	4050
f 3897 	3896 	4074
f 4080 	4077 	4079
f 1191 	4078 	1180
f 3993 	513 	3998
f 4075 	3998 	513
f 3897 	4050 	4051
f 4010 	2657 	4051
f 3897 	4051 	2657
f 4028 	4206 	4068
f 518 	4075 	513
f 4081 	4078 	1191
f 4076 	4040 	3469
f 518 	4075 	437
f 3998 	3915 	4075
f 4039 	3469 	4040
f 4066 	3330 	4129
f 4076 	3469 	3943
f 4068 	4065 	4028
f 4028 	4065 	3697
f 518 	1078 	4075
f 4082 	4078 	4081
f 4083 	4078 	4082
f 4039 	4074 	4040
f 4008 	3899 	4065
f 4080 	4079 	4063
f 4194 	4164 	4079
f 427 	3912 	534
f 3957 	534 	3912
f 3898 	4065 	3899
f 4080 	4112 	4077
f 4074 	3943 	4076
f 4040 	4074 	4076
f 4113 	3482 	3483
f 3898 	3893 	4065
f 4076 	4091 	4040
f 3881 	4112 	4063
f 4087 	4070 	4086
f 4123 	4070 	4087
f 4084 	4088 	4085
f 4039 	4036 	3469
f 4036 	4035 	3469
f 3144 	3240 	4060
f 4060 	4005 	3144
f 4089 	4088 	4084
f 4039 	4036 	4074
f 4036 	4035 	4074
f 4037 	4074 	4035
f 4035 	4036 	4091
f 4090 	4124 	4121
f 4183 	4037 	4091
f 4035 	4091 	4037
f 4091 	4036 	4039
f 4039 	4040 	4091
f 4115 	3961 	3989
f 4091 	4076 	3943
f 4085 	4009 	4084
f 4120 	4121 	4095
f 3552 	3550 	4091
f 3556 	4140 	4067
f 1626 	4152 	4081
f 4099 	3771 	3770
f 4099 	3770 	4048
f 4054 	4224 	4048
f 4084 	4009 	4069
f 3482 	4113 	4114
f 4054 	3782 	4048
f 4089 	4084 	4069
f 3580 	3734 	4101
f 4042 	3640 	4100
f 4082 	4081 	4152
f 4052 	3741 	4101
f 4101 	4105 	4052
f 4104 	4052 	4105
f 4083 	4082 	4145
f 4095 	4096 	4102
f 4093 	4284 	4092
f 4103 	4102 	4096
f 3669 	3667 	4106
f 4107 	4108 	4106
f 3669 	4106 	4108
f 1747 	1684 	4109
f 4107 	4106 	4111
f 4094 	4329 	5574
f 4097 	4103 	4096
f 3978 	4021 	4284
f 4103 	4097 	4109
f 4058 	4057 	4055
f 4092 	4284 	4110
f 4111 	4106 	4057
f 4080 	4063 	4112
f 3979 	4106 	3981
f 4031 	4032 	3794
f 4073 	3794 	4032
f 3983 	3981 	4106
f 3983 	4106 	3996
f 4093 	4092 	4059
f 4110 	4059 	4092
f 3989 	4112 	4115
f 3482 	4116 	3636
f 4111 	4100 	4107
f 4057 	4100 	4111
f 4108 	4107 	4100
f 4110 	4021 	4059
f 4115 	3881 	3961
f 4112 	3881 	4115
f 4116 	3482 	4114
f 4111 	4057 	3981
f 3981 	3983 	4111
f 4073 	534 	4032
f 3957 	4032 	534
f 3945 	4070 	4123
f 3945 	4123 	4118
f 3452 	4119 	3485
f 3963 	3945 	4118
f 3485 	4119 	3483
f 3979 	3981 	4057
f 511 	1106 	4073
f 4754 	4756 	4117
f 4096 	4095 	4121
f 534 	4073 	511
f 3989 	4077 	4112
f 4032 	4031 	4045
f 4045 	563 	4032
f 4073 	4032 	563
f 511 	4073 	563
f 4107 	3567 	4111
f 4057 	4111 	3445
f 4097 	4096 	4124
f 4121 	4124 	4096
f 3972 	1072 	563
f 4124 	4090 	4097
f 4113 	3483 	4119
f 4108 	4100 	3669
f 3993 	3737 	4100
f 4122 	4117 	4756
f 4119 	7149 	4116
f 4113 	4119 	4116
f 4113 	4116 	4114
f 4122 	4247 	4117
f 1626 	1603 	4152
f 3627 	3667 	3626
f 3638 	3557 	3669
f 3438 	4111 	3473
f 3473 	4111 	3567
f 4175 	4176 	3225
f 4074 	4007 	4050
f 4132 	4187 	4131
f 4194 	4126 	4195
f 4133 	4134 	4104
f 4133 	4104 	4105
f 4129 	4049 	4066
f 4129 	3330 	3514
f 4098 	4128 	4078
f 4083 	4098 	4078
f 4067 	4101 	3543
f 4130 	4132 	3225
f 4131 	3225 	4132
f 4136 	4137 	1616
f 3469 	4163 	3665
f 3573 	3224 	3868
f 3868 	3225 	4130
f 1484 	4136 	1616
f 3734 	3613 	4101
f 4138 	4139 	4101
f 4105 	4101 	4139
f 4105 	4139 	4133
f 3906 	3628 	7139
f 4136 	3412 	3411
f 3682 	3707 	3665
f 3665 	3577 	3469
f 4035 	4037 	3469
f 4136 	1484 	1492
f 3692 	3868 	4131
f 4130 	4132 	3868
f 4131 	3868 	4132
f 3412 	4136 	3415
f 4067 	4105 	4101
f 3734 	3543 	4101
f 3545 	3577 	3707
f 4136 	2802 	3415
f 3613 	3760 	4138
f 1455 	2802 	4136
f 3577 	3665 	3707
f 3628 	3636 	4116
f 3707 	3577 	3701
f 3549 	3701 	3577
f 4116 	7140 	3628
f 4213 	4049 	4143
f 4142 	4155 	4131
f 3698 	4141 	4131
f 4142 	4131 	4141
f 3577 	4183 	3551
f 4183 	3577 	3707
f 3707 	3682 	4183
f 3698 	3692 	4131
f 3618 	3597 	3701
f 3549 	3618 	3701
f 3767 	2635 	4144
f 4132 	3189 	4131
f 3698 	4131 	3189
f 4152 	4145 	4082
f 4098 	4083 	4145
f 4148 	4152 	1726
f 1727 	1726 	4152
f 4141 	3705 	3837
f 3462 	4149 	4150
f 4130 	3225 	3232
f 3643 	3462 	4150
f 4147 	3469 	4037
f 4163 	3469 	4147
f 4147 	4162 	4037
f 4132 	4130 	3189
f 4147 	4037 	4183
f 4142 	4141 	4151
f 3679 	3680 	4183
f 3841 	4151 	4141
f 3841 	4141 	3837
f 1707 	1706 	4152
f 3543 	3556 	4067
f 4142 	4141 	3199
f 3837 	3199 	4141
f 4097 	4090 	4135
f 4155 	4156 	4131
f 3259 	4131 	4156
f 4156 	4155 	4158
f 4155 	4142 	4158
f 4151 	4158 	4142
f 4049 	4129 	4153
f 4159 	3966 	3748
f 4142 	3199 	4155
f 4161 	3977 	4160
f 4049 	4153 	4143
f 3252 	4156 	3199
f 4156 	4155 	3199
f 3957 	3624 	4162
f 4153 	3664 	3661
f 4158 	3261 	3259
f 4158 	3259 	4156
f 3871 	3875 	3556
f 4163 	3977 	4161
f 4163 	4147 	3977
f 4037 	3977 	4147
f 4129 	3664 	4153
f 4063 	4079 	4164
f 3252 	3259 	4156
f 4074 	4162 	4007
f 4162 	3977 	4007
f 4155 	4156 	3266
f 1616 	4137 	4154
f 3748 	3665 	4159
f 4160 	4159 	3665
f 1726 	4182 	1725
f 1725 	4180 	4167
f 3268 	3267 	3948
f 4167 	4534 	1725
f 3259 	3266 	4156
f 4155 	3266 	4142
f 4162 	4160 	4159
f 4162 	4159 	3748
f 3748 	3747 	4162
f 1725 	4167 	4148
f 4493 	4148 	4167
f 4166 	2329 	3517
f 4141 	3268 	3837
f 3948 	3757 	3268
f 4161 	4160 	3665
f 4169 	1754 	1746
f 4169 	1746 	4168
f 3273 	3261 	4158
f 3273 	4158 	4151
f 3841 	3273 	4151
f 1758 	1754 	4170
f 4169 	4170 	1754
f 4161 	3665 	4163
f 3958 	3930 	4171
f 4168 	1746 	4170
f 1746 	1739 	4170
f 4160 	4162 	4161
f 1647 	4172 	4173
f 4162 	4163 	4161
f 1727 	4182 	1726
f 3273 	3841 	4171
f 3958 	4171 	3858
f 4161 	4183 	4160
f 4163 	4183 	4161
f 3965 	3972 	4174
f 4172 	4177 	4173
f 4555 	4568 	4177
f 4130 	3225 	4176
f 4174 	4178 	4179
f 4163 	4162 	4147
f 4074 	4037 	4162
f 4487 	4493 	4180
f 4182 	4180 	1725
f 4180 	4182 	4173
f 4131 	4187 	3698
f 4187 	3878 	3698
f 3748 	4159 	4183
f 4182 	4154 	4180
f 4184 	4153 	4181
f 4130 	4186 	4132
f 4183 	4163 	4147
f 1770 	4173 	4182
f 4149 	3859 	3145
f 1770 	1769 	4154
f 1770 	4154 	4182
f 4018 	4181 	3661
f 4180 	4326 	4182
f 4182 	4328 	1770
f 4159 	4160 	4183
f 4153 	3661 	4181
f 1769 	1616 	4154
f 4150 	4149 	3145
f 1121 	1665 	3293
f 4487 	5246 	4180
f 3868 	3625 	3573
f 4150 	3152 	4149
f 1647 	4304 	4172
f 4172 	5142 	4177
f 3644 	3152 	3643
f 1824 	1826 	1816
f 4128 	2702 	4078
f 4184 	4143 	4153
f 3658 	3877 	4175
f 3152 	3050 	4149
f 4137 	4136 	3411
f 4143 	4184 	4441
f 4176 	4175 	3877
f 4150 	3643 	3152
f 4130 	4176 	4186
f 3699 	3698 	3878
f 9311 	9309 	3145
f 9309 	9258 	3145
f 4143 	4441 	4435
f 4187 	4132 	4186
f 4185 	2230 	879
f 4185 	879 	936
f 3878 	4187 	3877
f 4187 	4186 	3877
f 4176 	3877 	4186
f 4164 	4280 	4165
f 4149 	3462 	3859
f 3658 	4208 	3877
f 2532 	4258 	3145
f 3859 	3494 	4149
f 4205 	670 	4049
f 4205 	4260 	670
f 4204 	4195 	4157
f 4044 	3947 	4197
f 4198 	4044 	4197
f 4046 	4044 	4198
f 4204 	4278 	4195
f 4190 	4191 	4196
f 4194 	4079 	4126
f 4033 	670 	4199
f 4197 	2310 	4101
f 3734 	4101 	2310
f 4195 	4164 	4194
f 4009 	4122 	4193
f 4196 	2226 	4190
f 4199 	670 	667
f 4198 	4197 	4104
f 4105 	4104 	4197
f 4101 	4105 	4197
f 4189 	4192 	4201
f 4189 	4201 	4200
f 4022 	4193 	4019
f 4070 	4189 	4086
f 4200 	4086 	4189
f 4033 	4199 	371
f 4202 	4139 	4138
f 4202 	4138 	3760
f 3760 	3616 	4202
f 4135 	4090 	4203
f 4126 	4157 	4195
f 4138 	4139 	4231
f 4164 	4195 	4278
f 4231 	29 	4138
f 4208 	4028 	4047
f 4207 	4201 	4192
f 2226 	4185 	4190
f 4028 	4208 	4206
f 4133 	4139 	4099
f 3771 	4099 	4139
f 4134 	4133 	4099
f 4210 	4134 	4133
f 4203 	4209 	4135
f 4211 	4212 	4209
f 4202 	4210 	4133
f 4202 	4133 	4139
f 4121 	4209 	4090
f 4203 	4090 	4209
f 4197 	3947 	2407
f 4072 	4206 	4094
f 4157 	4126 	4038
f 3607 	3630 	4202
f 4135 	4209 	4212
f 2421 	2426 	4202
f 3950 	4202 	2426
f 4205 	4049 	4213
f 3770 	26 	4048
f 4137 	3411 	4237
f 4054 	4048 	4412
f 4252 	4190 	4185
f 4214 	4215 	4216
f 4133 	4231 	4139
f 2226 	2230 	4185
f 3616 	3760 	27
f 4044 	4043 	4202
f 4047 	3877 	4208
f 4217 	5099 	4215
f 4214 	4219 	4215
f 4044 	4202 	3947
f 3950 	3947 	4202
f 4217 	4215 	4214
f 4219 	4230 	4215
f 4043 	4210 	4202
f 4214 	2702 	4221
f 4220 	4260 	4228
f 4221 	2702 	4233
f 4053 	4222 	4223
f 4053 	4223 	4054
f 4215 	4221 	4214
f 4068 	4206 	4072
f 4223 	4222 	4224
f 3297 	4225 	3674
f 936 	933 	4218
f 3839 	4041 	4038
f 4226 	3782 	4222
f 4223 	4222 	3782
f 3269 	3268 	3299
f 4054 	4223 	4224
f 4099 	4048 	4224
f 4221 	4217 	4214
f 3868 	4767 	3625
f 4215 	4217 	4221
f 2702 	4214 	2698
f 4229 	936 	4218
f 3868 	4193 	4767
f 4219 	4214 	4216
f 936 	4229 	4185
f 4054 	4412 	4223
f 4228 	709 	4220
f 4230 	4250 	4214
f 4270 	4214 	4245
f 4230 	4214 	4221
f 4221 	4215 	4230
f 4230 	4219 	4216
f 4215 	5099 	4216
f 4233 	4217 	4215
f 4145 	4217 	4233
f 4233 	4128 	4145
f 4179 	4235 	4174
f 3768 	4174 	4235
f 709 	4228 	4232
f 4235 	4236 	3768
f 4233 	2702 	4128
f 4215 	4221 	4233
f 709 	4232 	711
f 3592 	3766 	4413
f 3492 	3684 	3592
f 4225 	3605 	3674
f 3768 	3766 	4125
f 3658 	4175 	3602
f 3602 	3601 	3658
f 3605 	4225 	3297
f 4242 	4243 	4241
f 4240 	4241 	4243
f 4244 	3424 	4245
f 4244 	4245 	4240
f 4235 	4179 	4236
f 4307 	4236 	4178
f 4179 	4178 	4236
f 4244 	4214 	4250
f 3857 	3145 	3859
f 4109 	4246 	1747
f 3856 	3862 	3145
f 3857 	3856 	3145
f 4247 	4085 	4088
f 4135 	4246 	4109
f 4097 	4135 	4109
f 4220 	670 	4260
f 4234 	4191 	4190
f 2628 	3590 	4188
f 4240 	4249 	4241
f 3429 	3423 	4250
f 4250 	3424 	4244
f 3423 	3442 	4250
f 4240 	4250 	4244
f 4245 	4214 	4244
f 4144 	3952 	3767
f 1817 	4227 	4271
f 4248 	4135 	4212
f 4144 	9293 	3952
f 4234 	4190 	4252
f 1817 	4248 	4227
f 718 	4238 	4239
f 4146 	2628 	4188
f 4246 	4135 	4248
f 4248 	4212 	4227
f 718 	4239 	4255
f 4229 	4252 	4185
f 4357 	4211 	4121
f 4211 	4209 	4121
f 3926 	3949 	3942
f 4253 	3942 	3949
f 785 	718 	4255
f 3955 	4253 	3960
f 4257 	4328 	4250
f 4257 	4250 	4240
f 4250 	4230 	4257
f 4260 	4205 	4259
f 4264 	4041 	3839
f 4245 	4244 	4257
f 4250 	4257 	4244
f 4235 	4179 	4413
f 4179 	4178 	4413
f 4263 	3773 	4265
f 4243 	4262 	4249
f 4243 	4249 	4240
f 4260 	4259 	4361
f 4407 	4361 	4259
f 4263 	4265 	4266
f 5113 	4240 	4243
f 3839 	1885 	1884
f 4264 	3839 	4271
f 4265 	4267 	4268
f 4265 	4268 	4266
f 3839 	2019 	1885
f 3435 	3424 	4250
f 4240 	4270 	4269
f 1884 	4271 	3839
f 4361 	4228 	4260
f 4261 	4254 	4251
f 4245 	3424 	4270
f 4245 	4270 	4240
f 4256 	4234 	4938
f 4254 	4261 	4094
f 4179 	4125 	4178
f 4274 	4273 	4272
f 4245 	4257 	4269
f 4270 	4245 	4269
f 4232 	4228 	4361
f 4254 	4094 	4206
f 4235 	3768 	4125
f 4179 	4235 	4125
f 4275 	4273 	4274
f 4274 	4272 	4271
f 4041 	4264 	4272
f 4271 	4272 	4264
f 4053 	4052 	4099
f 4268 	4267 	4279
f 4276 	4269 	3428
f 4269 	4270 	3428
f 4243 	4240 	4276
f 4269 	4276 	4240
f 4276 	4214 	4269
f 4270 	4269 	4214
f 4085 	4247 	4122
f 4266 	4279 	4263
f 4268 	4279 	4266
f 3773 	4263 	4279
f 3640 	3772 	4279
f 4234 	4252 	4933
f 4242 	4262 	4243
f 4263 	4166 	3773
f 4280 	4164 	4278
f 4239 	4238 	4371
f 4262 	4243 	3451
f 3428 	3451 	4243
f 4276 	3428 	4243
f 4266 	4166 	4263
f 4267 	4166 	4268
f 4276 	3428 	4214
f 4117 	4247 	4277
f 4281 	4328 	4257
f 4266 	4268 	4166
f 4282 	4267 	4265
f 4371 	4286 	4239
f 4230 	4216 	4281
f 4257 	4230 	4281
f 3776 	4288 	4053
f 3776 	4053 	4052
f 4099 	4052 	4134
f 4104 	4134 	4052
f 4292 	4157 	4038
f 2851 	2226 	4196
f 4134 	4210 	4104
f 4251 	4285 	4283
f 4345 	4204 	4157
f 9365 	3145 	4258
f 4337 	4283 	4285
f 4345 	4278 	4204
f 4255 	4239 	4286
f 4196 	4191 	4300
f 4292 	4345 	4157
f 4043 	4198 	4210
f 4046 	4198 	4043
f 4104 	4210 	4198
f 4377 	4279 	4282
f 4267 	4282 	4279
f 4009 	4085 	4122
f 4258 	4284 	9365
f 4224 	4222 	4053
f 4224 	4053 	4099
f 9365 	4284 	9370
f 4288 	4226 	4222
f 4288 	4222 	4053
f 4331 	4351 	4192
f 4320 	4286 	4319
f 2646 	3978 	4284
f 4320 	4293 	4286
f 4276 	4269 	4257
f 4166 	4267 	4282
f 4088 	4342 	4247
f 4243 	4262 	5113
f 797 	785 	4293
f 4038 	4041 	4292
f 4272 	4292 	4041
f 4268 	4075 	4267
f 4088 	5566 	4342
f 4281 	4257 	4240
f 4273 	4302 	4272
f 4276 	4257 	4281
f 797 	4293 	4294
f 3428 	4276 	4281
f 4343 	4345 	4292
f 4263 	3788 	4266
f 4291 	4287 	4298
f 4297 	4287 	2863
f 4297 	4298 	4287
f 4262 	4242 	4241
f 4262 	4241 	4249
f 4266 	4075 	4268
f 4212 	4357 	4299
f 4211 	4357 	4212
f 4255 	4286 	4293
f 4292 	4272 	4302
f 4293 	785 	4255
f 4301 	4249 	3454
f 4290 	4251 	4254
f 4304 	4242 	4241
f 4249 	4301 	4241
f 4304 	4241 	4301
f 4298 	4297 	4300
f 4251 	4290 	4285
f 4262 	3451 	4249
f 3451 	3456 	4249
f 3453 	3456 	3451
f 4297 	2863 	4300
f 2863 	2867 	4300
f 4227 	4212 	4299
f 4178 	4174 	4307
f 4299 	4305 	4308
f 4295 	805 	4294
f 4034 	5113 	3453
f 3451 	5113 	4262
f 4291 	4298 	4300
f 4227 	4299 	4308
f 4309 	4310 	4242
f 4241 	4242 	4310
f 4284 	4258 	2646
f 4196 	4300 	2867
f 4310 	4311 	4241
f 4249 	4241 	4311
f 814 	822 	4303
f 4249 	4311 	4312
f 4249 	4312 	4262
f 4306 	4303 	822
f 4274 	4308 	4275
f 4206 	4290 	4254
f 4309 	4242 	4316
f 4304 	4316 	4242
f 249 	247 	4313
f 249 	4313 	4314
f 4308 	4274 	4227
f 3451 	4262 	4312
f 3451 	4312 	3466
f 4271 	4227 	4274
f 4317 	4366 	4315
f 4261 	4251 	4296
f 3480 	4301 	3454
f 2736 	4318 	2311
f 4301 	3480 	4304
f 4174 	1071 	4307
f 4290 	4206 	4208
f 4278 	4345 	4322
f 4304 	4301 	4316
f 3481 	4316 	4301
f 3454 	3481 	4301
f 4296 	4251 	4283
f 1040 	1539 	4321
f 3429 	4250 	4328
f 5100 	4327 	5099
f 4325 	4280 	4278
f 4237 	4327 	4326
f 5159 	5246 	4237
f 4293 	4320 	4294
f 4295 	4294 	4324
f 4295 	4324 	4323
f 4327 	4182 	4326
f 4324 	4294 	4320
f 4094 	4261 	4329
f 5141 	4328 	4327
f 4325 	4278 	4322
f 4662 	4300 	4191
f 4261 	4296 	4329
f 4321 	4413 	4307
f 4178 	4307 	4413
f 4329 	4296 	5951
f 3411 	4328 	4237
f 4237 	4328 	4327
f 4662 	4654 	4300
f 4178 	4125 	4307
f 1063 	4307 	4125
f 4654 	4291 	4300
f 4330 	4303 	4332
f 4306 	4332 	4303
f 1063 	1040 	4321
f 1063 	4321 	4307
f 3429 	4328 	3480
f 5141 	3480 	4328
f 4325 	4322 	4336
f 4328 	3411 	3429
f 4315 	4347 	4317
f 4125 	2394 	1063
f 4319 	4333 	4320
f 3423 	1592 	3429
f 3429 	1769 	4328
f 4328 	4182 	4327
f 3437 	1592 	3423
f 4324 	4320 	4333
f 4322 	4341 	4334
f 2956 	4335 	1857
f 4322 	4334 	4336
f 4335 	1003 	1857
f 2542 	4166 	1068
f 4333 	4484 	4324
f 4321 	4307 	1071
f 2956 	4366 	4335
f 4321 	1075 	4307
f 4332 	4340 	4338
f 4330 	4332 	4338
f 4285 	4290 	4780
f 4785 	4782 	4335
f 4343 	4292 	4341
f 4340 	4489 	4338
f 4277 	4342 	4826
f 4726 	4729 	4335
f 4489 	7452 	4338
f 2384 	2383 	1068
f 4342 	4277 	4247
f 4174 	3784 	3965
f 4346 	4205 	4213
f 1072 	1071 	3972
f 1071 	4174 	3972
f 2863 	4287 	3226
f 4053 	4412 	4052
f 4343 	4322 	4345
f 4343 	4341 	4322
f 3256 	3248 	4348
f 4304 	1647 	4301
f 4301 	1647 	3454
f 1648 	3454 	1647
f 4350 	4331 	4349
f 4346 	4259 	4205
f 4337 	4296 	4283
f 4350 	4351 	4331
f 4207 	4192 	4351
f 3481 	3471 	4311
f 4310 	4316 	4311
f 4309 	4316 	4310
f 3481 	4311 	4316
f 3256 	4348 	3272
f 4312 	4311 	3466
f 4315 	4348 	4347
f 4550 	4347 	4810
f 4213 	4143 	4435
f 4369 	4370 	4616
f 4358 	4356 	4355
f 4104 	4105 	9239
f 4067 	9239 	4105
f 4359 	4341 	4302
f 4292 	4302 	4341
f 4429 	4358 	4354
f 4355 	4354 	4358
f 4365 	4349 	4339
f 4331 	4339 	4349
f 4446 	3226 	4287
f 4140 	9239 	4067
f 1040 	4321 	1071
f 5668 	4349 	4365
f 4347 	3248 	4520
f 4321 	1040 	1075
f 4305 	4299 	4367
f 4305 	4367 	4368
f 4370 	4389 	4409
f 4369 	4356 	4358
f 4353 	4363 	4416
f 4362 	4416 	4363
f 4232 	4361 	4364
f 5147 	4145 	4363
f 4362 	4363 	4145
f 4299 	4357 	4367
f 4370 	4369 	4358
f 4348 	4315 	4366
f 4366 	3272 	4348
f 4353 	4352 	5147
f 4363 	4353 	5147
f 4367 	4357 	4121
f 4368 	4367 	4121
f 4389 	4370 	4931
f 4238 	4373 	4371
f 4382 	3936 	4375
f 4236 	4307 	1075
f 4360 	2299 	4430
f 4376 	3940 	3939
f 4376 	3939 	4378
f 1079 	1078 	4377
f 4282 	4265 	4377
f 1079 	4377 	4265
f 4265 	4236 	1079
f 4369 	3232 	4356
f 4372 	5147 	4352
f 4236 	1075 	1079
f 4380 	4358 	4381
f 4374 	4375 	3936
f 3934 	3936 	4382
f 9239 	4134 	4104
f 4377 	1068 	4166
f 4282 	4377 	4166
f 4318 	2736 	4607
f 4267 	4075 	4282
f 4098 	4145 	4128
f 4279 	4377 	1092
f 1092 	4377 	1078
f 4621 	4344 	4318
f 4222 	4412 	4053
f 1078 	1068 	4377
f 4385 	4381 	4429
f 4358 	4429 	4381
f 4387 	4388 	9235
f 1092 	3993 	4279
f 4358 	4389 	4370
f 3788 	3998 	4266
f 4369 	4931 	4370
f 4377 	4282 	4075
f 9239 	4390 	4391
f 9239 	4391 	4134
f 3035 	4358 	4380
f 4354 	4355 	3232
f 4921 	4908 	3232
f 4395 	4381 	4385
f 5194 	4631 	4237
f 3252 	3142 	4633
f 4385 	4463 	3142
f 1072 	3972 	1106
f 3794 	1106 	3972
f 4395 	4396 	4381
f 4385 	4381 	4396
f 1072 	3972 	1109
f 3801 	1109 	3972
f 4397 	3034 	4399
f 4137 	4237 	4154
f 1092 	581 	513
f 1092 	513 	3993
f 4520 	3248 	4398
f 4356 	4369 	4616
f 1078 	4377 	4075
f 4402 	4391 	4390
f 4402 	4390 	4393
f 4390 	9239 	4393
f 4073 	1106 	3794
f 4402 	4393 	4403
f 4391 	4402 	4405
f 4404 	4405 	4402
f 4319 	4286 	4371
f 4223 	4412 	4222
f 4355 	4617 	4354
f 4356 	4616 	4355
f 4406 	4354 	4410
f 4355 	4354 	4586
f 4356 	4355 	4586
f 4411 	4360 	4430
f 4519 	4650 	5246
f 5143 	4172 	4304
f 5675 	4831 	5225
f 3309 	8721 	4398
f 4408 	4397 	4409
f 4235 	4413 	3768
f 8707 	3291 	4383
f 4259 	4346 	4407
f 4169 	4177 	4170
f 4177 	4415 	4170
f 1869 	4170 	4415
f 1869 	4415 	1867
f 4709 	4712 	4413
f 4364 	4517 	4518
f 4289 	4052 	4412
f 4289 	4412 	9235
f 9235 	4412 	4387
f 4391 	4231 	4134
f 4405 	4231 	4391
f 4133 	4134 	4231
f 4406 	4410 	4503
f 4404 	4231 	4405
f 4371 	4373 	4538
f 4388 	4387 	4424
f 456 	4424 	4387
f 456 	4387 	4226
f 456 	4226 	4288
f 4425 	5531 	4417
f 4402 	4403 	4404
f 4500 	4392 	4394
f 4538 	4461 	4371
f 4395 	4385 	4396
f 4354 	4406 	4427
f 4416 	5070 	4353
f 1543 	1109 	4419
f 4354 	4427 	4429
f 4430 	4501 	4428
f 4586 	4354 	4427
f 4416 	4431 	4417
f 4421 	4431 	4416
f 1109 	3801 	4419
f 4426 	4511 	4346
f 4420 	4431 	4421
f 7752 	7754 	3855
f 4426 	4559 	4511
f 3801 	3701 	4419
f 3597 	4419 	3701
f 4441 	4426 	4346
f 4441 	4346 	4435
f 6997 	6956 	4414
f 4437 	1171 	4433
f 4213 	4435 	4346
f 4384 	4763 	4935
f 4425 	4417 	4440
f 4184 	4426 	4441
f 4420 	4418 	4440
f 3049 	4565 	4432
f 4431 	4440 	4417
f 4431 	4420 	4440
f 4383 	4386 	4442
f 4433 	1176 	4434
f 4374 	4443 	4444
f 4374 	4444 	4445
f 4374 	4445 	4375
f 4442 	4386 	4446
f 4427 	4524 	4447
f 4439 	4436 	976
f 6999 	976 	4436
f 4436 	4434 	6999
f 4565 	3049 	3072
f 4427 	4447 	4429
f 4430 	4448 	4501
f 4447 	4524 	4450
f 2299 	4448 	4430
f 4571 	3057 	4545
f 4451 	4452 	4453
f 4452 	4148 	4453
f 4454 	4148 	4452
f 4493 	4488 	4148
f 3369 	3104 	3346
f 4451 	4456 	4452
f 4457 	4454 	4452
f 4454 	4452 	4451
f 3346 	4589 	4455
f 4447 	4450 	4429
f 4448 	2299 	2333
f 4458 	4452 	4456
f 4449 	4661 	4443
f 4447 	3232 	4450
f 4427 	3232 	4447
f 4370 	3232 	4369
f 4355 	4356 	3232
f 4319 	4371 	4461
f 4461 	4538 	4460
f 4457 	4452 	4458
f 4385 	4429 	4463
f 4452 	4458 	4451
f 4458 	4454 	4451
f 4452 	4454 	4458
f 4428 	4411 	4430
f 4456 	4451 	4453
f 4428 	4500 	4394
f 4460 	4459 	4464
f 4429 	4466 	4465
f 4467 	4429 	4465
f 4460 	4333 	4461
f 4464 	4333 	4460
f 4466 	4465 	4653
f 4467 	4653 	4465
f 4428 	4394 	4411
f 4450 	4524 	4466
f 4464 	4478 	4484
f 4333 	4464 	4484
f 4451 	4470 	4469
f 4451 	4469 	1801
f 9510 	4474 	4475
f 4319 	4461 	4333
f 3391 	4473 	4589
f 4470 	4451 	4471
f 4477 	9510 	4479
f 4378 	4445 	4376
f 4444 	4376 	4445
f 4429 	4450 	4466
f 4466 	4530 	4450
f 4483 	4484 	4478
f 4653 	4530 	4466
f 4458 	4480 	4451
f 4471 	4451 	4480
f 4479 	4486 	4477
f 4485 	4477 	4486
f 4445 	4525 	4375
f 4323 	4324 	4484
f 4483 	4323 	4484
f 4450 	3232 	4466
f 4487 	4519 	4480
f 4480 	4488 	4487
f 4477 	4479 	4678
f 4443 	4661 	4444
f 4482 	4481 	4344
f 4490 	4344 	4481
f 4491 	4463 	4429
f 4458 	4456 	4480
f 4488 	4480 	4453
f 4453 	4480 	4456
f 4490 	4476 	4344
f 3226 	4446 	4386
f 4480 	4488 	4471
f 4470 	4471 	4488
f 1162 	4470 	4493
f 4489 	4340 	4492
f 4468 	1791 	1822
f 4661 	5022 	3940
f 4468 	1801 	4469
f 4477 	9472 	4479
f 4493 	4487 	4488
f 5022 	5021 	3869
f 9532 	4485 	4486
f 4376 	4444 	3940
f 3940 	4444 	4661
f 4473 	3391 	4494
f 4494 	4526 	4473
f 4472 	4473 	4526
f 4480 	4534 	4488
f 4466 	3232 	4465
f 4354 	3232 	4427
f 8735 	4485 	4486
f 3393 	4494 	3391
f 4453 	4148 	4488
f 4462 	4445 	4660
f 3939 	4660 	4445
f 4378 	3939 	4445
f 4463 	4491 	4496
f 4167 	1162 	4493
f 4488 	4493 	4470
f 4469 	4470 	1162
f 4498 	4479 	4504
f 4486 	4479 	4498
f 4495 	4383 	4442
f 3869 	5089 	3939
f 4491 	3142 	4463
f 4633 	3142 	4491
f 3312 	3252 	4633
f 4482 	4344 	4558
f 4497 	4482 	4558
f 5104 	5091 	3870
f 4496 	4499 	4463
f 4167 	4180 	4493
f 4615 	4486 	4498
f 4493 	4534 	4167
f 4383 	4495 	4414
f 4500 	4501 	4502
f 4463 	4499 	4491
f 1726 	1725 	4148
f 4505 	4400 	4422
f 4468 	4469 	1162
f 1725 	1162 	4167
f 4498 	4504 	4615
f 4501 	4481 	4482
f 4497 	4502 	4482
f 4501 	4482 	4502
f 4636 	8669 	4504
f 4465 	4466 	4527
f 4473 	3288 	4472
f 3391 	3288 	4473
f 4374 	3936 	4443
f 4489 	4492 	7455
f 4443 	3936 	4521
f 4500 	4428 	4501
f 4421 	4451 	1801
f 4467 	4465 	4509
f 4527 	4510 	4465
f 4509 	4465 	4510
f 4449 	4443 	4521
f 4407 	4346 	4511
f 4454 	4152 	4148
f 4511 	4517 	4407
f 4521 	4512 	4449
f 6999 	4498 	4486
f 4485 	9521 	6999
f 4486 	4485 	6999
f 4447 	4450 	4530
f 4501 	4448 	4490
f 4481 	4501 	4490
f 4509 	4510 	4503
f 4475 	4474 	9532
f 4457 	4458 	4416
f 4451 	4416 	4458
f 4510 	4613 	4509
f 4490 	4448 	4476
f 4361 	4407 	4517
f 4517 	4511 	4559
f 4773 	4475 	4474
f 4421 	4416 	4451
f 4173 	4487 	4180
f 4154 	4631 	4180
f 4518 	4515 	4514
f 4514 	5482 	4518
f 3391 	4473 	3072
f 4519 	4532 	4480
f 4597 	4810 	4520
f 3393 	4556 	4494
f 4173 	4568 	4487
f 4521 	3936 	3935
f 4503 	4397 	4507
f 4399 	4507 	4397
f 4518 	4516 	4515
f 4379 	4627 	4522
f 4524 	4427 	4406
f 4527 	4466 	4524
f 4519 	5246 	4487
f 4515 	4735 	4514
f 4516 	4735 	4515
f 4447 	4530 	4427
f 4586 	4427 	4530
f 4565 	3072 	4473
f 4531 	4400 	4505
f 4618 	4602 	4480
f 4462 	4525 	4445
f 4533 	4480 	4532
f 4518 	4837 	4516
f 4526 	4494 	3078
f 3384 	3078 	4494
f 4382 	4375 	4525
f 4531 	4398 	4400
f 4503 	4510 	4527
f 4503 	4527 	4524
f 4532 	4568 	4533
f 4513 	4735 	4516
f 4526 	4624 	3474
f 4526 	3474 	4494
f 3393 	4494 	3474
f 4398 	4531 	4520
f 4517 	4364 	4361
f 4532 	4588 	4533
f 3369 	2660 	3370
f 4510 	4527 	4613
f 4524 	4613 	4527
f 4534 	4480 	4471
f 3369 	3346 	2660
f 4455 	2660 	3346
f 1728 	1725 	4534
f 4488 	4534 	4493
f 3344 	3346 	4455
f 4535 	4534 	4536
f 6992 	4414 	4495
f 4534 	4535 	4537
f 4455 	3346 	5435
f 4593 	4529 	4523
f 4513 	5616 	4516
f 4525 	4462 	4523
f 4422 	4438 	4540
f 4476 	4539 	4318
f 2311 	4318 	4528
f 4539 	4528 	4318
f 4470 	4469 	4541
f 4505 	4422 	4540
f 4528 	4539 	2333
f 4542 	4541 	4543
f 2333 	4539 	4448
f 4373 	4544 	4538
f 4534 	4471 	4541
f 4470 	4541 	4471
f 4318 	4344 	4476
f 4542 	4536 	4534
f 4542 	4534 	4541
f 4468 	1822 	4469
f 4547 	4469 	1822
f 4541 	4469 	4547
f 4543 	4541 	4547
f 4476 	4448 	4539
f 4515 	5516 	4516
f 4548 	4379 	4522
f 4549 	4534 	4537
f 4630 	2742 	4522
f 4549 	4168 	4534
f 1728 	4534 	4168
f 4168 	1746 	1728
f 4446 	4287 	4787
f 4548 	4522 	2325
f 4551 	4535 	4536
f 4552 	4554 	4536
f 4553 	4554 	4552
f 4551 	4536 	4554
f 4797 	9812 	4475
f 2325 	2397 	4548
f 4535 	4551 	4537
f 4555 	4537 	4551
f 3883 	3913 	4546
f 4509 	4643 	4622
f 4527 	4510 	4622
f 4556 	3179 	3450
f 4550 	4317 	4347
f 4589 	5429 	4455
f 4547 	4606 	4543
f 4542 	4543 	4606
f 1822 	4606 	4547
f 4542 	4543 	4537
f 4542 	4537 	4535
f 4542 	4535 	4536
f 4787 	4583 	4446
f 4347 	4520 	4810
f 4558 	4344 	4766
f 4406 	4503 	4524
f 4459 	4460 	4538
f 4537 	4555 	4549
f 4555 	4177 	4549
f 4169 	4549 	4177
f 4168 	4549 	4169
f 4366 	4816 	4335
f 4547 	1166 	4543
f 4537 	4543 	4549
f 4168 	4549 	1166
f 1822 	1166 	4547
f 1818 	1166 	1822
f 4366 	4317 	4550
f 4559 	4426 	7492
f 4537 	4549 	4560
f 4535 	4537 	4560
f 4536 	4535 	4560
f 4442 	4446 	4583
f 4543 	4542 	4563
f 4561 	4563 	4542
f 4559 	7492 	4837
f 4561 	4542 	4536
f 4561 	4536 	4560
f 1822 	4547 	1863
f 4379 	4548 	4562
f 4547 	4543 	4563
f 1864 	1863 	4563
f 4547 	4563 	1863
f 4549 	4170 	4560
f 1869 	4560 	4170
f 1868 	4560 	1869
f 4170 	4549 	4168
f 4574 	4835 	4567
f 4379 	4770 	4765
f 4553 	4552 	4568
f 4837 	4517 	4559
f 4569 	4553 	4552
f 4518 	4517 	4837
f 4770 	4379 	4562
f 4551 	4554 	4568
f 4512 	4506 	4570
f 4555 	4551 	4568
f 4401 	4384 	4570
f 4173 	4177 	4568
f 4566 	4582 	4567
f 4555 	4551 	4415
f 4554 	4569 	4551
f 4415 	4177 	4555
f 4506 	4564 	4570
f 4568 	4554 	4553
f 4868 	5635 	4567
f 3604 	3585 	4572
f 4415 	4551 	4569
f 4553 	4569 	4554
f 4567 	4574 	6723
f 4574 	4577 	6723
f 4487 	4568 	4519
f 4551 	5222 	4554
f 4555 	5142 	4551
f 4177 	5142 	4555
f 4575 	4576 	4475
f 9510 	4475 	4576
f 4401 	4570 	4685
f 4626 	4540 	7104
f 5635 	5640 	4574
f 4574 	4567 	5635
f 4479 	9510 	4576
f 4578 	4579 	4576
f 4479 	4576 	4579
f 4685 	4570 	4564
f 4470 	4602 	4469
f 4469 	4602 	4468
f 4524 	4406 	4613
f 4410 	4613 	4406
f 5400 	4573 	4572
f 4577 	5609 	6723
f 4384 	4449 	4570
f 1791 	1795 	1818
f 1818 	1822 	1791
f 4531 	4505 	4600
f 4426 	7408 	7492
f 1801 	4468 	1791
f 1791 	1795 	1801
f 4524 	4527 	4622
f 4406 	4524 	4622
f 4600 	4597 	4531
f 4510 	4509 	4622
f 4531 	4597 	4520
f 4442 	4583 	4584
f 4544 	4582 	4538
f 5964 	5980 	4399
f 4678 	4579 	4578
f 4579 	4636 	4479
f 4495 	4442 	4584
f 4591 	4589 	4590
f 4579 	4678 	4479
f 4538 	4582 	4459
f 4590 	4589 	4472
f 4473 	4472 	4589
f 4421 	1801 	4420
f 4593 	4523 	4462
f 5568 	5430 	4589
f 4684 	4573 	5400
f 4588 	4596 	4595
f 4596 	4588 	4587
f 6882 	4592 	4594
f 4590 	4599 	4591
f 4625 	4599 	4590
f 4598 	4591 	4599
f 4468 	4602 	1791
f 4471 	4602 	4470
f 4471 	4480 	4602
f 4603 	1791 	4602
f 4603 	4610 	1794
f 1822 	4605 	4606
f 4384 	4935 	4449
f 4603 	4602 	4606
f 4603 	4606 	4605
f 4588 	4595 	4603
f 4588 	4603 	4602
f 4605 	4608 	4609
f 4605 	4609 	4606
f 2736 	3604 	4607
f 4526 	4624 	4472
f 4607 	3604 	4572
f 4610 	4702 	1793
f 1793 	1794 	4610
f 4584 	4583 	7445
f 4828 	7445 	4583
f 1822 	1804 	4605
f 7445 	4614 	4584
f 4462 	5046 	4593
f 4605 	4611 	4610
f 4605 	4610 	4603
f 4495 	4584 	4614
f 4603 	4595 	4610
f 9472 	4578 	4579
f 4479 	9472 	4579
f 4557 	4634 	4585
f 4608 	4605 	4611
f 9532 	4486 	4615
f 4617 	4355 	4616
f 4410 	4354 	4617
f 4578 	4635 	4579
f 4636 	4579 	4635
f 4423 	4581 	4593
f 4472 	3288 	4590
f 6992 	4495 	4614
f 4616 	4409 	4397
f 4636 	4504 	4479
f 4536 	4542 	4606
f 4552 	4536 	4606
f 4590 	3288 	4591
f 4612 	4616 	4409
f 4408 	4969 	4612
f 4552 	4606 	4618
f 4568 	4552 	4618
f 4602 	4618 	4606
f 4588 	4602 	4618
f 4503 	4410 	4617
f 4569 	4552 	4609
f 4606 	4609 	4552
f 4598 	4599 	4619
f 4480 	4533 	4618
f 4617 	4612 	4613
f 4617 	4613 	4410
f 4410 	4406 	4622
f 4618 	4533 	4568
f 4617 	4616 	4397
f 4617 	4397 	4503
f 4607 	4621 	4318
f 4588 	4618 	4533
f 4612 	4617 	4616
f 4620 	4600 	4505
f 4619 	4494 	4556
f 4617 	4622 	4616
f 4617 	4410 	4622
f 4546 	4506 	4508
f 4590 	4472 	4624
f 4625 	4590 	4624
f 7085 	4620 	4626
f 4626 	4620 	4540
f 4674 	4640 	4628
f 4618 	4817 	4533
f 4602 	4691 	4618
f 4603 	4691 	4602
f 4610 	4691 	4603
f 4533 	4817 	4532
f 4540 	4620 	4505
f 3907 	4062 	3913
f 7104 	7085 	4626
f 4644 	4665 	3306
f 3306 	3314 	4644
f 4606 	4552 	4723
f 4832 	4723 	4552
f 4832 	4552 	4553
f 4605 	4606 	4723
f 4607 	4572 	4573
f 4546 	4508 	3908
f 4362 	4145 	4457
f 4454 	4457 	4145
f 4621 	4607 	4573
f 4643 	4644 	3314
f 4467 	4643 	3314
f 4454 	4145 	4152
f 3314 	3304 	4467
f 4573 	4717 	4621
f 4546 	3908 	3883
f 4362 	4457 	4416
f 3306 	4653 	3314
f 4467 	3314 	4653
f 4649 	4632 	4557
f 4631 	4587 	4588
f 4590 	4565 	4472
f 4472 	4565 	4473
f 4465 	3232 	4467
f 4625 	4624 	4619
f 4633 	3304 	3312
f 4571 	4625 	4624
f 4429 	4467 	3304
f 4494 	4619 	4526
f 4624 	4526 	4619
f 4632 	4634 	4557
f 4633 	4491 	3304
f 4429 	3304 	4491
f 4624 	4625 	3474
f 4599 	4625 	4619
f 4491 	4633 	4496
f 4506 	4546 	4564
f 4615 	4504 	4636
f 4636 	4635 	4615
f 3312 	3565 	3252
f 4625 	4571 	4599
f 4587 	5274 	5033
f 4633 	4499 	4496
f 4635 	4689 	8669
f 4512 	4570 	4449
f 4499 	4633 	4491
f 4636 	4635 	8669
f 4507 	4640 	4639
f 4503 	4507 	4639
f 4599 	3474 	4625
f 4598 	3474 	4599
f 4710 	3585 	3592
f 4636 	4434 	4635
f 3305 	3306 	4665
f 4467 	4509 	4643
f 4629 	5315 	4641
f 4642 	1496 	4641
f 4629 	4641 	1496
f 4498 	6999 	4504
f 4647 	4529 	4581
f 4638 	4596 	4587
f 1496 	4642 	4645
f 4593 	4581 	4529
f 4638 	4587 	5033
f 4647 	4581 	4585
f 4432 	4565 	5478
f 4154 	4237 	4631
f 4615 	4988 	4771
f 4615 	4771 	9532
f 4432 	5478 	5467
f 1502 	4713 	4637
f 6999 	4434 	4636
f 4689 	4635 	4434
f 4585 	4634 	4647
f 4532 	4519 	4648
f 4643 	4639 	4644
f 4503 	4639 	4643
f 4636 	4504 	6999
f 4643 	4664 	4644
f 4487 	4180 	4631
f 3945 	3944 	4632
f 4629 	1496 	1502
f 4648 	4519 	4650
f 4643 	4509 	4503
f 4629 	1502 	4637
f 4613 	4664 	4509
f 4643 	4509 	4664
f 4650 	4519 	4568
f 4650 	4519 	4631
f 4487 	4631 	4519
f 4711 	4646 	4637
f 3945 	4632 	4649
f 5245 	5246 	4650
f 7174 	4622 	4644
f 4643 	4644 	4622
f 4590 	4591 	4565
f 4630 	4522 	4627
f 4648 	4568 	4532
f 5617 	5478 	5624
f 4640 	3598 	4639
f 4650 	4568 	4648
f 2325 	4522 	2742
f 4648 	4631 	4532
f 4650 	4631 	4648
f 4291 	4654 	4287
f 4652 	4287 	4654
f 4588 	4532 	4631
f 4571 	4545 	5491
f 4740 	4575 	4771
f 9532 	4771 	4475
f 4817 	4827 	4532
f 4648 	4532 	4827
f 4656 	5575 	4589
f 4767 	4653 	3625
f 3963 	4655 	3964
f 4657 	4656 	4591
f 4657 	4591 	4598
f 4658 	4659 	4660
f 4658 	4660 	4661
f 4415 	4569 	4560
f 1868 	4415 	4560
f 4475 	4773 	4575
f 4652 	4654 	4662
f 4561 	4609 	4563
f 1864 	4563 	4609
f 4609 	4561 	4560
f 1864 	4609 	4608
f 4661 	4663 	4658
f 4613 	4918 	4664
f 4668 	4791 	4662
f 4656 	4565 	4591
f 1867 	4415 	1868
f 4661 	4449 	5001
f 4737 	1875 	4608
f 4619 	5681 	4598
f 3305 	4665 	3303
f 4609 	4560 	4569
f 4599 	5708 	4598
f 4657 	4598 	5708
f 3869 	3940 	5022
f 4661 	4658 	5022
f 4662 	4191 	4234
f 3620 	3602 	4666
f 4665 	4644 	4639
f 4796 	4652 	4662
f 4420 	1798 	4418
f 4665 	4644 	4664
f 4644 	4665 	7174
f 4565 	5624 	5478
f 4659 	4663 	4660
f 4661 	4660 	4663
f 4575 	4797 	4475
f 4420 	1801 	1798
f 5046 	4462 	4660
f 4659 	5046 	4660
f 4599 	4571 	5708
f 4595 	4596 	4669
f 4666 	4665 	4639
f 3620 	4666 	4639
f 3939 	5089 	4660
f 4666 	4664 	3620
f 3658 	3620 	4664
f 4664 	4666 	4665
f 4666 	7174 	4665
f 4423 	4593 	4963
f 4692 	4682 	1798
f 4630 	4580 	4667
f 3621 	4672 	3620
f 4666 	3620 	4672
f 7174 	4666 	4623
f 4672 	4623 	4666
f 4963 	4593 	5061
f 4580 	5417 	4667
f 4669 	4673 	4595
f 3612 	4630 	4667
f 4671 	4675 	4576
f 4578 	4576 	4675
f 4646 	4651 	4768
f 4677 	4694 	4676
f 4507 	4628 	4640
f 3598 	4640 	4674
f 4627 	4580 	4630
f 4623 	4672 	4628
f 4674 	4628 	4672
f 5417 	4580 	5403
f 4677 	4676 	4750
f 4768 	4761 	4637
f 4676 	4746 	4677
f 1445 	3465 	3049
f 4677 	4683 	3232
f 4676 	4677 	3232
f 4659 	5089 	4998
f 3057 	1451 	4545
f 4256 	4679 	4668
f 4717 	4759 	4621
f 4627 	4379 	4765
f 4680 	4812 	4681
f 4717 	4573 	4684
f 4662 	4256 	4668
f 4702 	4694 	4682
f 4682 	4694 	4683
f 4256 	4662 	4234
f 4677 	4750 	4683
f 7269 	7265 	4623
f 4677 	4746 	4683
f 4683 	4682 	3232
f 5980 	5981 	4628
f 4750 	4718 	4683
f 2658 	4556 	3450
f 4802 	4668 	4761
f 4646 	4768 	4637
f 4680 	4681 	4669
f 4679 	4637 	4668
f 4669 	4681 	4673
f 4679 	4629 	4637
f 4687 	6011 	4530
f 4432 	1445 	3049
f 4384 	4401 	4749
f 4675 	4671 	4689
f 4688 	4689 	4671
f 4669 	4638 	4680
f 4671 	4678 	4675
f 4749 	4763 	4384
f 4651 	1509 	4690
f 4742 	4743 	4694
f 4692 	4702 	4682
f 4677 	4683 	4694
f 4745 	4764 	4670
f 4671 	4670 	4688
f 4718 	1804 	4682
f 4670 	4745 	4678
f 4695 	4696 	4697
f 4697 	1807 	4695
f 4692 	3141 	4682
f 1792 	3141 	4692
f 4671 	4670 	4678
f 1807 	4699 	1808
f 4695 	1808 	1816
f 4691 	4694 	4724
f 4691 	4694 	4681
f 2546 	2574 	5517
f 5517 	4699 	4698
f 1792 	1793 	4702
f 1792 	4702 	4692
f 4701 	5941 	4704
f 4689 	4635 	4675
f 4635 	4578 	4675
f 4578 	4675 	4678
f 4683 	1798 	4682
f 4692 	1798 	1792
f 4706 	4696 	4695
f 4704 	4686 	4701
f 5982 	6026 	4686
f 1816 	4707 	4695
f 4704 	4700 	4701
f 9472 	4895 	4675
f 4578 	9472 	4675
f 4702 	4610 	4673
f 4595 	4673 	4610
f 4413 	1539 	4709
f 4702 	4724 	4694
f 4686 	4704 	4703
f 4705 	7174 	4686
f 4703 	4705 	4686
f 4702 	4673 	4681
f 4702 	4681 	4694
f 4638 	4669 	4596
f 4705 	4700 	4703
f 4704 	4703 	4700
f 4413 	4712 	4710
f 1445 	4712 	4709
f 1445 	4709 	1489
f 4711 	4713 	4722
f 4691 	4610 	4694
f 4817 	4618 	4691
f 4702 	4694 	4610
f 4711 	4715 	4646
f 4710 	5378 	3585
f 4711 	4637 	4713
f 4703 	4704 	4622
f 4704 	4701 	4622
f 1759 	4713 	1502
f 4682 	4683 	4718
f 4692 	4682 	1804
f 1792 	4692 	1804
f 4622 	7174 	4705
f 4703 	4622 	4705
f 4423 	4708 	4581
f 4651 	4720 	1509
f 1787 	1509 	4722
f 4712 	4716 	4710
f 4871 	4724 	4757
f 4718 	4724 	1804
f 4713 	1759 	1787
f 4722 	4713 	1787
f 4671 	4675 	4895
f 4736 	1804 	4724
f 4719 	4755 	4724
f 4720 	4722 	1509
f 4615 	4635 	4688
f 4693 	4615 	4688
f 4689 	4688 	4635
f 4716 	4432 	5585
f 4712 	4432 	4716
f 1445 	4432 	4712
f 1804 	4718 	3142
f 4719 	3142 	4718
f 4688 	6834 	4689
f 4530 	4653 	4687
f 4693 	6834 	4688
f 4707 	4729 	4728
f 1803 	4729 	4707
f 4726 	4728 	4729
f 4730 	4718 	1804
f 4730 	1804 	1875
f 7412 	4687 	4653
f 4695 	4731 	4706
f 6834 	8669 	4689
f 4730 	4772 	4718
f 4719 	4718 	4772
f 1803 	1003 	4729
f 1003 	4335 	4729
f 4723 	4845 	4732
f 4723 	4732 	4724
f 4689 	4434 	4688
f 1804 	1805 	1792
f 4728 	4733 	4731
f 4695 	4707 	4731
f 4728 	4731 	4707
f 4736 	4611 	1804
f 4611 	4605 	1804
f 5981 	5977 	4628
f 5977 	4721 	4628
f 4736 	4702 	4611
f 4610 	4611 	4702
f 4592 	5482 	4735
f 7273 	7269 	4628
f 4722 	4720 	4690
f 4737 	4608 	4611
f 4737 	4611 	4736
f 4736 	4724 	4702
f 4646 	4715 	4651
f 4737 	4736 	4724
f 4737 	4724 	4732
f 4576 	4575 	4740
f 4740 	4797 	4576
f 4720 	4651 	4715
f 4736 	4611 	4724
f 4723 	4724 	4611
f 4611 	4605 	4723
f 4651 	4690 	4720
f 4676 	4694 	4743
f 4745 	4670 	4576
f 4671 	4576 	4670
f 1798 	4746 	4418
f 4698 	4747 	5517
f 5517 	4747 	4748
f 4743 	4742 	4750
f 4746 	4743 	4742
f 4413 	4710 	3592
f 4749 	4744 	5447
f 5517 	4748 	4690
f 4684 	8021 	4717
f 4676 	4743 	4750
f 4321 	1539 	4413
f 4672 	3602 	4674
f 1798 	4683 	4746
f 4743 	4746 	4676
f 4748 	4722 	4690
f 4744 	4401 	4685
f 1489 	4709 	1539
f 4752 	4753 	4733
f 4752 	4733 	4728
f 4580 	4751 	4714
f 4755 	4719 	4750
f 4718 	4750 	4719
f 1543 	4419 	4739
f 4743 	4676 	3232
f 1543 	4739 	1525
f 4749 	4401 	4744
f 4750 	4757 	4755
f 3597 	3589 	4419
f 4739 	4419 	3589
f 4767 	4122 	4756
f 4344 	4621 	4759
f 4758 	4853 	4742
f 4742 	4863 	4750
f 4880 	4879 	4764
f 4688 	4670 	4693
f 4758 	4746 	4742
f 4745 	4887 	4678
f 4389 	4921 	3232
f 4743 	3232 	4742
f 4670 	4671 	4895
f 4762 	4757 	4869
f 4750 	4869 	4757
f 4370 	4389 	3232
f 4693 	4670 	4764
f 4764 	4615 	4693
f 4764 	6834 	4693
f 4766 	4344 	4759
f 4122 	4767 	4193
f 4715 	4711 	4768
f 4761 	4768 	4711
f 4759 	7931 	4766
f 4757 	4724 	4755
f 4762 	4871 	4757
f 4755 	3142 	4719
f 4720 	4715 	4768
f 4762 	4913 	4757
f 4757 	4913 	4755
f 4380 	3142 	3035
f 4769 	4734 	4822
f 4720 	4768 	4651
f 4755 	4913 	3142
f 4381 	3142 	4380
f 4764 	4693 	1176
f 4772 	4755 	4719
f 4627 	4765 	4751
f 4757 	4755 	4772
f 4757 	4772 	4775
f 4761 	4711 	4722
f 4762 	4757 	4775
f 4774 	4208 	3658
f 4575 	4475 	4771
f 4748 	4861 	4722
f 4761 	4722 	4861
f 4580 	4714 	5403
f 4575 	4773 	4740
f 4627 	4751 	4580
f 4728 	4726 	4779
f 4778 	4870 	4779
f 4774 	4290 	4208
f 4290 	4774 	4780
f 4870 	4728 	4779
f 4897 	4440 	4418
f 4793 	4776 	4708
f 4594 	4735 	4741
f 4594 	4592 	4735
f 4785 	4870 	4782
f 8805 	8 	4760
f 4782 	4870 	4778
f 4833 	4789 	4735
f 4779 	4782 	4778
f 2876 	8805 	4760
f 4779 	4335 	4782
f 4726 	4335 	4779
f 4784 	4783 	4440
f 4785 	4335 	4816
f 4791 	4792 	4787
f 4789 	4794 	4741
f 4861 	4876 	4792
f 4793 	4708 	4423
f 4735 	4789 	4741
f 4879 	4880 	4797
f 4796 	4787 	4652
f 4791 	4787 	4796
f 4817 	4799 	4900
f 4889 	4929 	4615
f 4392 	4858 	4781
f 4287 	4652 	4787
f 4790 	1524 	2902
f 1524 	4790 	5497
f 4786 	4788 	4801
f 4792 	4791 	4668
f 4796 	4662 	4791
f 4800 	4799 	4795
f 4909 	4767 	4756
f 4790 	2902 	3344
f 3658 	4664 	4774
f 4740 	4771 	4797
f 5466 	4776 	4793
f 1870 	2654 	5435
f 2654 	2680 	5435
f 4803 	4801 	4788
f 4798 	4773 	4882
f 6046 	4882 	4773
f 4797 	4773 	4798
f 4740 	4773 	4797
f 2656 	4804 	4805
f 4392 	4500 	4858
f 4802 	4761 	4861
f 4792 	4802 	4861
f 6046 	4773 	6038
f 4691 	4758 	4694
f 4808 	4799 	4817
f 4800 	4900 	4799
f 4773 	4738 	6038
f 4740 	4797 	4575
f 4637 	4761 	4668
f 4799 	4808 	4795
f 4819 	4795 	4808
f 4806 	4826 	4825
f 4882 	4941 	9812
f 4798 	4882 	9812
f 4802 	4792 	4668
f 4793 	4423 	5265
f 4550 	4810 	4811
f 8434 	4806 	4825
f 4787 	4792 	4876
f 4795 	4827 	4812
f 5245 	4818 	4819
f 4685 	4814 	4744
f 4744 	4814 	4725
f 4814 	4685 	4564
f 4546 	4814 	4564
f 4817 	4892 	4691
f 4811 	4816 	4550
f 4546 	3913 	4814
f 4807 	4812 	4680
f 4814 	4062 	4725
f 4638 	4807 	4680
f 784 	4829 	1605
f 4165 	4725 	4062
f 4819 	4817 	4818
f 4808 	4817 	4819
f 4870 	4816 	4810
f 4811 	4810 	4816
f 4816 	4870 	4785
f 4870 	4810 	4888
f 4800 	5694 	4799
f 4818 	4827 	4836
f 4818 	4795 	4819
f 4604 	4786 	4601
f 4810 	4597 	4888
f 4799 	5725 	4808
f 4842 	4817 	4691
f 4724 	4723 	4691
f 4366 	4550 	4816
f 4817 	4691 	4812
f 4681 	4812 	4691
f 4818 	4817 	4827
f 4342 	4825 	4826
f 4842 	4836 	4827
f 4806 	4754 	4826
f 4827 	4795 	4818
f 4769 	4822 	4846
f 1572 	1571 	1532
f 4817 	4842 	4827
f 4117 	4826 	4754
f 4070 	3945 	4821
f 4817 	4812 	4827
f 4604 	4788 	4786
f 4649 	4822 	4821
f 4807 	4638 	5033
f 4922 	4926 	1532
f 4117 	4277 	4826
f 4650 	4648 	4827
f 5245 	4650 	4827
f 4827 	4818 	5245
f 5993 	4825 	4342
f 4718 	4719 	4724
f 4723 	4724 	4871
f 4871 	4883 	4832
f 4723 	4871 	4832
f 4337 	4813 	4296
f 4871 	4940 	4727
f 4833 	4834 	4566
f 4567 	4835 	4566
f 4574 	4577 	4835
f 4833 	4566 	4835
f 4727 	4942 	4871
f 4835 	5611 	4513
f 4815 	4813 	4337
f 4829 	4922 	1605
f 4831 	4830 	4836
f 4850 	4087 	4086
f 4838 	4831 	4830
f 7459 	4600 	4620
f 4831 	5675 	4830
f 4829 	784 	5014
f 4832 	4831 	4836
f 4832 	4836 	4842
f 4850 	4123 	4087
f 4845 	4832 	4831
f 4845 	4831 	4838
f 4557 	4585 	4822
f 4846 	4822 	4585
f 4808 	4836 	4799
f 4836 	4808 	4819
f 4516 	4843 	4513
f 4847 	4833 	4843
f 4819 	4818 	4836
f 4433 	4434 	6834
f 4776 	4846 	4708
f 4585 	4581 	4846
f 4835 	4843 	4833
f 4513 	4843 	4835
f 4433 	6834 	4437
f 5007 	4824 	4823
f 5007 	4823 	4848
f 4846 	4776 	4769
f 4723 	4832 	4842
f 4842 	4691 	4723
f 4708 	4846 	4581
f 4849 	4754 	4841
f 4845 	4723 	4832
f 4756 	4754 	4849
f 4497 	4558 	4848
f 5007 	4848 	4558
f 4553 	5225 	4832
f 4851 	4888 	4597
f 4835 	4513 	4837
f 4513 	4516 	4837
f 4833 	4835 	4837
f 4852 	4853 	4854
f 4855 	4892 	4854
f 1176 	4433 	1171
f 4688 	4434 	1176
f 4735 	4835 	4833
f 4500 	4502 	4858
f 4857 	4858 	4502
f 4557 	4822 	4649
f 4854 	4859 	4855
f 5482 	4514 	4735
f 4835 	4735 	4513
f 4856 	4855 	4854
f 4600 	4851 	4597
f 4855 	4896 	4856
f 4897 	4856 	4896
f 4823 	4824 	4857
f 4824 	4878 	4857
f 4855 	4860 	4854
f 4756 	4849 	4909
f 4855 	4860 	4896
f 5635 	4847 	4843
f 4839 	5635 	4843
f 4821 	3945 	4649
f 4873 	4908 	4856
f 6916 	4786 	4839
f 4853 	4863 	4859
f 4853 	4859 	4854
f 4786 	4801 	4843
f 4847 	4843 	4801
f 4843 	4839 	4786
f 4698 	4864 	4747
f 4865 	4861 	4864
f 4866 	433 	4843
f 4843 	4847 	4866
f 4118 	4123 	4862
f 4861 	4748 	4747
f 4867 	4908 	4854
f 4860 	4867 	4854
f 3963 	4118 	4862
f 4780 	4774 	4918
f 4566 	4834 	4868
f 4566 	4868 	4567
f 3963 	4862 	4655
f 4855 	4856 	4860
f 4860 	4856 	4867
f 4834 	4582 	4566
f 4853 	4852 	4863
f 4841 	4754 	4806
f 4544 	4567 	4582
f 4863 	4869 	4859
f 4824 	4820 	4878
f 4753 	4752 	4870
f 4753 	4870 	7845
f 4871 	4869 	4852
f 4872 	4869 	4871
f 4863 	4852 	4869
f 4823 	4857 	4848
f 4857 	4502 	4848
f 4497 	4848 	4502
f 4850 	4862 	4123
f 4820 	4967 	4878
f 4758 	4691 	4873
f 4742 	4694 	4758
f 4892 	4873 	4691
f 4873 	4856 	4854
f 4824 	5007 	4820
f 4752 	4728 	4870
f 4746 	4873 	4897
f 4856 	4897 	4873
f 4857 	4874 	4858
f 4877 	4874 	4857
f 4875 	4741 	4794
f 4854 	4853 	4873
f 4758 	4873 	4853
f 4853 	4863 	4742
f 4869 	4750 	4863
f 4873 	4746 	4758
f 4857 	4878 	4877
f 4165 	4280 	4725
f 4803 	4788 	541
f 4859 	4881 	4883
f 4859 	4883 	4852
f 4884 	4879 	4882
f 4798 	4882 	4879
f 4797 	4798 	4879
f 4841 	4806 	8434
f 4852 	4883 	4871
f 4885 	4734 	4894
f 4576 	4797 	4887
f 4880 	4887 	4797
f 4852 	4854 	4892
f 4787 	4876 	4583
f 4745 	4576 	4887
f 4821 	4734 	4885
f 4734 	4821 	4822
f 4856 	4873 	4892
f 4855 	4856 	4892
f 4855 	4859 	4893
f 4332 	4306 	4295
f 822 	804 	4306
f 4906 	4764 	4879
f 4890 	4905 	4879
f 4884 	4889 	4879
f 4890 	4879 	4889
f 4929 	4889 	4884
f 4929 	4884 	4886
f 7845 	4870 	4888
f 4332 	4295 	4323
f 4956 	4678 	4884
f 4896 	4860 	4867
f 4885 	4070 	4821
f 4340 	4332 	4483
f 4323 	4483 	4332
f 4905 	4906 	4879
f 4859 	4891 	4881
f 4070 	4885 	4189
f 4880 	4879 	4678
f 4887 	4880 	4678
f 4879 	4884 	4678
f 4886 	4956 	4884
f 4828 	4583 	4876
f 4880 	4895 	4879
f 4879 	4895 	4884
f 4860 	4855 	4893
f 4859 	4900 	4893
f 4192 	4885 	4894
f 4777 	4897 	4896
f 4901 	4902 	4899
f 4886 	4884 	4895
f 4800 	4969 	4900
f 4898 	4899 	4902
f 4887 	4895 	4880
f 4767 	4909 	4653
f 4867 	4908 	4896
f 4641 	4898 	4642
f 4898 	4902 	4642
f 4653 	4909 	7505
f 4745 	4670 	4895
f 4887 	4745 	4895
f 4859 	4852 	4892
f 4859 	4892 	4900
f 4478 	4492 	4483
f 4340 	4483 	4492
f 4645 	4642 	4902
f 4890 	4889 	4615
f 4892 	4817 	4900
f 4885 	4192 	4189
f 4478 	7448 	4492
f 9379 	6886 	4889
f 4859 	4869 	4891
f 4903 	4891 	4869
f 4872 	4903 	4869
f 4902 	4901 	4904
f 4901 	4907 	4904
f 4745 	4887 	4764
f 4887 	4880 	4764
f 4869 	4872 	4762
f 4192 	4894 	4331
f 4615 	4764 	4906
f 4860 	4893 	4867
f 4908 	4867 	4893
f 4853 	4854 	4908
f 4906 	6834 	4764
f 4331 	4894 	5655
f 4908 	4931 	4896
f 4961 	4896 	4931
f 4904 	4907 	4910
f 4911 	4910 	4907
f 4867 	4856 	4908
f 4615 	4905 	4890
f 4912 	4913 	4853
f 4358 	4912 	4853
f 4864 	4915 	4865
f 4914 	4865 	4915
f 4905 	4615 	4906
f 4913 	4872 	4869
f 4913 	4869 	4863
f 4086 	4919 	4850
f 4916 	4218 	933
f 5607 	4769 	4776
f 5607 	5557 	4769
f 1678 	4844 	802
f 4774 	4664 	4918
f 4418 	4746 	4897
f 933 	2050 	4916
f 4893 	4969 	4908
f 2050 	4978 	4916
f 4924 	1625 	5083
f 1624 	5083 	1625
f 4965 	4966 	4923
f 4908 	4921 	4853
f 4921 	4389 	4853
f 4920 	4919 	4201
f 4200 	4201 	4919
f 1630 	2149 	1624
f 4201 	4207 	4920
f 4931 	4908 	4921
f 4086 	4200 	4919
f 4873 	4758 	4908
f 4863 	4853 	4913
f 5133 	5130 	4924
f 4780 	4918 	4928
f 4988 	4615 	4929
f 4285 	4780 	4930
f 9379 	4889 	4929
f 4897 	4961 	4440
f 1605 	4924 	1625
f 4889 	1176 	4929
f 4889 	4890 	1176
f 4905 	1176 	4890
f 4408 	4409 	4389
f 4921 	4908 	4969
f 4389 	4921 	4969
f 4356 	4586 	4369
f 4358 	4853 	4389
f 4921 	4389 	4931
f 4877 	5019 	4932
f 4993 	4997 	1176
f 1176 	4905 	4906
f 4688 	1176 	4693
f 4906 	4764 	1176
f 4742 	3232 	4758
f 4858 	4874 	4781
f 4912 	4358 	3035
f 4933 	4218 	4934
f 4908 	4758 	3232
f 4337 	4285 	4930
f 4881 	4891 	4903
f 4881 	4903 	4883
f 4797 	4771 	4798
f 4924 	4922 	5133
f 4922 	4926 	5133
f 4883 	4903 	4872
f 4883 	4872 	4871
f 4229 	4933 	4252
f 4933 	4229 	4218
f 4762 	4872 	4871
f 4831 	4832 	4883
f 4881 	4891 	4831
f 4883 	4881 	4831
f 4916 	4934 	4218
f 4927 	4983 	4926
f 4983 	1532 	4926
f 4936 	4830 	4891
f 4830 	4831 	4891
f 4924 	1605 	4922
f 4903 	4913 	4891
f 4936 	4891 	4913
f 4912 	4937 	4913
f 4936 	4913 	4937
f 4926 	4922 	4829
f 6957 	9812 	6048
f 6048 	9812 	4941
f 4930 	4780 	4928
f 3034 	4937 	3035
f 4912 	3035 	4937
f 4927 	4926 	4829
f 4872 	4913 	4903
f 4844 	1678 	2005
f 4872 	4913 	4762
f 4912 	3142 	4913
f 3035 	3142 	4912
f 4938 	4679 	4256
f 4884 	4882 	4941
f 4939 	4940 	4872
f 4940 	4871 	4872
f 4871 	4942 	4883
f 4881 	4883 	4942
f 4945 	4886 	4944
f 4884 	6953 	4886
f 6953 	6704 	4886
f 4960 	4760 	1506
f 4881 	4942 	4946
f 4881 	4946 	4947
f 4881 	4947 	4891
f 4930 	4815 	4337
f 4948 	4903 	4947
f 4891 	4947 	4903
f 4932 	4874 	4877
f 4939 	4872 	4948
f 4903 	4948 	4872
f 4952 	4953 	4951
f 4950 	5021 	4953
f 6031 	4809 	4678
f 4762 	4775 	4939
f 4872 	4762 	4939
f 4954 	8282 	4952
f 4953 	4952 	4955
f 4913 	3058 	4912
f 3035 	4912 	3058
f 4874 	4932 	4781
f 4951 	5025 	4952
f 4872 	4939 	4913
f 3058 	4913 	4939
f 3058 	4939 	3059
f 6031 	4678 	4956
f 4877 	4878 	5045
f 4936 	4836 	4830
f 4952 	4951 	4976
f 4936 	4937 	4836
f 4397 	4836 	4937
f 4951 	4952 	3855
f 4397 	4937 	3034
f 4954 	7752 	3855
f 4952 	4954 	3855
f 4944 	4943 	4956
f 3033 	4838 	4936
f 4830 	4936 	4838
f 4959 	4945 	4944
f 4958 	6728 	4813
f 3034 	3033 	4936
f 3034 	4936 	4937
f 4956 	4959 	4944
f 4953 	4955 	4980
f 4897 	4777 	4961
f 287 	4953 	4950
f 4959 	6707 	4944
f 4777 	4896 	4961
f 287 	8485 	4953
f 5265 	4423 	4963
f 4960 	1506 	1532
f 4784 	4440 	4961
f 4934 	4962 	4933
f 4923 	4966 	1187
f 4783 	4784 	4586
f 4369 	4586 	4931
f 4931 	4586 	4784
f 5080 	4991 	4923
f 4962 	4234 	4933
f 4961 	4931 	4784
f 4962 	4938 	4234
f 3267 	3269 	3299
f 4965 	4968 	4966
f 5067 	4957 	5003
f 4820 	5003 	4967
f 3988 	4008 	4002
f 4004 	4002 	4970
f 4008 	4970 	4002
f 4893 	4900 	4969
f 4408 	4389 	4969
f 4409 	4616 	4370
f 4938 	4971 	4925
f 4820 	5007 	5003
f 4799 	4836 	4800
f 4397 	4969 	4836
f 4800 	4836 	4969
f 4800 	4795 	4969
f 4397 	4408 	4969
f 4917 	5071 	4923
f 4409 	4408 	4612
f 4959 	4993 	4945
f 407 	403 	4972
f 4956 	4886 	4945
f 4409 	5966 	4408
f 4616 	5966 	4409
f 4956 	4945 	4959
f 3034 	4937 	4936
f 4830 	5693 	4936
f 3034 	4936 	5899
f 4938 	4962 	4971
f 1864 	4608 	1875
f 4730 	4732 	4772
f 4772 	4727 	4775
f 4940 	4775 	4727
f 4968 	4965 	4979
f 4965 	4923 	4991
f 4737 	4732 	4730
f 4727 	4845 	4942
f 4945 	4886 	6707
f 4895 	6707 	4886
f 4959 	4945 	6707
f 4845 	4727 	4732
f 3088 	407 	4972
f 1532 	4983 	4960
f 3088 	4972 	5042
f 4946 	4942 	4838
f 3033 	4947 	4838
f 4845 	4838 	4942
f 4939 	4948 	4940
f 4946 	4940 	4948
f 4947 	4946 	4948
f 4966 	4968 	4979
f 4950 	4953 	4980
f 4946 	4838 	4947
f 4950 	5020 	287
f 3033 	3059 	4947
f 6886 	6834 	4890
f 4979 	4984 	4966
f 4939 	4948 	3059
f 4948 	4947 	3059
f 4988 	4985 	4943
f 4986 	4988 	4943
f 4944 	4943 	4985
f 4990 	4992 	4989
f 4987 	4989 	4992
f 4984 	4979 	4991
f 4979 	4965 	4991
f 4558 	4766 	5007
f 4959 	4944 	4993
f 4985 	4993 	4944
f 4730 	1875 	4737
f 4727 	4772 	4732
f 4929 	4886 	4997
f 4984 	1187 	4966
f 2253 	4392 	4781
f 4993 	4997 	4945
f 4886 	4945 	4997
f 4775 	4940 	4999
f 4946 	4999 	4940
f 5037 	4562 	4548
f 4659 	4658 	4998
f 4658 	5000 	4998
f 4990 	4998 	5000
f 4990 	5000 	4992
f 4947 	4999 	4946
f 4548 	4974 	5037
f 4947 	4948 	4999
f 4948 	4939 	4999
f 4775 	4999 	4939
f 4981 	4978 	2253
f 2253 	4978 	2258
f 1150 	4923 	1154
f 4978 	2050 	2258
f 5005 	5006 	4992
f 4987 	4992 	5006
f 5004 	4987 	5006
f 5008 	4992 	5000
f 1160 	1188 	4964
f 4449 	5002 	5001
f 4929 	4997 	4985
f 4929 	4985 	4988
f 4993 	4985 	4997
f 5002 	4449 	4935
f 4993 	4985 	9379
f 4988 	9379 	4985
f 4992 	5011 	5005
f 4927 	5059 	4983
f 4929 	4997 	9379
f 9379 	4997 	4993
f 4987 	5004 	5013
f 5012 	5013 	5004
f 5010 	5136 	4238
f 5011 	4992 	5008
f 4232 	4917 	1150
f 5015 	5124 	5207
f 4232 	1150 	711
f 4929 	1176 	4997
f 5009 	4972 	403
f 4923 	1150 	4917
f 5015 	5013 	5012
f 4986 	7010 	4988
f 5018 	5008 	5000
f 5018 	5000 	4658
f 5018 	4658 	4663
f 4977 	5017 	7331
f 4964 	1158 	1160
f 4661 	5001 	4658
f 4658 	5001 	5000
f 4994 	4964 	1188
f 6733 	4986 	3366
f 3366 	4988 	4985
f 5014 	5060 	4829
f 4993 	1176 	4985
f 5001 	5013 	5000
f 756 	5014 	784
f 5010 	1158 	4964
f 1125 	5014 	756
f 5016 	5015 	5013
f 5011 	5000 	5013
f 5016 	5013 	5001
f 1158 	5010 	4238
f 4771 	6045 	4882
f 4798 	4771 	4882
f 4941 	4882 	6045
f 5014 	1125 	6272
f 4991 	4995 	4994
f 4991 	4994 	4984
f 4950 	5020 	5021
f 4951 	4953 	5021
f 1187 	4984 	4994
f 5005 	5011 	5022
f 4882 	6046 	4941
f 5023 	1130 	778
f 1188 	1187 	4994
f 1130 	5023 	1184
f 5023 	802 	4844
f 5069 	5017 	4977
f 4954 	4952 	5025
f 5025 	4951 	5021
f 5018 	5021 	5008
f 5011 	5008 	5022
f 5022 	5008 	5021
f 4976 	4951 	5021
f 5023 	778 	802
f 1524 	4982 	1559
f 5022 	4976 	5021
f 5011 	5013 	5022
f 5015 	5031 	5013
f 4976 	5013 	5031
f 3855 	5021 	4951
f 4981 	4781 	4932
f 4658 	5000 	5022
f 5022 	5000 	5011
f 3855 	3869 	5021
f 2253 	4781 	4981
f 4663 	5036 	5018
f 5034 	5018 	5036
f 8509 	5025 	5038
f 5039 	5021 	5018
f 5057 	5082 	5034
f 5025 	5021 	5039
f 5041 	5038 	5039
f 5025 	5039 	5038
f 2287 	4925 	5040
f 5017 	5110 	5035
f 8509 	5038 	4955
f 5020 	4950 	5038
f 5020 	5038 	5041
f 2485 	4925 	2287
f 4972 	5058 	5042
f 4738 	9813 	5032
f 4795 	4812 	5030
f 2287 	5040 	2370
f 3052 	2727 	5024
f 5036 	4663 	4659
f 5036 	4659 	4998
f 7987 	6723 	5024
f 5285 	3166 	5042
f 4998 	5046 	4659
f 4659 	4660 	5089
f 4990 	4989 	5047
f 5179 	5047 	4989
f 4877 	5045 	5019
f 5029 	1559 	4982
f 1561 	5024 	1556
f 4998 	4990 	5034
f 4998 	5034 	5036
f 1254 	5024 	1232
f 4998 	4990 	5046
f 4990 	4989 	5046
f 4996 	5046 	4989
f 4783 	5048 	4440
f 4990 	5053 	5034
f 5049 	4425 	5048
f 5067 	2400 	5050
f 4440 	5048 	4425
f 5051 	4425 	5049
f 5048 	4783 	4586
f 3088 	5042 	3166
f 2362 	2370 	5050
f 5074 	5050 	2370
f 5056 	4977 	3094
f 4990 	5047 	5053
f 5051 	5054 	4425
f 5074 	2370 	5075
f 3176 	5056 	3094
f 5053 	5057 	5034
f 4990 	5053 	4989
f 5040 	5075 	2370
f 5027 	5024 	5052
f 5049 	5048 	4586
f 4990 	4998 	5053
f 5076 	4998 	5089
f 5049 	4586 	5051
f 5051 	4586 	5054
f 9813 	4738 	4773
f 1254 	1589 	1765
f 1765 	5024 	1254
f 5200 	5215 	5047
f 5318 	5056 	5288
f 4612 	6016 	4613
f 5072 	5082 	5057
f 4957 	5067 	5055
f 5057 	4989 	5053
f 5055 	5067 	5050
f 4998 	5057 	5053
f 4967 	5003 	4957
f 4795 	4612 	4969
f 5050 	5074 	5055
f 4622 	6027 	4616
f 4408 	5735 	4969
f 5331 	5112 	5289
f 5060 	5257 	5063
f 5055 	5074 	4957
f 3052 	5024 	1765
f 5064 	5270 	5062
f 4983 	5063 	5062
f 5028 	5030 	4807
f 5062 	6286 	4983
f 5064 	6286 	5062
f 5063 	6272 	5062
f 4593 	5046 	5061
f 4808 	5725 	4819
f 4969 	5647 	4800
f 4832 	5225 	4831
f 5899 	5964 	3034
f 5018 	5034 	5082
f 2362 	5050 	2400
f 4812 	4807 	5030
f 5063 	5270 	5060
f 5059 	5150 	4927
f 4927 	5150 	4926
f 5033 	5028 	4807
f 5060 	5150 	5059
f 5060 	4983 	5059
f 4972 	5009 	5058
f 5063 	4983 	5060
f 4991 	5027 	4995
f 5052 	4995 	5027
f 5059 	4829 	5060
f 5057 	5053 	5215
f 4766 	5289 	5007
f 5072 	4989 	5057
f 4829 	5059 	4927
f 5060 	5014 	5063
f 5014 	6272 	5063
f 5082 	5094 	5039
f 5486 	5485 	4364
f 4977 	5056 	5069
f 5254 	5023 	4844
f 5061 	5046 	5250
f 5258 	5070 	5073
f 4923 	5071 	5080
f 4967 	4957 	5074
f 4518 	5487 	4364
f 5397 	5413 	5069
f 4878 	4967 	5074
f 5078 	5079 	5077
f 5017 	5069 	5110
f 5045 	5074 	5075
f 5081 	5082 	5076
f 5039 	5018 	5082
f 5076 	5082 	5072
f 5083 	5169 	5084
f 5083 	5084 	5085
f 5083 	5085 	5077
f 4989 	5072 	5076
f 5083 	5105 	5087
f 5083 	5087 	5088
f 4878 	5074 	5045
f 5169 	5083 	5090
f 5088 	5090 	5083
f 5092 	5077 	5085
f 5076 	5089 	5081
f 5081 	5089 	5091
f 5411 	4017 	5099
f 5099 	5100 	5411
f 5091 	5227 	5089
f 5089 	5227 	5076
f 5057 	4998 	5072
f 5076 	5072 	4998
f 5041 	5039 	5094
f 3921 	3890 	5086
f 2397 	5096 	4548
f 5066 	5065 	5360
f 5101 	5098 	5100
f 5100 	5147 	5098
f 4974 	4548 	5096
f 5178 	5606 	5097
f 5091 	5234 	5104
f 5185 	5439 	5097
f 5578 	5093 	5680
f 5101 	5100 	5099
f 5082 	5081 	5108
f 5078 	5077 	5092
f 4217 	5147 	5099
f 2400 	5067 	6266
f 2404 	5096 	2397
f 5091 	5104 	5081
f 4922 	4924 	5083
f 4240 	5101 	4281
f 5099 	4281 	5101
f 7811 	5081 	5104
f 4281 	4216 	5099
f 4922 	5083 	5077
f 4926 	4922 	5077
f 8040 	1376 	5026
f 5113 	5101 	4240
f 5089 	3870 	5091
f 5097 	5095 	5106
f 5103 	5066 	5359
f 3428 	4281 	3427
f 5083 	2151 	2152
f 5083 	2152 	5105
f 5106 	5009 	5026
f 7811 	7812 	5081
f 5103 	5359 	5424
f 5009 	5106 	5058
f 5119 	5117 	5101
f 5094 	5082 	5109
f 5108 	5109 	5082
f 5232 	5094 	5109
f 2043 	2045 	4924
f 5006 	5111 	5004
f 5107 	4934 	4978
f 5012 	5004 	5111
f 5101 	5113 	5114
f 5101 	5114 	5115
f 5107 	4962 	4934
f 5111 	5031 	5012
f 5015 	5012 	5031
f 5080 	6252 	4991
f 5118 	5254 	4844
f 5016 	5031 	5015
f 5119 	5101 	5115
f 6268 	5371 	5052
f 5005 	5120 	5121
f 5005 	5121 	5006
f 5114 	5113 	5122
f 5013 	5015 	5207
f 5206 	5207 	5124
f 5031 	5124 	5015
f 3451 	3453 	5113
f 2005 	5118 	4844
f 5117 	5119 	5125
f 5122 	5125 	5119
f 5114 	5122 	5115
f 5119 	5115 	5122
f 5126 	5127 	5128
f 5129 	5206 	5131
f 5131 	5132 	5129
f 5128 	5129 	5132
f 5126 	5128 	5132
f 5112 	5102 	5003
f 5007 	5112 	5003
f 5131 	5124 	5134
f 5132 	5131 	5134
f 5132 	5134 	5135
f 5136 	4964 	5093
f 4034 	5471 	5115
f 5115 	5471 	5119
f 5114 	4034 	5115
f 4981 	5116 	5107
f 5124 	5031 	5134
f 5111 	5134 	5031
f 5113 	5137 	5122
f 5107 	4978 	4981
f 5114 	5137 	5113
f 5001 	5239 	5016
f 5031 	5016 	5124
f 5639 	5606 	5138
f 5122 	5137 	5139
f 5122 	5139 	5125
f 5239 	5132 	5131
f 5239 	5131 	5124
f 5124 	5016 	5239
f 5115 	5137 	5114
f 4994 	4995 	4964
f 5093 	4964 	4995
f 4978 	4934 	4916
f 5022 	5013 	4976
f 5138 	5182 	5110
f 5182 	5174 	5110
f 5117 	5139 	5119
f 5139 	5137 	5119
f 5115 	5119 	5137
f 5124 	4976 	5031
f 5142 	5143 	5141
f 4364 	5071 	4232
f 2043 	4924 	5130
f 5099 	4327 	4281
f 5135 	5126 	5132
f 4232 	5071 	4917
f 5144 	4926 	5151
f 5133 	4926 	5144
f 3480 	5141 	4304
f 5143 	4304 	5141
f 5144 	2053 	5133
f 5098 	5159 	5100
f 4328 	4281 	4327
f 4326 	5100 	5159
f 5133 	5118 	5130
f 5118 	2005 	5130
f 5118 	5133 	5144
f 5150 	5060 	5157
f 5177 	5237 	5149
f 5149 	5237 	5152
f 5132 	5126 	4976
f 5118 	5151 	5150
f 5131 	5132 	4976
f 5124 	5131 	4976
f 5118 	5144 	5151
f 5006 	5134 	5111
f 5153 	5134 	5006
f 5153 	5006 	5121
f 5100 	5099 	5147
f 5147 	4217 	4145
f 5155 	5156 	5154
f 5154 	5156 	5157
f 4962 	5107 	5148
f 5186 	5150 	5157
f 5158 	5145 	4974
f 5037 	4974 	5145
f 4327 	5100 	4326
f 5157 	5118 	5150
f 4980 	5135 	5134
f 5151 	5144 	5157
f 5162 	5152 	6363
f 5159 	5141 	4326
f 4327 	4326 	5141
f 5021 	5020 	5160
f 5157 	5156 	5186
f 5162 	5161 	5163
f 4326 	5159 	4237
f 5096 	6356 	4974
f 5120 	5005 	5165
f 5164 	5165 	5005
f 5164 	5005 	5022
f 4326 	4180 	5159
f 5157 	5167 	5118
f 5156 	5167 	5157
f 5166 	5167 	5156
f 5161 	6353 	5162
f 5021 	5160 	5022
f 5164 	5022 	5160
f 5237 	6363 	5152
f 5020 	5041 	5160
f 5163 	5178 	5162
f 5133 	5191 	5144
f 5150 	5151 	5157
f 5157 	5144 	5191
f 4950 	4980 	5020
f 5134 	5153 	5165
f 5134 	5165 	5164
f 4925 	4971 	5168
f 5161 	5170 	5163
f 5142 	5125 	5139
f 5171 	5173 	5139
f 5142 	5139 	5173
f 4980 	5134 	5164
f 5160 	5020 	4980
f 5164 	5160 	4980
f 6353 	5161 	5170
f 5168 	5040 	4925
f 5160 	5041 	5164
f 5149 	5106 	5152
f 5136 	5010 	4964
f 4352 	5070 	4372
f 5020 	5160 	287
f 5168 	5248 	5040
f 4352 	4353 	5070
f 5174 	5163 	5175
f 5165 	467 	5164
f 4373 	4238 	5136
f 5248 	5075 	5040
f 2043 	5130 	2053
f 5130 	5133 	2053
f 5185 	5237 	5177
f 5097 	5237 	5185
f 5152 	5178 	5149
f 5177 	5149 	5178
f 5121 	5120 	5165
f 5121 	5165 	5153
f 5130 	2005 	2043
f 467 	5165 	5153
f 467 	5153 	468
f 5149 	5224 	5177
f 5148 	4971 	4962
f 5152 	5162 	5178
f 2047 	5144 	2046
f 5150 	2046 	5151
f 5168 	4971 	5148
f 5177 	5106 	5149
f 5162 	5152 	5106
f 5180 	469 	468
f 5180 	468 	5153
f 5180 	5153 	5181
f 2053 	5144 	2048
f 2048 	5144 	2047
f 5151 	2046 	5144
f 5182 	5178 	5174
f 5155 	5183 	5156
f 4372 	5176 	5147
f 5174 	5178 	5163
f 5181 	5153 	5184
f 5165 	5184 	5153
f 5186 	2061 	2046
f 5150 	5186 	2046
f 5185 	5178 	5097
f 5181 	5184 	5179
f 5180 	5181 	5179
f 5258 	5176 	4372
f 5156 	5183 	5186
f 5179 	5184 	5047
f 5106 	5185 	5097
f 5166 	5156 	5183
f 5178 	5185 	5177
f 5188 	5180 	5181
f 5188 	5181 	5184
f 5172 	7152 	1360
f 5177 	5224 	5185
f 5133 	5130 	5189
f 2065 	5189 	5130
f 2065 	5130 	2043
f 2065 	2043 	2064
f 5184 	5190 	5047
f 5177 	5185 	5106
f 5189 	5191 	5133
f 5156 	5157 	5191
f 5183 	5156 	5191
f 7152 	5172 	5158
f 5165 	5164 	5041
f 5138 	5178 	5182
f 5084 	5192 	5085
f 5092 	5085 	5192
f 5184 	5181 	5190
f 5188 	5184 	5190
f 5079 	5078 	5092
f 5079 	5092 	5192
f 5148 	5116 	5187
f 5193 	6210 	5163
f 4372 	5070 	5258
f 5180 	5179 	469
f 5116 	5148 	5107
f 5180 	5188 	471
f 5180 	471 	469
f 5088 	5087 	2126
f 5087 	5105 	2126
f 5161 	5106 	5170
f 5170 	5106 	5193
f 469 	5229 	5180
f 5200 	5047 	5195
f 5170 	5193 	5163
f 5084 	5090 	5088
f 5084 	5088 	5087
f 5087 	5105 	5084
f 5161 	5162 	5106
f 5190 	5184 	5041
f 5184 	5165 	5041
f 5105 	2152 	2126
f 4631 	5194 	4587
f 5190 	5181 	5195
f 2152 	2151 	2126
f 5190 	5195 	5188
f 5127 	9568 	5128
f 5105 	2152 	5085
f 5085 	5084 	5105
f 5174 	5175 	5110
f 5175 	6336 	5110
f 6217 	6206 	5035
f 5197 	5387 	5140
f 5197 	5140 	5198
f 5240 	5123 	5267
f 5097 	5095 	5237
f 2149 	5029 	2151
f 1559 	5029 	2148
f 5355 	5269 	5029
f 5092 	5085 	5029
f 2152 	2151 	5085
f 2151 	5029 	5085
f 5195 	5190 	5041
f 5229 	5232 	5181
f 5387 	5197 	5146
f 5241 	5146 	5197
f 5192 	5084 	5202
f 2126 	5202 	5084
f 2126 	5084 	5169
f 5200 	5188 	5195
f 5090 	5088 	2126
f 5169 	5090 	2126
f 5179 	5129 	5128
f 5258 	5297 	5176
f 6363 	6364 	5162
f 5196 	8527 	8523
f 5205 	5203 	5246
f 4987 	5013 	5207
f 4989 	4987 	4996
f 4996 	4987 	5207
f 5090 	5084 	5169
f 5208 	5209 	5237
f 5237 	5209 	5211
f 5124 	5131 	5206
f 5363 	5078 	5079
f 5101 	5281 	5098
f 5152 	5224 	5149
f 5098 	5147 	5205
f 5207 	5179 	4996
f 4989 	4996 	5179
f 5207 	5046 	4996
f 5281 	5203 	5205
f 4989 	5076 	4996
f 5363 	5214 	5092
f 5078 	5363 	5092
f 5085 	5092 	5214
f 5147 	5176 	5205
f 5203 	5205 	5176
f 5162 	5224 	5152
f 5088 	2181 	5087
f 5105 	5087 	2181
f 2152 	5105 	2181
f 5190 	5195 	5047
f 5076 	5072 	5215
f 6343 	5211 	5209
f 5085 	5216 	5084
f 5169 	5084 	5216
f 5279 	5205 	5201
f 5203 	5201 	5205
f 5279 	5297 	5205
f 5200 	5195 	5041
f 5195 	5181 	5200
f 5200 	5181 	5215
f 5200 	5215 	5188
f 4932 	5116 	4981
f 5205 	5098 	5281
f 5448 	5513 	5217
f 5197 	6343 	5209
f 5197 	5209 	5208
f 5179 	5207 	5206
f 5179 	5206 	5129
f 5088 	5090 	2181
f 5169 	2181 	5090
f 5129 	5250 	5206
f 5220 	5216 	5214
f 5085 	5214 	5216
f 5211 	6385 	5209
f 5514 	5213 	5217
f 5218 	5281 	5117
f 5206 	5250 	5207
f 5205 	5411 	5098
f 5216 	2181 	5169
f 5197 	5198 	5204
f 5221 	5204 	5198
f 5225 	5226 	5223
f 5222 	5223 	5226
f 5154 	5167 	5166
f 5154 	5166 	5155
f 5234 	5091 	5232
f 5089 	5232 	5091
f 5125 	5142 	5218
f 5142 	5222 	5218
f 5219 	5218 	5222
f 5227 	5206 	5207
f 5207 	4996 	5227
f 5227 	4996 	5076
f 5227 	5091 	5104
f 5125 	5218 	5117
f 5213 	5228 	5217
f 5186 	5183 	5192
f 2061 	5186 	5202
f 5206 	5227 	5129
f 5128 	5129 	5227
f 5224 	5162 	6353
f 5148 	5187 	5168
f 5219 	5171 	5218
f 5218 	5171 	5139
f 5155 	5192 	5183
f 5187 	5248 	5168
f 5181 	5180 	5229
f 5117 	5218 	5139
f 5213 	5103 	5228
f 5202 	5186 	5192
f 5230 	5226 	5225
f 5155 	5166 	5183
f 5072 	5057 	5215
f 5053 	5047 	5215
f 5076 	5215 	5232
f 5076 	5232 	5089
f 4932 	5019 	5116
f 5225 	5233 	5226
f 5201 	5341 	5203
f 5183 	5191 	5186
f 5191 	5189 	5186
f 5116 	5019 	5187
f 5235 	5236 	5230
f 5232 	5215 	5094
f 5215 	5200 	5041
f 5041 	5094 	5215
f 5191 	232 	5183
f 5245 	5235 	5194
f 5242 	5243 	5237
f 5189 	2065 	5186
f 2061 	5186 	2065
f 5234 	5232 	5229
f 5215 	5181 	5232
f 5197 	5208 	5238
f 5215 	5232 	5188
f 5188 	5232 	471
f 5230 	5223 	5222
f 5209 	5208 	5231
f 5238 	5231 	5208
f 9824 	5066 	5103
f 5166 	5183 	232
f 232 	5191 	5189
f 2065 	233 	5189
f 232 	5189 	233
f 5208 	5209 	6385
f 5141 	5230 	5142
f 5222 	5142 	5230
f 5214 	4805 	5220
f 4804 	5220 	4805
f 5223 	5222 	5233
f 5173 	5233 	5222
f 5142 	5173 	5222
f 5187 	5019 	5248
f 5238 	5237 	5243
f 5238 	5208 	5237
f 5060 	5059 	5257
f 5225 	5223 	5230
f 5239 	5001 	5002
f 5238 	5243 	5197
f 5225 	5223 	5233
f 4926 	5257 	4927
f 5243 	5231 	5238
f 9551 	5126 	9553
f 5126 	5132 	5239
f 5205 	5246 	5098
f 5203 	5235 	5246
f 5245 	5246 	5235
f 5159 	5098 	5246
f 5062 	5063 	5257
f 5238 	5208 	6385
f 5067 	5003 	6355
f 6643 	6283 	5257
f 5197 	5243 	5242
f 5197 	5242 	5247
f 5197 	5247 	5241
f 5230 	5141 	5246
f 5246 	5245 	5230
f 5245 	5194 	5246
f 5242 	5231 	5243
f 5045 	5075 	5248
f 5199 	5196 	5102
f 5242 	5243 	5249
f 6385 	5249 	5243
f 5243 	5238 	6385
f 5141 	5159 	5246
f 5199 	5102 	5112
f 5221 	6395 	5204
f 5248 	5019 	5045
f 5194 	4237 	5246
f 9570 	5128 	5127
f 5159 	4180 	5246
f 5270 	5154 	5060
f 5138 	5253 	5251
f 5253 	5252 	5251
f 5222 	4551 	5142
f 5223 	4553 	5222
f 5210 	5158 	5172
f 5129 	5128 	5250
f 3299 	5252 	3267
f 5230 	5245 	5235
f 3299 	5251 	5252
f 5236 	5194 	5235
f 5046 	5207 	5250
f 4592 	6882 	5212
f 5241 	5247 	5198
f 5241 	5140 	5146
f 5235 	5245 	5725
f 5255 	5241 	5247
f 5225 	4553 	5223
f 5226 	5592 	5225
f 5328 	5353 	5226
f 5142 	4172 	5143
f 9632 	5002 	4935
f 5198 	5249 	5221
f 5140 	5241 	5198
f 5249 	5198 	5247
f 5221 	5249 	6395
f 5303 	5307 	5261
f 5199 	5112 	5331
f 5260 	3678 	3901
f 5259 	4763 	5846
f 5259 	4935 	4763
f 5297 	5307 	5205
f 5062 	5257 	5064
f 5266 	6643 	5257
f 5263 	5298 	5080
f 5264 	5263 	5080
f 5268 	5269 	5257
f 5266 	5257 	5269
f 5077 	5268 	5257
f 5100 	5098 	5411
f 5077 	5079 	5268
f 4592 	5298 	5263
f 4592 	5263 	5264
f 5059 	4927 	5257
f 5077 	5257 	4926
f 5063 	5062 	5270
f 5459 	5240 	5464
f 5256 	4901 	4899
f 5372 	5733 	5256
f 5157 	5060 	5154
f 5151 	4926 	5150
f 5294 	5219 	5328
f 5262 	5264 	5536
f 5167 	5254 	5118
f 5272 	5273 	5274
f 5267 	5546 	5240
f 5546 	5464 	5240
f 5434 	5273 	5275
f 5272 	5275 	5273
f 5264 	5080 	5262
f 5510 	5262 	5080
f 4592 	5264 	5262
f 5262 	5510 	4592
f 4935 	5271 	9632
f 5297 	5341 	5279
f 5824 	4738 	5278
f 5032 	5278 	4738
f 5210 	5145 	5158
f 5203 	5281 	5201
f 5279 	5201 	5281
f 3901 	3900 	5282
f 5283 	5285 	5282
f 5284 	5285 	5283
f 3901 	5282 	5285
f 5154 	5270 	5167
f 5254 	5167 	5270
f 1190 	5254 	5270
f 5279 	5176 	5297
f 5203 	5176 	5201
f 5276 	5286 	5284
f 5285 	5284 	5286
f 5356 	5315 	5357
f 5285 	5288 	3901
f 5286 	5287 	5285
f 5287 	5288 	5285
f 3933 	3901 	5288
f 5285 	5260 	3901
f 4786 	5536 	5385
f 5123 	5280 	5044
f 5291 	5281 	5292
f 5291 	5292 	5293
f 1184 	5023 	5254
f 5260 	5285 	5286
f 5292 	5281 	5294
f 5290 	5280 	5123
f 5276 	5277 	5296
f 5295 	5296 	5277
f 5500 	5136 	5509
f 5286 	5276 	5296
f 5218 	5219 	5281
f 5294 	5281 	5219
f 5295 	5287 	5296
f 5286 	5296 	5287
f 5297 	5279 	5281
f 5298 	5440 	5299
f 5155 	5300 	5266
f 5266 	5269 	5155
f 5201 	5176 	5279
f 5440 	5298 	5578
f 5264 	5509 	5263
f 5263 	5578 	5298
f 5295 	5377 	5296
f 5260 	5296 	5377
f 5286 	5296 	5260
f 6643 	5266 	5300
f 5299 	5301 	5298
f 5264 	5263 	5301
f 5296 	5042 	5295
f 5155 	5269 	5192
f 5298 	5301 	5263
f 5101 	5117 	5281
f 5285 	3901 	3166
f 5299 	5080 	5298
f 5303 	5304 	5305
f 5305 	5341 	5307
f 5303 	5305 	5307
f 5296 	5286 	5042
f 5285 	5042 	5286
f 232 	235 	5306
f 232 	5306 	5302
f 232 	5302 	5166
f 5287 	5308 	5288
f 5311 	6695 	5309
f 5312 	5303 	5310
f 5307 	5310 	5303
f 5281 	5310 	5307
f 5291 	5310 	5281
f 5300 	5155 	5183
f 5300 	5183 	5313
f 5300 	5313 	5309
f 3946 	3933 	5288
f 3946 	5288 	5308
f 3946 	5308 	5314
f 5258 	5261 	5307
f 5509 	5093 	5578
f 5288 	3176 	3933
f 5356 	4641 	5315
f 5287 	5316 	5308
f 5281 	5307 	5297
f 2301 	5186 	2061
f 5317 	5314 	5316
f 5308 	5316 	5314
f 5297 	5258 	5307
f 5183 	5186 	5313
f 2301 	5313 	5186
f 3176 	5288 	5056
f 5303 	5411 	5307
f 5166 	5302 	5183
f 5313 	5183 	5302
f 5287 	5390 	5320
f 5032 	5044 	5278
f 5313 	5191 	5183
f 6228 	5024 	5027
f 5397 	5069 	5056
f 5294 	5222 	5292
f 5293 	5292 	5222
f 5293 	5222 	5226
f 5316 	5287 	5320
f 5289 	4766 	7931
f 5222 	5294 	5219
f 5322 	5323 	5321
f 5321 	5323 	5324
f 5278 	5044 	5280
f 5320 	5319 	5327
f 5327 	5317 	5320
f 5316 	5320 	5317
f 5325 	5327 	5319
f 5292 	5294 	5328
f 5329 	5393 	5323
f 5330 	7950 	4770
f 5056 	5318 	5320
f 5056 	5320 	5319
f 5007 	5289 	5112
f 5271 	4935 	5259
f 5288 	3267 	5318
f 3933 	3267 	5288
f 5320 	5318 	3267
f 5320 	3267 	5252
f 5119 	5471 	5117
f 5218 	5326 	5219
f 5117 	5326 	5218
f 2302 	5311 	2301
f 5311 	5309 	2301
f 5313 	2301 	5309
f 5319 	5320 	5252
f 5171 	5219 	5333
f 5293 	5333 	5292
f 5329 	5323 	5322
f 5329 	5322 	5334
f 5284 	5327 	5276
f 5294 	5333 	5219
f 5292 	5333 	5294
f 5329 	5323 	5346
f 5283 	5327 	5284
f 5328 	5310 	5293
f 5291 	5293 	5310
f 5333 	5293 	5328
f 5333 	5328 	5335
f 5304 	5336 	5305
f 5336 	5337 	5305
f 5310 	5305 	5337
f 5310 	5337 	5312
f 5283 	5473 	5284
f 5329 	5339 	5323
f 6252 	5080 	6254
f 5304 	5340 	5305
f 5272 	5305 	5340
f 5275 	5272 	5340
f 5277 	5276 	5381
f 5284 	5473 	5276
f 5201 	5279 	5341
f 5297 	5307 	5341
f 5236 	5203 	5341
f 5328 	5293 	5226
f 5343 	5427 	5324
f 5199 	5331 	5342
f 5324 	5323 	5393
f 5277 	5344 	5276
f 4963 	5332 	5265
f 5230 	5341 	5226
f 5310 	5226 	5341
f 5305 	5310 	5341
f 5328 	5226 	5310
f 5305 	5272 	5341
f 5323 	5339 	5080
f 5325 	5327 	5345
f 5335 	5328 	5226
f 5335 	5226 	5233
f 5235 	5203 	5236
f 5230 	5236 	5341
f 5323 	5324 	5346
f 5343 	5346 	5324
f 3946 	5314 	3988
f 5314 	5282 	3988
f 5317 	5283 	5314
f 4008 	3988 	5282
f 5194 	5236 	5272
f 5341 	5272 	5236
f 5283 	5282 	5314
f 5272 	5274 	4587
f 5306 	5311 	5309
f 5313 	5302 	5309
f 5306 	5309 	5302
f 5283 	5317 	5327
f 5348 	2317 	2316
f 5272 	4587 	5194
f 2316 	2065 	5189
f 5348 	2316 	5311
f 5309 	5311 	2316
f 5189 	5313 	2316
f 5191 	5313 	5189
f 5309 	2316 	5313
f 5236 	5235 	5725
f 5304 	5305 	5349
f 7062 	6081 	7064
f 5192 	5269 	5268
f 5351 	5352 	5350
f 5192 	5268 	5079
f 5592 	5226 	5353
f 5326 	5353 	5328
f 5351 	5354 	5352
f 4898 	5256 	4899
f 5078 	5029 	5079
f 5268 	5029 	5269
f 5079 	5029 	5268
f 5233 	5173 	5333
f 5171 	5333 	5173
f 5233 	5333 	5335
f 5338 	5330 	5145
f 5361 	5303 	5261
f 5359 	5066 	5360
f 5212 	5358 	5346
f 5314 	5317 	4171
f 5327 	4171 	5317
f 5312 	5337 	5303
f 5304 	5303 	5336
f 5268 	5269 	5362
f 4991 	6252 	5027
f 5079 	5268 	5363
f 5268 	5362 	5363
f 5339 	6254 	5080
f 5344 	5366 	5276
f 5365 	5276 	5366
f 5364 	5365 	5366
f 5303 	5361 	5340
f 5303 	5340 	5304
f 5322 	5367 	5334
f 5321 	5367 	5322
f 5284 	5365 	5283
f 5365 	5364 	5283
f 5282 	5283 	5364
f 5284 	5276 	5365
f 5388 	5093 	5321
f 5275 	5340 	5361
f 5037 	4770 	4562
f 5256 	4898 	5357
f 5356 	5357 	4898
f 4641 	5356 	4898
f 5037 	5330 	4770
f 5314 	3946 	4004
f 5369 	5370 	4970
f 5370 	5314 	4970
f 4004 	4970 	5314
f 5304 	5349 	5336
f 5314 	5370 	5317
f 4902 	4904 	5368
f 5304 	5349 	5340
f 5334 	5322 	5371
f 5357 	5372 	5256
f 5374 	5733 	5372
f 5370 	5373 	5317
f 5327 	5317 	5373
f 5369 	5373 	5370
f 5345 	5327 	5373
f 5210 	5338 	5145
f 5321 	5093 	5322
f 5336 	5303 	5337
f 5347 	5338 	5210
f 5037 	5145 	5330
f 5326 	5312 	5353
f 5312 	5337 	5353
f 5337 	5349 	5353
f 5336 	5349 	5337
f 4995 	5052 	5371
f 5093 	4995 	5371
f 5345 	5373 	5344
f 5315 	5372 	5357
f 5353 	5326 	5375
f 5353 	5375 	5376
f 5374 	5372 	5315
f 4572 	5378 	5400
f 5366 	5344 	5373
f 6537 	5321 	5667
f 5389 	6789 	4064
f 5322 	5334 	5667
f 5355 	6638 	5269
f 5363 	5362 	4805
f 5214 	5363 	4805
f 5269 	6109 	5362
f 5311 	2302 	5348
f 2317 	5348 	2302
f 4071 	6822 	6821
f 5368 	2819 	5380
f 5380 	4645 	5368
f 4902 	5368 	4645
f 6822 	4071 	659
f 6809 	5379 	5385
f 1496 	4645 	2459
f 5380 	2459 	4645
f 235 	234 	5311
f 5321 	5324 	5388
f 5386 	5427 	5343
f 5295 	5277 	5387
f 5390 	5387 	5384
f 5387 	5428 	5384
f 5295 	5387 	5390
f 5380 	2456 	2459
f 2317 	5348 	234
f 5348 	5311 	234
f 235 	5311 	5306
f 5392 	5393 	5329
f 5386 	5343 	5393
f 5394 	5391 	2468
f 5394 	2468 	2471
f 5343 	5324 	5393
f 5521 	5391 	5524
f 5394 	5524 	5391
f 5343 	5324 	5080
f 5324 	5323 	5080
f 2477 	5396 	2476
f 5395 	2476 	5396
f 5346 	4592 	5212
f 5386 	5346 	5343
f 5295 	5390 	5287
f 5319 	5320 	5390
f 5397 	5398 	5390
f 5319 	5390 	5398
f 4901 	5256 	5733
f 478 	477 	5399
f 205 	5399 	477
f 5388 	5367 	5321
f 205 	9646 	5399
f 5390 	5377 	5295
f 480 	478 	5401
f 5399 	5401 	478
f 5382 	5678 	5383
f 5382 	5606 	5678
f 5384 	5383 	5678
f 5351 	5401 	5399
f 5354 	5351 	5399
f 5606 	5377 	5382
f 5422 	5499 	5378
f 5378 	4572 	3585
f 5315 	4938 	4925
f 5390 	5384 	5377
f 5384 	5383 	5377
f 5383 	5382 	5377
f 5086 	4071 	6821
f 5383 	5058 	5382
f 5332 	4963 	5402
f 5384 	5042 	5383
f 5058 	5383 	5042
f 5295 	5042 	5390
f 5384 	5390 	5042
f 5400 	5378 	5499
f 5404 	5405 	5406
f 5407 	5415 	5406
f 5406 	5414 	5404
f 5397 	5410 	5398
f 5409 	5398 	5410
f 5398 	5397 	5056
f 5271 	6213 	9632
f 5378 	4710 	5422
f 5398 	5409 	5319
f 5325 	5319 	5409
f 5056 	5319 	5398
f 2484 	5733 	5374
f 5315 	2485 	5374
f 2484 	5374 	2485
f 2485 	5315 	4925
f 5414 	5406 	5415
f 5393 	5392 	5385
f 6809 	5385 	5392
f 9667 	5412 	5415
f 5414 	5415 	5412
f 5416 	5414 	5412
f 5299 	5298 	5346
f 3589 	3612 	4667
f 2456 	5380 	2819
f 4667 	5417 	3589
f 5397 	5390 	5413
f 5416 	5412 	5418
f 5403 	5545 	5417
f 5397 	5413 	5419
f 5397 	5419 	5410
f 5412 	5420 	5418
f 5420 	5412 	5416
f 5652 	4739 	5417
f 5086 	6821 	5503
f 5299 	5426 	5080
f 5404 	5408 	5421
f 5678 	5069 	5413
f 5426 	5299 	5346
f 5398 	5252 	5397
f 5319 	5252 	5398
f 5413 	5397 	5252
f 5328 	5219 	5326
f 5293 	5292 	5328
f 5410 	5387 	5409
f 5327 	5325 	5387
f 5277 	5276 	5327
f 5387 	5277 	5327
f 5277 	5381 	5387
f 5563 	3288 	3085
f 5409 	5387 	5325
f 5244 	5385 	5379
f 5258 	5431 	5261
f 5387 	5410 	5419
f 3085 	4760 	5488
f 5228 	5103 	5424
f 5769 	5450 	5431
f 5431 	5425 	5361
f 5431 	5361 	5261
f 5409 	5419 	5325
f 5410 	5419 	5409
f 5419 	5645 	5325
f 5388 	5324 	5427
f 5426 	5441 	5386
f 5426 	5386 	5393
f 5384 	5437 	5383
f 5386 	5080 	5426
f 5411 	5205 	5307
f 5444 	5411 	5303
f 5386 	5426 	5346
f 5939 	5750 	5391
f 5429 	4589 	5430
f 5424 	5359 	5871
f 5494 	5073 	5068
f 4589 	5612 	5568
f 5387 	5381 	5428
f 5586 	5588 	5422
f 5408 	5423 	5404
f 5589 	5590 	5422
f 5428 	5344 	5387
f 5277 	5387 	5344
f 5432 	5433 	5409
f 5410 	5409 	5433
f 5360 	4809 	5848
f 5432 	5409 	5325
f 5432 	5325 	5345
f 5713 	5419 	5433
f 5410 	5433 	5419
f 5421 	9686 	5406
f 5258 	5073 	5431
f 9687 	5407 	5406
f 5423 	9687 	5406
f 5568 	2660 	5430
f 4455 	5429 	2660
f 5275 	5361 	5425
f 5275 	5425 	5434
f 5345 	5344 	5428
f 5433 	5432 	5428
f 5345 	5428 	5432
f 5406 	5405 	5421
f 5423 	5406 	5404
f 5405 	5404 	5406
f 5663 	3344 	5430
f 4455 	5429 	3344
f 5421 	5405 	5404
f 5769 	5457 	5450
f 5428 	5713 	5433
f 5367 	5388 	5427
f 4790 	3344 	5778
f 5663 	5778 	3344
f 5423 	5402 	9687
f 5441 	5093 	5427
f 5435 	5429 	4455
f 6537 	5427 	5388
f 5321 	6537 	5388
f 5423 	5332 	5402
f 5273 	5434 	5787
f 5065 	4809 	5360
f 5402 	5061 	5250
f 5436 	5383 	5437
f 5425 	5431 	5438
f 5437 	5384 	5428
f 5402 	4963 	5061
f 9663 	480 	5407
f 5401 	5407 	480
f 5441 	5426 	5440
f 5427 	5386 	5441
f 5299 	5440 	5426
f 5434 	5425 	5438
f 5406 	5407 	5401
f 5240 	5290 	5123
f 5443 	5301 	5299
f 5393 	5443 	5426
f 5299 	5426 	5443
f 5386 	5343 	5080
f 5437 	5381 	5436
f 4592 	5346 	5298
f 5451 	5515 	5444
f 5304 	5444 	5303
f 5404 	5405 	5350
f 5405 	5406 	5350
f 5401 	5350 	5406
f 5445 	5436 	5381
f 5428 	5381 	5437
f 5401 	5351 	5350
f 5354 	5399 	5352
f 5352 	5399 	5421
f 5393 	5385 	5443
f 5416 	5418 	5420
f 5438 	5446 	5434
f 5435 	5430 	5429
f 5304 	5336 	5444
f 5449 	5710 	5448
f 5228 	5448 	5217
f 5340 	5444 	5304
f 5340 	5446 	5444
f 5446 	5438 	5450
f 5438 	5431 	5450
f 5561 	5445 	5381
f 5228 	5453 	5448
f 5427 	5441 	5367
f 5541 	5447 	4744
f 3899 	4008 	3900
f 4744 	4725 	5541
f 5427 	5093 	5388
f 5680 	5093 	5441
f 5282 	3900 	4008
f 5441 	5427 	6537
f 5448 	5453 	5449
f 5446 	5450 	5434
f 5442 	5434 	5450
f 4970 	4008 	5282
f 5364 	5369 	5282
f 4970 	5282 	5369
f 5456 	5367 	5455
f 5444 	5446 	5451
f 5455 	5367 	5441
f 5364 	5366 	5369
f 5373 	5369 	5366
f 5228 	5424 	5453
f 5450 	5451 	5446
f 4763 	4749 	5454
f 5440 	5479 	5443
f 5443 	5455 	5440
f 5441 	5440 	5455
f 5240 	5459 	5290
f 5454 	5452 	4763
f 5460 	5515 	5451
f 5457 	5442 	5450
f 5447 	5454 	4749
f 5450 	5457 	5451
f 5460 	5451 	5457
f 5652 	5417 	5545
f 5459 	5464 	5465
f 3589 	5417 	4739
f 5457 	5450 	5463
f 5349 	5463 	5450
f 5446 	5349 	5450
f 5446 	5340 	5349
f 5758 	5762 	5391
f 5349 	5304 	5444
f 5349 	5444 	5451
f 5460 	5463 	5451
f 5349 	5451 	5463
f 5470 	5468 	5461
f 3131 	5760 	2471
f 5394 	2471 	5469
f 5585 	4432 	5586
f 5467 	5586 	4432
f 5825 	3921 	5086
f 5521 	6373 	5391
f 5326 	5117 	5471
f 5477 	4069 	5458
f 4061 	3678 	5458
f 5260 	5458 	3678
f 5471 	5444 	5337
f 5336 	5337 	5444
f 5553 	5524 	5469
f 5326 	5471 	5312
f 5337 	5312 	5471
f 4068 	5475 	4065
f 51 	5213 	5514
f 5473 	4065 	5475
f 5326 	5471 	5476
f 5326 	5476 	5375
f 51 	5514 	5474
f 4061 	5458 	4069
f 4034 	4023 	5825
f 5301 	5443 	5479
f 5490 	5480 	5825
f 5480 	5471 	5825
f 4034 	5825 	5471
f 4072 	4094 	5481
f 5484 	5510 	5483
f 5485 	5486 	5483
f 5482 	5483 	5486
f 5482 	5486 	5487
f 5451 	5444 	5471
f 5451 	5471 	5480
f 5471 	5480 	5489
f 5471 	5489 	5476
f 3085 	5488 	5836
f 5451 	5480 	5490
f 5490 	5460 	5451
f 4068 	4072 	5481
f 5475 	4068 	5481
f 4545 	5472 	5491
f 5480 	5490 	5492
f 5480 	5492 	5489
f 5490 	5480 	5353
f 5480 	5471 	5353
f 5326 	5353 	5471
f 5381 	5276 	5473
f 4065 	5473 	4008
f 5470 	5488 	6196
f 5283 	5282 	5473
f 5282 	4008 	5473
f 5493 	5542 	5543
f 4515 	5616 	4514
f 4516 	5616 	4515
f 5495 	5482 	5556
f 5483 	5482 	5495
f 4514 	5616 	5482
f 5844 	5708 	5491
f 5486 	5485 	5496
f 5381 	5473 	5538
f 5475 	5538 	5473
f 5778 	5780 	4790
f 5458 	5498 	5477
f 5071 	4364 	5485
f 5711 	5452 	5454
f 5500 	5510 	5484
f 5485 	5483 	5501
f 5431 	5494 	5769
f 5485 	5501 	5496
f 5071 	5485 	5501
f 5501 	5485 	5486
f 5487 	5486 	5496
f 5431 	5073 	5494
f 5486 	4364 	5487
f 6832 	6789 	5389
f 5493 	5543 	119
f 5543 	5267 	119
f 5502 	5508 	5497
f 5507 	5497 	5508
f 5262 	5510 	5509
f 5264 	5262 	5509
f 5500 	5509 	5510
f 5501 	5483 	5510
f 6792 	5467 	5706
f 2476 	5395 	2507
f 5497 	5947 	5505
f 5505 	5504 	5497
f 5504 	5502 	5497
f 5501 	5510 	5496
f 5071 	5501 	5510
f 5080 	5071 	5510
f 5504 	5512 	5502
f 5486 	5510 	5501
f 5504 	5505 	5512
f 4911 	4907 	5511
f 5262 	5536 	5510
f 5512 	5508 	5502
f 5511 	4907 	4901
f 5478 	5706 	5467
f 5486 	4592 	5510
f 5487 	4592 	5486
f 5411 	5444 	5515
f 3911 	5515 	5389
f 4629 	4679 	4938
f 5496 	5516 	5482
f 5487 	5496 	5482
f 4514 	5482 	5516
f 4515 	4514 	5516
f 5515 	6832 	5389
f 5315 	4629 	4938
f 5513 	5474 	5514
f 3911 	5411 	5515
f 5487 	4518 	5482
f 4904 	6315 	5368
f 5513 	5710 	5661
f 4904 	4910 	6315
f 5496 	5510 	5537
f 4690 	1509 	5517
f 4698 	4699 	9693
f 5518 	5466 	4793
f 5516 	4839 	4516
f 5498 	5458 	5506
f 5376 	5375 	5476
f 5376 	5476 	5489
f 5376 	5489 	5492
f 2586 	4699 	1807
f 5535 	5536 	5264
f 2574 	1781 	5517
f 5788 	5481 	5574
f 5496 	5537 	5519
f 5801 	5452 	5711
f 5537 	5510 	5536
f 5523 	5522 	5521
f 5523 	5521 	5524
f 5353 	5376 	5492
f 5353 	5492 	5490
f 5487 	5482 	4592
f 5068 	5527 	5494
f 5523 	9650 	5522
f 5525 	5522 	9650
f 5519 	5559 	5520
f 5530 	5532 	5529
f 5528 	5529 	5532
f 5532 	5534 	5528
f 5533 	5528 	5534
f 5260 	5506 	5458
f 5527 	5539 	5531
f 5539 	5527 	5068
f 5513 	5661 	5474
f 5539 	5068 	5073
f 5518 	4793 	5855
f 5535 	5567 	5536
f 5537 	5536 	5567
f 5070 	4416 	4417
f 5526 	5377 	5439
f 5535 	5570 	5385
f 4417 	5531 	5539
f 5514 	5217 	5513
f 5260 	5377 	5506
f 5070 	5539 	5073
f 5536 	4786 	5537
f 5535 	5385 	5536
f 5519 	5537 	4786
f 5070 	4417 	5539
f 5572 	5535 	5540
f 5536 	5540 	5535
f 5526 	5506 	5377
f 5687 	5542 	5493
f 5537 	5519 	5540
f 5540 	5519 	5520
f 5721 	5542 	5687
f 5536 	5537 	5540
f 4725 	4280 	5541
f 5267 	5543 	5546
f 5484 	5483 	5549
f 5497 	5507 	5544
f 5395 	5530 	5529
f 5396 	5530 	5395
f 5500 	5484 	5549
f 5509 	5500 	5549
f 5544 	5548 	5497
f 6246 	6214 	5548
f 5549 	5483 	5495
f 5543 	5542 	5546
f 5464 	5546 	5542
f 5550 	5483 	5495
f 5687 	5493 	5560
f 5541 	4280 	4325
f 5028 	5664 	5030
f 5394 	5469 	5524
f 125 	8035 	5554
f 5548 	5544 	5552
f 5544 	5507 	5552
f 5507 	5508 	5552
f 5551 	5552 	5508
f 5274 	5583 	5033
f 5551 	5508 	5512
f 5698 	5447 	5541
f 5558 	5520 	5559
f 5584 	5554 	5736
f 4894 	4734 	5557
f 5549 	5558 	5559
f 5559 	5519 	5562
f 5553 	5555 	5524
f 5523 	5524 	5555
f 5559 	5562 	5549
f 5561 	5381 	5538
f 5697 	439 	5577
f 5559 	5558 	5562
f 5556 	5549 	5495
f 5566 	5564 	5565
f 5550 	5495 	5556
f 5665 	4795 	5030
f 5301 	5570 	5264
f 5564 	4089 	5477
f 5566 	4089 	5564
f 5569 	5562 	5567
f 5519 	5567 	5562
f 5535 	5264 	5570
f 5535 	5570 	5567
f 5519 	5537 	5567
f 4069 	5477 	4089
f 5443 	5385 	5570
f 5566 	4088 	4089
f 5570 	5535 	5572
f 4769 	5557 	4734
f 5572 	5540 	5573
f 4591 	4656 	4589
f 5612 	4589 	5575
f 5725 	5688 	5236
f 5725 	4799 	5694
f 5576 	5549 	5569
f 5562 	5569 	5549
f 5569 	5577 	5562
f 5592 	5676 	5225
f 5676 	5675 	5225
f 5646 	3288 	5563
f 5578 	5263 	5509
f 5578 	5509 	5580
f 5576 	5580 	5509
f 5576 	5509 	5549
f 4656 	4657 	5581
f 5575 	4656 	5581
f 5477 	5498 	5564
f 5578 	5680 	5582
f 5483 	5484 	5582
f 5484 	5500 	5582
f 5509 	5582 	5500
f 5564 	5498 	5565
f 5495 	5483 	5582
f 5562 	5558 	5569
f 5550 	5616 	4544
f 3288 	5646 	4656
f 5575 	4656 	5646
f 4591 	3288 	4656
f 5575 	4565 	4656
f 5550 	5136 	5483
f 5586 	5422 	5585
f 4716 	5585 	5422
f 5560 	9838 	5584
f 4657 	4598 	5681
f 9841 	5584 	9838
f 4657 	5708 	5581
f 5726 	5729 	5587
f 5687 	5560 	5748
f 5509 	5578 	5582
f 5422 	4710 	4716
f 5583 	5273 	5787
f 5273 	5583 	5274
f 6549 	708 	5534
f 5589 	5422 	5588
f 5499 	5422 	5590
f 5588 	5586 	5467
f 4657 	5581 	3474
f 4657 	3474 	4598
f 5583 	5579 	5033
f 5588 	5467 	5589
f 5028 	5033 	5579
f 5484 	5483 	5136
f 5429 	5430 	2660
f 5568 	5571 	2660
f 5571 	5739 	2660
f 5590 	5715 	5499
f 5305 	5341 	5349
f 5671 	5672 	5236
f 5568 	5663 	5430
f 5371 	5322 	5093
f 708 	464 	5534
f 5568 	5571 	5663
f 5429 	5430 	3344
f 5590 	5589 	5467
f 5590 	5467 	5715
f 5593 	5594 	5595
f 5599 	5600 	5598
f 5597 	5598 	5600
f 5601 	823 	5599
f 5529 	5528 	5602
f 5643 	5598 	5597
f 5533 	5605 	5528
f 4351 	4920 	4207
f 5383 	5436 	5382
f 5436 	5732 	5382
f 5097 	5606 	5095
f 5587 	5095 	5604
f 5604 	5095 	5606
f 5095 	5097 	5439
f 5594 	5593 	5608
f 5095 	5439 	5587
f 5607 	4776 	5466
f 5430 	5435 	5568
f 5550 	4544 	4373
f 5568 	5773 	5571
f 5500 	5484 	5136
f 5093 	5509 	5136
f 5604 	5439 	5606
f 5604 	5587 	5439
f 5377 	5606 	5439
f 5596 	5594 	5593
f 6724 	5556 	5582
f 5587 	5106 	5095
f 4373 	5136 	5550
f 5604 	5058 	5587
f 5106 	5587 	5058
f 5606 	5058 	5604
f 5598 	5643 	5599
f 5185 	5224 	5439
f 5611 	4835 	5609
f 4577 	5609 	4835
f 5608 	5868 	5594
f 5533 	9651 	5605
f 5612 	5613 	5615
f 5610 	5868 	5614
f 4513 	5611 	5616
f 5556 	5482 	5616
f 5395 	5529 	5602
f 5612 	5617 	5618
f 5619 	5621 	5618
f 5621 	5797 	5618
f 5594 	5610 	5547
f 5531 	5547 	5610
f 5620 	5516 	5496
f 5622 	5516 	5620
f 5623 	5516 	5622
f 5615 	5624 	5612
f 5614 	5531 	5610
f 5519 	5520 	5496
f 5496 	5625 	5620
f 5612 	5624 	5617
f 5594 	5610 	5614
f 5594 	5614 	5593
f 5625 	5496 	5520
f 5596 	5610 	5594
f 5626 	5613 	5612
f 1246 	5636 	5628
f 5620 	5625 	5630
f 5622 	5620 	5630
f 5622 	5630 	5631
f 5614 	5610 	5596
f 5629 	5630 	5625
f 5625 	5520 	5629
f 5558 	5632 	5520
f 5632 	5629 	5520
f 5627 	4911 	5628
f 5511 	5628 	4911
f 5643 	5601 	5599
f 5625 	4786 	5620
f 5612 	5575 	5626
f 5634 	6315 	4910
f 5633 	5634 	4910
f 5520 	4786 	5625
f 5557 	5607 	5695
f 5620 	5622 	433
f 5540 	5625 	433
f 5620 	433 	5625
f 5627 	5628 	5636
f 5631 	5638 	5622
f 5622 	5638 	5623
f 5640 	4839 	5638
f 5635 	4839 	5640
f 5642 	5678 	5606
f 5639 	5641 	5606
f 5178 	5138 	5606
f 5642 	5606 	5641
f 6942 	5634 	1255
f 5633 	5644 	5634
f 1255 	5634 	5644
f 5644 	4864 	9691
f 5623 	433 	5622
f 5382 	5058 	5606
f 5610 	5594 	5868
f 5595 	5868 	5608
f 5571 	5568 	5612
f 5520 	5625 	5540
f 5854 	5614 	5868
f 4545 	5600 	5472
f 5630 	5629 	5549
f 5549 	5629 	5632
f 5549 	5632 	5558
f 5700 	5701 	5618
f 4545 	1451 	5600
f 5629 	5558 	439
f 5646 	5619 	5618
f 5735 	5665 	5648
f 5558 	5629 	5632
f 5655 	5557 	5695
f 5545 	5649 	5651
f 5547 	5596 	5594
f 5559 	439 	5558
f 5686 	4325 	4336
f 5621 	5619 	5703
f 5621 	5619 	5646
f 5627 	5633 	4911
f 5655 	4894 	5557
f 5558 	5632 	5629
f 5630 	6725 	5629
f 5644 	5633 	5636
f 5478 	5619 	5621
f 5616 	5630 	5556
f 5549 	5556 	5630
f 5631 	5630 	5616
f 5638 	5631 	5616
f 5627 	5636 	5633
f 4910 	4911 	5633
f 5616 	5550 	5556
f 5637 	5603 	41
f 5700 	5618 	5617
f 5617 	5624 	5700
f 5700 	5615 	5613
f 5613 	5626 	5700
f 5650 	5638 	5631
f 5650 	5631 	5630
f 5626 	5575 	5700
f 4747 	4864 	4861
f 5639 	5657 	5641
f 5645 	5642 	5657
f 5581 	5700 	5575
f 5690 	5697 	5577
f 5559 	5562 	439
f 4914 	5636 	4865
f 1246 	9688 	5636
f 5495 	5582 	5556
f 5658 	5655 	5695
f 9693 	9691 	4864
f 4915 	4864 	5644
f 5631 	6725 	5630
f 5629 	5569 	5558
f 5631 	5638 	6725
f 4864 	4698 	9693
f 4339 	4331 	5655
f 5615 	5700 	5624
f 5644 	5636 	4914
f 5644 	4914 	4915
f 5616 	5611 	5638
f 5611 	5609 	5638
f 5640 	5638 	5609
f 5613 	5626 	5646
f 5626 	5575 	5646
f 5616 	5611 	4544
f 5609 	4544 	5611
f 5650 	5640 	5638
f 5658 	4339 	5655
f 6724 	6723 	5611
f 5624 	5615 	5646
f 4919 	5662 	4850
f 2808 	2834 	5660
f 5616 	5556 	6724
f 5611 	5616 	6724
f 5662 	4919 	4920
f 5615 	5613 	5646
f 5635 	6726 	5640
f 5640 	6726 	5638
f 2400 	6266 	5660
f 2808 	2400 	5660
f 5662 	4862 	4850
f 5618 	5617 	5646
f 5617 	5624 	5646
f 4577 	4574 	5640
f 5609 	4577 	5640
f 5626 	4565 	5575
f 5626 	5613 	4565
f 5615 	4565 	5613
f 5659 	5660 	6266
f 5660 	5659 	5733
f 5619 	5478 	5618
f 5478 	5617 	5618
f 5609 	4577 	4544
f 4574 	4544 	4577
f 4567 	4544 	4574
f 5660 	5733 	2816
f 5660 	2816 	2808
f 5624 	4565 	5615
f 5640 	5650 	5635
f 5609 	5611 	6723
f 4566 	4567 	6723
f 5641 	5657 	5642
f 5659 	5742 	5660
f 2824 	2808 	5660
f 5642 	5641 	5069
f 5641 	5639 	5069
f 5110 	5069 	5639
f 5569 	5567 	5576
f 5567 	5570 	5576
f 5479 	5580 	5301
f 2834 	5952 	5660
f 5662 	4350 	4349
f 5662 	4349 	5668
f 5301 	5580 	5570
f 5028 	5579 	5664
f 5573 	5577 	5569
f 5573 	5569 	5567
f 5570 	5572 	5567
f 5573 	5567 	5572
f 4920 	4351 	5662
f 5576 	5570 	5580
f 5662 	4351 	4350
f 2824 	5666 	2825
f 2824 	5660 	5742
f 5322 	5667 	5321
f 5030 	5664 	5665
f 5786 	5785 	5797
f 5671 	5672 	5670
f 5669 	5670 	5672
f 5674 	5676 	5671
f 5675 	5676 	5674
f 5672 	5671 	5676
f 2845 	5673 	2840
f 5673 	5682 	5956
f 2840 	5673 	5956
f 5413 	5390 	5678
f 4862 	5662 	4655
f 5390 	5384 	5678
f 5679 	5612 	5677
f 2842 	5673 	2845
f 5443 	5567 	5455
f 5567 	5443 	5570
f 2845 	2819 	5673
f 5413 	5678 	5419
f 5645 	5419 	5678
f 5645 	5678 	5642
f 5474 	5661 	5637
f 5479 	5440 	5580
f 5680 	5580 	5440
f 5440 	5578 	5680
f 5642 	5069 	5678
f 5637 	41 	5474
f 5580 	5680 	5578
f 2842 	5979 	5673
f 5652 	5653 	5654
f 5652 	5654 	5683
f 5662 	5668 	4655
f 5684 	5685 	5251
f 5138 	5251 	5685
f 5685 	5657 	5138
f 5639 	5138 	5657
f 5680 	5441 	6537
f 5582 	5680 	6540
f 6537 	6540 	5680
f 5545 	5651 	5652
f 5652 	5651 	5653
f 5110 	5639 	5138
f 5652 	1525 	4739
f 5664 	5672 	5671
f 5582 	6540 	6541
f 5541 	4325 	5686
f 5138 	5639 	5253
f 5641 	5253 	5639
f 5671 	5670 	5688
f 5629 	6725 	5569
f 5671 	5688 	5674
f 5664 	5671 	5688
f 5690 	5577 	5689
f 5573 	5689 	5577
f 5682 	5819 	5673
f 5672 	5591 	5236
f 5252 	5253 	5678
f 5413 	5252 	5678
f 5253 	5641 	5642
f 5678 	5253 	5642
f 5674 	5692 	5693
f 5674 	5693 	5675
f 5689 	5573 	5691
f 5777 	2848 	5666
f 2825 	5666 	2848
f 5688 	5670 	5694
f 5670 	5868 	5647
f 5694 	5670 	5647
f 5652 	5683 	1525
f 2848 	5777 	6002
f 4619 	4556 	5681
f 5666 	2850 	2825
f 5541 	5686 	5698
f 5651 	5649 	5653
f 5649 	5654 	5653
f 6002 	3228 	2848
f 5562 	5577 	439
f 5701 	5700 	5681
f 5657 	5387 	5645
f 5419 	5645 	5387
f 4834 	4566 	6723
f 5686 	5767 	5698
f 6724 	5582 	6688
f 5648 	5735 	5674
f 5647 	5648 	5674
f 5694 	5647 	5674
f 6725 	6689 	5569
f 6689 	6673 	5569
f 5387 	5657 	5140
f 5685 	5140 	5657
f 5699 	5140 	5685
f 5702 	5703 	5618
f 5619 	5618 	5703
f 5702 	5618 	5701
f 5734 	4408 	5966
f 5327 	5325 	5645
f 5657 	5685 	5645
f 5327 	5645 	5685
f 5095 	5587 	5729
f 5726 	5587 	5604
f 5711 	5454 	5705
f 5581 	4657 	5681
f 5700 	5581 	5681
f 5676 	5707 	5672
f 5669 	5672 	5707
f 5708 	5701 	5700
f 5581 	5708 	5700
f 5454 	5447 	5705
f 5698 	5705 	5447
f 5604 	5606 	5732
f 5701 	2704 	5700
f 5581 	5700 	3474
f 5513 	5448 	5710
f 5709 	5710 	5449
f 5709 	5449 	6201
f 5387 	5146 	5428
f 5695 	5723 	5768
f 5702 	5701 	5681
f 5712 	5428 	5146
f 5708 	5702 	5701
f 5713 	5714 	5645
f 5657 	5645 	5714
f 5713 	5645 	5419
f 5685 	5657 	5714
f 6284 	2404 	2850
f 5664 	5669 	5672
f 5718 	5742 	5720
f 6842 	823 	5601
f 5712 	5714 	5428
f 5713 	5428 	5714
f 5720 	5952 	5718
f 5707 	5676 	5722
f 5718 	6266 	5716
f 5694 	5725 	5688
f 5699 	5685 	5712
f 5712 	5685 	5714
f 5674 	5688 	5725
f 5720 	6266 	5718
f 5464 	5542 	5721
f 5464 	5721 	5717
f 5725 	5665 	5664
f 5725 	5664 	5688
f 5466 	5724 	5723
f 5685 	4171 	5327
f 5684 	4171 	5685
f 3946 	5314 	4171
f 5334 	5367 	5329
f 5591 	5463 	5236
f 5669 	5591 	5672
f 5463 	5349 	5236
f 5607 	5466 	5723
f 5725 	5694 	5665
f 5702 	2704 	5701
f 5674 	5725 	5694
f 5647 	5648 	5665
f 5647 	5665 	5694
f 5844 	5703 	5708
f 5729 	5730 	5095
f 5237 	5095 	5730
f 5694 	4800 	5647
f 5704 	5703 	5702
f 5237 	5730 	5731
f 5719 	6266 	5720
f 5732 	5726 	5604
f 5245 	4819 	5725
f 5688 	5671 	5236
f 5606 	5382 	5732
f 5719 	5659 	6266
f 5722 	5676 	5727
f 5592 	5727 	5676
f 4554 	5222 	4553
f 5703 	5844 	5704
f 5718 	5716 	5733
f 5648 	5862 	5735
f 5702 	5708 	5703
f 666 	665 	5491
f 5720 	5733 	5719
f 5659 	5719 	5733
f 5718 	5733 	5720
f 8035 	6235 	5554
f 668 	666 	5472
f 5491 	5472 	666
f 5596 	6011 	5594
f 5643 	6848 	5601
f 4571 	5491 	5708
f 2816 	5733 	2484
f 5329 	5334 	5339
f 5334 	5371 	5339
f 5371 	5737 	5339
f 5728 	5339 	5737
f 5703 	2704 	5702
f 3474 	5700 	2704
f 6016 	5665 	5734
f 5368 	6315 	5738
f 5456 	5329 	5367
f 5850 	2704 	5704
f 5703 	5704 	2704
f 5982 	5674 	5735
f 5720 	5742 	5719
f 5392 	5329 	5456
f 5531 	4425 	5054
f 5756 	5785 	5663
f 5531 	5054 	5547
f 5679 	5677 	5663
f 5738 	2819 	5368
f 5547 	4586 	5596
f 5054 	4586 	5547
f 5679 	5740 	5612
f 5740 	5741 	5612
f 5739 	5612 	5741
f 5690 	5689 	5697
f 5691 	5697 	5689
f 5571 	5612 	5739
f 5718 	5716 	5742
f 5741 	5740 	5663
f 5729 	5241 	5730
f 5730 	5745 	5731
f 5659 	5719 	5742
f 6011 	5596 	4586
f 5732 	5445 	5726
f 5024 	6229 	5743
f 5729 	5726 	5445
f 5436 	5445 	5732
f 5659 	5660 	5952
f 5679 	5663 	5740
f 5024 	6228 	6229
f 5740 	5773 	5679
f 5741 	5773 	5740
f 5659 	5952 	5719
f 5952 	2834 	2840
f 5739 	5741 	2660
f 5673 	2819 	5738
f 6735 	5400 	5499
f 5747 	5729 	5746
f 5729 	5231 	5746
f 5584 	5744 	5560
f 6016 	4612 	5665
f 5560 	5744 	5748
f 5729 	5445 	5231
f 5648 	4969 	5735
f 5735 	4408 	5734
f 5647 	4969 	5648
f 5231 	5445 	5796
f 179 	9796 	5696
f 179 	5696 	5759
f 5899 	4936 	5693
f 5675 	5693 	4830
f 4399 	3034 	5964
f 4507 	4399 	5980
f 5571 	5739 	5663
f 5739 	5741 	5663
f 5736 	5744 	5584
f 5677 	5612 	5756
f 5353 	5349 	5755
f 5757 	5592 	5755
f 5353 	5755 	5592
f 5751 	5752 	5758
f 1556 	5024 	5743
f 5670 	5669 	5707
f 5722 	5693 	5707
f 5693 	5692 	5707
f 5670 	5707 	5692
f 5724 	5518 	5754
f 5751 	5761 	5752
f 5727 	5757 	5707
f 5592 	5757 	5727
f 5669 	5707 	5757
f 5669 	5757 	5591
f 5753 	5043 	1570
f 5727 	5707 	5722
f 5758 	5391 	5751
f 5724 	5466 	5518
f 5765 	5816 	5751
f 5724 	5754 	5790
f 5764 	5727 	5763
f 5722 	5727 	5764
f 5592 	5763 	5727
f 5758 	5765 	5751
f 5775 	5656 	5603
f 5043 	1573 	1570
f 5553 	5751 	5750
f 5766 	5775 	5603
f 5723 	5695 	5607
f 5751 	5553 	5469
f 1717 	1556 	5743
f 5723 	5724 	5789
f 5752 	5762 	5758
f 3131 	2468 	5760
f 2468 	5391 	5762
f 5765 	5758 	5752
f 5789 	5768 	5723
f 5794 	5457 	5769
f 5760 	2468 	5762
f 5762 	5752 	5761
f 5761 	5765 	5752
f 5661 	5771 	5637
f 3172 	5819 	3131
f 5767 	5686 	4336
f 5758 	5751 	5469
f 5637 	5766 	5603
f 5469 	2471 	5760
f 5752 	5469 	5761
f 5823 	5761 	5469
f 5752 	5758 	5469
f 5769 	5494 	5527
f 5695 	5768 	5658
f 5698 	5767 	5770
f 5705 	5772 	5839
f 5043 	8036 	1573
f 5677 	5773 	5756
f 5677 	5679 	5773
f 5773 	5741 	5739
f 5711 	5705 	5839
f 5469 	5760 	5762
f 5823 	5469 	5762
f 5771 	5766 	5637
f 5739 	5571 	5773
f 5772 	5705 	5770
f 5773 	5568 	5435
f 5776 	5777 	5742
f 2824 	5742 	5777
f 5666 	2824 	5777
f 5943 	4790 	5780
f 5682 	5781 	5956
f 5779 	5782 	5579
f 5781 	5682 	5979
f 5756 	5612 	5785
f 5673 	5979 	5682
f 5673 	5738 	5682
f 5506 	5774 	5498
f 5526 	5774 	5506
f 5810 	5979 	3160
f 5698 	5770 	5705
f 5787 	5434 	5442
f 5439 	5853 	5774
f 5724 	5790 	5789
f 5774 	5526 	5439
f 5711 	5839 	5838
f 5796 	5538 	5788
f 5710 	5809 	5661
f 5612 	5618 	5797
f 5794 	5769 	5783
f 5793 	5794 	5783
f 5793 	5783 	5798
f 5795 	6077 	5797
f 5709 	5809 	5710
f 5799 	5790 	5754
f 5538 	5796 	5561
f 1717 	5743 	5808
f 5646 	5749 	5916
f 5563 	5749 	5646
f 5798 	5784 	5793
f 5800 	5793 	5784
f 5515 	5460 	5800
f 5753 	1570 	1738
f 5793 	5664 	5794
f 5802 	5664 	5793
f 5612 	5797 	5785
f 5805 	5937 	5803
f 5793 	5800 	5794
f 5803 	5811 	5805
f 5756 	5785 	2709
f 5786 	2709 	5785
f 5785 	5786 	5663
f 5858 	5663 	5786
f 5677 	5756 	5663
f 5795 	6003 	5792
f 5704 	5850 	5797
f 5850 	5849 	5797
f 5791 	5792 	6003
f 5442 	5457 	5782
f 5794 	5782 	5457
f 5682 	5781 	5819
f 5916 	5791 	5792
f 5803 	5806 	5807
f 5797 	5621 	5704
f 5703 	5704 	5621
f 5457 	5794 	5460
f 5800 	5460 	5794
f 5583 	5779 	5579
f 5776 	6002 	5777
f 5796 	5445 	5561
f 5583 	5787 	5779
f 5782 	5787 	5442
f 2850 	5777 	6042
f 5666 	5777 	2850
f 5776 	6042 	5777
f 5779 	5787 	5782
f 5793 	5463 	5802
f 5591 	5802 	5463
f 5341 	5236 	5349
f 5661 	5809 	5771
f 2842 	3160 	5979
f 5793 	5804 	5755
f 5349 	5463 	5755
f 5793 	5755 	5463
f 5814 	5815 	5813
f 5812 	5813 	5815
f 5753 	1738 	5811
f 5795 	5797 	5792
f 5916 	5792 	5797
f 5916 	5797 	5646
f 5621 	5646 	5797
f 5793 	5794 	5463
f 5457 	5463 	5794
f 5812 	5815 	5816
f 6450 	6086 	5815
f 5463 	5460 	5800
f 5463 	5800 	5793
f 5818 	5757 	5755
f 5818 	5755 	5804
f 5819 	3168 	5815
f 5819 	5815 	5814
f 1738 	5936 	5811
f 5475 	5481 	5788
f 3172 	3168 	5819
f 5687 	5748 	5820
f 5751 	5750 	5815
f 5820 	5748 	6404
f 5791 	7134 	5792
f 5760 	3168 	3131
f 5801 	5711 	5838
f 5820 	6404 	5717
f 5820 	5717 	5721
f 5800 	5822 	5793
f 5823 	5761 	5751
f 5823 	5751 	5815
f 5687 	5820 	5721
f 5821 	5804 	5822
f 5773 	6090 	5785
f 5773 	5785 	5756
f 5823 	5815 	5762
f 5815 	3168 	5762
f 5760 	5762 	3168
f 5754 	5841 	5799
f 5804 	5793 	5822
f 6090 	5786 	5785
f 5816 	5810 	5812
f 5813 	5812 	5810
f 5825 	6910 	5822
f 5816 	5765 	5812
f 5917 	5826 	5280
f 5813 	5812 	5765
f 5280 	5290 	5917
f 5954 	5955 	5813
f 5841 	5754 	5829
f 5470 	5461 	5830
f 5278 	5826 	5824
f 5814 	5810 	5819
f 5813 	5810 	5814
f 3160 	5819 	5810
f 5826 	5278 	5280
f 5470 	5830 	5831
f 5831 	5830 	5851
f 5461 	5851 	5830
f 3172 	5819 	3160
f 5761 	5823 	5762
f 5470 	5831 	5833
f 5761 	5823 	5765
f 5813 	5765 	5823
f 5829 	5754 	5518
f 5762 	5814 	5823
f 5760 	3131 	5819
f 5762 	5760 	5819
f 5819 	5814 	5762
f 5814 	5813 	5823
f 5835 	5836 	5834
f 5470 	5833 	5836
f 6162 	5841 	5829
f 5814 	5954 	5813
f 5819 	5957 	5814
f 5835 	5837 	5836
f 5837 	5870 	5836
f 5825 	5086 	5503
f 3172 	2845 	5819
f 2845 	5673 	5819
f 5396 	2477 	5877
f 5795 	5792 	5817
f 5831 	5851 	5833
f 5840 	5834 	5851
f 5833 	5851 	5834
f 5822 	5490 	5825
f 5817 	5478 	5797
f 5621 	5797 	5478
f 5797 	5795 	5817
f 5840 	5837 	5835
f 5840 	5835 	5834
f 3228 	5877 	2477
f 5837 	5840 	5859
f 5843 	331 	5842
f 5475 	5788 	5538
f 5731 	5745 	5747
f 5731 	5747 	5746
f 5259 	5846 	5845
f 5747 	5746 	5847
f 4171 	5684 	3299
f 5251 	3299 	5684
f 5777 	5923 	5776
f 5452 	5801 	5846
f 5699 	5712 	5140
f 5146 	5140 	5712
f 5795 	5797 	5849
f 6003 	5795 	5849
f 4763 	5452 	5846
f 2825 	3231 	5666
f 5777 	5666 	3231
f 5470 	5836 	5488
f 5242 	5237 	5731
f 5242 	5731 	5746
f 5460 	5490 	5822
f 5800 	5460 	5822
f 5853 	5439 	5224
f 5879 	5396 	5877
f 5850 	5704 	5844
f 5783 	5784 	5798
f 6353 	6478 	5224
f 5850 	5844 	5849
f 5591 	5757 	5818
f 5591 	5818 	5802
f 5247 	5242 	5746
f 5247 	5746 	5747
f 5462 	5851 	5468
f 5461 	5468 	5851
f 5746 	5231 	5242
f 5592 	5821 	5852
f 5763 	5592 	5852
f 5854 	5593 	5595
f 5849 	2704 	5850
f 5834 	5836 	5833
f 5854 	5608 	5593
f 5593 	5854 	5596
f 5857 	5861 	5792
f 5853 	5224 	6478
f 5845 	5271 	5259
f 5854 	5531 	5614
f 6062 	5853 	6037
f 5593 	5614 	5854
f 6478 	6037 	5853
f 5614 	5596 	5854
f 5855 	4793 	5265
f 5531 	5854 	5527
f 5859 	5870 	5837
f 5769 	5527 	5854
f 5983 	5858 	5856
f 5992 	5983 	5856
f 5595 	5608 	5854
f 5861 	6077 	5795
f 5795 	5792 	5861
f 5746 	5242 	5847
f 5249 	5847 	5242
f 5862 	5648 	5863
f 6078 	5797 	6077
f 5360 	5848 	5860
f 5865 	5870 	5866
f 5863 	5647 	5868
f 5247 	5747 	5255
f 5745 	5255 	5747
f 5359 	5360 	5860
f 5863 	5868 	5864
f 5869 	6202 	5865
f 5867 	5866 	5870
f 5249 	5247 	5847
f 5747 	5847 	5247
f 5868 	5595 	5863
f 5594 	6011 	5595
f 5857 	5858 	5861
f 5873 	5874 	5872
f 5868 	5872 	5874
f 5670 	5872 	5868
f 6044 	6028 	5923
f 5255 	5745 	5241
f 5745 	5730 	5241
f 5874 	5873 	5864
f 5241 	5729 	5747
f 5241 	5747 	5247
f 5875 	5876 	5780
f 5875 	5780 	5778
f 5858 	5876 	5875
f 5877 	5878 	5879
f 5880 	5881 	5878
f 5905 	5904 	5880
f 5879 	5878 	5881
f 5854 	5874 	5873
f 5769 	5854 	5873
f 5863 	5873 	5874
f 5868 	5874 	5864
f 5859 	5867 	5870
f 5932 	5922 	5827
f 5874 	5854 	5868
f 5574 	4329 	5938
f 5832 	5932 	5827
f 5816 	5815 	5884
f 5868 	5863 	5874
f 5873 	5863 	5862
f 6450 	5815 	5939
f 5750 	5939 	5815
f 5864 	5873 	5885
f 5871 	5359 	5860
f 5884 	5810 	5816
f 6086 	5750 	5884
f 5884 	5751 	5816
f 5866 	5928 	5865
f 5875 	5663 	5858
f 5881 	5396 	5879
f 5848 	4809 	6031
f 5875 	5778 	5663
f 5872 	5885 	5873
f 5856 	5857 	5861
f 5769 	5873 	5783
f 5872 	5783 	5873
f 5887 	5877 	5879
f 5983 	5994 	5828
f 5862 	5863 	5864
f 5887 	5879 	5881
f 5886 	5855 	5265
f 5806 	5803 	5882
f 5828 	6057 	5983
f 5885 	5889 	5864
f 5891 	5888 	5890
f 5892 	5888 	5891
f 5271 	5845 	6222
f 5265 	5332 	5886
f 5784 	5872 	5873
f 5888 	5892 	5396
f 5396 	5881 	5888
f 5882 	5807 	5806
f 5897 	5898 	5895
f 5896 	5791 	5895
f 5894 	5895 	5898
f 5893 	5894 	5898
f 5892 	6085 	5396
f 5674 	5982 	5692
f 5887 	5881 	5892
f 5888 	5892 	5881
f 5692 	5982 	5899
f 5897 	5895 	5791
f 5896 	5900 	5791
f 5792 	5791 	5900
f 2507 	5879 	5877
f 5877 	3231 	2507
f 5647 	5863 	5648
f 5888 	5881 	5879
f 5888 	5879 	2507
f 5888 	2507 	5395
f 6015 	6068 	5845
f 5888 	5395 	5892
f 5901 	5992 	5902
f 5857 	5900 	5856
f 5900 	5857 	5792
f 5902 	5992 	5900
f 5882 	5811 	5803
f 5803 	5807 	5882
f 5887 	5891 	5890
f 5692 	5885 	5670
f 5829 	5518 	5855
f 5881 	5880 	5904
f 5888 	5881 	5904
f 5872 	5670 	5885
f 5904 	5890 	5888
f 5906 	5907 	5805
f 5885 	5692 	5889
f 5899 	5889 	5692
f 5905 	6002 	5904
f 5783 	5872 	5784
f 5904 	6002 	5890
f 5916 	5893 	5898
f 5579 	5782 	5664
f 5890 	5904 	5887
f 5905 	5887 	5904
f 5911 	5912 	5910
f 5912 	5915 	5910
f 5913 	5915 	5912
f 5914 	6230 	5913
f 5909 	5910 	5915
f 5905 	5904 	5923
f 5821 	5889 	5722
f 5693 	5722 	5889
f 5821 	5822 	5889
f 5899 	5693 	5889
f 5923 	5904 	5890
f 5840 	5928 	5859
f 5867 	5859 	5928
f 5866 	5867 	5928
f 5917 	6076 	5826
f 5804 	5821 	5818
f 5722 	5707 	5821
f 5818 	5821 	5707
f 5707 	5669 	5818
f 5802 	5818 	5669
f 5865 	5928 	5869
f 5782 	5794 	5664
f 5669 	5664 	5802
f 5821 	5722 	5764
f 5821 	5764 	5852
f 5563 	5870 	5749
f 5878 	5877 	6002
f 5877 	3228 	6002
f 5915 	5921 	5909
f 5920 	5909 	5921
f 5919 	5920 	5921
f 5880 	5878 	6002
f 5905 	5880 	6002
f 5877 	5887 	5878
f 5915 	6222 	5909
f 3085 	5870 	5563
f 5880 	5878 	5887
f 5880 	5887 	5905
f 1041 	1717 	5922
f 5808 	5922 	1717
f 5722 	5821 	5727
f 5592 	5727 	5821
f 5921 	5927 	5919
f 5925 	5919 	5927
f 5926 	5927 	5921
f 5924 	5925 	5927
f 5870 	3085 	5836
f 5808 	5827 	5922
f 3231 	5877 	5923
f 5878 	5923 	5877
f 5851 	5929 	5840
f 5923 	5878 	5880
f 5905 	5923 	5880
f 5928 	5840 	5929
f 5832 	5908 	5932
f 5891 	5923 	5890
f 5800 	5784 	6859
f 5873 	6859 	5784
f 5940 	6859 	5862
f 5515 	5800 	6859
f 1099 	5922 	5932
f 5777 	3231 	5923
f 5916 	5894 	5893
f 5969 	5934 	5933
f 1108 	1099 	5932
f 5894 	5895 	7134
f 5511 	4901 	5733
f 5566 	5565 	5918
f 5936 	5935 	5937
f 5889 	5822 	6910
f 5764 	5763 	5852
f 5940 	5941 	6026
f 5750 	5751 	5391
f 5938 	4329 	5951
f 5882 	5803 	5937
f 5936 	5937 	5805
f 5750 	5751 	5884
f 5750 	6086 	5939
f 5749 	6202 	5916
f 5935 	5936 	5805
f 5935 	5805 	5907
f 5941 	6846 	4704
f 5934 	5938 	5933
f 5750 	5939 	5553
f 5939 	6369 	5553
f 4687 	5941 	5940
f 5907 	5906 	5942
f 5907 	5942 	5935
f 5574 	5938 	5934
f 5530 	5396 	6085
f 5937 	1116 	5944
f 5497 	4790 	5943
f 5951 	5933 	5938
f 5924 	5930 	5925
f 5946 	5925 	5930
f 5946 	5930 	5931
f 6913 	5941 	5945
f 5940 	5945 	5941
f 5574 	5934 	5788
f 6003 	5898 	5897
f 5984 	5966 	5940
f 6003 	5897 	5791
f 5940 	5862 	5864
f 5897 	5916 	5898
f 5993 	5918 	5958
f 5863 	5595 	6011
f 5926 	5931 	5927
f 5930 	5927 	5931
f 5791 	5916 	5897
f 5892 	5395 	6085
f 5913 	5950 	5914
f 6034 	5952 	6035
f 5898 	7134 	5897
f 5893 	7134 	5898
f 5897 	7134 	5791
f 5953 	5912 	5911
f 5933 	5951 	5967
f 5950 	5913 	5912
f 5895 	6025 	5896
f 5720 	5719 	5952
f 5927 	5930 	5924
f 5947 	5497 	5943
f 5954 	5955 	5956
f 5956 	5957 	5954
f 5959 	5505 	5947
f 5956 	5781 	5957
f 5565 	5498 	6062
f 5894 	6025 	5895
f 5900 	6025 	5902
f 6009 	6001 	5917
f 5912 	5886 	5950
f 5912 	5953 	5886
f 5945 	5940 	5889
f 5864 	5889 	5940
f 5901 	6030 	5903
f 5902 	6030 	5901
f 5896 	6025 	5900
f 5961 	5953 	5910
f 5961 	5925 	5953
f 5911 	5910 	5953
f 5896 	5895 	5916
f 5894 	5916 	5895
f 5873 	5862 	6859
f 5940 	5941 	6859
f 5941 	6846 	6859
f 5962 	5953 	5925
f 5889 	6910 	5945
f 5901 	5902 	5963
f 5901 	5963 	5903
f 5925 	5961 	5919
f 5920 	5919 	5961
f 5899 	5982 	5964
f 5902 	5900 	5963
f 5900 	5896 	5916
f 5965 	6029 	5971
f 5734 	5862 	5966
f 5734 	5735 	5862
f 5862 	5940 	5966
f 5933 	5967 	5968
f 5959 	5947 	5960
f 6104 	5965 	5801
f 5971 	5801 	5965
f 6136 	7134 	5896
f 5895 	5896 	7134
f 5863 	6011 	5862
f 2840 	5956 	5952
f 5982 	5735 	5734
f 5982 	5734 	5966
f 5969 	5796 	5788
f 5896 	5900 	6136
f 5966 	6016 	5734
f 6198 	6201 	5970
f 5453 	5972 	5449
f 5973 	6136 	5900
f 5970 	5449 	5972
f 5971 	5846 	5801
f 5970 	5972 	5974
f 5902 	5901 	5975
f 5900 	5902 	5973
f 5975 	5973 	5902
f 5977 	5976 	5964
f 5975 	5901 	5903
f 5969 	5933 	5968
f 4721 	5977 	4686
f 5978 	5829 	5855
f 5984 	5940 	6027
f 5963 	5973 	5975
f 5963 	5975 	5903
f 5940 	6011 	4687
f 5972 	5453 	5424
f 5978 	5855 	5886
f 5977 	5964 	5981
f 5980 	5981 	5964
f 5972 	5424 	5871
f 5992 	5994 	5983
f 5982 	5980 	5964
f 5972 	5871 	5974
f 5964 	5976 	5980
f 6236 	5858 	5983
f 5857 	5856 	5858
f 5955 	5954 	5979
f 5954 	5957 	5979
f 5979 	5957 	5781
f 6151 	5985 	5986
f 6238 	5876 	5858
f 5960 	5512 	5959
f 6010 	5512 	5960
f 5505 	5959 	5512
f 5978 	6151 	5986
f 5978 	5986 	5987
f 6092 	5828 	5994
f 5829 	5978 	5987
f 5829 	5987 	5985
f 6151 	5829 	5985
f 5934 	5969 	5788
f 5957 	5781 	5738
f 5781 	5682 	5738
f 5988 	5994 	6021
f 5903 	6021 	5994
f 5989 	5994 	5988
f 5551 	5512 	6010
f 5955 	5954 	5738
f 5954 	5957 	5738
f 5856 	5900 	5992
f 5956 	5955 	5995
f 6198 	5970 	5974
f 5994 	5992 	5903
f 5901 	5903 	5992
f 5990 	5996 	5991
f 5955 	5979 	5995
f 5984 	6027 	5982
f 5966 	5984 	5982
f 5702 	5997 	5704
f 6315 	6067 	5738
f 5955 	5738 	5995
f 5996 	5999 	5998
f 5996 	5990 	5999
f 5989 	5988 	5997
f 5989 	5997 	6328
f 5984 	6016 	5966
f 5735 	5734 	5665
f 5850 	5704 	5997
f 6151 	5978 	6000
f 5998 	6000 	5978
f 5996 	5998 	5978
f 6030 	6025 	5997
f 5993 	5566 	5918
f 5988 	6030 	5997
f 5781 	5957 	5819
f 5848 	6144 	5860
f 5886 	5996 	5978
f 5780 	5947 	5943
f 5893 	5898 	6022
f 6076 	5917 	6001
f 5780 	6005 	5947
f 6006 	5947 	6005
f 6007 	5956 	5995
f 5805 	5811 	5936
f 6007 	5995 	5979
f 6008 	6005 	5780
f 5906 	5805 	5942
f 5936 	5942 	5805
f 5982 	4686 	5981
f 5977 	5981 	4686
f 5960 	5947 	6006
f 5995 	5738 	6007
f 5976 	5977 	5981
f 5982 	5981 	5980
f 5936 	1738 	5935
f 6009 	5290 	5459
f 5976 	5981 	5980
f 5942 	5936 	5935
f 6005 	6010 	6006
f 5960 	6006 	6010
f 5812 	5813 	5955
f 5812 	5995 	6007
f 5986 	5985 	6012
f 6012 	5987 	5986
f 4586 	4530 	6011
f 5985 	5987 	6012
f 5940 	5862 	6011
f 6008 	6017 	6010
f 5850 	5997 	5849
f 5849 	5997 	6003
f 6003 	5997 	6025
f 6005 	6008 	6010
f 5845 	5971 	6015
f 6003 	5844 	6004
f 5849 	5844 	6003
f 6022 	6004 	5844
f 6014 	6015 	5971
f 6014 	5971 	6013
f 3073 	5551 	6010
f 5993 	4342 	5566
f 6003 	2704 	5849
f 6017 	6008 	5780
f 6021 	6030 	5988
f 6073 	5845 	6068
f 6017 	6018 	6019
f 6073 	6072 	5845
f 6003 	6004 	2704
f 5995 	5812 	5955
f 5828 	6010 	6019
f 5954 	5814 	5957
f 6009 	5917 	5290
f 6032 	5893 	6022
f 6004 	6022 	5898
f 6003 	6004 	5898
f 6059 	6033 	5893
f 5894 	5893 	6033
f 5894 	6024 	6025
f 6026 	5941 	4701
f 6027 	5940 	6026
f 5742 	6044 	6028
f 5776 	5742 	6028
f 6030 	5902 	6025
f 6021 	5903 	6030
f 6009 	6261 	6001
f 5982 	6027 	6026
f 6261 	6009 	5465
f 6029 	6013 	5971
f 6022 	6004 	6025
f 6024 	6022 	6025
f 6004 	6003 	6025
f 6018 	6020 	6019
f 5465 	6009 	5459
f 5464 	5717 	5465
f 6026 	4700 	6016
f 6026 	6016 	6027
f 6018 	6017 	5780
f 6024 	6184 	6025
f 6013 	6344 	6014
f 4701 	4686 	6026
f 6059 	5893 	6032
f 4700 	6026 	4701
f 6024 	5894 	6033
f 6034 	5742 	5716
f 6026 	6027 	4622
f 4701 	6026 	4622
f 6035 	6061 	5742
f 5967 	6502 	5968
f 6034 	6035 	5742
f 6027 	6016 	5984
f 5716 	5718 	5952
f 6034 	5716 	5952
f 4795 	5665 	4612
f 4700 	4613 	6016
f 5716 	6266 	6034
f 6035 	6034 	6266
f 5984 	4616 	6027
f 5966 	4616 	5984
f 6074 	6038 	5824
f 4738 	5824 	6038
f 5716 	6034 	5733
f 6029 	6344 	6013
f 4628 	4507 	5980
f 4884 	4941 	6039
f 4884 	6039 	6953
f 481 	484 	6040
f 6050 	6051 	6040
f 4944 	4886 	4943
f 5776 	6028 	6002
f 6050 	6040 	6041
f 6104 	6344 	5965
f 6042 	5776 	6028
f 5846 	5971 	5845
f 6032 	6022 	6033
f 6024 	6033 	6022
f 4771 	4988 	6045
f 5774 	5853 	6062
f 5742 	6047 	6044
f 6039 	4941 	6045
f 6028 	6044 	6002
f 6002 	6044 	6047
f 4941 	6046 	6039
f 6014 	6255 	6015
f 6015 	6255 	6068
f 6062 	5498 	5774
f 6953 	6039 	6048
f 6042 	6028 	6044
f 6042 	6044 	6047
f 5776 	5923 	6028
f 5918 	5565 	6062
f 6068 	6072 	6036
f 481 	6040 	6051
f 6049 	481 	6051
f 6044 	5923 	6047
f 6062 	6065 	5918
f 5920 	6069 	6072
f 6032 	6059 	2704
f 6022 	6032 	2704
f 5832 	6023 	5908
f 8996 	6059 	6333
f 6045 	7010 	6048
f 6039 	6045 	6048
f 6054 	5742 	6053
f 6025 	6030 	6333
f 5742 	6054 	6047
f 6055 	6056 	5999
f 6039 	6046 	6048
f 6054 	6002 	6047
f 6958 	6957 	6046
f 6053 	6042 	6054
f 5999 	6249 	6055
f 6018 	5780 	5876
f 6042 	6047 	6054
f 6057 	6020 	5876
f 6018 	5876 	6020
f 5883 	5882 	5937
f 6021 	6030 	6066
f 6047 	5923 	6054
f 6033 	6059 	6032
f 6058 	6060 	6050
f 6051 	6050 	6060
f 6023 	7321 	7187
f 7321 	6023 	6177
f 6043 	6051 	6050
f 6143 	6043 	6058
f 6050 	6058 	6043
f 6129 	6161 	6326
f 6326 	6075 	5742
f 7147 	7086 	5844
f 6022 	5844 	7086
f 6061 	6130 	6326
f 6326 	5742 	6061
f 6032 	6022 	7086
f 6060 	6063 	6051
f 6049 	6051 	6063
f 6035 	5952 	6061
f 8996 	2704 	6059
f 6025 	6333 	6024
f 6024 	6333 	6033
f 6033 	6333 	6059
f 6035 	6266 	6061
f 6958 	6046 	7105
f 6169 	5883 	6064
f 6017 	6019 	6010
f 5828 	6019 	6020
f 6057 	5828 	6020
f 6049 	8037 	6051
f 6064 	5883 	5944
f 6067 	5956 	6007
f 5944 	5883 	5937
f 5956 	6340 	5952
f 6004 	6022 	2704
f 6039 	6048 	4941
f 7064 	9812 	7058
f 6957 	6958 	9812
f 6030 	6021 	6333
f 6130 	6311 	6061
f 6061 	6311 	6035
f 5979 	6067 	6007
f 5961 	6068 	6069
f 6036 	6069 	6068
f 5910 	6070 	5961
f 6070 	6068 	5961
f 5910 	5909 	6072
f 6073 	6070 	6072
f 5910 	6072 	6070
f 6070 	6073 	6068
f 6182 	5808 	6071
f 6189 	6333 	6190
f 6068 	6073 	6072
f 6182 	5827 	5808
f 5992 	5994 	8868
f 5856 	5992 	8868
f 5856 	8868 	5857
f 6222 	5845 	6072
f 6067 	5812 	6007
f 6177 	5832 	6186
f 5909 	5920 	6072
f 6036 	6072 	6069
f 6065 	6062 	6037
f 6079 	5826 	6076
f 6065 	6037 	6052
f 5786 	5797 	6078
f 5808 	5743 	6071
f 5909 	6222 	6072
f 6229 	6071 	5743
f 6073 	6255 	6072
f 5909 	6072 	6255
f 5681 	6328 	5997
f 6073 	6068 	6255
f 5997 	5702 	5681
f 5961 	6069 	5920
f 6065 	6052 	5958
f 6078 	6077 	2709
f 5861 	5857 	2709
f 8868 	2709 	5857
f 6077 	5861 	2709
f 6054 	6053 	6002
f 6075 	6002 	6053
f 6249 	5999 	5990
f 5991 	6262 	5990
f 5861 	5858 	6077
f 6075 	6042 	6053
f 6161 	6220 	6075
f 5962 	6083 	5991
f 5925 	6083 	5962
f 6082 	6083 	5925
f 6084 	6262 	6083
f 6082 	5925 	5946
f 412 	9714 	2660
f 6083 	6082 	5949
f 5946 	5949 	6082
f 6083 	5949 	6084
f 5948 	6084 	5949
f 5884 	5815 	6086
f 5991 	5996 	5962
f 6086 	5810 	5884
f 5918 	6065 	5958
f 5953 	5962 	5996
f 6589 	6164 	7674
f 5786 	6078 	5858
f 6078 	6077 	5858
f 5812 	6192 	5816
f 6105 	6150 	1635
f 6089 	6087 	6293
f 6149 	6293 	6087
f 6148 	6149 	6087
f 484 	483 	6040
f 483 	6171 	6040
f 6089 	6088 	6091
f 5861 	6077 	6090
f 5992 	5856 	6090
f 5861 	6090 	5856
f 5996 	5886 	5953
f 5992 	6090 	6092
f 5992 	6092 	5994
f 6188 	6087 	6091
f 6078 	6090 	6077
f 6094 	6040 	6093
f 6041 	6040 	6094
f 488 	6093 	6040
f 488 	6040 	484
f 6096 	6097 	6095
f 6097 	6056 	6095
f 6055 	6095 	6056
f 6089 	6275 	6087
f 5892 	6085 	5887
f 484 	6040 	486
f 6098 	6000 	6099
f 6098 	6099 	6100
f 6040 	6041 	6101
f 6107 	6294 	6105
f 6088 	6294 	6107
f 6104 	6106 	6103
f 6106 	6108 	6103
f 6102 	6103 	6108
f 2810 	5552 	2806
f 5551 	2806 	5552
f 6091 	6088 	6107
f 2810 	2674 	5552
f 6115 	5891 	6219
f 6108 	6106 	6111
f 6110 	6111 	6106
f 1636 	1458 	6275
f 6110 	6106 	6104
f 7882 	7883 	6080
f 6112 	6102 	6108
f 6112 	6108 	6111
f 6091 	6107 	6105
f 6053 	6422 	6075
f 6054 	6422 	6053
f 1636 	6107 	6105
f 6103 	6112 	6111
f 6103 	6111 	6110
f 6103 	6110 	6104
f 6054 	5923 	6422
f 6088 	5106 	6107
f 6113 	6091 	6114
f 6110 	6104 	5801
f 6115 	5892 	5891
f 6089 	6091 	6087
f 5801 	5838 	6111
f 6111 	6110 	5801
f 6091 	6113 	6188
f 6116 	6188 	6113
f 5890 	6219 	5891
f 6111 	6290 	6110
f 6410 	6115 	5887
f 5891 	5887 	6115
f 1542 	6091 	1635
f 6105 	1635 	6091
f 5786 	6090 	6078
f 6391 	6422 	6115
f 5891 	6115 	5923
f 6422 	5923 	6115
f 6107 	5106 	6105
f 6105 	5106 	1635
f 6166 	6170 	6120
f 6118 	6119 	6117
f 6120 	316 	6166
f 6165 	6166 	316
f 6178 	6165 	316
f 5824 	5826 	6079
f 6114 	6091 	1642
f 1542 	1610 	6091
f 6092 	6361 	5828
f 6089 	5106 	6088
f 1405 	1596 	5106
f 6116 	6113 	6122
f 5817 	5706 	5478
f 6123 	6124 	6121
f 6124 	6125 	6121
f 6117 	6121 	6125
f 6114 	1642 	6126
f 1661 	6126 	1642
f 6129 	6326 	6128
f 1642 	1610 	5035
f 6094 	6093 	6445
f 6117 	6131 	6132
f 6117 	6132 	6118
f 6113 	6134 	6122
f 2806 	5551 	3073
f 6126 	6135 	6114
f 6134 	6113 	6116
f 5817 	5792 	7134
f 5893 	5894 	7134
f 6305 	6125 	6124
f 6135 	6126 	1671
f 1661 	1671 	6126
f 1642 	6114 	1671
f 6135 	1671 	6114
f 6133 	7134 	6136
f 6137 	1660 	6138
f 5234 	7881 	6200
f 6139 	6140 	6124
f 1691 	1635 	1695
f 5824 	6079 	6074
f 6094 	6101 	6041
f 1695 	6150 	6138
f 6137 	2906 	1660
f 6142 	6143 	6041
f 6050 	6041 	6058
f 6058 	6041 	6143
f 6144 	5848 	6146
f 2695 	6328 	5681
f 6140 	6141 	6305
f 6147 	5753 	5811
f 6293 	6294 	6089
f 1695 	1635 	6150
f 6124 	6140 	6305
f 6153 	6152 	6145
f 6152 	6143 	6142
f 6123 	6151 	6124
f 6139 	6124 	6151
f 6151 	6000 	6139
f 6139 	6000 	6056
f 6088 	6275 	6089
f 6142 	6145 	6152
f 6249 	6141 	6154
f 6055 	6249 	6154
f 6152 	6156 	6143
f 6143 	6156 	6058
f 6107 	1636 	6275
f 6204 	5811 	5882
f 5952 	6335 	6061
f 6155 	6156 	6153
f 6152 	6153 	6156
f 6294 	6138 	6150
f 6043 	6143 	6152
f 6056 	6097 	6157
f 6158 	6131 	6157
f 6131 	6117 	6157
f 6117 	6125 	6157
f 6125 	6159 	6157
f 6159 	6140 	6157
f 6139 	6157 	6140
f 6056 	6157 	6139
f 1691 	1482 	2642
f 6154 	6141 	6159
f 6140 	6159 	6141
f 6148 	6244 	6149
f 6153 	6043 	6152
f 6186 	5832 	5827
f 6118 	6095 	6125
f 6132 	6095 	6118
f 6159 	6125 	6095
f 6055 	6154 	6095
f 6159 	6095 	6154
f 6203 	6152 	6143
f 6050 	6203 	6058
f 2695 	5681 	4556
f 6096 	6095 	6157
f 6095 	6276 	6157
f 6152 	6203 	6153
f 6294 	6293 	6138
f 4556 	2658 	2695
f 6097 	6096 	6157
f 6023 	5832 	6177
f 6116 	6122 	6134
f 6060 	6058 	6156
f 6121 	6162 	6123
f 5829 	6123 	6162
f 5882 	5883 	6197
f 5741 	5740 	2660
f 6123 	5829 	6151
f 5740 	5679 	2709
f 6151 	6123 	6121
f 6080 	6164 	6163
f 6170 	6117 	6120
f 5973 	5963 	6136
f 6000 	5998 	6056
f 6144 	6146 	6509
f 6165 	6162 	6166
f 5677 	5756 	2709
f 2709 	5679 	5677
f 6164 	6080 	7674
f 6167 	6100 	6166
f 6167 	6166 	6165
f 7674 	7678 	6589
f 6099 	6166 	6100
f 6119 	6120 	6117
f 6170 	6121 	6117
f 6172 	6145 	6171
f 6145 	6142 	6171
f 6142 	6041 	6171
f 6041 	6040 	6171
f 5999 	6056 	5998
f 5435 	2680 	2721
f 6121 	6170 	6162
f 6166 	6162 	6170
f 6099 	6170 	6166
f 5773 	5435 	2721
f 6172 	6171 	6173
f 6168 	5871 	5860
f 5828 	6362 	3037
f 5229 	6171 	483
f 6099 	6000 	6151
f 6099 	6151 	6121
f 6099 	6121 	6170
f 3037 	3073 	5828
f 6174 	6181 	6166
f 6174 	6166 	6170
f 6200 	6080 	6163
f 6168 	5860 	6144
f 6170 	6121 	6174
f 6176 	6174 	6121
f 6123 	6176 	6121
f 6123 	6151 	6176
f 6098 	6176 	6151
f 6000 	6098 	6151
f 6010 	5828 	3073
f 6133 	6136 	5963
f 5817 	6792 	5706
f 6167 	6174 	6100
f 6174 	6176 	6100
f 6098 	6100 	6176
f 2656 	4805 	6109
f 2656 	6109 	2674
f 6031 	6146 	5848
f 6178 	6162 	6165
f 6179 	6167 	6165
f 6179 	6165 	6178
f 5470 	6196 	5462
f 6161 	6075 	6326
f 6127 	6133 	5963
f 7042 	6127 	5963
f 6183 	6175 	6094
f 6101 	6094 	6175
f 6030 	6025 	6184
f 6033 	6059 	7086
f 6181 	6178 	6165
f 6165 	6166 	6181
f 6066 	6030 	6184
f 6179 	6181 	6167
f 6174 	6167 	6181
f 6168 	6557 	5974
f 6059 	6032 	7086
f 6191 	6195 	6259
f 6182 	6186 	5827
f 5871 	6168 	5974
f 6066 	6184 	6187
f 5948 	5946 	5921
f 5931 	5926 	5946
f 5921 	5946 	5926
f 6087 	6188 	6185
f 5946 	5948 	5949
f 6184 	6189 	6190
f 6087 	6275 	6185
f 6053 	5742 	6075
f 5914 	5350 	5926
f 5926 	5350 	5352
f 6258 	6259 	6207
f 6192 	6340 	6067
f 5931 	5926 	5352
f 6188 	6191 	6185
f 540 	355 	6594
f 6250 	6185 	6275
f 6160 	6193 	6192
f 5979 	6160 	6067
f 6192 	6067 	6160
f 6195 	6191 	6188
f 6180 	5462 	6196
f 5462 	5468 	5470
f 6007 	5738 	6067
f 6187 	6184 	6190
f 5449 	5970 	6201
f 6067 	6192 	5812
f 6349 	6449 	6193
f 6193 	6449 	6192
f 6024 	6033 	7086
f 6169 	7270 	6197
f 6198 	6199 	6201
f 6169 	6197 	5883
f 6187 	6190 	6066
f 6066 	6190 	6333
f 6129 	6128 	6219
f 5870 	5865 	6202
f 5488 	4760 	4960
f 6197 	7565 	6204
f 6195 	5106 	6191
f 5106 	6087 	6185
f 6089 	6087 	5106
f 5488 	4960 	6196
f 6204 	6147 	5811
f 6206 	6188 	6116
f 5882 	6197 	6204
f 6258 	6208 	6247
f 7571 	6147 	6204
f 6188 	6207 	6195
f 6191 	6250 	6195
f 6667 	5043 	6678
f 6051 	6203 	6050
f 6195 	6250 	6207
f 6258 	6207 	6208
f 6210 	6248 	6208
f 6202 	5749 	5870
f 6207 	6188 	6208
f 6211 	5404 	5414
f 6211 	6212 	5404
f 5408 	5404 	6212
f 6212 	6230 	5914
f 5408 	6212 	5914
f 5271 	6222 	6213
f 6207 	6353 	6208
f 6143 	6058 	6203
f 1524 	6214 	4982
f 6208 	5106 	6207
f 6195 	6207 	5106
f 6209 	4982 	6214
f 5193 	5106 	6210
f 6211 	6215 	6212
f 7042 	5928 	7032
f 5497 	6214 	1524
f 6206 	6217 	6188
f 6336 	5163 	6217
f 6212 	6211 	6213
f 5414 	6213 	6211
f 8033 	6205 	6203
f 6161 	6129 	6219
f 5414 	5416 	6211
f 6215 	6211 	5416
f 6218 	6202 	5869
f 6002 	6075 	6219
f 6161 	6219 	6075
f 5414 	5415 	6213
f 6220 	6129 	6128
f 5915 	5913 	6221
f 6202 	6218 	5916
f 6129 	6220 	6161
f 6205 	8033 	5656
f 5869 	5928 	6218
f 6042 	6075 	6220
f 6223 	6224 	6209
f 6156 	6216 	6060
f 5948 	5921 	6227
f 6221 	6227 	5921
f 5915 	6221 	5921
f 5915 	6221 	6222
f 6221 	5913 	6230
f 5656 	5775 	6205
f 6215 	6234 	6212
f 6230 	6212 	6234
f 6212 	6213 	6230
f 6222 	6230 	6213
f 5027 	6252 	6228
f 6128 	6326 	6225
f 6226 	5916 	6218
f 6234 	6227 	6230
f 6221 	6230 	6227
f 6833 	6273 	6235
f 5736 	5554 	6235
f 6222 	6221 	6230
f 6216 	6833 	6235
f 5963 	5900 	5916
f 6226 	5963 	5916
f 5963 	6226 	7042
f 8035 	6216 	6235
f 6212 	6255 	6211
f 6230 	6255 	6212
f 5909 	6255 	5915
f 6128 	6225 	6219
f 6236 	6238 	5858
f 6225 	6220 	6128
f 5948 	6227 	6262
f 6234 	6262 	6227
f 6234 	6215 	6262
f 5416 	6262 	6215
f 5408 	5914 	5423
f 5950 	5423 	5914
f 6441 	6160 	5810
f 6238 	6057 	5876
f 5926 	5931 	5408
f 5914 	5926 	5408
f 5421 	5408 	5931
f 6185 	6191 	5106
f 6240 	6194 	6239
f 6217 	6206 	6242
f 5332 	5423 	5950
f 6399 	6086 	6192
f 6057 	6238 	6236
f 6232 	6231 	6214
f 6209 	6214 	6231
f 6209 	6231 	6223
f 5950 	5886 	5332
f 6116 	6113 	5035
f 6206 	6243 	6242
f 6236 	5983 	6057
f 5914 	5408 	5350
f 5404 	5350 	5408
f 6233 	6253 	6232
f 5890 	6002 	6219
f 5352 	5421 	5931
f 6243 	6206 	6217
f 6231 	6251 	6223
f 6161 	6422 	6129
f 6075 	6422 	6161
f 6128 	6129 	6422
f 6225 	6128 	6422
f 6342 	6245 	6244
f 6237 	5043 	5753
f 6195 	6207 	6259
f 6232 	6214 	6233
f 6246 	6233 	6214
f 6248 	6244 	6247
f 6248 	6282 	6247
f 6253 	6233 	6246
f 6226 	6218 	7042
f 6247 	6318 	6248
f 6147 	7585 	6237
f 5497 	5548 	6214
f 5753 	6147 	6237
f 6251 	6224 	6223
f 6245 	6137 	6244
f 6138 	6244 	6137
f 6191 	6185 	6250
f 6252 	6254 	6228
f 6232 	6253 	6231
f 6253 	6251 	6231
f 6230 	6221 	6255
f 6221 	5915 	6255
f 6246 	5552 	6253
f 5548 	5552 	6246
f 6251 	6253 	5552
f 5339 	5728 	6254
f 6087 	6185 	6148
f 6185 	6191 	6259
f 6148 	6185 	6259
f 6261 	6256 	6001
f 6247 	6244 	6258
f 6259 	6258 	6244
f 5043 	6237 	6260
f 6247 	6282 	6258
f 6259 	6258 	6282
f 5412 	1248 	5416
f 6249 	5990 	6262
f 6247 	6258 	6318
f 4960 	6313 	6196
f 5991 	6083 	6262
f 6184 	6257 	6189
f 6262 	5416 	1248
f 6084 	5948 	6262
f 6262 	1341 	1166
f 6259 	6244 	6148
f 6293 	6149 	6244
f 6257 	6333 	6189
f 6547 	4983 	1229
f 6259 	6282 	6148
f 318 	316 	5842
f 316 	6120 	5842
f 6120 	6119 	5842
f 5842 	6119 	6264
f 5842 	6264 	6265
f 5842 	6265 	6103
f 5842 	6103 	6102
f 7042 	7037 	6127
f 6546 	6548 	6228
f 6256 	6267 	6263
f 1157 	1250 	6278
f 316 	6120 	6131
f 6131 	6158 	316
f 6278 	6272 	1157
f 6119 	6132 	6120
f 6131 	6120 	6132
f 6539 	6545 	6268
f 5737 	6268 	6254
f 5737 	6254 	5728
f 6263 	6586 	6256
f 6270 	316 	6158
f 6149 	6317 	6148
f 6259 	6148 	6317
f 6258 	6259 	6317
f 6102 	6279 	5842
f 5843 	5842 	6279
f 5465 	6267 	6261
f 6256 	6261 	6267
f 6267 	5465 	5717
f 6138 	6293 	6244
f 6279 	333 	5843
f 339 	6265 	6264
f 5817 	7134 	6792
f 6271 	6286 	5064
f 6280 	6404 	5748
f 5929 	7339 	5928
f 6264 	6119 	339
f 6119 	6276 	339
f 6320 	2934 	6245
f 345 	340 	6274
f 2563 	2957 	6275
f 6218 	5928 	7042
f 340 	339 	6276
f 340 	6276 	6274
f 7428 	6629 	6833
f 5736 	6235 	6273
f 5062 	6272 	5064
f 6283 	6271 	6272
f 6277 	5736 	6273
f 6277 	5744 	5736
f 6265 	339 	6103
f 6088 	6107 	6275
f 6112 	6279 	6102
f 332 	5843 	333
f 6424 	6250 	2957
f 6278 	6286 	6272
f 5329 	6546 	5334
f 1457 	1842 	6275
f 6408 	6307 	6269
f 6546 	5329 	5346
f 1844 	1847 	6275
f 5067 	6355 	6266
f 5064 	5257 	6271
f 339 	333 	6279
f 6112 	6103 	6279
f 339 	6279 	6103
f 5096 	2404 	6284
f 6112 	6111 	5838
f 333 	6279 	5838
f 6112 	5838 	6279
f 6659 	6661 	6285
f 5096 	6284 	6356
f 6042 	6284 	2850
f 6592 	6291 	6287
f 6287 	6291 	6288
f 6288 	6285 	1250
f 6271 	5270 	5064
f 6283 	5270 	6271
f 2964 	2609 	6281
f 6088 	6089 	6294
f 6150 	6105 	6294
f 6677 	6649 	6288
f 6285 	6288 	6286
f 6296 	6326 	6295
f 6130 	6295 	6326
f 6280 	5744 	6277
f 1499 	1691 	6281
f 6294 	6281 	6150
f 4983 	6285 	1229
f 2642 	2661 	1691
f 6380 	6376 	6241
f 6376 	6351 	6241
f 6241 	6351 	6350
f 6307 	6409 	6292
f 6283 	6286 	6271
f 6289 	6286 	6283
f 6286 	6285 	4983
f 6112 	6279 	6290
f 6112 	6290 	6111
f 6350 	6370 	6241
f 6271 	5064 	6272
f 6149 	6282 	6293
f 6148 	6282 	6149
f 6281 	6293 	6282
f 8436 	8437 	179
f 6279 	333 	358
f 6279 	358 	6290
f 6298 	6485 	6300
f 5371 	6268 	5737
f 316 	345 	6274
f 6274 	6276 	316
f 6278 	6285 	6286
f 6120 	316 	6276
f 6120 	6276 	6119
f 6301 	6302 	6298
f 6119 	6118 	6305
f 6274 	6276 	378
f 6295 	6335 	6296
f 6302 	6301 	6303
f 6666 	6541 	5024
f 6278 	1250 	6285
f 6287 	6288 	1250
f 6305 	378 	6276
f 6119 	6305 	6276
f 6299 	6406 	6304
f 6296 	6359 	6297
f 6295 	6359 	6296
f 345 	6274 	378
f 6272 	6286 	6289
f 6306 	6303 	6301
f 6306 	6301 	6298
f 6306 	6298 	6300
f 6311 	6296 	6297
f 386 	6270 	345
f 6299 	6304 	6300
f 6130 	6061 	6335
f 6119 	6276 	6132
f 6307 	6292 	6308
f 6301 	6308 	6292
f 6274 	6158 	6276
f 6359 	6130 	6061
f 6298 	6307 	6308
f 6295 	6130 	6359
f 6584 	6713 	5029
f 6118 	6125 	6305
f 6308 	6269 	6307
f 5748 	5744 	6280
f 490 	6308 	6307
f 6307 	6409 	490
f 490 	6409 	491
f 6110 	6344 	6104
f 6313 	6310 	6309
f 6312 	6310 	6313
f 6311 	5733 	6034
f 6269 	6491 	6445
f 6274 	345 	6270
f 6158 	6274 	6270
f 6132 	6276 	6095
f 6034 	6035 	6311
f 6295 	6311 	6130
f 6296 	6311 	6295
f 6308 	490 	6298
f 6304 	6298 	490
f 6304 	490 	489
f 6158 	6157 	6276
f 6293 	6317 	6149
f 6311 	5511 	5733
f 6310 	6312 	6323
f 6029 	5965 	6344
f 6281 	6294 	6293
f 6180 	6196 	6314
f 6314 	6196 	6309
f 6317 	6293 	6294
f 1695 	1691 	2661
f 327 	6270 	386
f 6346 	6248 	6318
f 6317 	6318 	6258
f 6110 	6290 	6344
f 6137 	6245 	2934
f 1429 	1655 	2638
f 6825 	6796 	5358
f 6322 	6321 	6313
f 6312 	6313 	6321
f 6390 	6322 	6313
f 6311 	6297 	6316
f 6296 	6297 	6326
f 6316 	6326 	6297
f 6301 	6302 	6269
f 6491 	6269 	6302
f 6301 	6269 	6308
f 5170 	5193 	6353
f 5193 	6210 	6353
f 5989 	6324 	5994
f 6327 	6300 	496
f 6306 	6300 	6327
f 6300 	6304 	496
f 489 	496 	6304
f 6327 	496 	6299
f 6429 	6225 	6326
f 6358 	6702 	6282
f 6324 	5989 	6328
f 179 	5759 	8436
f 5170 	5161 	6364
f 5170 	6345 	5193
f 6247 	6208 	6248
f 5193 	6346 	6210
f 6208 	6188 	6210
f 6290 	407 	6325
f 6290 	358 	407
f 6210 	6208 	6353
f 6331 	6332 	6330
f 6332 	6347 	6330
f 6329 	6330 	6347
f 6334 	6370 	6409
f 6329 	6347 	6334
f 1142 	413 	6305
f 6316 	6297 	6335
f 6297 	6296 	6335
f 5175 	5163 	6336
f 6188 	5163 	6210
f 6295 	6130 	6335
f 6208 	6210 	5106
f 6344 	6290 	6325
f 6339 	6340 	6338
f 6188 	6217 	5163
f 6242 	6336 	6217
f 6546 	5346 	5358
f 6206 	6116 	5035
f 6243 	6336 	6242
f 6336 	6243 	6217
f 5952 	6340 	6335
f 6305 	413 	378
f 6342 	6244 	6343
f 6255 	6014 	6344
f 6346 	5193 	6345
f 6248 	6210 	6346
f 6339 	6338 	6160
f 6331 	6337 	6332
f 6244 	6248 	6346
f 6347 	6370 	6334
f 6282 	6248 	6358
f 6346 	6358 	6248
f 6260 	6523 	6507
f 6345 	6343 	6346
f 6244 	6346 	6343
f 6348 	6347 	6332
f 6337 	6347 	6332
f 6942 	6899 	6315
f 6338 	6340 	6349
f 6350 	6292 	6370
f 6351 	6496 	6350
f 5956 	6067 	6340
f 6351 	6350 	6352
f 6343 	5197 	6342
f 5204 	6342 	5197
f 6340 	6192 	6193
f 6349 	6340 	6193
f 6021 	6066 	6333
f 6193 	6160 	6349
f 6338 	6349 	6160
f 6315 	6338 	6349
f 6809 	5392 	5456
f 6250 	6353 	6207
f 6315 	6349 	6193
f 6315 	6193 	6192
f 6353 	6250 	6478
f 6354 	6382 	6199
f 6192 	6067 	6315
f 6377 	6314 	6309
f 6323 	6377 	6310
f 6309 	6310 	6377
f 6339 	6448 	6338
f 6249 	1156 	1142
f 6180 	6314 	6377
f 5462 	6180 	6377
f 6305 	6249 	1142
f 6321 	6323 	6312
f 6321 	6322 	6323
f 6249 	6262 	1156
f 7578 	7579 	6071
f 6322 	6390 	6323
f 6305 	6141 	6249
f 7546 	6186 	6182
f 1142 	3086 	413
f 6354 	6341 	5766
f 5003 	5102 	6355
f 1149 	6255 	6344
f 6229 	6405 	6071
f 1149 	1162 	6255
f 5158 	4974 	6356
f 6344 	6325 	1149
f 5766 	5771 	6354
f 5414 	6255 	5415
f 1162 	5415 	6255
f 5775 	5766 	6341
f 6341 	6357 	5775
f 6078 	2709 	5786
f 5231 	6702 	6358
f 6359 	6061 	6266
f 6092 	6090 	6361
f 6360 	6361 	6090
f 1166 	1156 	6262
f 6361 	6360 	6362
f 6360 	5773 	2721
f 6090 	5773 	6360
f 6355 	6359 	6266
f 3825 	273 	3822
f 253 	2081 	273
f 3822 	273 	2081
f 5161 	5162 	6364
f 6345 	5170 	6364
f 6362 	5828 	6361
f 6356 	6284 	6365
f 6363 	5237 	5211
f 5771 	6382 	6354
f 1881 	4273 	1882
f 6343 	6345 	6364
f 6364 	6358 	6345
f 6346 	6345 	6358
f 6365 	6042 	6220
f 6346 	6318 	6345
f 4275 	1882 	4273
f 4302 	4273 	1881
f 6042 	6365 	6284
f 6363 	6343 	6364
f 5211 	6343 	6363
f 6358 	6364 	6363
f 6382 	5709 	6201
f 6181 	6179 	6178
f 5939 	6369 	6450
f 6363 	5211 	6358
f 5209 	5231 	5211
f 5231 	6358 	5211
f 6292 	6409 	6370
f 6366 	6368 	7423
f 6350 	6370 	6352
f 6364 	6345 	6318
f 6363 	6385 	5211
f 6337 	6241 	6370
f 6450 	6369 	6372
f 6372 	6369 	6373
f 6363 	6364 	6318
f 6374 	6352 	6375
f 5939 	5391 	6373
f 6369 	5939 	6373
f 6376 	6496 	6351
f 6380 	6496 	6376
f 6376 	6351 	6352
f 6369 	5939 	6399
f 6086 	6399 	5939
f 6373 	6369 	6378
f 6352 	6370 	6375
f 6370 	6347 	6375
f 6348 	6375 	6347
f 6347 	6337 	6370
f 6373 	5521 	6372
f 6371 	6372 	5521
f 5851 	5462 	6377
f 7571 	6204 	7565
f 2993 	2996 	6379
f 6372 	6452 	6371
f 6378 	6372 	6373
f 6379 	2996 	3822
f 1378 	3822 	2996
f 6313 	6309 	6196
f 6260 	6237 	6421
f 6382 	5771 	5809
f 5555 	6372 	6371
f 5555 	5553 	6372
f 6373 	6372 	5553
f 6369 	6373 	5553
f 5809 	5709 	6382
f 6382 	6201 	6199
f 2993 	6384 	3001
f 6379 	6384 	2993
f 6383 	3001 	6384
f 6323 	6390 	6402
f 6376 	6352 	6380
f 6460 	6380 	6352
f 6319 	6385 	6318
f 6363 	6318 	6385
f 6379 	6386 	6384
f 6380 	6370 	6376
f 5528 	6526 	5602
f 6486 	5602 	6526
f 6386 	9260 	6384
f 6486 	6398 	5602
f 3807 	3001 	6383
f 6433 	6437 	6544
f 9260 	6386 	6383
f 6085 	5395 	5602
f 6376 	6370 	6351
f 6383 	6386 	2081
f 6386 	6379 	2081
f 3807 	6383 	2081
f 6389 	6397 	6388
f 6398 	6397 	6389
f 3822 	2081 	6379
f 6228 	6381 	6229
f 6380 	6467 	6370
f 6347 	6370 	6467
f 6350 	6351 	6370
f 6347 	6467 	6332
f 6332 	6467 	6331
f 6228 	6451 	6381
f 6387 	6394 	6392
f 6393 	6394 	6387
f 6391 	6392 	6394
f 5204 	6395 	6342
f 6395 	6320 	6342
f 6245 	6342 	6320
f 7423 	6402 	6366
f 7423 	6368 	6521
f 6319 	6320 	6385
f 6395 	6385 	6320
f 6387 	6388 	6397
f 6397 	6393 	6387
f 6086 	6450 	6399
f 6399 	6441 	6086
f 6404 	6280 	6263
f 6453 	6369 	6399
f 5884 	5816 	6192
f 6381 	6405 	6229
f 6398 	5530 	6397
f 8064 	7507 	6348
f 6348 	7507 	6375
f 6473 	6374 	7507
f 6366 	6367 	6400
f 6298 	6304 	6334
f 6334 	6304 	6406
f 6329 	6334 	6406
f 3416 	1641 	6522
f 6405 	6381 	6407
f 6396 	6405 	6407
f 6393 	6397 	5530
f 6393 	5530 	6394
f 6408 	6329 	6334
f 6397 	6398 	6393
f 6394 	6393 	6398
f 6394 	6085 	6391
f 6115 	6391 	6085
f 5892 	6115 	6085
f 6616 	3434 	3511
f 6401 	6323 	6402
f 6401 	6377 	6323
f 3720 	3488 	6567
f 6267 	6404 	6263
f 6394 	5530 	6085
f 6267 	5717 	6404
f 5887 	6085 	6410
f 6394 	6410 	6085
f 6413 	6414 	6415
f 5602 	6398 	6397
f 6393 	6085 	6397
f 6394 	6085 	6393
f 5602 	6397 	6085
f 6414 	6413 	6416
f 6415 	6079 	6413
f 6219 	6388 	6387
f 6413 	6079 	6076
f 6219 	6387 	6392
f 5929 	5851 	6401
f 6388 	6387 	6410
f 6392 	6410 	6387
f 6410 	6471 	6389
f 6388 	6410 	6389
f 6389 	6471 	6422
f 6387 	6388 	6422
f 7578 	6071 	6405
f 2987 	6420 	3870
f 6307 	6298 	6409
f 6334 	6409 	6298
f 6409 	6408 	6334
f 6392 	6391 	6219
f 5851 	6377 	6401
f 6408 	6409 	6307
f 6115 	6219 	6391
f 6329 	8089 	6334
f 6391 	6410 	6392
f 6115 	6410 	6391
f 496 	500 	6299
f 6330 	6329 	6406
f 6391 	6392 	6422
f 6422 	6392 	6387
f 6408 	6330 	6329
f 2926 	6423 	2933
f 6437 	6402 	6390
f 6436 	6402 	6433
f 6275 	2957 	6250
f 6408 	6269 	8057
f 6330 	8089 	6329
f 3908 	6426 	6425
f 6983 	6899 	6160
f 6406 	6299 	500
f 6437 	6433 	6402
f 6306 	6327 	6303
f 6239 	6303 	6327
f 3882 	3908 	6425
f 6239 	6327 	6240
f 8654 	7072 	6432
f 6919 	6447 	6899
f 6433 	6544 	6436
f 2970 	2972 	6423
f 6431 	2970 	6423
f 2972 	6430 	2970
f 6431 	2970 	6430
f 6367 	6436 	6544
f 6431 	6317 	2970
f 6225 	6429 	6219
f 6219 	6429 	6428
f 6313 	6544 	6390
f 6437 	6390 	6544
f 6431 	6423 	6432
f 6432 	6423 	6435
f 6412 	6411 	6442
f 6432 	6430 	6435
f 6431 	6430 	6432
f 6440 	6442 	6411
f 6442 	6440 	6438
f 6439 	6438 	6440
f 6225 	6429 	6220
f 6429 	6428 	6220
f 6427 	6220 	6428
f 6434 	6241 	6043
f 6260 	6421 	6418
f 6043 	6562 	6434
f 5979 	5810 	6160
f 6269 	6445 	6093
f 6449 	6450 	6448
f 6447 	6448 	6450
f 6442 	6417 	6419
f 6250 	6424 	6478
f 6447 	6450 	6452
f 6578 	6452 	6450
f 6366 	6402 	6367
f 6436 	6367 	6402
f 6450 	6453 	6399
f 6573 	4982 	6209
f 6453 	6450 	6449
f 6432 	6317 	6431
f 2972 	2970 	6317
f 6432 	6435 	6318
f 6371 	6578 	6372
f 6450 	6372 	6578
f 8832 	6423 	8839
f 6412 	6442 	6419
f 6455 	6496 	6454
f 6423 	2926 	6456
f 6448 	6441 	6449
f 6449 	6441 	6453
f 5810 	6086 	6441
f 6453 	6441 	6399
f 6459 	6209 	6458
f 2938 	2933 	6423
f 6457 	6458 	6209
f 6461 	6476 	6459
f 6209 	6459 	6476
f 6074 	6415 	7411
f 6454 	6460 	6455
f 6074 	6079 	6415
f 6449 	6378 	6453
f 6369 	6453 	6378
f 6378 	6449 	6448
f 6455 	6463 	6496
f 6399 	6192 	6453
f 6086 	5884 	6192
f 6281 	6282 	2964
f 2964 	6282 	6430
f 6462 	6463 	6460
f 6441 	6448 	6447
f 6447 	6452 	6441
f 2920 	2948 	6294
f 6432 	6318 	6317
f 6460 	6463 	6455
f 6209 	6224 	6457
f 6452 	6372 	6447
f 6448 	6447 	6378
f 6318 	8660 	6319
f 6378 	6447 	6372
f 6512 	1229 	6472
f 6224 	6251 	6457
f 6462 	201 	6463
f 2926 	6320 	6456
f 8717 	8718 	6320
f 6456 	6320 	8718
f 6449 	6349 	6448
f 6349 	6338 	6448
f 6447 	6448 	6339
f 6339 	6899 	6447
f 8717 	6320 	8715
f 6319 	8715 	6320
f 6584 	6417 	6442
f 6452 	6447 	6919
f 6292 	6350 	6496
f 6454 	6496 	6467
f 6467 	6496 	6380
f 6446 	6940 	6444
f 6453 	6192 	6449
f 6490 	6491 	6292
f 6490 	6292 	6496
f 6454 	6467 	6460
f 7041 	6388 	6219
f 6443 	6444 	6451
f 6451 	6444 	6446
f 6443 	6514 	6945
f 6428 	6758 	6427
f 6428 	6429 	6422
f 6428 	6422 	6758
f 6469 	3935 	3934
f 6429 	6225 	6422
f 6454 	6467 	6434
f 6241 	6434 	6467
f 6455 	6454 	6434
f 6463 	201 	6455
f 6420 	7057 	6949
f 6395 	5249 	6385
f 6251 	6464 	6457
f 6458 	6457 	6464
f 7041 	6471 	6389
f 6388 	7041 	6389
f 6467 	6380 	6241
f 6467 	6454 	201
f 6388 	6389 	6422
f 6758 	6422 	6471
f 6464 	6459 	6458
f 6473 	6352 	6374
f 6467 	6380 	6460
f 4296 	4813 	6474
f 6454 	6455 	201
f 7469 	7471 	5696
f 6472 	6524 	6512
f 6473 	6466 	6460
f 6352 	6473 	6460
f 6470 	6472 	1229
f 201 	182 	6467
f 6462 	6896 	201
f 6466 	6473 	6479
f 9001 	6444 	6945
f 6477 	7041 	6427
f 6427 	6219 	6428
f 6597 	6488 	6468
f 6375 	7507 	6374
f 6477 	7084 	6427
f 6381 	6451 	6407
f 6480 	6470 	6468
f 6481 	3876 	3962
f 6480 	6472 	6470
f 6396 	6407 	6451
f 6479 	6483 	6466
f 8928 	6396 	6451
f 6482 	6486 	6471
f 6486 	6398 	6471
f 6473 	6483 	6479
f 8928 	6451 	8910
f 3962 	3882 	6481
f 3882 	6425 	6481
f 6483 	6473 	6466
f 3964 	6487 	3944
f 6486 	6482 	6489
f 6484 	6300 	6485
f 6299 	6300 	6484
f 6389 	6471 	6398
f 6302 	6301 	6292
f 6302 	6292 	6491
f 6480 	6468 	6488
f 6492 	6452 	6578
f 6491 	6490 	6485
f 6445 	6491 	6490
f 6492 	6575 	6452
f 6298 	6302 	6491
f 6298 	6491 	6485
f 1339 	3855 	6488
f 6492 	6371 	6452
f 6239 	6490 	6491
f 6302 	6303 	6491
f 6239 	6491 	6303
f 6492 	6452 	6919
f 6494 	6584 	6438
f 6442 	6438 	6584
f 6489 	5532 	6486
f 6861 	6484 	6485
f 6486 	5532 	6398
f 6495 	5796 	5969
f 6493 	9314 	9419
f 6497 	6496 	6498
f 6490 	6496 	6497
f 7672 	6420 	6493
f 5968 	6495 	5969
f 6420 	2987 	6493
f 6486 	6598 	6398
f 6489 	6598 	6486
f 6394 	6398 	6410
f 6500 	6591 	6494
f 6499 	6866 	6485
f 6485 	6498 	6499
f 6527 	6620 	6486
f 6499 	6866 	6445
f 6498 	6499 	6445
f 6495 	5968 	6502
f 6439 	6500 	6438
f 6494 	6438 	6500
f 6476 	6461 	6504
f 6758 	6477 	6427
f 6505 	6476 	6504
f 6508 	6482 	6471
f 6440 	6619 	6439
f 6471 	7041 	6508
f 6503 	3420 	3416
f 6410 	6598 	6471
f 6598 	6508 	6471
f 6505 	6511 	6476
f 6419 	6476 	6511
f 6555 	3420 	6503
f 6471 	6508 	6758
f 6400 	6403 	6512
f 6490 	6497 	6485
f 6368 	6366 	6512
f 6400 	6512 	6366
f 6507 	6418 	6510
f 6497 	6445 	6490
f 6514 	6827 	6443
f 6516 	6521 	6515
f 6498 	6445 	6497
f 6443 	6844 	6514
f 6517 	6518 	6520
f 6512 	6519 	6513
f 6515 	6521 	6513
f 6512 	6513 	6521
f 6451 	6514 	6443
f 6512 	6521 	6368
f 6829 	6945 	6514
f 6517 	6520 	5522
f 6515 	6513 	6525
f 6497 	6498 	6485
f 6525 	6516 	6515
f 3508 	6753 	3511
f 6519 	6685 	6513
f 5521 	5522 	6520
f 6518 	6371 	6520
f 5521 	6520 	6371
f 6516 	6529 	6521
f 6418 	6507 	6523
f 6518 	6371 	6579
f 6520 	6518 	6583
f 6492 	6579 	6371
f 4015 	3876 	6501
f 5555 	6518 	6520
f 6517 	5555 	6520
f 6522 	6501 	6722
f 6518 	5555 	6371
f 6524 	6519 	6512
f 6522 	6722 	6503
f 6490 	6239 	6497
f 6498 	6497 	6239
f 6239 	6609 	6498
f 6240 	6327 	6194
f 3416 	6522 	6503
f 6299 	6484 	6327
f 6194 	6327 	6484
f 3876 	6481 	6501
f 6421 	6510 	6418
f 713 	430 	6533
f 713 	6533 	6534
f 6260 	6418 	6523
f 4015 	6501 	6522
f 6516 	6525 	6529
f 5796 	6702 	5231
f 6854 	6260 	6851
f 6430 	6282 	6702
f 6260 	6507 	6852
f 5525 	713 	6534
f 6537 	6538 	6539
f 6524 	6685 	6519
f 6540 	6538 	6537
f 6542 	713 	6534
f 6419 	6511 	6506
f 760 	713 	6542
f 9650 	6534 	713
f 6522 	1641 	4015
f 6504 	6619 	6505
f 6459 	6464 	6461
f 6517 	5522 	6535
f 5525 	6534 	5522
f 6511 	6619 	6506
f 1683 	3434 	4102
f 6535 	5522 	6536
f 6536 	5522 	6534
f 6536 	6534 	6533
f 6542 	6534 	6533
f 6520 	6581 	6517
f 6517 	6536 	6535
f 4960 	4983 	6547
f 6533 	6536 	6542
f 6812 	6542 	6536
f 6517 	6626 	6536
f 6544 	6400 	6367
f 9650 	6533 	6534
f 6517 	6535 	6536
f 6517 	6536 	5555
f 6524 	6472 	6685
f 6480 	6685 	6472
f 6525 	6513 	6685
f 6536 	6533 	9650
f 6536 	9650 	5555
f 6541 	6667 	6538
f 6541 	6538 	6540
f 5532 	6527 	6526
f 6403 	6400 	6544
f 5532 	6526 	6528
f 5534 	5532 	6528
f 6528 	6531 	5534
f 6241 	6337 	6532
f 6538 	6546 	6545
f 6538 	6545 	6539
f 6547 	6403 	6544
f 6526 	6528 	6527
f 6545 	5667 	6546
f 6544 	4960 	6547
f 6531 	6530 	6549
f 6773 	6670 	6751
f 6164 	6551 	6163
f 6550 	6163 	6551
f 6155 	6172 	6551
f 6550 	6551 	6172
f 6549 	6530 	708
f 6145 	6172 	6183
f 6173 	6183 	6172
f 6553 	6554 	6552
f 6465 	6552 	6554
f 6531 	6549 	5534
f 6502 	6706 	6495
f 6552 	6556 	6553
f 6198 	6557 	6199
f 428 	9652 	464
f 6559 	6561 	6558
f 6561 	6562 	6558
f 6563 	6594 	6562
f 464 	6774 	708
f 6549 	708 	6531
f 6531 	708 	6774
f 5958 	6560 	5993
f 6153 	6145 	6563
f 6564 	6557 	6168
f 6567 	3488 	6555
f 6527 	6486 	6526
f 6562 	6561 	6711
f 6526 	5528 	6528
f 5605 	6528 	5528
f 5958 	6613 	6543
f 6576 	6354 	6199
f 3420 	6555 	3488
f 6564 	6576 	6557
f 6313 	4960 	6544
f 5958 	6543 	6560
f 6557 	6576 	6199
f 1229 	6512 	6403
f 6528 	5605 	6549
f 6528 	6549 	6531
f 6198 	5974 	6557
f 6403 	6547 	1229
f 708 	6549 	5605
f 6529 	6525 	6569
f 6569 	6521 	6529
f 4982 	6573 	6568
f 6572 	6577 	6571
f 6570 	6571 	6482
f 6562 	6561 	6434
f 6508 	6570 	6482
f 6525 	6685 	6569
f 6564 	6168 	6144
f 6488 	3855 	6480
f 6155 	6153 	6563
f 6155 	6563 	6562
f 6562 	6711 	6566
f 6155 	6562 	6566
f 6509 	6564 	6144
f 6480 	3855 	6685
f 6562 	6043 	6563
f 6419 	6417 	6573
f 6417 	6568 	6573
f 6153 	6563 	6043
f 6411 	6412 	6506
f 6160 	6441 	6575
f 6521 	6569 	6690
f 6571 	6577 	6482
f 6489 	6482 	6577
f 6562 	6563 	6203
f 6617 	6526 	6574
f 6563 	6153 	6203
f 6492 	6578 	6579
f 6172 	6155 	6566
f 6565 	6580 	6566
f 6172 	6566 	6580
f 6808 	6626 	6578
f 6581 	6578 	6582
f 6581 	6583 	6578
f 6579 	6578 	6583
f 6156 	6155 	6216
f 6566 	6216 	6155
f 6565 	6837 	6566
f 6518 	6517 	6578
f 6568 	6417 	6584
f 6518 	6578 	6371
f 6001 	6256 	6586
f 6585 	6200 	6163
f 6583 	6581 	6582
f 6582 	6575 	6583
f 6163 	6550 	6588
f 6585 	6163 	6588
f 6573 	6209 	6476
f 6164 	6589 	6551
f 6566 	6551 	6589
f 6566 	6589 	6590
f 6566 	6590 	6565
f 6582 	6517 	6581
f 6520 	6583 	6581
f 6476 	6419 	6573
f 7978 	8437 	6589
f 6582 	6581 	6583
f 6419 	6506 	6412
f 6591 	6781 	6494
f 6566 	6155 	6551
f 6509 	6587 	6564
f 6579 	6575 	6492
f 6583 	6575 	6579
f 6441 	6452 	6575
f 6550 	6172 	6580
f 6550 	6580 	6588
f 6548 	6546 	5358
f 6285 	6288 	1229
f 6559 	6558 	6740
f 6583 	6518 	6579
f 4982 	6568 	5029
f 6548 	6762 	6228
f 6762 	6754 	6228
f 6545 	6546 	6228
f 6500 	6439 	6619
f 6492 	6962 	6579
f 6568 	6584 	5029
f 6094 	6445 	6558
f 6592 	6661 	6593
f 6558 	6562 	6594
f 6579 	6963 	6583
f 6963 	6976 	6583
f 6583 	6985 	6582
f 6564 	6587 	6576
f 6593 	6661 	6595
f 6183 	6594 	6145
f 6563 	6145 	6594
f 6416 	6586 	6263
f 6595 	6596 	6593
f 6592 	6593 	6596
f 5530 	6398 	5532
f 6586 	6416 	6413
f 6577 	5532 	6489
f 6280 	6416 	6263
f 6468 	6470 	1229
f 6740 	6558 	6752
f 6173 	6752 	6558
f 6173 	6558 	6594
f 6173 	6594 	6183
f 6076 	6001 	6586
f 6598 	6410 	6398
f 6558 	6594 	6094
f 6183 	6094 	6594
f 6287 	6592 	1229
f 6076 	6586 	6413
f 237 	6595 	6593
f 6741 	6631 	540
f 6667 	6678 	6538
f 6539 	6545 	6537
f 1415 	249 	272
f 272 	249 	6602
f 6600 	272 	6602
f 6194 	6601 	6603
f 6509 	6599 	6587
f 6194 	6484 	6601
f 4313 	6604 	6602
f 4313 	6602 	4314
f 6604 	6600 	6602
f 6593 	6592 	1250
f 1250 	237 	6593
f 6183 	6594 	355
f 6537 	6545 	6540
f 4313 	247 	6604
f 272 	6604 	247
f 6600 	6604 	272
f 6560 	4825 	5993
f 6540 	6537 	5024
f 6537 	6539 	5024
f 5052 	5024 	6539
f 6171 	9610 	6173
f 6341 	6587 	6357
f 6474 	5951 	4296
f 6611 	6615 	6200
f 6605 	6683 	6614
f 5958 	6052 	6613
f 6587 	6599 	6357
f 6580 	6565 	6588
f 6585 	6588 	6565
f 6606 	6585 	6565
f 6606 	6565 	6590
f 6494 	6781 	6584
f 6691 	5967 	6474
f 6684 	6501 	6481
f 6691 	6502 	5967
f 6474 	5967 	5951
f 6607 	6608 	6601
f 6608 	6609 	6601
f 6603 	6601 	6609
f 6576 	6587 	6341
f 6596 	6291 	6592
f 6677 	6288 	6291
f 6593 	1229 	6592
f 6576 	6341 	6354
f 547 	2131 	6615
f 6592 	6287 	1250
f 4120 	4095 	6692
f 6614 	6692 	4095
f 6577 	6598 	6489
f 6599 	6815 	6357
f 6591 	6500 	6619
f 6620 	6577 	6572
f 3434 	6616 	6623
f 6612 	8231 	6611
f 6528 	6526 	6617
f 6511 	6505 	6619
f 6504 	6461 	6464
f 6619 	6504 	6464
f 6611 	8235 	6615
f 6615 	6611 	6761
f 6612 	6761 	6611
f 6440 	6411 	6506
f 6440 	6506 	6619
f 6582 	6578 	6621
f 6254 	6268 	6545
f 6622 	6624 	6625
f 6228 	6254 	6545
f 6268 	5052 	6539
f 6621 	6578 	6626
f 5667 	6539 	6537
f 355 	217 	6183
f 6572 	6526 	6527
f 6572 	6527 	6620
f 3726 	6781 	9248
f 6572 	6574 	6526
f 3759 	9248 	6627
f 6615 	6761 	6752
f 547 	6615 	6173
f 6752 	6173 	6615
f 6613 	6037 	6610
f 6291 	6596 	6628
f 6610 	6743 	6613
f 6273 	6833 	6629
f 547 	6200 	6615
f 6605 	6623 	6616
f 6808 	6578 	6535
f 6517 	6535 	6578
f 6605 	6614 	6623
f 6756 	6669 	6632
f 6633 	6634 	6632
f 6631 	6632 	6634
f 6631 	6634 	6635
f 6631 	6635 	6636
f 6613 	6743 	6744
f 6623 	4102 	3434
f 6614 	4102 	6623
f 6052 	6037 	6613
f 6614 	4095 	4102
f 6280 	6277 	6416
f 3260 	3635 	6630
f 6416 	6277 	6414
f 6630 	6637 	3260
f 6426 	6697 	6696
f 6610 	6037 	6478
f 3263 	3260 	6637
f 6630 	6251 	6638
f 6273 	6414 	6277
f 6109 	6638 	6251
f 6251 	5552 	6109
f 5355 	6630 	6638
f 5334 	6546 	5667
f 6539 	5667 	6545
f 6638 	6109 	5269
f 4805 	5362 	6109
f 6630 	5355 	6637
f 6639 	3280 	6637
f 3263 	6637 	3280
f 6273 	6629 	6414
f 6641 	6640 	6709
f 6283 	6271 	5257
f 6644 	6645 	6643
f 6283 	6643 	6645
f 6648 	6641 	6640
f 6646 	6648 	6640
f 6425 	6696 	6642
f 8111 	8112 	6652
f 6651 	6652 	6650
f 6644 	6668 	6645
f 6650 	8112 	6653
f 6672 	6809 	6647
f 8113 	6655 	6656
f 8113 	6656 	6653
f 6658 	6659 	6286
f 6285 	6286 	6659
f 6657 	6662 	6658
f 6659 	6658 	6662
f 6560 	6712 	4825
f 7147 	5844 	7143
f 6288 	6285 	6661
f 6287 	6288 	6661
f 6673 	6647 	5569
f 7086 	6257 	6184
f 5567 	6647 	5455
f 6625 	6624 	6661
f 6625 	6661 	6659
f 6184 	6024 	7086
f 6634 	6633 	6711
f 6659 	6662 	6663
f 6659 	6663 	6622
f 6659 	6622 	6625
f 6688 	6724 	6667
f 6666 	6688 	6667
f 6666 	6667 	6541
f 8597 	7204 	6633
f 6286 	6289 	6658
f 6649 	6658 	6289
f 7322 	6401 	6402
f 6633 	6632 	6669
f 6668 	6657 	6658
f 6546 	6670 	6671
f 6546 	6671 	6672
f 6546 	6672 	6673
f 6673 	6545 	6546
f 6674 	6669 	6641
f 6756 	6641 	6669
f 6649 	6645 	6658
f 6668 	6658 	6645
f 6698 	6610 	6478
f 6401 	7322 	5929
f 6674 	6641 	6711
f 6648 	8093 	6641
f 6676 	6677 	6679
f 6682 	6679 	6677
f 6540 	6545 	6541
f 6666 	6541 	6545
f 6655 	8113 	6681
f 6677 	6291 	6682
f 6675 	6676 	6679
f 6660 	6640 	6641
f 6666 	5024 	6688
f 6680 	6675 	6679
f 6674 	6711 	6669
f 6633 	6669 	6711
f 5270 	6283 	6645
f 5270 	6645 	6677
f 6642 	6501 	6684
f 8597 	6633 	6669
f 8597 	6669 	6674
f 6649 	6677 	6645
f 6286 	6288 	6289
f 6289 	6288 	6649
f 6501 	6642 	6722
f 6727 	6722 	6642
f 6425 	6642 	6684
f 6684 	6481 	6425
f 6673 	6672 	6647
f 6687 	6475 	6487
f 5796 	6495 	6702
f 3944 	6487 	6475
f 6654 	6475 	6687
f 6495 	6703 	6702
f 6645 	6649 	6283
f 6289 	6283 	6649
f 6689 	6545 	6673
f 6645 	6283 	6272
f 6272 	6289 	6649
f 6688 	6666 	6545
f 6649 	6645 	6272
f 6541 	6540 	5024
f 6692 	6614 	6683
f 6666 	6688 	5582
f 6690 	6569 	6685
f 6677 	1202 	5270
f 1190 	5270 	1202
f 6693 	1202 	6677
f 6629 	6415 	6414
f 6683 	6734 	6692
f 6676 	6695 	6677
f 6693 	6677 	6695
f 6727 	6642 	6696
f 5300 	6695 	6644
f 5300 	6644 	6643
f 6502 	6691 	6706
f 7431 	7437 	5759
f 6676 	6662 	6695
f 3855 	7754 	7440
f 6634 	6835 	6633
f 6495 	6706 	6703
f 6669 	6835 	6674
f 6635 	6634 	6711
f 6426 	6696 	6425
f 6686 	8113 	6699
f 6669 	6633 	6835
f 6635 	6636 	6835
f 6636 	6561 	6835
f 6698 	6743 	6610
f 6651 	6650 	6653
f 6650 	6701 	6651
f 7385 	7322 	6402
f 6668 	6644 	6695
f 6655 	6681 	8184
f 6701 	6650 	6837
f 6650 	6653 	6837
f 6656 	6837 	6653
f 6961 	6982 	6704
f 4943 	6704 	6733
f 6675 	6663 	6676
f 6668 	6695 	6657
f 6686 	6699 	8163
f 4943 	6704 	4956
f 6961 	4956 	6704
f 6662 	6676 	6663
f 6663 	6675 	6680
f 6699 	8143 	8163
f 6657 	6695 	6662
f 6706 	9403 	6703
f 6685 	3855 	7440
f 6697 	6783 	6696
f 7440 	6705 	6685
f 6676 	6675 	6693
f 6680 	6694 	6675
f 6655 	6837 	6656
f 6676 	6693 	6695
f 6681 	6837 	6655
f 6685 	6708 	6690
f 6626 	6575 	6621
f 6621 	6575 	6582
f 6693 	6675 	6694
f 6686 	6837 	6681
f 6621 	6517 	6582
f 6812 	6536 	6626
f 6626 	6517 	6621
f 6837 	6686 	6699
f 6559 	6741 	6561
f 3289 	3296 	6695
f 6676 	6695 	3296
f 3296 	3599 	6676
f 6675 	6676 	3599
f 6680 	6675 	3599
f 6527 	5532 	6620
f 6577 	6620 	5532
f 6710 	6711 	6709
f 5300 	5309 	6695
f 6566 	6711 	6565
f 6710 	6565 	6711
f 2317 	3289 	5348
f 6695 	5348 	3289
f 6543 	6712 	6560
f 6711 	6561 	6636
f 6636 	6635 	6711
f 6695 	5311 	5348
f 6577 	6528 	6598
f 6635 	6434 	6636
f 6527 	6528 	6620
f 6203 	6835 	6562
f 4944 	6707 	4943
f 5355 	5029 	6713
f 6577 	6489 	6620
f 6489 	6486 	6620
f 6712 	6543 	9375
f 6508 	7041 	6570
f 6570 	7041 	6571
f 6641 	6709 	6711
f 4949 	4825 	6712
f 6715 	6718 	3347
f 6718 	6716 	3347
f 6716 	6717 	3347
f 6719 	6717 	6716
f 6717 	6714 	3347
f 7413 	7423 	6705
f 6714 	6584 	3347
f 5567 	5569 	6647
f 6561 	6562 	6835
f 6672 	6673 	6689
f 6783 	6697 	6786
f 6670 	6773 	6671
f 6709 	6701 	6837
f 6670 	6809 	6671
f 5355 	6713 	6637
f 6639 	6637 	6713
f 6710 	6709 	6837
f 6720 	6715 	3363
f 3354 	3363 	6715
f 6671 	6809 	6672
f 6720 	6721 	6718
f 6720 	6718 	6715
f 6708 	7423 	6690
f 6724 	6723 	6665
f 6664 	6665 	6723
f 6721 	6719 	6716
f 6665 	6667 	6724
f 6710 	6837 	6565
f 6545 	6689 	6725
f 6726 	6545 	6725
f 6585 	6650 	6746
f 6651 	6746 	6650
f 6723 	6724 	6545
f 6545 	6724 	6688
f 4813 	6728 	6474
f 6585 	6606 	6650
f 6653 	6650 	6606
f 6653 	6606 	6590
f 6653 	6590 	6656
f 6722 	6727 	6729
f 6598 	6571 	6570
f 6508 	6598 	6570
f 6681 	6590 	6686
f 6655 	6590 	6681
f 6656 	6590 	6655
f 6589 	8437 	6590
f 6722 	6729 	6763
f 6688 	5024 	6724
f 6727 	6696 	6729
f 6721 	6716 	6718
f 6730 	6700 	6654
f 6475 	6654 	6700
f 6717 	6721 	6714
f 6541 	6666 	5582
f 6701 	6709 	6640
f 6732 	6700 	6730
f 6731 	6714 	6721
f 6673 	6793 	6689
f 6701 	6640 	6651
f 4943 	6733 	4986
f 6721 	6717 	6719
f 6652 	6651 	6660
f 6660 	6651 	6640
f 6508 	6570 	6758
f 6730 	7207 	6732
f 3363 	3360 	6720
f 3360 	3603 	6720
f 6731 	6720 	3603
f 6721 	6720 	6731
f 6571 	7041 	6572
f 6402 	7423 	7385
f 6683 	6605 	6734
f 6572 	7041 	6574
f 6521 	6690 	7423
f 6733 	9413 	4986
f 6694 	6679 	1263
f 6574 	7041 	6617
f 6574 	6572 	6598
f 6571 	6598 	6572
f 239 	1263 	6682
f 4120 	6692 	6734
f 6598 	6618 	6617
f 6574 	6598 	6617
f 6646 	6640 	6660
f 6572 	6758 	6571
f 6740 	6632 	6631
f 6680 	6679 	6663
f 6679 	6682 	6663
f 6682 	6661 	6663
f 6622 	6663 	6661
f 6622 	6661 	6624
f 4988 	3366 	4986
f 6445 	6925 	6631
f 6682 	1263 	6679
f 6291 	239 	6682
f 3366 	4985 	1176
f 6739 	6632 	6738
f 6631 	7213 	6632
f 6628 	239 	6291
f 6679 	6694 	6680
f 6713 	6714 	6639
f 6731 	6639 	6714
f 6631 	6636 	6741
f 6636 	6561 	6741
f 6741 	6740 	6631
f 6728 	6691 	6474
f 6741 	6559 	6445
f 6631 	6741 	6445
f 3603 	6639 	6731
f 6567 	6763 	6764
f 6251 	6630 	3635
f 6740 	6741 	6559
f 6559 	6558 	6445
f 6725 	5638 	6726
f 6745 	6651 	8184
f 6653 	8184 	6651
f 9469 	9477 	4840
f 6726 	6772 	6725
f 6672 	6725 	6671
f 6689 	6725 	6672
f 6747 	3534 	6742
f 6260 	6678 	5043
f 6667 	6665 	5043
f 6617 	6758 	6574
f 3635 	6464 	6251
f 6678 	6667 	6665
f 6678 	6665 	6664
f 6543 	6613 	6744
f 6753 	3508 	6747
f 6665 	6664 	5043
f 8036 	5043 	6664
f 6595 	6661 	6749
f 6596 	6595 	6749
f 6745 	6746 	6651
f 6777 	6200 	6746
f 6742 	6736 	6747
f 6593 	6595 	1433
f 6749 	1433 	6595
f 6784 	6758 	6618
f 6750 	6752 	6746
f 6750 	6746 	6745
f 6762 	6754 	6670
f 6616 	3511 	6753
f 6749 	6595 	237
f 6749 	237 	240
f 3534 	6747 	3508
f 6754 	6755 	6751
f 6757 	6660 	6640
f 6640 	6641 	6756
f 6757 	6640 	6756
f 6570 	6571 	6758
f 6597 	6468 	1229
f 1229 	6760 	6597
f 6766 	6760 	1229
f 6778 	6605 	6616
f 6572 	6574 	6758
f 6761 	6750 	6745
f 6761 	6745 	6759
f 6755 	6546 	6538
f 6488 	6597 	1339
f 6754 	6751 	6670
f 7055 	7056 	6758
f 6760 	6766 	1339
f 6755 	6754 	6762
f 4437 	6935 	1171
f 6753 	6778 	6616
f 6762 	5358 	6754
f 6628 	6596 	239
f 6596 	6749 	239
f 240 	239 	6749
f 6451 	6228 	6751
f 4120 	6734 	4121
f 6737 	6876 	4121
f 6755 	6762 	6548
f 6755 	6548 	6546
f 6287 	6661 	6592
f 6548 	5358 	6762
f 6617 	6618 	6758
f 6682 	6749 	6661
f 6754 	6751 	6228
f 6679 	1433 	6682
f 6749 	6682 	1433
f 6784 	7061 	6758
f 6852 	6851 	6260
f 6752 	6750 	6761
f 1433 	6766 	1229
f 6503 	6763 	6555
f 6768 	6769 	6530
f 6765 	6530 	6769
f 6775 	6779 	6260
f 6763 	6567 	6555
f 6765 	6770 	6530
f 6771 	6757 	6759
f 6761 	6759 	6756
f 6756 	6759 	6757
f 6752 	6761 	6632
f 6740 	6752 	6632
f 6548 	6762 	6670
f 6546 	6548 	6670
f 6772 	6773 	6751
f 244 	1339 	6766
f 6757 	6756 	6739
f 6632 	6739 	6756
f 6729 	6797 	6763
f 6770 	775 	6530
f 6530 	775 	708
f 6756 	6632 	6761
f 6763 	6798 	6764
f 6746 	6752 	6761
f 6746 	6761 	6759
f 3715 	251 	6766
f 6797 	6798 	6763
f 6759 	6777 	6771
f 8197 	6771 	6777
f 1433 	6680 	1435
f 775 	6770 	816
f 816 	6765 	6769
f 6756 	540 	6632
f 6775 	6260 	6776
f 6765 	816 	6770
f 1433 	264 	6766
f 3715 	6766 	264
f 6777 	6612 	8197
f 6779 	6775 	6755
f 6735 	4684 	5400
f 6763 	6503 	6722
f 6594 	6558 	540
f 244 	6766 	251
f 6538 	6780 	6755
f 251 	3715 	253
f 8197 	6756 	6757
f 6770 	6765 	6774
f 6769 	6774 	6765
f 6780 	8940 	6779
f 6774 	775 	6770
f 6759 	8184 	6777
f 6817 	6734 	6778
f 6780 	6260 	6779
f 8231 	6612 	6777
f 775 	499 	6784
f 6759 	6761 	6777
f 6753 	6747 	6778
f 6779 	6775 	6787
f 6775 	6776 	6787
f 6820 	6854 	6787
f 6612 	6777 	6761
f 6778 	6747 	6736
f 6774 	6768 	6767
f 6787 	6780 	6779
f 6631 	6632 	540
f 6559 	6741 	540
f 6559 	540 	6558
f 6779 	6755 	6780
f 6780 	6538 	6782
f 816 	6769 	6768
f 6782 	6538 	6678
f 6768 	6774 	6769
f 6797 	6729 	6783
f 6696 	6783 	6729
f 6765 	6784 	6769
f 6768 	6769 	6784
f 8878 	8943 	6678
f 6260 	6780 	6782
f 6678 	6260 	6782
f 6665 	6785 	6664
f 6584 	6781 	4188
f 3726 	4188 	6781
f 5403 	4714 	6748
f 6667 	6785 	6665
f 5545 	5403 	6748
f 6780 	6787 	6782
f 3599 	3725 	6680
f 6679 	6680 	1433
f 6788 	654 	4064
f 6667 	6678 	6782
f 6667 	6782 	6787
f 6667 	6787 	6785
f 3725 	1435 	6680
f 6773 	6772 	6790
f 6765 	6770 	6784
f 6773 	6772 	6809
f 6772 	6819 	6809
f 3354 	6715 	3356
f 6770 	775 	6784
f 6790 	6793 	6672
f 4188 	3347 	6584
f 6713 	6584 	6714
f 6673 	6672 	6793
f 6627 	6781 	6591
f 6783 	6786 	6885
f 6672 	6671 	6790
f 6773 	6790 	6671
f 6619 	3759 	6591
f 6809 	6670 	6773
f 1293 	6811 	1305
f 6670 	6671 	6773
f 6671 	6725 	6773
f 6725 	6689 	6793
f 7940 	6792 	7936
f 6627 	9248 	6781
f 6795 	6791 	6807
f 6793 	6726 	6725
f 6464 	3635 	3759
f 6464 	3759 	6619
f 6751 	6796 	6819
f 6818 	6819 	6796
f 6751 	6755 	6796
f 6627 	6591 	3759
f 6788 	4064 	6789
f 6826 	6825 	5358
f 6751 	6754 	5358
f 6800 	6764 	6798
f 2223 	6801 	6799
f 1824 	6799 	6801
f 7084 	6794 	918
f 889 	918 	6794
f 5358 	6945 	6826
f 6768 	6531 	6767
f 6767 	6531 	6618
f 6796 	6825 	6451
f 6751 	6796 	6451
f 6759 	6777 	6746
f 6585 	6746 	6200
f 6611 	6200 	6612
f 6777 	6612 	6200
f 363 	255 	313
f 6797 	6783 	6798
f 6783 	6884 	6798
f 6827 	6796 	6755
f 6803 	6608 	6804
f 6607 	6804 	6608
f 6798 	6884 	6800
f 6561 	6636 	6434
f 308 	521 	254
f 6805 	6791 	6732
f 6530 	6531 	6768
f 6617 	6618 	6528
f 506 	521 	308
f 6674 	8335 	8597
f 6808 	869 	6810
f 6808 	6810 	6811
f 6700 	6732 	6791
f 6807 	6791 	6805
f 6807 	6806 	6795
f 6808 	6811 	6812
f 254 	309 	255
f 6813 	312 	254
f 309 	254 	312
f 311 	255 	309
f 6626 	6808 	6812
f 6608 	6803 	6609
f 5455 	6647 	5456
f 5456 	6647 	6809
f 312 	309 	6814
f 6528 	6618 	6531
f 6805 	7280 	6807
f 6804 	6607 	6601
f 255 	254 	313
f 6835 	6203 	6815
f 6817 	6778 	6816
f 6535 	6536 	6808
f 6533 	6808 	6536
f 6815 	6203 	6205
f 6818 	6825 	6841
f 6772 	6751 	6819
f 6810 	869 	6802
f 6775 	6776 	6755
f 6820 	6755 	6776
f 6737 	6816 	6736
f 6778 	6736 	6816
f 6357 	6815 	6205
f 6605 	6778 	6734
f 6810 	869 	6542
f 6776 	90 	6820
f 6775 	90 	6776
f 6734 	6817 	4121
f 6737 	4121 	6816
f 6816 	4121 	6817
f 6776 	6260 	6820
f 308 	506 	6813
f 6772 	6819 	6790
f 6819 	44 	6790
f 3611 	6824 	4302
f 254 	308 	6813
f 3611 	3720 	6824
f 6819 	6818 	44
f 1882 	4275 	3631
f 4308 	3631 	4275
f 6819 	6818 	6809
f 536 	1870 	537
f 3720 	6567 	6824
f 6810 	6802 	6811
f 6811 	6802 	6812
f 6575 	6626 	6802
f 6812 	6802 	6626
f 829 	843 	828
f 6818 	6819 	85
f 6542 	6811 	6810
f 6812 	6811 	6542
f 6811 	1293 	6810
f 6838 	5379 	6809
f 856 	832 	828
f 6812 	1305 	6811
f 832 	254 	521
f 6626 	6621 	6985
f 6582 	6985 	6621
f 856 	254 	832
f 313 	254 	856
f 6826 	6840 	6825
f 6830 	6840 	6826
f 6827 	6826 	6825
f 6774 	6598 	6528
f 856 	828 	843
f 6528 	6531 	6774
f 6577 	6620 	6528
f 6829 	6840 	6830
f 5499 	5715 	6828
f 6830 	6826 	6827
f 522 	521 	832
f 828 	839 	832
f 829 	839 	828
f 522 	832 	839
f 6617 	7041 	6618
f 6767 	6618 	7041
f 6767 	7041 	6768
f 6830 	6451 	6826
f 6774 	6767 	6618
f 6774 	6618 	6598
f 6768 	6784 	6767
f 6618 	6767 	6784
f 1217 	1870 	878
f 6768 	7041 	816
f 6829 	6830 	6827
f 6444 	6443 	6827
f 6829 	6827 	6514
f 6825 	6818 	6796
f 6205 	5775 	6357
f 6825 	6796 	6827
f 5515 	6969 	6832
f 6599 	7623 	6815
f 6796 	6751 	5358
f 9383 	9362 	6931
f 6825 	6826 	6451
f 6755 	6854 	6827
f 6824 	6831 	4302
f 6789 	6832 	6914
f 6444 	6827 	6940
f 6940 	6827 	225
f 6831 	6858 	4302
f 6830 	6829 	6451
f 5503 	6821 	6965
f 6444 	6940 	6844
f 6699 	8143 	6837
f 6514 	6451 	6829
f 6634 	6635 	6835
f 6830 	6826 	6945
f 6830 	6945 	6829
f 6836 	6876 	6736
f 6737 	6736 	6876
f 877 	1217 	878
f 5715 	6839 	6828
f 6764 	6824 	6567
f 6821 	6934 	6965
f 843 	1214 	856
f 6934 	6821 	6822
f 6841 	6825 	6840
f 853 	843 	1214
f 4308 	6742 	3631
f 3534 	3631 	6742
f 6844 	6840 	6514
f 4308 	6836 	6742
f 6836 	4308 	4305
f 5715 	5467 	6839
f 6914 	6832 	6969
f 6742 	6836 	6736
f 1217 	1221 	1870
f 401 	537 	1870
f 536 	878 	1870
f 6829 	6514 	6840
f 6969 	5515 	6859
f 1845 	1814 	1214
f 1815 	1814 	1845
f 1814 	1788 	856
f 856 	1214 	1814
f 1788 	1825 	856
f 6818 	6841 	44
f 6841 	6838 	6818
f 2126 	856 	1825
f 6809 	6818 	6838
f 6841 	6818 	85
f 6844 	44 	6840
f 6841 	6840 	44
f 6838 	6841 	6840
f 6844 	6838 	6840
f 1815 	853 	1214
f 1815 	1214 	1845
f 4359 	6858 	4334
f 6216 	6566 	6837
f 85 	6840 	6841
f 6772 	8962 	6819
f 5472 	684 	668
f 4703 	4704 	6846
f 85 	311 	6840
f 6844 	6840 	311
f 6848 	6842 	5601
f 6216 	6837 	6833
f 4341 	4359 	4334
f 6843 	4336 	4334
f 4336 	6843 	6845
f 6699 	6590 	8143
f 6686 	6590 	6699
f 5941 	4687 	6846
f 6827 	6851 	6852
f 6846 	5941 	6913
f 6239 	6194 	6609
f 6603 	6609 	6194
f 6854 	6755 	6820
f 6827 	6854 	6851
f 5658 	8160 	4339
f 86 	6854 	89
f 6851 	363 	6852
f 6846 	7317 	6855
f 86 	6851 	6854
f 6820 	90 	6854
f 6634 	7204 	6635
f 6820 	6260 	6854
f 6852 	122 	6851
f 6823 	6707 	4895
f 6858 	6831 	6857
f 122 	6787 	6854
f 4359 	4302 	6858
f 6854 	6851 	122
f 6853 	6852 	313
f 6463 	6462 	6496
f 6859 	6855 	7186
f 6855 	6859 	6846
f 6857 	6843 	6858
f 4334 	6858 	6843
f 6507 	6853 	6852
f 7190 	6859 	7186
f 6896 	6918 	6462
f 6862 	6847 	6863
f 6853 	122 	6852
f 6847 	6864 	4339
f 6862 	6864 	6847
f 4365 	4339 	6864
f 6496 	6462 	6866
f 922 	890 	6784
f 6794 	6784 	889
f 6794 	7060 	6784
f 6776 	6820 	6787
f 6498 	6496 	6499
f 6499 	6496 	6866
f 922 	6784 	926
f 6865 	6485 	6866
f 6735 	5499 	6828
f 4365 	6864 	5668
f 6865 	6445 	6866
f 4368 	6870 	4305
f 6836 	4305 	6870
f 6866 	7225 	6865
f 6849 	5545 	6748
f 4741 	6922 	6867
f 6609 	7225 	6866
f 6609 	6866 	6499
f 6499 	6498 	6609
f 6849 	6850 	5649
f 6867 	4594 	4741
f 6484 	6861 	6601
f 6297 	6359 	6316
f 6849 	5649 	5545
f 6554 	6872 	6861
f 6872 	6554 	6553
f 4604 	6871 	4788
f 6873 	6874 	6875
f 6836 	6870 	6876
f 7073 	6937 	6868
f 6869 	6868 	6937
f 6878 	6875 	6877
f 6874 	6877 	6875
f 6877 	6874 	6879
f 6873 	6879 	6874
f 6316 	6869 	6311
f 6937 	6311 	6869
f 6873 	6875 	6879
f 6878 	6879 	6875
f 6872 	6556 	6883
f 6823 	6860 	6707
f 6553 	6556 	6872
f 6954 	6707 	6860
f 6868 	7053 	6869
f 6880 	6883 	6556
f 4121 	6876 	6870
f 4121 	6870 	4368
f 1814 	1891 	1815
f 853 	1815 	1891
f 6880 	6881 	6883
f 6843 	6856 	6884
f 6843 	6857 	6856
f 6879 	6878 	6877
f 6845 	6884 	6885
f 6881 	6877 	6883
f 6887 	6883 	6877
f 6869 	6326 	6316
f 4890 	4889 	6886
f 6884 	6845 	6843
f 6887 	6877 	6879
f 6315 	5634 	6942
f 6783 	6885 	6884
f 9256 	6748 	7989
f 6882 	5358 	5212
f 6878 	6877 	6881
f 6888 	6878 	6881
f 6889 	6477 	7053
f 6477 	6427 	7053
f 6428 	6326 	6427
f 7053 	6427 	6326
f 7989 	6748 	4714
f 6879 	6891 	6887
f 6890 	5244 	5379
f 6428 	6429 	6326
f 6891 	6892 	6887
f 6888 	7400 	6892
f 6326 	6869 	7053
f 4604 	4601 	6890
f 6951 	8046 	6895
f 6950 	6951 	6895
f 6897 	6917 	6896
f 6316 	6335 	6869
f 6959 	6869 	6335
f 6898 	6897 	6896
f 6895 	6901 	6950
f 624 	6950 	6901
f 6340 	6339 	6899
f 6900 	6960 	6899
f 6340 	6899 	6960
f 6764 	6831 	6824
f 6462 	6921 	6896
f 6896 	6921 	6897
f 4601 	5244 	6890
f 6959 	6340 	6960
f 6856 	6857 	6831
f 6764 	6856 	6831
f 6959 	6335 	6340
f 6898 	6902 	6897
f 6764 	6800 	6856
f 6871 	4604 	6912
f 6900 	6899 	6983
f 6856 	6800 	6884
f 6463 	6434 	6921
f 6795 	6863 	6847
f 6863 	6795 	6806
f 5385 	5244 	4601
f 6575 	6983 	6160
f 6906 	6469 	6908
f 4601 	4786 	5385
f 6899 	6339 	6160
f 6972 	624 	6901
f 6460 	6898 	6462
f 6896 	6462 	6898
f 6338 	6315 	6339
f 6901 	6903 	624
f 4594 	6867 	6907
f 6463 	6921 	6462
f 4382 	6469 	3934
f 6339 	6315 	6899
f 6897 	201 	6896
f 4594 	6907 	6882
f 6455 	6434 	6463
f 6466 	6465 	6460
f 6898 	6460 	6909
f 6909 	6460 	6465
f 4382 	6908 	6469
f 6909 	6905 	6898
f 619 	618 	6915
f 6902 	201 	6897
f 6901 	624 	6915
f 619 	6915 	624
f 4506 	6984 	4508
f 6905 	6909 	6911
f 6911 	6909 	6861
f 5825 	6978 	6910
f 6894 	6972 	6895
f 2042 	2126 	1825
f 6901 	6895 	6972
f 6909 	6465 	6861
f 6554 	6861 	6465
f 6945 	6882 	6907
f 6903 	6901 	6895
f 6893 	6903 	6894
f 6895 	6894 	6903
f 6907 	7007 	6945
f 6909 	7508 	6905
f 6465 	7508 	6909
f 5945 	6910 	6913
f 6905 	6904 	6881
f 6905 	6881 	6880
f 7005 	4506 	4512
f 6890 	5379 	6912
f 6465 	6909 	6552
f 6890 	6912 	4604
f 6905 	6880 	6909
f 6552 	6909 	6880
f 6552 	6880 	6556
f 6485 	6932 	6861
f 5516 	5623 	6916
f 6894 	6792 	6893
f 6883 	6911 	6872
f 6861 	6872 	6911
f 6916 	4839 	5516
f 4843 	4516 	4839
f 1165 	6839 	3055
f 6896 	6917 	6918
f 6865 	6462 	6918
f 5622 	5620 	4786
f 5520 	5519 	4786
f 5467 	6792 	3055
f 6927 	4512 	4521
f 6899 	6900 	6919
f 6962 	6919 	6900
f 6469 	4521 	3935
f 3055 	6792 	6915
f 6916 	5638 	4839
f 5623 	5638 	6916
f 6895 	6792 	6894
f 6219 	6427 	7041
f 6917 	6932 	6918
f 6792 	6901 	6915
f 6895 	6901 	6792
f 6866 	6462 	6865
f 5622 	4786 	5623
f 5623 	4786 	6916
f 6485 	6865 	6918
f 4523 	4529 	7033
f 5623 	6916 	433
f 6889 	7041 	6477
f 4839 	4843 	433
f 6916 	4839 	433
f 6889 	7084 	6477
f 4525 	6908 	4382
f 5540 	435 	5573
f 433 	435 	5540
f 2042 	2066 	1825
f 5629 	439 	5630
f 4905 	4890 	6834
f 4906 	4905 	6834
f 5650 	5630 	439
f 1814 	1788 	1891
f 1788 	1825 	1891
f 2066 	2078 	1825
f 2053 	2089 	2042
f 435 	5691 	5573
f 6789 	6914 	6920
f 7225 	6917 	6918
f 7225 	6918 	6865
f 7019 	4529 	4647
f 6928 	6601 	6911
f 6861 	6911 	6601
f 6789 	6920 	6788
f 6924 	2078 	1891
f 1891 	1825 	2078
f 6938 	4523 	7033
f 4525 	4523 	6938
f 6924 	2066 	2078
f 2066 	2042 	2088
f 2048 	2064 	2053
f 2064 	2089 	2053
f 2088 	2042 	2089
f 6902 	6897 	6921
f 6923 	6906 	6908
f 6924 	2089 	2088
f 6924 	2088 	2066
f 2181 	5216 	4804
f 6923 	6469 	6906
f 6926 	4788 	6871
f 6897 	6902 	6947
f 1870 	1221 	4804
f 2181 	4804 	1221
f 7049 	6904 	6929
f 6911 	6861 	6932
f 6928 	6911 	6932
f 9477 	6931 	6930
f 6911 	6883 	6928
f 6933 	3422 	2355
f 2745 	6933 	2209
f 2745 	2209 	2208
f 6907 	6867 	6986
f 2209 	6933 	2355
f 6923 	6927 	4521
f 6930 	6931 	6823
f 2376 	2355 	3422
f 6923 	4521 	6469
f 4875 	6922 	4741
f 9477 	6930 	6936
f 2368 	2590 	2214
f 2368 	2214 	2213
f 761 	6922 	4875
f 4840 	6936 	6823
f 6930 	6823 	6936
f 6908 	6943 	6923
f 6927 	6923 	6943
f 4788 	6926 	541
f 4437 	6834 	6935
f 2656 	2654 	4804
f 1870 	4804 	2654
f 6926 	639 	541
f 9172 	1171 	6935
f 6446 	6444 	6940
f 2042 	2053 	2126
f 2048 	2126 	2053
f 2126 	2048 	5202
f 6977 	6844 	6940
f 6940 	6451 	6446
f 2047 	5202 	2048
f 2046 	5202 	2047
f 5511 	6311 	6937
f 5202 	2046 	2061
f 7779 	6944 	7033
f 6941 	9497 	3188
f 5511 	6937 	5628
f 8906 	243 	6939
f 2061 	2065 	2046
f 2047 	2046 	2065
f 2047 	2065 	2064
f 2047 	2064 	2048
f 6938 	7033 	6944
f 6939 	6451 	6940
f 6839 	1165 	6828
f 6944 	6943 	6938
f 6928 	6932 	6929
f 6945 	5358 	6882
f 823 	684 	5472
f 2064 	2062 	2065
f 233 	2065 	2062
f 6928 	6883 	6929
f 6887 	6929 	6883
f 6908 	6938 	6943
f 823 	5472 	5600
f 6917 	6897 	6947
f 5220 	4804 	5216
f 6947 	6946 	6932
f 6938 	6908 	4525
f 6925 	6947 	6946
f 3599 	3296 	3600
f 6947 	7225 	6946
f 6444 	9001 	6446
f 6940 	6446 	9001
f 6947 	6932 	6917
f 6485 	6918 	6932
f 6918 	6917 	6925
f 6947 	6925 	6917
f 2317 	2302 	3289
f 6949 	6948 	6420
f 6420 	6948 	3870
f 3295 	3289 	234
f 2317 	234 	3289
f 234 	2095 	3295
f 3295 	2095 	3296
f 3360 	3363 	3361
f 3360 	3359 	3603
f 6954 	6953 	6955
f 1255 	6987 	6942
f 3600 	2095 	3725
f 6957 	6953 	6048
f 6958 	6953 	6957
f 6954 	6961 	6953
f 6900 	6962 	6960
f 6960 	6962 	6963
f 6964 	6966 	6953
f 6966 	6968 	6953
f 6918 	6925 	6865
f 6445 	6865 	6925
f 4943 	4886 	6704
f 6704 	6953 	6961
f 6967 	6955 	6953
f 6917 	7225 	6947
f 6967 	6953 	6968
f 4508 	6984 	3908
f 6996 	4634 	4632
f 6996 	4632 	6971
f 5379 	6838 	6952
f 5379 	6952 	6912
f 6972 	664 	624
f 6894 	6973 	6972
f 5844 	5491 	665
f 4512 	6927 	7005
f 7259 	7260 	6970
f 6972 	8049 	664
f 6973 	8049 	6972
f 665 	664 	5844
f 6972 	5844 	664
f 361 	6827 	6853
f 228 	6827 	361
f 228 	229 	6827
f 5844 	6972 	6973
f 6946 	6902 	6974
f 6946 	6947 	6902
f 664 	665 	6999
f 6972 	664 	6999
f 225 	6939 	6940
f 6921 	7165 	7039
f 4422 	8723 	8737
f 6973 	6972 	6999
f 6898 	6988 	6902
f 6974 	6902 	6988
f 4438 	4422 	8737
f 6939 	246 	6940
f 6977 	6940 	246
f 921 	8049 	656
f 657 	656 	8049
f 6950 	657 	8049
f 6956 	7024 	6975
f 6960 	6963 	6976
f 6853 	6827 	6852
f 6443 	6444 	6844
f 6951 	6950 	8052
f 6950 	657 	8052
f 910 	8052 	657
f 6956 	6997 	7024
f 3944 	6971 	4632
f 6951 	2137 	6950
f 6971 	3944 	6475
f 7303 	7295 	6965
f 6868 	6869 	6959
f 246 	243 	44
f 246 	44 	6977
f 6844 	6977 	44
f 6849 	9256 	9276
f 7066 	7067 	6959
f 9271 	6828 	1165
f 6844 	6977 	6838
f 6977 	246 	6838
f 246 	243 	6838
f 5503 	6965 	6978
f 4438 	8737 	7011
f 3055 	6839 	5467
f 241 	252 	255
f 6979 	7011 	8737
f 6980 	823 	6842
f 973 	965 	6980
f 6844 	311 	6977
f 309 	6977 	311
f 246 	6977 	309
f 6955 	7013 	6954
f 6967 	7013 	6955
f 6964 	7127 	6966
f 6733 	6704 	6982
f 229 	228 	6507
f 3964 	4655 	6487
f 6976 	6963 	6983
f 6963 	6962 	6983
f 6983 	6962 	6900
f 6954 	7013 	6961
f 5503 	6978 	5825
f 6955 	4956 	6954
f 7132 	6487 	4655
f 6900 	6942 	6962
f 6899 	6942 	6900
f 313 	6852 	363
f 6968 	7013 	6967
f 6966 	7127 	6968
f 313 	361 	6853
f 6976 	6963 	6942
f 6962 	6942 	6963
f 6967 	4956 	6955
f 6961 	6954 	4956
f 6853 	6507 	361
f 6964 	7126 	6966
f 361 	228 	122
f 6967 	6968 	4956
f 6966 	7126 	6968
f 7012 	6974 	6921
f 6902 	6921 	6974
f 7012 	7017 	201
f 6905 	6904 	6898
f 6974 	7012 	201
f 7815 	7828 	6934
f 7302 	7303 	6965
f 6984 	6426 	3908
f 7081 	6986 	6867
f 6979 	6981 	7030
f 6988 	6989 	6990
f 6980 	6842 	6848
f 973 	6980 	976
f 6848 	976 	6980
f 6985 	6987 	6960
f 811 	812 	6999
f 6985 	6960 	6976
f 6992 	6997 	4414
f 6959 	6960 	1273
f 6959 	1273 	1282
f 650 	6788 	7000
f 1282 	7066 	6959
f 6788 	650 	654
f 6850 	6849 	7001
f 9276 	7001 	6849
f 6983 	6987 	6985
f 6983 	6985 	6976
f 6850 	7001 	5649
f 6985 	6942 	6987
f 7000 	6788 	6920
f 6871 	6912 	6994
f 6976 	6942 	6985
f 6704 	4943 	6707
f 7003 	6960 	6987
f 6967 	6955 	6860
f 6987 	6983 	7003
f 786 	7003 	6983
f 7001 	9276 	3182
f 6822 	659 	660
f 3188 	5654 	7001
f 3182 	3188 	7001
f 5649 	7001 	5654
f 6984 	4506 	7002
f 7201 	7101 	6127
f 6822 	660 	7004
f 6988 	6998 	6989
f 6995 	6989 	6998
f 6988 	7076 	6989
f 6993 	7026 	6991
f 7047 	7007 	6986
f 7002 	4506 	7005
f 6133 	7098 	7134
f 6995 	7050 	7008
f 6733 	7010 	4986
f 6982 	7010 	6733
f 6045 	4988 	7010
f 6982 	9413 	6733
f 4438 	7011 	4540
f 6907 	6986 	7007
f 6982 	6961 	7013
f 7012 	6974 	6989
f 6988 	6989 	6974
f 6982 	7013 	7015
f 6982 	7015 	7010
f 7014 	6994 	6912
f 1956 	7004 	660
f 7076 	201 	6991
f 7030 	4540 	7011
f 7016 	6995 	7008
f 7127 	7013 	3366
f 6733 	3366 	6982
f 9001 	7007 	7021
f 7017 	7172 	7012
f 6989 	7026 	7012
f 6921 	7017 	7012
f 7017 	7039 	201
f 7014 	6912 	6952
f 7018 	7054 	6995
f 7018 	6995 	7016
f 4647 	7020 	7019
f 7022 	7023 	7490
f 7023 	6991 	7490
f 7076 	7490 	6991
f 4540 	7030 	7104
f 7023 	7022 	6990
f 7022 	6970 	7023
f 6990 	7026 	7027
f 6990 	6989 	7026
f 6927 	7617 	7956
f 7025 	6997 	6992
f 6991 	7023 	6993
f 7028 	6993 	7023
f 7024 	6997 	7025
f 7027 	6995 	6990
f 7011 	6979 	7030
f 7028 	7023 	7027
f 6990 	7027 	7023
f 7033 	4529 	7019
f 7023 	6970 	7028
f 7116 	7172 	7022
f 7042 	7032 	7043
f 7034 	7027 	7022
f 6990 	7022 	7027
f 7010 	7015 	6957
f 6958 	6957 	7015
f 7170 	6958 	7015
f 7030 	6981 	7031
f 7107 	7085 	7030
f 7029 	7043 	7032
f 7077 	7129 	7030
f 7031 	7077 	7030
f 7023 	7028 	7022
f 7027 	7026 	6995
f 6989 	6995 	7026
f 7026 	6993 	7027
f 6993 	7028 	7027
f 6989 	6991 	7026
f 6970 	6993 	7028
f 7039 	7172 	7017
f 7034 	7022 	7172
f 7034 	7039 	7027
f 7026 	7027 	7039
f 7022 	7034 	7165
f 7039 	7165 	7034
f 4647 	4634 	7020
f 7022 	7028 	7034
f 981 	7035 	888
f 7017 	7012 	7026
f 7039 	7017 	7026
f 7020 	7198 	7019
f 7003 	6812 	6987
f 7017 	6921 	7039
f 7020 	4634 	6996
f 7039 	7034 	7028
f 7028 	6993 	7039
f 6991 	201 	6993
f 6993 	201 	7039
f 7048 	7194 	7040
f 6985 	6583 	6976
f 7133 	2481 	7006
f 7038 	7201 	7037
f 6802 	786 	6575
f 763 	960 	7047
f 7040 	6975 	7068
f 7133 	7089 	2481
f 7416 	7019 	7198
f 7201 	6127 	7037
f 7035 	9064 	888
f 7037 	7042 	7043
f 7037 	7043 	7038
f 6988 	6990 	6998
f 6957 	6048 	7010
f 7198 	7020 	6996
f 6048 	6046 	6957
f 6949 	6944 	6948
f 6943 	6944 	6949
f 7044 	6948 	6944
f 6963 	6579 	6962
f 6919 	6962 	6492
f 2474 	7131 	7004
f 6927 	6943 	7046
f 6943 	6949 	7046
f 7045 	7046 	6949
f 6985 	6987 	6812
f 6812 	6626 	6985
f 7047 	6986 	7081
f 7047 	7081 	7093
f 6031 	4956 	7215
f 6988 	6898 	6998
f 6904 	7049 	6898
f 6998 	6898 	7049
f 763 	7047 	7093
f 6927 	7046 	7617
f 7050 	6995 	7051
f 6995 	6998 	7051
f 7009 	7008 	7050
f 7009 	7050 	7052
f 7215 	6146 	6031
f 7068 	7048 	7040
f 7112 	7048 	7068
f 6990 	6995 	7054
f 7053 	7055 	7056
f 7045 	6949 	7057
f 6953 	6958 	7058
f 7059 	6953 	7062
f 7054 	7052 	7050
f 7051 	6990 	7050
f 6998 	6990 	7051
f 7054 	7050 	6990
f 7053 	7061 	7063
f 7053 	7063 	7055
f 7064 	7062 	6953
f 7066 	7053 	7067
f 7058 	7064 	6953
f 7025 	7096 	7068
f 7170 	7059 	7062
f 7058 	6958 	7062
f 6958 	7170 	7062
f 7069 	7067 	7053
f 6958 	7105 	7058
f 7044 	7722 	6948
f 6868 	7073 	7053
f 7071 	7053 	7073
f 7062 	7064 	7058
f 7047 	960 	7021
f 7069 	7053 	7071
f 7024 	7025 	7068
f 7072 	8654 	7106
f 7070 	7072 	7106
f 7068 	6975 	7024
f 7073 	6868 	6959
f 7059 	7062 	7105
f 7062 	7064 	7105
f 7105 	7064 	7058
f 7049 	7051 	6998
f 7161 	7073 	6868
f 7051 	7049 	7050
f 7052 	7050 	7049
f 7036 	7231 	7117
f 7047 	7021 	7007
f 7073 	6959 	7071
f 7067 	7069 	6959
f 7074 	7490 	7076
f 7071 	6959 	7069
f 7033 	7789 	7779
f 6046 	6038 	7105
f 7502 	7074 	7051
f 7050 	7502 	7051
f 7035 	981 	7065
f 7077 	7031 	7075
f 3870 	6948 	7785
f 7069 	7161 	7067
f 7076 	7449 	7074
f 7065 	7014 	7035
f 8829 	7075 	7031
f 7785 	7814 	3870
f 7069 	7071 	7161
f 7073 	7161 	7071
f 7043 	7222 	7038
f 6994 	7014 	7065
f 6991 	6989 	7076
f 6988 	6998 	7076
f 7051 	7076 	6998
f 1246 	7067 	7066
f 6981 	8829 	7031
f 6937 	7069 	7067
f 1246 	6937 	7067
f 6993 	6970 	6991
f 7449 	7076 	6970
f 6991 	6970 	7076
f 7076 	7074 	201
f 7058 	9812 	6958
f 6994 	7065 	7087
f 7078 	7079 	7005
f 7108 	7087 	7065
f 7080 	7050 	7052
f 6927 	7956 	7078
f 7072 	8767 	7070
f 4614 	7096 	6992
f 7089 	7072 	7070
f 7073 	7071 	6937
f 7069 	6937 	7071
f 761 	7081 	6922
f 7078 	7005 	6927
f 6867 	6922 	7081
f 6871 	6994 	7087
f 7082 	7083 	7086
f 6257 	7086 	7083
f 7252 	7082 	7086
f 6926 	6871 	7087
f 2970 	6431 	2891
f 7070 	6424 	2891
f 7009 	7052 	7016
f 7009 	7016 	7008
f 7041 	7056 	7055
f 7055 	7063 	7041
f 7106 	2891 	7070
f 7061 	7060 	7041
f 7078 	7509 	7079
f 7009 	7049 	7008
f 6904 	6905 	6929
f 6928 	6929 	6905
f 6911 	6928 	6905
f 761 	7093 	7081
f 7056 	7055 	7084
f 7063 	7084 	7055
f 6929 	7094 	7049
f 2891 	7089 	7070
f 2891 	2882 	2481
f 7060 	6794 	7041
f 6926 	7087 	639
f 7061 	7084 	7063
f 7060 	7084 	7061
f 7016 	7095 	7018
f 7008 	7095 	7016
f 7091 	7054 	7095
f 6889 	7053 	7056
f 7008 	7049 	7094
f 7094 	7095 	7008
f 761 	762 	7093
f 7041 	6889 	7056
f 7052 	7054 	7018
f 7018 	7016 	7052
f 7112 	7096 	7088
f 6220 	6427 	7084
f 7056 	7084 	6889
f 7009 	7052 	7049
f 7025 	6992 	7096
f 7135 	2474 	2711
f 7101 	7102 	7100
f 7099 	7100 	7102
f 7102 	7103 	7099
f 7098 	7099 	7103
f 6038 	6074 	7105
f 6074 	7411 	7105
f 7018 	7095 	7054
f 7091 	7092 	7054
f 7092 	7090 	7054
f 7080 	7052 	7054
f 8654 	8661 	7106
f 767 	7093 	762
f 6904 	7529 	7049
f 7052 	7049 	7080
f 2894 	7106 	7097
f 776 	7108 	777
f 6889 	6477 	6758
f 7056 	6889 	6758
f 6878 	7052 	6877
f 6877 	7009 	7008
f 7104 	7030 	7085
f 7000 	7109 	7006
f 7016 	7111 	7008
f 6877 	7008 	7111
f 6879 	6877 	7111
f 658 	7108 	776
f 7111 	7016 	7018
f 7061 	6784 	7060
f 6904 	7049 	6881
f 7055 	6758 	7063
f 7063 	6758 	7061
f 6878 	6888 	7052
f 7009 	6877 	7052
f 981 	777 	7065
f 6891 	6879 	7111
f 7107 	7030 	7129
f 6892 	6891 	7111
f 7018 	7054 	7111
f 6892 	7111 	7054
f 7000 	6920 	7109
f 7112 	7068 	7096
f 7065 	777 	7108
f 6892 	7054 	6888
f 7052 	6888 	7054
f 7066 	7067 	7161
f 7108 	658 	639
f 7108 	639 	7087
f 7052 	6888 	7049
f 6881 	7049 	6888
f 8983 	7109 	6920
f 6888 	7052 	7080
f 7053 	1289 	6794
f 7061 	7053 	7060
f 7060 	7053 	6794
f 7033 	7019 	7110
f 7114 	7090 	7092
f 6960 	7003 	1273
f 7314 	6081 	7234
f 7062 	7059 	6081
f 7092 	6887 	7090
f 7137 	3792 	7136
f 3796 	7136 	3792
f 7315 	7254 	6081
f 7144 	7113 	7143
f 7143 	7098 	7103
f 7098 	7143 	7113
f 7113 	7098 	7120
f 7103 	7120 	7098
f 7125 	7122 	7124
f 7122 	6953 	7124
f 7053 	7066 	1289
f 1219 	1289 	1257
f 1257 	1289 	7066
f 6934 	7131 	9037
f 7066 	1282 	1257
f 7123 	7934 	7121
f 7075 	7036 	7117
f 7125 	7128 	7122
f 7127 	7122 	7128
f 7161 	1386 	7066
f 1386 	1257 	7066
f 7144 	7121 	7113
f 1257 	1246 	7066
f 7113 	7120 	7121
f 7125 	7126 	7122
f 4956 	6968 	7126
f 7117 	7129 	7077
f 7121 	7123 	7134
f 7117 	7077 	7075
f 7143 	7103 	7102
f 1305 	1273 	7003
f 7102 	7120 	7103
f 1305 	7003 	786
f 7125 	7122 	9409
f 6964 	6966 	9409
f 6968 	9409 	6966
f 1305 	7003 	1255
f 6987 	1255 	7003
f 7115 	7114 	7116
f 7115 	7457 	7116
f 7122 	6964 	9409
f 7003 	1305 	6812
f 7148 	7123 	7146
f 918 	7166 	7084
f 7121 	7146 	7123
f 6822 	7004 	6934
f 7124 	7126 	7125
f 7120 	7123 	7121
f 7006 	7109 	7133
f 6707 	6954 	6961
f 7113 	7121 	7134
f 7936 	7134 	7123
f 6961 	6704 	6707
f 816 	7041 	6794
f 6934 	7004 	7131
f 6794 	889 	816
f 7063 	7061 	7041
f 7118 	7156 	7119
f 7132 	6687 	6487
f 6794 	7084 	7060
f 4119 	3452 	7149
f 6983 	6575 	786
f 7102 	7103 	6127
f 7103 	7098 	6127
f 6133 	6127 	7098
f 7132 	6654 	6687
f 7119 	7126 	7124
f 7142 	7136 	3796
f 9093 	9092 	7109
f 7098 	7113 	7134
f 7280 	7207 	4655
f 7132 	4655 	7207
f 6893 	6792 	7940
f 3452 	7145 	7149
f 6954 	6860 	6955
f 8748 	7131 	8749
f 7288 	7299 	7457
f 7928 	7861 	7299
f 7130 	7299 	7861
f 7141 	3792 	7137
f 7124 	7125 	9409
f 3792 	7141 	3803
f 7936 	6792 	7134
f 7119 	7124 	9409
f 6973 	7965 	5844
f 6967 	9377 	6968
f 5196 	8523 	1343
f 7127 	7128 	7015
f 7145 	3764 	7141
f 2474 	7135 	7131
f 7146 	7121 	7144
f 7141 	3764 	3803
f 1343 	7138 	5196
f 7102 	7147 	7143
f 7128 	9413 	7127
f 7252 	7160 	7101
f 7128 	7125 	7151
f 7125 	7124 	7151
f 7151 	7124 	7153
f 6359 	6355 	7138
f 7147 	7232 	7143
f 7965 	7148 	7154
f 7124 	7119 	7153
f 7095 	7094 	7114
f 6932 	7114 	7094
f 7144 	7143 	7154
f 7146 	7144 	7154
f 7138 	6355 	5102
f 7143 	5844 	7144
f 7153 	7157 	7151
f 7156 	7301 	7153
f 7128 	7151 	7157
f 6929 	6932 	7094
f 7150 	7117 	7155
f 6929 	6887 	7095
f 6929 	7095 	7094
f 7231 	7155 	7117
f 5844 	7148 	7146
f 7146 	7144 	5844
f 7153 	9413 	7151
f 7141 	7137 	7145
f 7137 	7136 	7145
f 7136 	7142 	7145
f 7142 	7139 	7145
f 7149 	7145 	7139
f 7149 	7139 	7140
f 7140 	4116 	7149
f 7129 	7117 	7150
f 7092 	7091 	7114
f 7128 	7151 	9413
f 7153 	7156 	9413
f 7091 	7095 	7114
f 7147 	7102 	7158
f 7152 	5158 	6356
f 7127 	3366 	7128
f 7092 	7091 	6887
f 7091 	7095 	6887
f 7158 	7101 	7160
f 7102 	7101 	7158
f 6869 	6359 	7161
f 6868 	6869 	7161
f 7256 	7232 	7160
f 124 	87 	7162
f 7158 	7086 	7147
f 7160 	7086 	7158
f 3818 	224 	7159
f 7162 	122 	401
f 1343 	1386 	7161
f 7163 	8773 	7164
f 7159 	224 	1926
f 6999 	7144 	7146
f 1343 	7161 	7138
f 1360 	7152 	1398
f 7158 	7147 	7318
f 7143 	7318 	7147
f 4988 	4986 	9413
f 7146 	7148 	6999
f 7160 	7158 	7318
f 9413 	6982 	7013
f 7138 	7161 	6359
f 7229 	7312 	7165
f 6970 	7165 	7312
f 7099 	7154 	7100
f 7013 	7127 	9413
f 1398 	7152 	7166
f 6974 	7012 	7167
f 6946 	6974 	7167
f 6869 	6316 	6359
f 7128 	3366 	7151
f 7165 	6921 	7229
f 7140 	7139 	3628
f 3367 	3374 	7151
f 7153 	7151 	4027
f 7165 	6970 	7260
f 3906 	7142 	3918
f 7098 	7934 	7169
f 7098 	7169 	7099
f 7135 	2711 	7097
f 4027 	7156 	7153
f 7299 	7287 	7130
f 7113 	7934 	7098
f 7166 	7152 	6365
f 7142 	3796 	3918
f 7259 	6970 	7022
f 6365 	7152 	6356
f 7157 	7301 	7170
f 7142 	3906 	7139
f 8982 	8974 	7109
f 6984 	7002 	7171
f 7059 	7214 	6953
f 7039 	7034 	7172
f 7172 	7167 	7012
f 1398 	7166 	918
f 7171 	6426 	6984
f 7119 	7124 	6953
f 6964 	6953 	7122
f 7260 	7022 	7165
f 6220 	7166 	6365
f 6932 	6946 	7167
f 7163 	344 	8773
f 7084 	7166 	6220
f 7138 	5102 	5196
f 7167 	7114 	6932
f 7131 	9042 	9037
f 6925 	6946 	7167
f 1756 	1757 	1826
f 1756 	1826 	1824
f 7114 	7167 	7172
f 6855 	4703 	6846
f 7173 	3959 	7159
f 4696 	1824 	4697
f 6801 	4697 	1824
f 7172 	6925 	7167
f 4703 	7186 	4705
f 7174 	4705 	7186
f 4733 	4753 	4706
f 4733 	4706 	4731
f 7171 	6697 	6426
f 7174 	7190 	7176
f 4014 	3959 	7173
f 7171 	7446 	6697
f 6929 	7094 	7095
f 7179 	6846 	7178
f 7231 	7036 	7181
f 7130 	7116 	7114
f 5908 	6023 	7177
f 4956 	7126 	7215
f 6964 	7122 	7127
f 7013 	6968 	7127
f 7231 	7181 	7235
f 7169 	7154 	7099
f 7168 	7099 	7169
f 6996 	6971 	7182
f 1902 	7183 	1926
f 7203 	1108 	7177
f 1902 	7310 	7183
f 7183 	7159 	1926
f 7186 	4703 	6855
f 7174 	7186 	7190
f 7235 	7189 	7192
f 7191 	7176 	7190
f 7243 	7192 	7189
f 7177 	6023 	7187
f 7181 	7189 	7235
f 7190 	7186 	7335
f 6855 	7335 	7186
f 6846 	7335 	6855
f 7180 	6475 	6700
f 6971 	7180 	7182
f 7189 	7246 	7243
f 7100 	1594 	7099
f 7186 	6855 	7317
f 6971 	6475 	7180
f 7191 	7190 	7317
f 7190 	7186 	7317
f 7212 	5944 	1124
f 7189 	7185 	7192
f 7192 	7246 	7189
f 7233 	7180 	6700
f 7029 	7223 	7043
f 7173 	7159 	7188
f 2135 	7188 	7183
f 6064 	5944 	7193
f 6654 	7207 	6730
f 7193 	5944 	7226
f 7183 	7188 	7159
f 7194 	7224 	7164
f 8831 	7194 	7164
f 7101 	7100 	7199
f 7101 	7199 	7201
f 6996 	7182 	7198
f 6910 	6978 	7178
f 7179 	7178 	6978
f 7196 	7195 	7202
f 7202 	7209 	7196
f 7122 	7126 	6964
f 8743 	8744 	7918
f 7092 	7918 	8744
f 7197 	7196 	7205
f 7205 	7206 	7197
f 7127 	7015 	7013
f 7209 	7210 	7196
f 1192 	1108 	7200
f 7128 	7157 	7015
f 7199 	7196 	7211
f 7203 	7200 	1108
f 6982 	3366 	7013
f 7211 	7196 	7210
f 6634 	6633 	7204
f 7207 	6654 	7132
f 7177 	7218 	7203
f 7015 	7157 	7170
f 6434 	6635 	7204
f 7205 	7196 	7199
f 7201 	7199 	7211
f 7119 	6953 	7214
f 7214 	7234 	7119
f 6913 	7178 	6846
f 4181 	4018 	7208
f 6910 	7178 	6913
f 7217 	7216 	7120
f 7212 	1124 	7392
f 157 	370 	7185
f 7290 	7271 	370
f 7230 	7212 	7392
f 7216 	7217 	7029
f 7176 	4686 	7174
f 7208 	7242 	4181
f 7244 	7247 	7209
f 7244 	7209 	7202
f 7244 	7202 	7195
f 7210 	7209 	7247
f 7488 	4700 	7176
f 4705 	7174 	4700
f 7176 	4700 	7174
f 7252 	7101 	7201
f 7211 	7210 	7247
f 7201 	7211 	7252
f 7163 	7219 	7266
f 7218 	7187 	7220
f 7202 	7195 	7222
f 7219 	7163 	7164
f 7187 	7218 	7177
f 7209 	7202 	7222
f 7164 	7224 	7219
f 7213 	6631 	6925
f 7101 	7120 	7102
f 7201 	7211 	7223
f 7222 	7223 	7211
f 7222 	7211 	7210
f 7222 	7210 	7209
f 7218 	7200 	7203
f 6146 	7215 	7403
f 7101 	7201 	7120
f 7223 	7217 	7201
f 7120 	7201 	7217
f 7048 	7224 	7194
f 7101 	7102 	6127
f 7059 	7170 	7214
f 7202 	7209 	7038
f 7195 	7202 	7038
f 7188 	7227 	7173
f 7173 	7227 	4014
f 7210 	7211 	7038
f 7209 	7210 	7038
f 6697 	7446 	6786
f 7212 	7230 	7226
f 7188 	7221 	7227
f 7211 	7201 	7038
f 7446 	6885 	6786
f 7038 	7222 	7195
f 7312 	7229 	7228
f 5944 	7212 	7226
f 7222 	7043 	7223
f 7223 	7029 	7217
f 7059 	7105 	7214
f 7154 	7143 	7232
f 7234 	7314 	7119
f 8475 	9223 	7228
f 7236 	7195 	7196
f 7236 	7196 	7237
f 4014 	7227 	4018
f 7235 	7238 	7239
f 7170 	7314 	7234
f 7170 	7234 	7214
f 7238 	7235 	7240
f 7180 	7233 	7501
f 4018 	7227 	7208
f 7241 	7237 	7197
f 7258 	7241 	7197
f 7196 	7197 	7237
f 7214 	7105 	7234
f 7238 	7243 	7239
f 7240 	7243 	7238
f 4184 	4181 	7242
f 7214 	6081 	7059
f 7234 	6081 	7214
f 7176 	7175 	7365
f 7195 	7236 	7244
f 4426 	4184 	7242
f 7118 	7315 	7245
f 4686 	7176 	7365
f 7227 	7242 	7208
f 7248 	7249 	7250
f 7248 	7250 	7251
f 7252 	7211 	7247
f 7221 	7242 	7227
f 7175 	7488 	7176
f 7240 	7235 	7192
f 7253 	7245 	7315
f 7236 	7237 	7244
f 7192 	7243 	7240
f 7228 	7229 	6921
f 6921 	8475 	7228
f 7253 	7315 	7254
f 7253 	7254 	7255
f 7253 	7255 	7249
f 7253 	7249 	7248
f 7237 	7257 	7244
f 7241 	7257 	7237
f 7256 	7252 	7247
f 7247 	7244 	7257
f 7256 	7247 	7257
f 7204 	6921 	6434
f 6700 	6791 	7233
f 7082 	7252 	7247
f 7082 	7247 	7244
f 7082 	7244 	7236
f 7221 	7418 	7242
f 7545 	7257 	7258
f 7241 	7258 	7257
f 7252 	7256 	7160
f 7158 	7160 	7232
f 7147 	7158 	7232
f 7022 	7260 	7259
f 6795 	7233 	6791
f 7188 	7320 	7221
f 7252 	7086 	7160
f 2106 	7262 	2104
f 7185 	7238 	7240
f 7238 	7246 	7240
f 7252 	7318 	7247
f 7244 	7318 	7236
f 7192 	7185 	7240
f 7160 	7318 	7252
f 7246 	7192 	7240
f 7233 	6795 	7261
f 7236 	7318 	7082
f 4686 	7365 	4721
f 7530 	7321 	6177
f 7264 	7304 	7263
f 7238 	7377 	7239
f 7176 	7265 	7175
f 7262 	2106 	7263
f 7246 	7238 	7239
f 7205 	7199 	7256
f 7199 	7100 	7256
f 7232 	7256 	7100
f 7154 	7232 	7100
f 7264 	7263 	2113
f 2106 	2114 	7263
f 4721 	7272 	4628
f 7099 	7168 	7100
f 6847 	7261 	6795
f 2121 	7267 	7268
f 7205 	7199 	7518
f 7168 	7516 	7199
f 7199 	7100 	7168
f 2121 	7268 	2123
f 7545 	7206 	7257
f 7304 	7305 	7263
f 7174 	4623 	7176
f 7373 	7313 	7265
f 7265 	7176 	4623
f 7268 	7267 	7308
f 7273 	4628 	7272
f 7245 	7297 	7118
f 7156 	7153 	7119
f 7253 	7277 	7245
f 7248 	7277 	7253
f 7275 	7277 	7248
f 7277 	7297 	7245
f 7276 	7278 	7274
f 7179 	7274 	7278
f 4330 	7267 	2121
f 7238 	7185 	7271
f 7245 	7126 	7118
f 7253 	7477 	7245
f 7273 	7272 	7269
f 7265 	7269 	7272
f 4655 	7281 	7280
f 7399 	7298 	7279
f 6732 	7207 	7280
f 7256 	7257 	7205
f 6732 	7280 	6805
f 7282 	7462 	7279
f 7248 	7477 	7253
f 7116 	7130 	7172
f 7119 	7118 	7126
f 7114 	7172 	7287
f 7282 	7298 	7305
f 6925 	7172 	7288
f 7287 	7288 	7172
f 7119 	7653 	7118
f 7251 	7248 	7653
f 7285 	7563 	7284
f 7319 	7563 	7285
f 6925 	7288 	8500
f 7253 	7245 	7653
f 7245 	7118 	7653
f 7248 	7253 	7653
f 7172 	7225 	7287
f 7167 	6946 	7225
f 7167 	7225 	7172
f 7285 	7319 	7561
f 7091 	7092 	8744
f 7275 	7527 	7277
f 6807 	7281 	6806
f 7824 	7319 	7293
f 7824 	7293 	7294
f 7824 	7294 	7295
f 7281 	6807 	7280
f 7156 	7118 	7297
f 7283 	6969 	7284
f 7287 	7172 	7130
f 7297 	7301 	7156
f 7157 	7153 	7301
f 7285 	7284 	6969
f 7262 	7298 	7399
f 7299 	7114 	7287
f 7156 	7297 	9413
f 7305 	7298 	7263
f 7299 	7288 	7287
f 7282 	7279 	7298
f 7297 	7277 	7292
f 7297 	7292 	7301
f 7295 	7303 	7824
f 7302 	7824 	7303
f 7286 	338 	344
f 7277 	7668 	7297
f 7262 	7263 	7298
f 7286 	344 	7266
f 7482 	7483 	4027
f 7156 	4027 	7297
f 7297 	4027 	7277
f 344 	7163 	7266
f 7304 	7467 	7305
f 7170 	7301 	7254
f 7299 	7130 	7114
f 7185 	370 	7271
f 7307 	7302 	7303
f 7289 	7296 	7306
f 7308 	7306 	7296
f 7130 	7457 	7299
f 7503 	7255 	7254
f 7306 	7308 	7267
f 7303 	7302 	7309
f 7255 	7254 	7292
f 7306 	4330 	7289
f 7267 	4330 	7306
f 4330 	4338 	7289
f 7255 	7503 	7249
f 7206 	7510 	1594
f 7206 	1594 	7205
f 2191 	7342 	2135
f 7249 	7255 	7292
f 7290 	370 	298
f 7292 	7254 	7301
f 7183 	7310 	2135
f 7300 	7290 	298
f 7299 	7225 	7928
f 7215 	7126 	7511
f 2135 	7310 	2140
f 7337 	7171 	7002
f 7307 	7303 	7295
f 7307 	7295 	7294
f 7294 	7293 	7307
f 7307 	7293 	7311
f 7294 	7293 	7295
f 2140 	7310 	2049
f 9223 	8023 	7312
f 7295 	6978 	6965
f 7293 	6978 	7295
f 7118 	7119 	7314
f 7315 	7118 	7314
f 7191 	7333 	7175
f 7176 	7191 	7175
f 7312 	7228 	9223
f 7254 	7315 	7170
f 7314 	7170 	7315
f 7291 	7353 	6169
f 7503 	7254 	7523
f 7254 	7315 	7523
f 7314 	7523 	7315
f 7291 	6169 	6064
f 7254 	7255 	6081
f 5696 	6081 	7249
f 7320 	7188 	7316
f 7270 	6169 	7353
f 7234 	7105 	7314
f 7291 	6064 	7193
f 7429 	7319 	7285
f 7314 	7105 	7523
f 7247 	7318 	7244
f 7315 	6081 	7314
f 9539 	9557 	7318
f 7249 	7250 	5696
f 7317 	7561 	7319
f 7409 	7390 	7333
f 7255 	7249 	6081
f 403 	432 	7352
f 7188 	2135 	7316
f 7330 	7577 	7329
f 369 	413 	7331
f 7429 	7427 	7333
f 7544 	7577 	7332
f 7326 	7543 	7334
f 7319 	7429 	7333
f 7334 	7543 	7332
f 7331 	7376 	245
f 7358 	2189 	2188
f 245 	369 	7331
f 7327 	7328 	7375
f 7335 	7293 	7319
f 7335 	7319 	7333
f 7335 	7333 	7191
f 7191 	7190 	7335
f 2188 	7336 	7359
f 7191 	7317 	7333
f 7319 	7333 	7317
f 2188 	2104 	7336
f 7191 	7333 	6859
f 7319 	6969 	7333
f 7285 	6969 	7319
f 7262 	7336 	2104
f 7179 	7324 	6846
f 7324 	7340 	6846
f 7335 	6846 	7340
f 7336 	7262 	7399
f 7191 	6859 	7190
f 7341 	7235 	7239
f 7032 	5928 	7339
f 7333 	6969 	6859
f 7321 	7530 	7323
f 7239 	7243 	7341
f 7327 	7397 	7328
f 7382 	7338 	7397
f 7328 	7397 	7338
f 7339 	5929 	7322
f 7329 	7330 	7397
f 7344 	7370 	2135
f 7345 	7398 	7293
f 4977 	7331 	413
f 7343 	7345 	7293
f 2135 	7342 	7344
f 5009 	403 	7352
f 7238 	7271 	7377
f 7325 	7326 	7346
f 7326 	7334 	7346
f 7346 	7334 	7348
f 7187 	7321 	7220
f 7343 	7293 	7335
f 7343 	7335 	7340
f 7239 	7377 	7341
f 6978 	7293 	7335
f 7341 	7246 	7239
f 7325 	7326 	7719
f 7334 	7719 	7326
f 7005 	7079 	7337
f 7340 	6978 	7335
f 7321 	7460 	7220
f 7335 	7293 	7295
f 7294 	7295 	7293
f 7497 	7485 	4027
f 7460 	7321 	7323
f 7295 	7361 	7335
f 413 	3094 	4977
f 7219 	7351 	7350
f 7270 	7353 	7484
f 7343 	7340 	7355
f 7348 	7334 	7332
f 7330 	7356 	7332
f 7348 	7332 	7356
f 7005 	7337 	7002
f 7684 	7371 	7349
f 7371 	7370 	7349
f 7266 	7219 	7350
f 7278 	7354 	7324
f 7355 	7340 	7354
f 7278 	7324 	7179
f 7329 	7356 	7330
f 7324 	7354 	7340
f 7224 	7351 	7219
f 7342 	7349 	7344
f 7344 	7349 	7347
f 7332 	291 	7334
f 7332 	7330 	291
f 7329 	291 	7330
f 7079 	7506 	7337
f 7324 	6978 	7340
f 7324 	7179 	6978
f 7278 	7276 	7354
f 2188 	7359 	7358
f 7338 	7382 	291
f 7340 	7335 	7361
f 7361 	7274 	7340
f 7303 	7361 	7295
f 7309 	7361 	7303
f 7324 	7340 	7274
f 7179 	7324 	7274
f 7339 	7360 	7029
f 7316 	2135 	7370
f 7032 	7339 	7029
f 7370 	7344 	7347
f 7112 	7362 	7048
f 3871 	7397 	7330
f 7327 	7329 	7397
f 7362 	7224 	7048
f 7363 	7364 	7355
f 7363 	7355 	7354
f 7276 	7274 	7354
f 7334 	3875 	7332
f 7339 	7357 	7360
f 3871 	7330 	7332
f 7351 	7224 	7362
f 7339 	7322 	7357
f 7363 	7354 	7274
f 7361 	7363 	7274
f 7291 	7367 	7353
f 5009 	7352 	5026
f 7175 	7313 	7365
f 7175 	7313 	7488
f 7358 	7995 	2636
f 4027 	3875 	7334
f 2189 	7358 	2636
f 7356 	7550 	7348
f 4721 	7365 	7368
f 7366 	7235 	7384
f 7371 	7316 	7370
f 7368 	7365 	7372
f 7338 	7328 	7434
f 7434 	7433 	7338
f 7379 	7380 	7433
f 7366 	7155 	7231
f 7313 	7175 	7333
f 7366 	7231 	7235
f 7486 	7367 	7226
f 7347 	7349 	7370
f 7328 	7374 	7375
f 7329 	7327 	7375
f 7380 	7381 	7433
f 7381 	7391 	7433
f 7338 	7433 	7382
f 260 	193 	7602
f 7371 	7378 	7316
f 7193 	7226 	7367
f 7381 	7380 	7394
f 7383 	7394 	7380
f 7390 	7365 	7373
f 7193 	7367 	7291
f 7369 	7322 	7385
f 7384 	7235 	7341
f 7380 	291 	7381
f 7373 	7390 	7488
f 7357 	7322 	7369
f 7384 	7341 	7243
f 7218 	7220 	7386
f 7338 	7382 	7374
f 7328 	7338 	7374
f 7175 	7265 	7313
f 7246 	7384 	7243
f 7372 	7466 	7368
f 7385 	7453 	7369
f 7378 	7371 	7684
f 7384 	7341 	7377
f 7355 	7365 	7343
f 7345 	7343 	7365
f 7218 	7386 	7897
f 7383 	7380 	7379
f 7379 	8119 	7383
f 7343 	7364 	7345
f 7388 	7218 	7897
f 7246 	7341 	7384
f 7388 	7200 	7218
f 7364 	7343 	7355
f 245 	7376 	279
f 7365 	7355 	7389
f 7376 	7396 	279
f 7381 	7397 	7380
f 7365 	7389 	7372
f 1400 	7200 	7388
f 7356 	7329 	7375
f 7331 	5017 	7376
f 7373 	7313 	7333
f 7388 	7897 	1400
f 7382 	7433 	7391
f 7391 	7381 	7394
f 7284 	7436 	7429
f 7429 	7285 	7284
f 7393 	8040 	5026
f 291 	7391 	7381
f 7290 	8058 	7271
f 5026 	7352 	7393
f 7391 	7397 	7381
f 7394 	7374 	7391
f 7382 	7391 	7374
f 6846 	7412 	7317
f 7393 	7352 	260
f 7391 	291 	7382
f 7412 	6846 	4687
f 8158 	8119 	7397
f 7382 	7397 	7391
f 7380 	7397 	7379
f 7626 	7435 	7283
f 5035 	7396 	7376
f 5035 	7376 	5017
f 7486 	7226 	7395
f 6902 	6974 	201
f 7374 	7394 	7431
f 7230 	7395 	7226
f 7437 	7431 	7383
f 7394 	7383 	7431
f 7437 	7383 	7387
f 7336 	7399 	7359
f 5035 	5110 	6336
f 6336 	6217 	5035
f 138 	279 	170
f 7507 	8064 	7610
f 7507 	7508 	6473
f 197 	7610 	204
f 7313 	7373 	7365
f 7279 	7689 	7399
f 7313 	7373 	7488
f 7400 	7401 	7402
f 6887 	6892 	7402
f 7402 	6892 	7400
f 7300 	8056 	7290
f 7403 	6599 	6509
f 7406 	7345 	7404
f 7398 	7345 	7406
f 7365 	7404 	7345
f 7897 	7911 	1400
f 7215 	7511 	7403
f 6799 	1824 	4696
f 7390 	7373 	7333
f 7242 	7418 	7408
f 6509 	6146 	7403
f 4696 	4706 	6799
f 4753 	7845 	4706
f 6629 	7428 	7411
f 9562 	9563 	7944
f 9563 	9564 	7944
f 7283 	7435 	7284
f 7440 	7413 	6705
f 7198 	7549 	7416
f 7405 	7407 	7401
f 7402 	7401 	7407
f 7440 	7414 	7415
f 7415 	7413 	7440
f 7623 	6599 	7403
f 9562 	9597 	7417
f 6708 	6685 	6705
f 7405 	7421 	7407
f 7419 	7421 	7405
f 7420 	7421 	7419
f 7694 	7407 	7421
f 6708 	6705 	7423
f 7423 	7413 	7415
f 7489 	7602 	201
f 7423 	7415 	7414
f 9564 	7893 	9566
f 7529 	6904 	7508
f 6466 	6473 	6465
f 7417 	7424 	7425
f 7426 	7893 	7425
f 7523 	7411 	7428
f 7409 	7333 	7427
f 7221 	7422 	7418
f 7424 	8526 	7425
f 7430 	7431 	7432
f 7430 	7432 	7433
f 7430 	7433 	7434
f 7434 	7541 	7430
f 7416 	7569 	7110
f 7845 	7425 	7424
f 7436 	7284 	7435
f 7432 	7431 	7438
f 7437 	8439 	7431
f 7110 	7019 	7416
f 7242 	7408 	4426
f 7436 	7365 	7429
f 7435 	7404 	7436
f 7404 	7365 	7436
f 7427 	7429 	7365
f 7438 	8158 	7432
f 7757 	7440 	7754
f 7429 	7488 	7427
f 7438 	7552 	7432
f 7432 	7552 	7433
f 457 	7432 	7433
f 7438 	7432 	457
f 7757 	7767 	7440
f 7442 	7440 	7767
f 7414 	7440 	7442
f 7488 	7429 	7574
f 7429 	7436 	7574
f 7436 	7435 	7574
f 4459 	7441 	7444
f 4478 	4464 	7448
f 457 	7433 	7434
f 7468 	7448 	7444
f 7427 	7447 	7429
f 7451 	7435 	7450
f 7436 	7450 	7435
f 7442 	7443 	7453
f 8027 	7449 	6970
f 7375 	7374 	7430
f 7439 	7611 	7375
f 7430 	7439 	7375
f 7442 	7453 	7414
f 7423 	7414 	7453
f 7096 	4614 	7454
f 7289 	7452 	7296
f 7455 	7296 	7452
f 7436 	7429 	7447
f 7436 	7447 	7450
f 7392 	1422 	7410
f 7444 	4464 	4459
f 7431 	7430 	7604
f 7439 	7604 	7430
f 7444 	7448 	4464
f 7713 	7465 	7398
f 7343 	7345 	7465
f 7410 	7996 	7395
f 7411 	6415 	6629
f 7455 	7452 	4489
f 7230 	7410 	7395
f 4614 	7445 	7454
f 7452 	7289 	4338
f 7230 	7392 	7410
f 4600 	7459 	7458
f 7490 	7566 	7456
f 7427 	7365 	7409
f 7390 	7409 	7365
f 7461 	7430 	7431
f 5759 	7461 	7431
f 7390 	7409 	7488
f 7427 	7488 	7409
f 7463 	7573 	7462
f 8436 	5759 	7437
f 7409 	7390 	7265
f 7373 	7265 	7390
f 7427 	7409 	7265
f 7447 	7427 	7265
f 7444 	7441 	7463
f 7385 	7423 	7453
f 7464 	7500 	7490
f 7439 	7430 	7461
f 7076 	7051 	7074
f 7464 	7074 	7502
f 7465 	7466 	7343
f 7355 	7343 	7466
f 7389 	7355 	7466
f 7220 	7460 	7386
f 7462 	7282 	7463
f 7444 	7463 	7282
f 7449 	7464 	7074
f 7547 	7461 	7471
f 7389 	7466 	7372
f 7466 	7272 	7368
f 4721 	7368 	7272
f 7461 	5759 	5696
f 7468 	7305 	7467
f 7469 	7471 	7472
f 7469 	7472 	7473
f 7467 	7448 	7468
f 7465 	7470 	7450
f 7323 	7512 	7460
f 7282 	7305 	7468
f 7475 	7476 	7473
f 7251 	7476 	7475
f 7469 	7473 	7476
f 7468 	7444 	7282
f 7465 	7450 	7466
f 7713 	7470 	7465
f 7450 	7447 	7466
f 7272 	7466 	7265
f 7580 	7478 	7408
f 7447 	7265 	7466
f 7479 	7408 	7478
f 7360 	7504 	7029
f 7475 	7483 	7251
f 7482 	7483 	7475
f 7483 	7275 	7251
f 7480 	7481 	7499
f 7464 	201 	7074
f 7499 	7474 	7480
f 7126 	7245 	7477
f 7248 	7251 	7477
f 7475 	7477 	7251
f 7653 	7475 	7251
f 7481 	7522 	7499
f 7473 	7485 	7475
f 7472 	7485 	7473
f 7482 	7475 	7485
f 7367 	7486 	7484
f 7480 	7487 	7481
f 7454 	7088 	7096
f 7367 	7484 	7353
f 7475 	7473 	7477
f 7472 	7552 	7473
f 7575 	7357 	7369
f 7653 	9440 	7475
f 7487 	7357 	7575
f 4620 	7085 	7459
f 7482 	7494 	7483
f 7485 	7494 	7482
f 7493 	7494 	7485
f 7527 	7483 	7494
f 7487 	7480 	7360
f 7474 	7360 	7480
f 7504 	7360 	7474
f 7459 	7085 	7519
f 7408 	7479 	7492
f 7485 	9443 	7482
f 7495 	7876 	7496
f 7248 	7251 	7275
f 7458 	4851 	4600
f 7292 	7277 	7527
f 7483 	7527 	7275
f 7412 	7505 	7663
f 7412 	4653 	7505
f 7395 	7996 	7486
f 7472 	7548 	7497
f 7485 	7472 	7497
f 7479 	7478 	7538
f 7538 	4837 	7479
f 7492 	7479 	4837
f 7485 	7497 	7493
f 7559 	9443 	7497
f 7487 	7360 	7357
f 7491 	7115 	7022
f 7116 	7022 	7115
f 7490 	7491 	7022
f 7074 	7464 	7490
f 7489 	7490 	7500
f 7499 	7184 	7120
f 7323 	7797 	8069
f 7500 	7464 	7502
f 7506 	7446 	7171
f 7449 	7500 	7464
f 7261 	7501 	7233
f 7277 	4027 	7275
f 7275 	4027 	7483
f 4623 	4628 	7269
f 7559 	7497 	4027
f 7182 	7180 	7501
f 7502 	7489 	7500
f 7494 	7493 	7476
f 7469 	7476 	7493
f 7471 	7469 	7493
f 7500 	7449 	7489
f 7504 	7499 	7216
f 7489 	201 	7500
f 7503 	7604 	7469
f 7503 	7469 	7476
f 7507 	7502 	7508
f 7216 	7029 	7504
f 7623 	7403 	7511
f 7509 	8391 	7506
f 7545 	7258 	7510
f 7510 	7197 	7206
f 7474 	7499 	7504
f 7511 	7126 	7477
f 7120 	7216 	7499
f 7654 	7791 	7513
f 7545 	7510 	7206
f 4582 	7495 	7496
f 4582 	7496 	7572
f 7514 	7515 	7513
f 7323 	8069 	7512
f 7518 	7199 	7516
f 7206 	7205 	7518
f 7206 	7518 	7510
f 8088 	7572 	7517
f 7552 	7623 	7511
f 7522 	7555 	7734
f 7487 	7522 	7481
f 4834 	6723 	7495
f 7495 	6723 	7496
f 7411 	7523 	7105
f 7445 	7622 	7454
f 4918 	4613 	4700
f 7476 	7251 	7250
f 7079 	7509 	7506
f 7498 	7454 	7622
f 7975 	4918 	7687
f 7488 	4918 	4700
f 7520 	7524 	7484
f 7171 	7337 	7506
f 7520 	7484 	7486
f 7406 	7404 	7470
f 7404 	7435 	7470
f 7451 	7470 	7435
f 7249 	7527 	7250
f 7476 	7250 	7527
f 7476 	7527 	7494
f 7508 	7502 	7529
f 7250 	7503 	7476
f 7249 	7503 	7250
f 7292 	7527 	7249
f 7540 	7182 	7501
f 7168 	7621 	7516
f 7050 	7080 	7502
f 7529 	7502 	7080
f 6186 	7530 	6177
f 4459 	4582 	7441
f 201 	7464 	7500
f 7667 	7526 	7525
f 7518 	7516 	7667
f 7516 	7526 	7667
f 7508 	7533 	7507
f 7529 	7533 	7508
f 7080 	7054 	7533
f 7529 	7080 	7533
f 7533 	7054 	7090
f 7568 	7507 	7533
f 7536 	7532 	8080
f 7532 	8077 	8080
f 7508 	6465 	6473
f 7469 	5696 	7476
f 7250 	7476 	5696
f 7667 	7655 	7510
f 7667 	7510 	7518
f 6905 	7508 	6904
f 7509 	7078 	7531
f 7430 	7541 	7542
f 7080 	7049 	7529
f 7540 	7198 	7182
f 7401 	7508 	7507
f 7543 	7611 	7544
f 7536 	7538 	7532
f 7508 	7401 	7529
f 7400 	7529 	7401
f 7197 	7510 	7258
f 7547 	7548 	7471
f 7472 	7471 	7548
f 7080 	7529 	7400
f 7080 	7400 	6888
f 7198 	7540 	7549
f 7550 	7543 	7547
f 7543 	7551 	7547
f 7548 	7547 	7551
f 7205 	7257 	7206
f 7490 	7533 	7491
f 7533 	7090 	7491
f 7114 	7491 	7090
f 7530 	6186 	7546
f 7477 	7552 	7511
f 7535 	7538 	7536
f 7364 	7363 	7539
f 7363 	7553 	7539
f 7528 	7539 	7553
f 7536 	7532 	7766
f 7311 	7554 	7363
f 7361 	7309 	7363
f 7309 	7307 	7363
f 7311 	7363 	7307
f 7326 	7325 	7551
f 7325 	7559 	7551
f 7497 	7548 	7559
f 7556 	7749 	7558
f 7556 	7558 	7560
f 7534 	4837 	7535
f 7555 	7522 	7487
f 7551 	7559 	7548
f 7535 	7536 	7766
f 7534 	7535 	7766
f 7546 	6182 	7579
f 7490 	7456 	7491
f 7556 	7560 	7563
f 7090 	6887 	7402
f 7090 	7402 	7533
f 7555 	7564 	7734
f 7564 	7562 	7734
f 7489 	7566 	7490
f 7556 	7560 	7561
f 7769 	7749 	7561
f 7490 	7566 	7568
f 7490 	7568 	7533
f 7601 	7588 	7566
f 7560 	6914 	7594
f 7533 	7402 	7568
f 7548 	7552 	7472
f 7416 	7549 	7569
f 7477 	7473 	7552
f 7551 	7552 	7548
f 7114 	7115 	7491
f 7328 	7327 	7541
f 7542 	7541 	7327
f 7557 	7574 	7558
f 7567 	7593 	7712
f 7541 	7552 	7542
f 7454 	7498 	7088
f 7491 	7456 	7457
f 7491 	7457 	7115
f 7430 	7542 	7576
f 7544 	7611 	7577
f 7577 	7611 	7576
f 7088 	7498 	7781
f 7576 	7329 	7577
f 7576 	7542 	7329
f 7327 	7329 	7542
f 6182 	6071 	7579
f 7116 	7130 	7861
f 7566 	7490 	7491
f 7581 	7150 	7519
f 7577 	7576 	7552
f 7576 	7542 	7552
f 7568 	7647 	7090
f 7533 	7568 	7090
f 7581 	7519 	7085
f 7581 	7085 	7107
f 7576 	457 	7542
f 7581 	7107 	7129
f 7453 	7575 	7369
f 7599 	7602 	7582
f 7575 	7564 	7555
f 7575 	7555 	7487
f 7478 	7580 	7537
f 7326 	7551 	7543
f 7544 	7332 	7543
f 7330 	7332 	7577
f 7536 	7535 	396
f 7562 	7564 	7575
f 7562 	7575 	7712
f 7521 	7514 	7513
f 7621 	7741 	7525
f 7521 	7513 	7515
f 7551 	7543 	7552
f 7544 	7552 	7543
f 7577 	7552 	7544
f 7582 	7602 	7449
f 7583 	7525 	7741
f 7478 	7537 	7538
f 8027 	7582 	7449
f 6421 	6237 	7585
f 7589 	7590 	7593
f 7587 	7593 	7590
f 7586 	7587 	7590
f 7544 	7543 	457
f 7869 	457 	7543
f 7577 	7544 	457
f 7591 	7587 	7586
f 4582 	7572 	7573
f 7560 	7627 	7594
f 4582 	7573 	7441
f 7869 	7543 	7551
f 7869 	7551 	7548
f 7595 	7597 	7593
f 7593 	7587 	7595
f 7591 	7595 	7587
f 7627 	7625 	7594
f 7346 	7559 	7325
f 7596 	7593 	7597
f 7597 	7640 	7596
f 7585 	6147 	7571
f 7718 	7456 	7588
f 7325 	7719 	7559
f 7560 	7594 	7563
f 7594 	7283 	7563
f 7592 	7283 	7594
f 7284 	7563 	7283
f 7598 	7724 	7596
f 7631 	7579 	7578
f 7599 	7600 	7601
f 7489 	7602 	7566
f 7601 	7566 	7602
f 7599 	7601 	7602
f 7284 	7561 	7283
f 7559 	7346 	7497
f 7493 	7497 	7346
f 7603 	7599 	7602
f 7594 	7561 	7560
f 7593 	7596 	7562
f 7596 	7598 	7562
f 7482 	4027 	7485
f 7598 	7682 	7562
f 7502 	7603 	7489
f 7602 	7489 	7603
f 7489 	7449 	7602
f 7598 	7596 	7567
f 7593 	7567 	7596
f 7284 	7285 	7561
f 7594 	7592 	7561
f 7592 	7283 	7561
f 7346 	7348 	7550
f 7550 	7547 	7346
f 7562 	7712 	7593
f 7603 	7600 	7599
f 7471 	7493 	7346
f 7606 	7570 	7319
f 7563 	7319 	7570
f 7605 	7606 	7319
f 7593 	7607 	7589
f 7599 	7582 	7600
f 7283 	7592 	6969
f 7471 	7346 	7547
f 7608 	7632 	7600
f 7593 	7596 	7607
f 7603 	7680 	7600
f 6969 	7592 	6914
f 7471 	7469 	7604
f 7550 	7547 	7604
f 7471 	7604 	7547
f 7586 	7590 	7591
f 7608 	260 	7600
f 7591 	7590 	7595
f 7609 	7603 	7610
f 7611 	7439 	7576
f 7430 	7576 	7439
f 7565 	7661 	7656
f 7594 	6914 	7592
f 7586 	7612 	7591
f 7595 	7591 	7612
f 7543 	7550 	7611
f 7045 	7613 	7046
f 7583 	7741 	7614
f 7661 	7565 	7270
f 7595 	7612 	7597
f 7741 	7640 	7612
f 7741 	7612 	7614
f 7496 	7517 	7572
f 7293 	7646 	7311
f 7615 	7311 	7646
f 7565 	6197 	7270
f 7691 	6421 	7585
f 7328 	7541 	7434
f 7599 	7600 	260
f 7565 	7656 	7571
f 7541 	7434 	7552
f 7433 	7552 	7434
f 7502 	7507 	7603
f 7610 	7603 	7507
f 7613 	7045 	7057
f 7640 	1594 	7597
f 7441 	7573 	7463
f 7568 	7618 	7507
f 7610 	7507 	7618
f 7618 	7647 	7610
f 7614 	7667 	7583
f 7356 	7375 	7611
f 7616 	7408 	7418
f 7356 	7611 	7550
f 7611 	7604 	7439
f 7550 	7604 	7611
f 7345 	7364 	7834
f 7539 	7834 	7364
f 7733 	7580 	7616
f 7728 	7733 	7616
f 7283 	7592 	7626
f 7625 	7626 	7592
f 7619 	7620 	7634
f 7616 	7580 	7408
f 7560 	7558 	7627
f 7405 	7610 	7609
f 7592 	7594 	7625
f 7610 	7405 	7507
f 7401 	7507 	7405
f 7316 	7652 	7616
f 7622 	7445 	7584
f 7566 	7601 	7618
f 7566 	7618 	7568
f 7628 	7323 	7530
f 7456 	7566 	7588
f 7316 	7616 	7320
f 7624 	7617 	7046
f 7568 	7402 	7407
f 7568 	7407 	7618
f 7530 	7546 	7628
f 7624 	7046 	7613
f 7525 	7526 	7621
f 7422 	7320 	7616
f 7601 	7600 	7632
f 7635 	7854 	7608
f 7221 	7320 	7422
f 7418 	7422 	7616
f 7582 	7819 	7600
f 7526 	7516 	7621
f 7633 	7636 	7634
f 7608 	7600 	7680
f 7635 	7608 	7680
f 7638 	7639 	7624
f 4828 	7584 	7445
f 7608 	7819 	7635
f 7643 	7672 	7634
f 7670 	7672 	7643
f 7642 	7590 	7641
f 7589 	7641 	7590
f 7603 	7609 	7680
f 7644 	7680 	7609
f 7645 	7642 	7641
f 7523 	7604 	7503
f 7628 	7546 	7637
f 7629 	7615 	7646
f 7604 	7523 	7428
f 7724 	7641 	7607
f 7637 	7546 	7579
f 7428 	6837 	7604
f 7637 	7579 	7631
f 7293 	7398 	7646
f 7611 	7439 	7461
f 7574 	7626 	7625
f 7597 	7595 	7590
f 7461 	5696 	7471
f 7727 	7616 	7652
f 7597 	7612 	7640
f 7651 	7859 	4851
f 7547 	7550 	7461
f 7611 	7461 	7550
f 7684 	7727 	7652
f 7625 	7627 	7574
f 7558 	7574 	7627
f 7597 	7590 	7642
f 7406 	7646 	7398
f 7459 	7654 	7458
f 7519 	7654 	7459
f 7649 	7644 	7648
f 7644 	7609 	7648
f 7609 	7610 	7648
f 7648 	7610 	7647
f 7591 	1594 	7586
f 7636 	7658 	7634
f 7657 	7658 	7636
f 7658 	7659 	7634
f 7643 	7634 	7659
f 7730 	9837 	7660
f 7629 	7398 	7630
f 7398 	7345 	7630
f 7646 	7398 	7629
f 7834 	7630 	7345
f 7655 	1594 	7510
f 7655 	7586 	1594
f 7458 	7651 	4851
f 7662 	7643 	7659
f 7659 	7658 	7662
f 7656 	7664 	7665
f 7651 	7458 	7654
f 7666 	7656 	7665
f 7662 	7658 	7657
f 7419 	7405 	7609
f 7419 	7609 	7644
f 7665 	7664 	7666
f 7119 	9409 	7653
f 7624 	7659 	7658
f 7597 	1594 	7595
f 7591 	7595 	1594
f 7624 	7658 	7638
f 7657 	7638 	7658
f 7601 	7632 	7647
f 7601 	7647 	7618
f 7632 	7588 	7601
f 7586 	7655 	7612
f 7667 	7612 	7655
f 7643 	7624 	7057
f 7659 	7624 	7643
f 7694 	7647 	7407
f 7618 	7407 	7647
f 7277 	7275 	7668
f 7656 	7666 	7571
f 7525 	7583 	7667
f 7613 	7057 	7624
f 7667 	7614 	7612
f 7484 	7661 	7270
f 7888 	7670 	7662
f 7643 	7662 	7670
f 7491 	7632 	7566
f 7601 	7566 	7632
f 7888 	7891 	7670
f 7568 	7618 	7647
f 7649 	7420 	7419
f 7649 	7419 	7644
f 7672 	7673 	7674
f 7672 	7674 	7675
f 7676 	7854 	7677
f 7678 	7960 	7675
f 7674 	7678 	7675
f 8365 	7650 	8162
f 7665 	7585 	7666
f 7676 	7677 	7680
f 7669 	7665 	7666
f 7677 	7819 	7676
f 7730 	7634 	7672
f 7675 	7679 	7730
f 7672 	7675 	7730
f 7666 	7585 	7571
f 7598 	7596 	7640
f 7659 	7643 	7670
f 7652 	7316 	7378
f 457 	7790 	275
f 7499 	7522 	7734
f 7561 	7317 	7663
f 7670 	8037 	7659
f 7679 	7961 	7730
f 7684 	7652 	7378
f 7663 	7317 	7412
f 7665 	7691 	7585
f 7685 	7724 	7682
f 7672 	8037 	7670
f 7830 	9247 	7790
f 7643 	7057 	7670
f 6420 	7672 	7670
f 7681 	7685 	7682
f 7665 	7669 	7664
f 7680 	7677 	7635
f 7513 	7514 	7651
f 7513 	7651 	7654
f 7635 	7819 	7677
f 7689 	7358 	7359
f 7578 	7688 	7631
f 7734 	7562 	7682
f 7677 	260 	7635
f 7690 	7680 	7644
f 6420 	7670 	7057
f 7609 	7610 	279
f 7689 	7650 	7358
f 7794 	7681 	7443
f 7675 	7672 	6493
f 170 	279 	7610
f 7644 	7609 	279
f 7498 	7622 	7781
f 7692 	7453 	7443
f 7675 	6493 	7679
f 7420 	7649 	7648
f 7420 	7648 	7421
f 7573 	7650 	7689
f 7696 	7619 	7722
f 6948 	7722 	7619
f 7421 	7693 	7694
f 7514 	7513 	7791
f 7515 	7514 	7697
f 7695 	7697 	7514
f 7358 	7650 	8365
f 7488 	7574 	7687
f 7703 	7682 	7701
f 7359 	7399 	7689
f 7279 	7462 	7689
f 7704 	7705 	7706
f 7791 	7654 	7519
f 7682 	7598 	7701
f 7435 	7626 	7574
f 7515 	7697 	7521
f 7708 	7521 	7697
f 7975 	7687 	7941
f 7692 	7682 	7703
f 7573 	7689 	7462
f 7567 	7701 	7598
f 7711 	9435 	7710
f 7712 	7701 	7567
f 7406 	7470 	7713
f 7406 	7713 	7646
f 7712 	7703 	7701
f 7150 	7791 	7519
f 7699 	7716 	7698
f 7700 	7698 	7716
f 7712 	7453 	7692
f 7712 	7692 	7703
f 7710 	7686 	7715
f 7714 	7715 	7686
f 283 	7714 	7686
f 7720 	7718 	7588
f 7712 	7575 	7453
f 291 	283 	7686
f 7702 	6405 	6396
f 7598 	7682 	7724
f 7607 	7596 	7724
f 6396 	8926 	7702
f 7686 	7719 	291
f 6405 	7688 	7578
f 7620 	7619 	7725
f 7721 	7684 	7349
f 7456 	7718 	7457
f 7328 	291 	7327
f 7329 	7327 	291
f 7726 	7620 	7725
f 7718 	7729 	7457
f 7702 	7688 	6405
f 7728 	7616 	7727
f 7734 	7671 	7499
f 7398 	7646 	7713
f 7345 	7398 	7465
f 7634 	7730 	7619
f 7725 	7619 	7730
f 7726 	7725 	7730
f 7563 	7570 	7731
f 7727 	7721 	7728
f 7684 	7721 	7727
f 7619 	7696 	7725
f 6421 	7691 	7709
f 7719 	7334 	291
f 7726 	7725 	7696
f 7605 	7732 	7606
f 7725 	7736 	7619
f 7725 	7726 	7736
f 7580 	7733 	7537
f 6510 	7709 	7717
f 7811 	7730 	7660
f 7710 	7715 	7705
f 7711 	7710 	7705
f 7735 	7705 	7715
f 8508 	7457 	7729
f 7760 	7767 	7734
f 7785 	6948 	7736
f 6948 	7619 	7736
f 7721 	7538 	7537
f 6421 	7709 	6510
f 7721 	7537 	7728
f 7733 	7728 	7537
f 7660 	7723 	7811
f 7767 	7757 	7734
f 7150 	7581 	7129
f 7554 	7311 	7615
f 7554 	7615 	7740
f 7717 	8961 	6510
f 7743 	7747 	7742
f 7711 	7710 	7738
f 7737 	7738 	7710
f 7737 	7710 	7715
f 7695 	7651 	7514
f 7745 	7746 	7711
f 7710 	7711 	7746
f 7521 	7708 	7514
f 7695 	7514 	7708
f 7806 	7631 	7688
f 7710 	7746 	7715
f 7708 	7697 	7695
f 7630 	7747 	7743
f 7744 	7742 	7747
f 7746 	7704 	7715
f 7704 	7706 	7715
f 7745 	7704 	7746
f 7735 	7715 	7706
f 7557 	7558 	7748
f 7750 	7558 	7749
f 7748 	7558 	7750
f 7715 	7746 	7737
f 7751 	7737 	7746
f 7745 	7751 	7746
f 7573 	7572 	7650
f 8282 	7752 	7754
f 7753 	7748 	7750
f 7755 	7756 	7750
f 7753 	7750 	7756
f 7720 	7739 	7718
f 7749 	7758 	7750
f 7757 	8283 	7754
f 7718 	7739 	7729
f 7750 	7758 	7759
f 7750 	7759 	7755
f 7763 	7745 	7746
f 7764 	7765 	7753
f 7764 	7753 	7756
f 4231 	7746 	7715
f 4231 	7715 	7714
f 7756 	7769 	7753
f 7883 	7723 	7878
f 8500 	7457 	8508
f 7714 	29 	4231
f 3760 	4138 	27
f 283 	74 	7714
f 7751 	7738 	7737
f 7288 	7457 	8500
f 7673 	7723 	7674
f 7749 	7556 	7772
f 7731 	7772 	7563
f 7759 	7758 	7772
f 7116 	7457 	7130
f 7749 	7772 	7758
f 7891 	7878 	7723
f 7563 	7772 	7556
f 3782 	4226 	7773
f 7850 	7773 	4226
f 7556 	7561 	7749
f 7678 	7960 	6589
f 7325 	7559 	4027
f 7769 	7776 	7749
f 4412 	26 	7707
f 7323 	7628 	7797
f 7707 	7773 	4412
f 7850 	4412 	7773
f 7776 	6914 	7749
f 7775 	7962 	7777
f 7746 	4231 	7763
f 7772 	7815 	7755
f 7759 	7772 	7755
f 7756 	7755 	7815
f 7722 	7778 	7736
f 7726 	7696 	7736
f 7722 	7736 	7696
f 7775 	7777 	7993
f 7756 	7755 	7769
f 7759 	7769 	7755
f 6944 	7779 	7044
f 7769 	7759 	7780
f 7769 	7780 	7776
f 7326 	7325 	4027
f 7993 	7994 	7775
f 7722 	7044 	7779
f 3874 	3875 	4027
f 7770 	6920 	7756
f 7756 	7753 	7770
f 7704 	7745 	7763
f 7704 	7763 	7784
f 7421 	7648 	7783
f 7421 	7783 	7693
f 7776 	7780 	6914
f 7786 	7783 	7787
f 7785 	7736 	7778
f 7780 	7759 	6914
f 6914 	7759 	7755
f 7738 	7751 	7711
f 7745 	7711 	7751
f 7648 	7788 	7783
f 7484 	7524 	7661
f 7560 	7556 	6914
f 7749 	6914 	7556
f 7783 	7788 	7787
f 7810 	7695 	7791
f 7694 	7693 	7783
f 7694 	7783 	7788
f 7788 	7648 	7647
f 7755 	7756 	6920
f 7792 	7664 	7656
f 7792 	7666 	7664
f 7762 	7757 	7761
f 7757 	7767 	7761
f 7760 	7880 	7767
f 7785 	7798 	7782
f 7794 	7894 	7795
f 7694 	7788 	7647
f 7902 	7683 	7760
f 7112 	7781 	7362
f 7852 	7691 	7665
f 7901 	7902 	7767
f 7760 	7767 	7902
f 7112 	7088 	7781
f 7665 	7664 	7852
f 7792 	7852 	7664
f 7766 	7899 	7774
f 7783 	7786 	7090
f 7786 	7918 	7092
f 7788 	7783 	7090
f 7647 	7788 	7090
f 7774 	4789 	7766
f 7664 	7669 	7792
f 7362 	7771 	7351
f 7781 	7771 	7362
f 7734 	7795 	7760
f 7779 	7798 	7722
f 7778 	7722 	7798
f 7793 	7782 	7798
f 7778 	7798 	7785
f 7635 	7677 	7854
f 7954 	7959 	7853
f 7914 	7853 	7796
f 7443 	7442 	7767
f 7443 	7760 	7795
f 7366 	7384 	7810
f 7779 	7789 	7947
f 6920 	6914 	7755
f 7799 	7962 	7796
f 7561 	7913 	7769
f 4403 	9240 	7837
f 8098 	8069 	7816
f 7799 	7935 	7796
f 7801 	7796 	7800
f 7155 	7366 	7150
f 7791 	7150 	7366
f 7802 	7772 	7570
f 7731 	7570 	7772
f 7805 	7807 	7804
f 7807 	9435 	7804
f 7809 	7743 	7808
f 7742 	7808 	7743
f 7799 	7796 	7910
f 7695 	7514 	7791
f 7802 	7570 	7606
f 5108 	5081 	7812
f 7631 	7806 	7803
f 7686 	7710 	9435
f 7810 	7791 	7366
f 7600 	7819 	7608
f 5104 	5234 	7814
f 7764 	7756 	7813
f 7606 	7820 	7802
f 7802 	7820 	7772
f 7813 	7756 	7815
f 7726 	7730 	7782
f 7814 	7782 	7730
f 9435 	7719 	7686
f 7559 	7719 	9443
f 7782 	7793 	7814
f 7815 	7818 	7813
f 7817 	7818 	7815
f 7864 	7813 	7818
f 7782 	7814 	7785
f 7803 	7637 	7631
f 7804 	7704 	7805
f 7705 	7704 	7804
f 7784 	7805 	7704
f 7804 	9435 	7711
f 7815 	6934 	7813
f 7651 	7695 	7810
f 5104 	7814 	7811
f 7814 	7730 	7811
f 7705 	7804 	7711
f 7732 	7820 	7606
f 7821 	7772 	7820
f 7815 	7772 	7821
f 7822 	7823 	7807
f 7822 	7807 	7805
f 7605 	7825 	7732
f 7824 	7825 	7605
f 7820 	7732 	7825
f 7784 	7763 	7805
f 7820 	7827 	7821
f 7826 	7821 	7827
f 5104 	3870 	7814
f 7825 	6965 	7828
f 7812 	7829 	5108
f 5109 	5108 	7829
f 7826 	7817 	7821
f 7815 	7821 	7817
f 4424 	9246 	7831
f 4388 	4424 	7831
f 7829 	7812 	7811
f 7821 	7828 	7815
f 7768 	7771 	7584
f 7801 	7800 	7886
f 7723 	7829 	7811
f 6965 	6934 	7828
f 7801 	7895 	7800
f 7771 	7622 	7584
f 7605 	7319 	7824
f 7790 	9433 	7830
f 7829 	5234 	5109
f 7882 	7881 	7723
f 7771 	7781 	7622
f 7302 	7825 	7824
f 3777 	9246 	456
f 7816 	7797 	7628
f 7810 	7833 	7651
f 7638 	7636 	7836
f 7793 	7836 	7636
f 8030 	7819 	7582
f 7629 	7630 	7615
f 7834 	7820 	7615
f 7827 	7820 	7834
f 7615 	7820 	7825
f 7302 	7307 	7825
f 7615 	7825 	7307
f 7935 	7819 	8030
f 7651 	7833 	7859
f 7302 	6965 	7825
f 4794 	4789 	7774
f 7662 	7657 	7636
f 7828 	7309 	7825
f 7302 	7825 	7309
f 7803 	7816 	7637
f 7835 	9435 	7807
f 7828 	7821 	7740
f 7828 	7740 	7615
f 7828 	7615 	7307
f 7828 	7307 	7309
f 4801 	7840 	7839
f 7859 	7833 	8435
f 7633 	7662 	7636
f 7823 	7837 	7835
f 7823 	7835 	7807
f 7821 	7363 	7740
f 7815 	7363 	7821
f 7813 	7553 	7815
f 7553 	7363 	7815
f 7554 	7740 	7363
f 7842 	7823 	7844
f 7837 	7823 	7842
f 7822 	7844 	7823
f 7682 	7681 	7734
f 7795 	7734 	7794
f 7954 	7854 	7676
f 4403 	7837 	4404
f 4231 	4404 	7837
f 7842 	4231 	7837
f 6799 	4706 	7845
f 7443 	7795 	7794
f 7692 	7443 	7681
f 4789 	4833 	7766
f 7842 	7844 	4231
f 7847 	7822 	7805
f 7848 	7832 	7841
f 7816 	7628 	7637
f 7754 	7904 	7757
f 4387 	7849 	4226
f 7849 	7850 	4226
f 7767 	7757 	7901
f 7822 	7847 	7844
f 7754 	7734 	7757
f 7752 	7734 	7754
f 7768 	7584 	7846
f 7832 	7848 	7851
f 7524 	7838 	7661
f 7840 	4801 	4803
f 7720 	7841 	7739
f 7661 	7838 	7656
f 7849 	4387 	4412
f 7843 	7539 	7528
f 7849 	4412 	7850
f 7809 	7818 	7817
f 7817 	7827 	7809
f 7848 	7841 	7720
f 7817 	7826 	7827
f 7853 	7854 	7954
f 7827 	7834 	7809
f 7639 	7638 	7836
f 7834 	7539 	7827
f 7846 	4828 	4876
f 7793 	7798 	7836
f 7853 	7787 	7854
f 7788 	7854 	7787
f 7656 	7855 	7792
f 7666 	7792 	7855
f 7832 	7851 	7854
f 7832 	7854 	7853
f 7857 	7858 	7856
f 7856 	7858 	7793
f 7636 	7856 	7793
f 7843 	7818 	7539
f 7818 	7817 	7539
f 7817 	7826 	7539
f 7826 	7827 	7539
f 7845 	4888 	7859
f 7632 	7608 	7854
f 7838 	7855 	7656
f 7834 	7615 	7630
f 7846 	7584 	4828
f 7836 	7858 	7639
f 7857 	7639 	7858
f 7855 	7669 	7666
f 7588 	7632 	7851
f 7636 	7638 	7856
f 7854 	7647 	7632
f 7788 	7647 	7854
f 7809 	7834 	7743
f 7860 	7932 	7857
f 7857 	7932 	7639
f 7839 	7906 	7905
f 7854 	7851 	7632
f 7630 	7743 	7834
f 7856 	7638 	7657
f 7847 	7763 	7844
f 7805 	7763 	7847
f 7763 	4231 	7844
f 4888 	4851 	7859
f 7861 	7787 	7853
f 7473 	9440 	7472
f 7832 	7853 	7861
f 7760 	7443 	7767
f 7473 	7475 	9440
f 8082 	7898 	8077
f 7848 	7588 	7851
f 481 	7862 	482
f 7862 	7863 	482
f 482 	7863 	7865
f 7848 	7720 	7588
f 7808 	7867 	7864
f 7808 	7864 	7818
f 7808 	7818 	7809
f 7839 	7840 	7906
f 7866 	7865 	7863
f 7818 	7843 	7864
f 7632 	7491 	7854
f 7853 	7854 	7491
f 481 	6049 	7862
f 7855 	7852 	7792
f 7864 	7870 	7818
f 7868 	7870 	7864
f 7817 	7818 	7870
f 7871 	7872 	7870
f 7817 	7870 	7872
f 7873 	7699 	7786
f 7862 	6049 	6063
f 7862 	6063 	7863
f 7792 	7669 	7855
f 7827 	7826 	7817
f 7827 	7817 	7872
f 512 	4875 	7774
f 7699 	7873 	7716
f 6043 	7862 	6049
f 7790 	457 	7869
f 8134 	7852 	8121
f 7866 	7863 	7875
f 7874 	7875 	7863
f 7874 	7863 	6063
f 7657 	7658 	8037
f 7876 	7534 	8081
f 7860 	8037 	7862
f 7857 	8037 	7860
f 7739 	698 	8522
f 4955 	8282 	7741
f 7729 	7739 	8510
f 7866 	7875 	7865
f 7496 	7876 	7517
f 8081 	8088 	7876
f 4834 	4833 	7495
f 7876 	7495 	4833
f 7827 	7872 	7834
f 7872 	7747 	7834
f 7871 	7747 	7872
f 7630 	7834 	7747
f 8510 	7739 	8522
f 7451 	7450 	7470
f 7861 	7853 	7491
f 399 	7535 	7877
f 7865 	483 	482
f 7092 	7090 	7786
f 9070 	8743 	7918
f 7870 	7744 	7871
f 7871 	7744 	7747
f 4847 	7877 	4833
f 7876 	4833 	7877
f 7534 	7876 	7877
f 7534 	7877 	7535
f 7876 	4837 	7534
f 7874 	6063 	8045
f 7875 	7874 	8045
f 6216 	8045 	6060
f 7662 	7633 	7879
f 7878 	7879 	7633
f 7634 	7620 	7633
f 7878 	7633 	7620
f 7761 	7767 	7880
f 4833 	4837 	7876
f 7538 	7535 	4837
f 7768 	7846 	8399
f 986 	674 	8029
f 7882 	7620 	7881
f 7883 	7620 	7882
f 7878 	7620 	7883
f 7814 	7881 	7620
f 7709 	8299 	8298
f 7663 	7900 	7561
f 7483 	7482 	9443
f 7534 	7766 	7876
f 7275 	7483 	7668
f 7879 	7884 	7662
f 7888 	7662 	7884
f 7483 	9443 	7668
f 8141 	8225 	7889
f 9673 	7890 	9582
f 7672 	7670 	7891
f 8029 	674 	7892
f 7876 	7766 	4833
f 7672 	7891 	7673
f 7890 	7893 	7889
f 7885 	7892 	7886
f 692 	7886 	7892
f 7882 	7723 	7883
f 4847 	5635 	7877
f 399 	7877 	5635
f 7877 	7839 	399
f 7892 	7885 	8029
f 7800 	8029 	7801
f 7887 	7801 	8029
f 7865 	7878 	7883
f 4847 	4801 	7877
f 7887 	8029 	7885
f 7760 	7795 	7880
f 7894 	7880 	7795
f 7894 	7794 	7681
f 7894 	7681 	7682
f 7885 	7887 	7886
f 7886 	7887 	7801
f 7879 	7878 	7891
f 7682 	7598 	7640
f 7894 	7682 	7640
f 395 	397 	7839
f 397 	399 	7839
f 7839 	7877 	4801
f 7879 	7875 	7884
f 7795 	7760 	7683
f 674 	720 	7892
f 399 	433 	7877
f 8045 	7888 	7875
f 7878 	7865 	7879
f 692 	7892 	7895
f 7685 	7681 	7683
f 7795 	7683 	7794
f 7875 	7879 	7865
f 692 	7895 	7886
f 7794 	7683 	7681
f 397 	433 	399
f 7888 	7884 	7891
f 7884 	7879 	7891
f 7673 	7891 	7723
f 7895 	720 	7886
f 7794 	7734 	7681
f 7717 	7709 	8298
f 7886 	7895 	7885
f 7887 	7895 	7801
f 4866 	7877 	433
f 7887 	7885 	7895
f 7682 	7692 	7681
f 4847 	7877 	4866
f 8021 	4684 	7984
f 4834 	7495 	4868
f 7496 	4868 	7495
f 7691 	7852 	8299
f 8299 	7709 	7691
f 7685 	7683 	7641
f 7645 	7641 	7683
f 7902 	7907 	7683
f 7941 	7687 	7574
f 7495 	4582 	4834
f 9155 	697 	7896
f 7589 	7607 	7641
f 342 	401 	122
f 4868 	7496 	5635
f 7517 	8128 	7496
f 7724 	7685 	7641
f 7557 	7748 	7742
f 7808 	7742 	7748
f 7808 	7748 	7753
f 7765 	7867 	7753
f 7645 	7907 	7880
f 7880 	7894 	7645
f 7640 	7642 	7894
f 7645 	7894 	7642
f 7841 	7832 	698
f 7766 	8077 	7898
f 7765 	7770 	7753
f 7861 	7928 	7832
f 7597 	7642 	7640
f 697 	7832 	7896
f 7894 	7741 	7880
f 7868 	7867 	7870
f 7808 	7870 	7867
f 7744 	7870 	7808
f 7744 	7808 	7742
f 698 	7832 	697
f 7894 	7640 	7741
f 7761 	7880 	7741
f 7762 	7880 	7761
f 7919 	4759 	4717
f 7841 	698 	7739
f 4717 	8021 	7919
f 1393 	1400 	7911
f 7893 	9563 	7417
f 8026 	4751 	7926
f 444 	7899 	7898
f 7899 	7766 	7898
f 4751 	4765 	7926
f 7417 	7425 	7893
f 7901 	7757 	7904
f 8406 	8399 	9683
f 7950 	7926 	4765
f 7645 	7683 	7907
f 7908 	8212 	7909
f 7896 	737 	9155
f 7909 	7893 	7426
f 7884 	7875 	7888
f 7426 	7908 	7909
f 7921 	7922 	7910
f 7922 	7927 	7912
f 7910 	7922 	7912
f 8045 	7673 	7891
f 7891 	7888 	8045
f 8985 	7765 	9161
f 7753 	7913 	7765
f 7769 	7913 	7753
f 7775 	7910 	7912
f 7426 	7845 	7909
f 7425 	7845 	7426
f 7911 	7903 	1393
f 7883 	7882 	7865
f 7881 	7865 	7882
f 4765 	4770 	7950
f 7885 	7886 	7912
f 7912 	7853 	7914
f 7909 	8087 	7426
f 7801 	7887 	7914
f 7801 	7914 	7796
f 7888 	6080 	7884
f 7878 	7879 	6080
f 7879 	7884 	6080
f 7913 	7561 	7900
f 7904 	8515 	7901
f 8514 	8515 	7904
f 7912 	7914 	7775
f 7885 	7912 	7887
f 7914 	7887 	7912
f 7878 	6080 	7883
f 7914 	7910 	7796
f 7912 	7910 	7914
f 7786 	7918 	7873
f 7917 	7873 	7918
f 7920 	753 	7917
f 7920 	7917 	7918
f 6080 	7888 	7891
f 7700 	7917 	7698
f 7918 	7698 	7917
f 459 	7899 	444
f 7674 	6080 	7673
f 7891 	7673 	6080
f 8013 	7920 	7921
f 7922 	7921 	7920
f 7921 	8013 	7896
f 737 	7896 	8013
f 7922 	7921 	7896
f 7898 	8291 	444
f 1409 	1388 	7924
f 7920 	8013 	753
f 7915 	7574 	7557
f 7742 	7915 	7557
f 7808 	7915 	7742
f 7882 	6080 	7881
f 7905 	7906 	485
f 7836 	7798 	7858
f 751 	898 	7917
f 759 	2000 	751
f 7761 	7880 	7907
f 7918 	7786 	7920
f 7787 	7920 	7786
f 7798 	7947 	7858
f 485 	8328 	7905
f 7786 	7699 	7698
f 7786 	7698 	7918
f 5234 	7881 	7814
f 7928 	7861 	7912
f 7928 	7912 	7927
f 7853 	7912 	7861
f 7814 	7793 	5227
f 7858 	5227 	7793
f 7787 	7861 	7928
f 6040 	5227 	486
f 7858 	486 	5227
f 7896 	7832 	7928
f 5227 	5104 	7814
f 512 	7899 	459
f 7184 	7499 	8243
f 6175 	9606 	6101
f 530 	7906 	7840
f 7928 	7920 	7787
f 7927 	7920 	7928
f 7919 	7931 	4759
f 7865 	5229 	483
f 463 	7906 	530
f 1409 	7924 	7410
f 1409 	7410 	1422
f 7927 	7896 	7928
f 485 	7906 	463
f 7115 	7116 	7861
f 7491 	7115 	7861
f 7726 	7782 	7620
f 7814 	7620 	7782
f 7920 	7927 	7922
f 7922 	7896 	7927
f 5232 	5109 	5234
f 7829 	7723 	7881
f 5234 	7829 	7881
f 7916 	7958 	7930
f 9082 	9181 	7927
f 5229 	7865 	7881
f 5229 	7881 	5234
f 7917 	894 	7918
f 6080 	6200 	7881
f 8133 	8255 	7929
f 7931 	7916 	7930
f 7700 	7716 	7873
f 7700 	7873 	7917
f 7916 	7931 	7919
f 7910 	7912 	7886
f 6241 	7932 	6043
f 7800 	7796 	7935
f 7113 	7121 	7934
f 7934 	7123 	7936
f 7937 	7934 	7936
f 4875 	4794 	7774
f 6893 	6894 	7938
f 6893 	7938 	7939
f 6893 	7939 	7940
f 512 	7774 	7899
f 7940 	7939 	7937
f 7940 	7937 	7936
f 7574 	7915 	7941
f 8030 	8029 	7935
f 7954 	7819 	7935
f 7624 	7639 	7932
f 7944 	9564 	7943
f 7935 	8029 	7800
f 7944 	7943 	8171
f 7862 	6043 	7932
f 7860 	7862 	7932
f 7800 	7935 	7886
f 6049 	6051 	6043
f 7840 	4803 	541
f 7840 	541 	530
f 7895 	7892 	720
f 7617 	7624 	7932
f 720 	7983 	7886
f 7968 	8164 	7944
f 7948 	7933 	7925
f 7946 	7900 	7663
f 7264 	2113 	7268
f 2123 	7268 	2113
f 6093 	488 	7947
f 488 	7858 	7947
f 486 	7858 	488
f 7895 	7935 	7800
f 7308 	7264 	7268
f 7895 	7886 	7935
f 7949 	7933 	7948
f 7296 	7455 	7467
f 7798 	7779 	7947
f 7952 	8109 	7951
f 7947 	6269 	6093
f 8054 	7952 	7951
f 7264 	7308 	7304
f 7296 	7467 	7308
f 7425 	8096 	7426
f 7796 	7853 	7799
f 7799 	7853 	7955
f 7184 	6903 	7120
f 7955 	7962 	7799
f 7914 	7796 	7962
f 8115 	7933 	8543
f 7949 	8728 	7933
f 7959 	7935 	7955
f 8026 	7926 	7957
f 7775 	7914 	7962
f 7448 	7467 	7455
f 7424 	8244 	8526
f 7957 	7926 	7964
f 7910 	7983 	7799
f 7799 	7983 	7955
f 7680 	7954 	7676
f 7455 	4492 	7448
f 7676 	7819 	7954
f 7304 	7308 	7467
f 7955 	7853 	7959
f 7960 	7966 	7675
f 7966 	7978 	7675
f 7184 	8007 	6903
f 7955 	7959 	7962
f 7961 	7967 	7730
f 7967 	7981 	7730
f 7799 	7955 	7935
f 7940 	6973 	6893
f 6894 	6893 	6973
f 7936 	7965 	7940
f 6973 	7940 	7965
f 7658 	7659 	8037
f 9607 	9597 	7963
f 2347 	9607 	7963
f 7963 	7944 	8171
f 7679 	6493 	7961
f 8020 	7903 	7911
f 7936 	7123 	7965
f 7148 	7965 	7123
f 7962 	7959 	7954
f 7962 	7954 	7680
f 7531 	7078 	7956
f 7123 	7120 	7936
f 7926 	7950 	7964
f 7935 	7959 	7954
f 7961 	7679 	7978
f 7679 	7675 	7978
f 9837 	7730 	7980
f 7980 	7730 	7981
f 7983 	7985 	7959
f 6893 	7940 	6903
f 7940 	7936 	6903
f 7120 	6903 	7936
f 7679 	8037 	7675
f 7961 	6493 	7967
f 7690 	7969 	7680
f 7962 	7680 	7969
f 7963 	7968 	7944
f 7965 	7974 	6973
f 7970 	7957 	7964
f 7897 	7945 	7942
f 7971 	7972 	7976
f 7973 	7976 	7972
f 7969 	7777 	7962
f 8106 	7531 	7956
f 7942 	7911 	7897
f 7979 	9834 	7981
f 7978 	7979 	7981
f 7971 	7976 	7982
f 7953 	7924 	8032
f 7981 	7967 	7978
f 7967 	7961 	7978
f 7982 	7349 	7971
f 7148 	7146 	7154
f 7965 	7154 	7974
f 7983 	7985 	8013
f 765 	8013 	7985
f 5844 	7965 	7148
f 7775 	7983 	7910
f 8300 	7349 	8301
f 7910 	7886 	7983
f 7976 	7973 	7995
f 7897 	7386 	7945
f 7986 	764 	7985
f 741 	764 	7986
f 7808 	7867 	7915
f 9166 	7915 	7867
f 7965 	6973 	6999
f 7148 	7965 	6999
f 7976 	7995 	7982
f 8365 	8352 	7995
f 7986 	7994 	741
f 1019 	741 	7994
f 7941 	8118 	7975
f 725 	741 	7986
f 7938 	7974 	7939
f 7934 	7937 	7974
f 7974 	7154 	7934
f 7939 	7974 	7937
f 7168 	7169 	7934
f 7937 	7168 	7934
f 7953 	7410 	7924
f 7984 	6735 	9255
f 7168 	7937 	8052
f 7937 	7939 	8052
f 7938 	8052 	7939
f 7985 	720 	7986
f 7924 	7923 	8032
f 7984 	4684 	6735
f 7169 	7934 	7154
f 7945 	7386 	7460
f 7929 	7621 	7168
f 7512 	7945 	7460
f 7775 	7994 	7983
f 7983 	720 	7985
f 7676 	7954 	7985
f 7986 	260 	7985
f 7992 	7973 	7972
f 7929 	7168 	8052
f 2612 	7972 	7971
f 7925 	8316 	7948
f 7982 	7995 	8301
f 7994 	7986 	7985
f 7520 	7996 	7953
f 7973 	7992 	7995
f 7985 	7983 	7994
f 7948 	7925 	7949
f 7981 	8037 	7967
f 7980 	9788 	7981
f 7961 	7967 	8037
f 7953 	7996 	7410
f 8525 	8728 	7948
f 7980 	7981 	6493
f 7993 	7998 	7994
f 7992 	8004 	7995
f 7991 	7997 	7990
f 7991 	8426 	7997
f 7959 	7955 	7983
f 7954 	7959 	7985
f 7988 	7990 	7997
f 7999 	8392 	8002
f 8003 	747 	7994
f 1019 	7994 	747
f 7358 	8365 	7995
f 7998 	8003 	7994
f 8024 	8087 	8000
f 7349 	2186 	2612
f 7676 	7985 	7677
f 7608 	7635 	260
f 260 	7677 	7985
f 740 	260 	741
f 8000 	7999 	8006
f 8005 	8006 	7999
f 8005 	7999 	8002
f 7993 	7690 	7998
f 8000 	7999 	8008
f 8007 	710 	842
f 7998 	7993 	8003
f 8002 	8001 	1865
f 842 	6903 	8007
f 7993 	7777 	7969
f 7969 	7690 	7993
f 7925 	7948 	8000
f 7925 	8000 	8006
f 7999 	8000 	8009
f 7999 	8009 	8010
f 7349 	2612 	7971
f 7952 	8059 	7951
f 7967 	6493 	7981
f 7690 	7644 	279
f 8003 	7993 	8011
f 8004 	7992 	2644
f 2629 	2644 	7992
f 7972 	2629 	7992
f 8011 	7993 	7998
f 7998 	8003 	8011
f 8068 	1185 	8066
f 751 	7917 	753
f 7674 	7723 	7678
f 8068 	1186 	1185
f 7966 	9830 	7978
f 8007 	1185 	710
f 7663 	7505 	7946
f 8010 	8008 	7999
f 7960 	9830 	7966
f 8013 	7921 	7983
f 7910 	7983 	7921
f 8014 	8015 	8002
f 8005 	8002 	8015
f 8066 	1185 	8007
f 8014 	8002 	8017
f 7674 	7673 	8045
f 7678 	7674 	8045
f 7678 	8045 	7960
f 8014 	8010 	8015
f 8000 	8019 	8009
f 8015 	8010 	8019
f 8000 	8008 	8009
f 8013 	765 	753
f 8016 	8021 	7977
f 7978 	8045 	7979
f 7966 	8045 	7978
f 7960 	8045 	7966
f 765 	737 	8013
f 8009 	8019 	8010
f 8016 	7919 	8021
f 8008 	8010 	8009
f 1866 	8022 	8017
f 8014 	8017 	8022
f 7916 	7919 	8016
f 8024 	8000 	8009
f 8021 	7984 	7977
f 8010 	8024 	8009
f 8026 	4714 	4751
f 7942 	8020 	7911
f 8027 	8023 	8025
f 7966 	7978 	6589
f 7960 	7966 	6589
f 8022 	8024 	8014
f 8010 	8014 	8024
f 8005 	8015 	8019
f 8005 	8019 	8006
f 8029 	8023 	986
f 7942 	8098 	8020
f 8000 	7948 	7949
f 8000 	7949 	8019
f 9210 	986 	8023
f 8025 	8023 	8029
f 7903 	8012 	1628
f 8030 	7582 	8025
f 7903 	8020 	8012
f 8025 	8029 	8030
f 7925 	8006 	7949
f 8019 	7949 	8006
f 7789 	7033 	8028
f 2629 	7972 	2612
f 8028 	7033 	7110
f 2636 	7995 	2648
f 7989 	4714 	8026
f 8027 	7312 	8023
f 8054 	7951 	8032
f 8027 	6970 	7312
f 7768 	7350 	7771
f 7351 	7771 	7350
f 2644 	2648 	8004
f 8004 	2648 	7995
f 8032 	8059 	8054
f 8032 	7923 	8031
f 8037 	8033 	6203
f 7768 	8399 	7350
f 7987 	5024 	2727
f 8033 	200 	5656
f 7582 	8027 	8025
f 7923 	1669 	8031
f 7833 	7377 	8435
f 8058 	8435 	7377
f 7377 	7271 	8058
f 7951 	8032 	8031
f 7384 	7377 	7810
f 7833 	7810 	7377
f 7951 	8059 	8032
f 1204 	1197 	8039
f 8038 	1197 	1169
f 8039 	8040 	1204
f 1377 	1204 	8040
f 1376 	1377 	8040
f 8167 	4918 	7975
f 1687 	8170 	1669
f 902 	1224 	8043
f 7672 	7675 	8037
f 7679 	7961 	8037
f 7857 	7856 	8037
f 7856 	7657 	8037
f 7900 	7946 	8503
f 6203 	6051 	8037
f 7862 	8037 	6049
f 7913 	7900 	8503
f 6063 	6060 	8045
f 8133 	8043 	1224
f 6894 	6895 	8046
f 6894 	8046 	7938
f 8040 	8047 	1376
f 1364 	1363 	1296
f 8045 	6216 	8035
f 1363 	1376 	8041
f 8040 	8041 	1376
f 8026 	7957 	8048
f 7974 	8049 	6973
f 7942 	7945 	8069
f 1364 	1337 	5106
f 1376 	1363 	5026
f 1337 	1338 	5106
f 1394 	1395 	5106
f 7974 	7938 	8049
f 8046 	8049 	7938
f 8069 	8098 	7942
f 8039 	8051 	8040
f 8047 	8040 	8051
f 8046 	8052 	7938
f 8039 	8042 	8041
f 8039 	8041 	8040
f 8053 	8109 	7952
f 1363 	1364 	5026
f 5106 	5026 	1364
f 8050 	7286 	7266
f 7952 	8054 	8053
f 8038 	8055 	8039
f 8051 	8039 	8055
f 8038 	8042 	8039
f 7286 	8050 	8044
f 8052 	8043 	7929
f 1031 	8055 	1169
f 8109 	7953 	8032
f 1169 	8042 	8038
f 7290 	8056 	8058
f 3030 	3090 	7987
f 8026 	8048 	7989
f 1134 	260 	1140
f 260 	1169 	7393
f 1908 	8042 	1104
f 740 	1145 	260
f 7986 	741 	260
f 2727 	2712 	7987
f 3030 	7987 	2712
f 1907 	8041 	8042
f 7945 	7512 	8069
f 8061 	182 	8060
f 183 	185 	8061
f 182 	8062 	8060
f 6330 	8060 	8062
f 8039 	8040 	7393
f 196 	8120 	187
f 1908 	1907 	8042
f 6331 	6330 	8062
f 7953 	8109 	7520
f 8038 	7393 	1169
f 8039 	7393 	8038
f 8043 	910 	902
f 8043 	8052 	910
f 8051 	8055 	7396
f 7396 	5035 	8047
f 6337 	187 	6532
f 8055 	1031 	7396
f 6332 	6331 	8064
f 8064 	8062 	182
f 8064 	182 	189
f 921 	665 	8049
f 8062 	8064 	6331
f 6951 	6950 	8049
f 8046 	6951 	8049
f 8109 	7838 	7520
f 6951 	8052 	8046
f 1031 	1034 	7396
f 7520 	7486 	7996
f 6331 	8062 	6337
f 182 	187 	8062
f 187 	6337 	8062
f 7951 	8031 	7952
f 8053 	7952 	8031
f 6348 	6332 	8064
f 7934 	2137 	7937
f 1034 	1035 	279
f 1035 	1030 	279
f 6331 	6467 	8062
f 8062 	6467 	182
f 7939 	2137 	7938
f 2137 	6951 	7938
f 8046 	7938 	6951
f 279 	7396 	1034
f 204 	7610 	189
f 8064 	189 	7610
f 7937 	2137 	7939
f 8047 	8051 	7396
f 8061 	8065 	183
f 1295 	1296 	5035
f 7998 	7690 	279
f 1298 	8047 	5035
f 8053 	8059 	7952
f 8067 	183 	8061
f 8054 	8059 	8053
f 6648 	6646 	6739
f 6648 	6739 	6738
f 8050 	7266 	7350
f 230 	8061 	183
f 6757 	6771 	6652
f 6660 	6757 	6652
f 6660 	6757 	6646
f 6739 	6646 	6757
f 7797 	7816 	8069
f 8060 	6330 	8071
f 6406 	8071 	6330
f 8201 	8058 	8056
f 6804 	8072 	8073
f 6804 	8073 	6803
f 6330 	6408 	8060
f 6408 	8067 	8060
f 8067 	8061 	8060
f 8061 	230 	8065
f 231 	8065 	230
f 1013 	994 	1001
f 8070 	1195 	1186
f 1186 	8068 	8070
f 8067 	8057 	8127
f 8079 	8080 	8077
f 7535 	7536 	8080
f 8078 	8079 	8077
f 7534 	7535 	8080
f 8081 	7534 	8080
f 6408 	8057 	8067
f 8083 	8078 	8082
f 8084 	8078 	8083
f 8085 	8078 	8084
f 8077 	8082 	8078
f 8102 	8183 	8063
f 7517 	7876 	8088
f 8086 	7958 	7916
f 6409 	6334 	8089
f 8089 	6330 	8060
f 1031 	1298 	1070
f 8091 	8090 	8084
f 8089 	491 	6409
f 8085 	8084 	8090
f 500 	8071 	6406
f 8084 	8083 	8091
f 8086 	8016 	8034
f 7425 	7426 	8087
f 1006 	1070 	1270
f 1270 	1070 	1298
f 8016 	8086 	7916
f 8092 	8084 	8083
f 8086 	8174 	7958
f 8099 	8100 	8092
f 8084 	8092 	8100
f 8060 	8071 	8089
f 8083 	8084 	8100
f 8102 	7970 	8180
f 491 	8089 	500
f 8071 	500 	8089
f 8101 	8103 	8097
f 8105 	8100 	8104
f 8099 	8104 	8100
f 7941 	8507 	8075
f 8020 	8098 	8076
f 8097 	8096 	8525
f 8101 	8097 	8525
f 8526 	8525 	8096
f 8063 	8048 	8102
f 8083 	8082 	8091
f 8102 	8048 	7957
f 8102 	7957 	7970
f 8057 	7789 	8028
f 7789 	8057 	7947
f 8095 	7426 	8096
f 8526 	8096 	7425
f 7947 	8057 	6269
f 8105 	7898 	8100
f 8121 	8109 	8053
f 8097 	8087 	8096
f 8091 	8082 	8107
f 7532 	396 	8077
f 7536 	396 	7532
f 8107 	8077 	396
f 395 	8110 	396
f 8107 	396 	8110
f 6650 	6652 	8112
f 8077 	8107 	8082
f 8113 	6653 	8112
f 285 	7531 	8106
f 8082 	8077 	7538
f 7532 	7538 	8077
f 8124 	8090 	8091
f 8028 	7569 	8116
f 8113 	8182 	8114
f 8112 	8111 	8113
f 8111 	8153 	8113
f 7433 	7432 	8158
f 8028 	7110 	7569
f 8098 	7816 	8076
f 8096 	8212 	8095
f 8095 	8212 	7908
f 282 	8106 	8120
f 8113 	8112 	6641
f 8111 	6660 	8112
f 6641 	8112 	6660
f 8106 	282 	285
f 7838 	8109 	8121
f 275 	8218 	8112
f 8106 	7956 	8120
f 7908 	7909 	7845
f 7845 	8254 	7908
f 8112 	8113 	275
f 8087 	7909 	7908
f 8087 	7908 	8095
f 8116 	7569 	289
f 7524 	7520 	7838
f 7433 	8158 	8119
f 7433 	8119 	7379
f 7941 	8075 	8118
f 8032 	7951 	8109
f 7908 	7426 	8095
f 8121 	7855 	7838
f 8107 	8122 	8091
f 8070 	1317 	1195
f 7532 	8077 	7766
f 7184 	8066 	8007
f 7932 	6241 	6532
f 8121 	8031 	8134
f 8525 	7948 	8101
f 399 	396 	7535
f 7184 	8243 	8066
f 7617 	7932 	6532
f 8053 	8031 	8121
f 8123 	8124 	8091
f 187 	8120 	6532
f 8250 	8103 	8101
f 1317 	8070 	8370
f 8096 	8087 	8095
f 8122 	8123 	8091
f 8087 	8395 	8392
f 7956 	6532 	8120
f 8028 	8116 	8127
f 8097 	8101 	8087
f 8101 	8103 	8087
f 8395 	8087 	8103
f 310 	8116 	289
f 8074 	8012 	8076
f 8128 	8129 	399
f 397 	399 	8129
f 395 	397 	8129
f 8110 	395 	8129
f 8110 	8129 	8130
f 8392 	8000 	8087
f 8057 	8028 	8127
f 7839 	8110 	395
f 8110 	433 	395
f 8020 	8076 	8012
f 8131 	8132 	8242
f 8238 	8237 	8179
f 7929 	8043 	8133
f 7621 	7929 	8255
f 7977 	8117 	8034
f 6674 	6641 	8093
f 8127 	8116 	310
f 8034 	8016 	7977
f 6681 	8113 	6686
f 8138 	8437 	8114
f 8130 	8139 	8110
f 8107 	8110 	8139
f 8125 	7989 	8048
f 8107 	8139 	8122
f 8439 	8158 	7438
f 8114 	8182 	8138
f 8139 	8140 	8122
f 8123 	8122 	8140
f 8124 	8123 	8140
f 8123 	7839 	8124
f 8258 	8259 	8141
f 6641 	6674 	8113
f 8114 	8113 	6835
f 8110 	7839 	8107
f 8142 	275 	8138
f 7889 	7893 	8141
f 8185 	8124 	9050
f 7839 	8123 	8122
f 8122 	8107 	7839
f 8063 	8125 	8048
f 6532 	7956 	7617
f 8107 	433 	8110
f 7890 	9676 	7889
f 7889 	9676 	8141
f 8124 	8148 	8123
f 6699 	8113 	8143
f 8114 	8437 	8113
f 8142 	8437 	8138
f 8146 	8144 	8145
f 8126 	8125 	8063
f 8439 	8438 	8158
f 2336 	2335 	1743
f 1744 	2335 	8147
f 231 	230 	181
f 175 	181 	230
f 6674 	6835 	8113
f 8132 	8131 	8309
f 6648 	6738 	8093
f 7505 	8155 	8108
f 7387 	7383 	8119
f 8123 	435 	8122
f 433 	8107 	435
f 8122 	435 	8107
f 8131 	9735 	8132
f 8108 	7946 	7505
f 1673 	8157 	2307
f 8119 	291 	7379
f 7380 	7379 	291
f 1756 	1744 	8147
f 8150 	8151 	8238
f 8151 	8152 	8238
f 8135 	8238 	8152
f 8090 	8124 	8078
f 8149 	8079 	8124
f 8118 	8167 	7975
f 8111 	6652 	8153
f 8079 	8078 	8124
f 8147 	8154 	1744
f 7991 	7990 	8155
f 8182 	8113 	8153
f 8156 	8138 	8166
f 8158 	8142 	8156
f 8151 	8309 	8152
f 8090 	8078 	8085
f 6660 	8111 	8153
f 8151 	8159 	8152
f 2307 	8157 	8344
f 8111 	8112 	8218
f 8079 	8078 	8162
f 8085 	8161 	8078
f 8115 	8152 	8309
f 8150 	8309 	8151
f 8157 	1673 	1628
f 8162 	8078 	8161
f 8105 	8161 	8085
f 8104 	8161 	8105
f 8159 	8151 	8150
f 8163 	7387 	8156
f 8158 	8156 	7387
f 8119 	8158 	7387
f 8140 	8149 	8124
f 8152 	8165 	8135
f 8164 	8135 	8165
f 8124 	8140 	8148
f 8158 	283 	8119
f 8156 	283 	8158
f 8164 	8168 	8135
f 8223 	8168 	8169
f 8169 	8177 	8223
f 8166 	8182 	8163
f 8156 	8166 	8163
f 8080 	8079 	8149
f 8080 	8149 	8139
f 8080 	8139 	8130
f 8080 	8130 	8129
f 7889 	8225 	9582
f 8170 	1687 	8154
f 8080 	8079 	8162
f 8165 	8115 	8164
f 8152 	8115 	8165
f 8171 	8168 	8115
f 8164 	8115 	8168
f 8012 	8157 	1628
f 8165 	8168 	8164
f 8129 	439 	8130
f 7379 	7397 	8119
f 8012 	8074 	8157
f 8152 	8159 	8168
f 8152 	8168 	8165
f 8129 	5650 	439
f 8139 	8130 	439
f 8163 	8184 	6686
f 8105 	8085 	8265
f 8078 	8265 	8085
f 8164 	7968 	8165
f 8165 	7968 	8152
f 6847 	4339 	8160
f 8394 	8134 	8170
f 8168 	7944 	8164
f 8031 	1669 	8170
f 8265 	7898 	8105
f 8143 	8437 	7387
f 7387 	8163 	8143
f 7437 	7387 	8436
f 8436 	7387 	8437
f 8171 	8169 	8168
f 8176 	8174 	8173
f 6681 	6686 	8184
f 6656 	6655 	8184
f 6863 	8175 	6862
f 8168 	9737 	8169
f 9737 	8168 	8159
f 8136 	1228 	8137
f 1745 	8144 	1744
f 8144 	8146 	1744
f 6864 	6862 	8175
f 6864 	8175 	5668
f 1421 	8137 	1228
f 8171 	8177 	8169
f 8173 	8174 	8172
f 8178 	8094 	8093
f 6738 	7213 	8093
f 8145 	8144 	1757
f 1745 	1757 	8144
f 9737 	9690 	8169
f 8137 	1421 	1397
f 8157 	8326 	8358
f 8132 	8179 	8237
f 8176 	7958 	8174
f 6738 	6632 	7213
f 4655 	8175 	7281
f 8150 	8238 	8179
f 8153 	6652 	6771
f 8153 	6771 	8181
f 8132 	8309 	8179
f 8150 	8179 	8309
f 8181 	8182 	8153
f 8186 	8182 	8181
f 8166 	8138 	8182
f 8157 	8358 	8344
f 6660 	8153 	6757
f 8181 	6757 	8153
f 8102 	8180 	8183
f 9737 	8159 	8150
f 9737 	8150 	8179
f 9735 	9737 	8132
f 8179 	8132 	9737
f 8153 	8111 	8218
f 8175 	6863 	7281
f 8184 	8163 	8182
f 4655 	5668 	8175
f 8136 	1224 	1228
f 8543 	8171 	8115
f 8031 	8170 	8134
f 8299 	7852 	8394
f 8182 	283 	8166
f 8140 	8124 	8185
f 7943 	9564 	8177
f 8182 	8186 	8184
f 8414 	8413 	8189
f 2229 	8189 	2228
f 7169 	1594 	7934
f 2137 	7934 	1594
f 8177 	8171 	7943
f 8191 	2229 	2228
f 8190 	8191 	2228
f 8182 	8166 	8186
f 8166 	8156 	8186
f 8158 	8186 	8156
f 8133 	1224 	8136
f 8131 	8132 	3431
f 8183 	8193 	8192
f 7446 	8187 	6885
f 7839 	9050 	8124
f 8190 	2234 	2228
f 8151 	7968 	8150
f 3431 	8179 	7968
f 8152 	7968 	8151
f 8193 	8183 	8180
f 6759 	6745 	8184
f 6653 	6656 	8184
f 9050 	7839 	7905
f 8187 	6845 	6885
f 7943 	7944 	8168
f 8169 	7943 	8168
f 8177 	7943 	8169
f 2228 	2307 	8190
f 8231 	6777 	8184
f 8269 	8172 	8194
f 8140 	8185 	8149
f 8185 	8230 	8149
f 8181 	6771 	8197
f 8200 	8148 	8185
f 8181 	8197 	8198
f 8181 	8198 	8199
f 8181 	8199 	8186
f 8140 	8185 	8148
f 8197 	6757 	8181
f 8140 	8139 	8202
f 8202 	8232 	8140
f 8257 	8194 	8034
f 8197 	8181 	8203
f 8197 	8203 	8204
f 8160 	8206 	7261
f 8200 	8208 	8148
f 8208 	5691 	8148
f 8123 	8148 	435
f 5691 	435 	8148
f 8207 	8198 	8211
f 8272 	8232 	8149
f 8117 	8257 	8034
f 8212 	8288 	8210
f 8073 	8072 	8203
f 8204 	8203 	8072
f 5697 	8232 	439
f 8139 	439 	8202
f 8126 	8063 	8213
f 8199 	8198 	8207
f 8202 	8130 	8139
f 7501 	7261 	8206
f 8214 	8215 	8203
f 8203 	8215 	6803
f 8073 	8203 	6803
f 8161 	8216 	8162
f 2229 	8191 	2227
f 8181 	8153 	8218
f 8203 	8181 	8218
f 8214 	8203 	8218
f 8099 	8092 	8104
f 8161 	8104 	8092
f 8209 	8135 	8210
f 8184 	8186 	8199
f 8184 	8199 	8207
f 8211 	8231 	8207
f 8205 	8135 	8209
f 8220 	8191 	8196
f 7488 	7687 	4918
f 8211 	283 	8207
f 8018 	8266 	8217
f 8205 	8222 	8209
f 8200 	8219 	8208
f 8195 	8521 	8196
f 8196 	8521 	8220
f 8420 	8133 	8136
f 8080 	8129 	8081
f 8088 	8081 	8129
f 8088 	8129 	8128
f 7199 	1594 	7100
f 8210 	8209 	8222
f 8018 	8167 	8266
f 8158 	8199 	8186
f 8154 	8229 	8196
f 8195 	8154 	8196
f 7572 	8088 	8081
f 8081 	8080 	7572
f 7572 	8080 	8162
f 8207 	7397 	8211
f 8221 	8211 	7397
f 7397 	8207 	8199
f 7397 	8199 	8158
f 8072 	6804 	8204
f 8206 	8241 	7540
f 8018 	4918 	8167
f 8128 	5650 	8129
f 6601 	8313 	6804
f 8313 	8314 	6804
f 8092 	8247 	8161
f 8206 	7540 	7501
f 8467 	8170 	8154
f 8083 	7721 	8092
f 8210 	8135 	8224
f 8223 	8224 	8168
f 8135 	8168 	8224
f 8147 	1744 	8146
f 8196 	8401 	8195
f 8212 	8210 	8224
f 8196 	8220 	8401
f 8197 	6612 	8226
f 6611 	8226 	6612
f 8237 	8238 	9733
f 8224 	8209 	8210
f 1757 	8147 	8145
f 1756 	8147 	1757
f 8227 	6615 	2131
f 6611 	6615 	8227
f 6611 	8227 	8226
f 8146 	8145 	8147
f 8209 	8224 	8205
f 7261 	6847 	8160
f 8197 	8226 	8198
f 8147 	2342 	8229
f 8198 	8226 	8227
f 6799 	8229 	2224
f 6799 	2224 	2223
f 8225 	8212 	8223
f 8259 	8212 	8225
f 8224 	8223 	8212
f 8226 	6756 	8197
f 540 	6756 	8227
f 8227 	6756 	8226
f 8133 	8420 	8255
f 9733 	8224 	8223
f 8204 	8226 	8197
f 8225 	8259 	9733
f 8225 	9733 	8223
f 8154 	8147 	8229
f 8227 	2131 	8234
f 8234 	8221 	8227
f 8210 	8222 	8224
f 2210 	8844 	2211
f 2347 	7963 	2210
f 8233 	8234 	2131
f 8194 	8174 	8086
f 8034 	8194 	8086
f 2347 	2348 	7417
f 540 	8227 	2131
f 8271 	8219 	8200
f 8213 	8063 	8183
f 8265 	8078 	8079
f 8185 	9050 	8230
f 8272 	8149 	8230
f 2131 	8227 	2139
f 8226 	8314 	8227
f 8223 	8224 	8222
f 8185 	8230 	8200
f 2229 	2227 	8189
f 8259 	8225 	8222
f 8223 	8222 	8225
f 8184 	8207 	8231
f 8185 	8140 	8232
f 8185 	8232 	8230
f 2475 	2479 	8585
f 8189 	2475 	8585
f 8192 	8213 	8183
f 8139 	8149 	8202
f 8202 	8149 	8232
f 8198 	8227 	8211
f 8221 	8211 	8227
f 6806 	7281 	6863
f 2479 	8191 	7417
f 8202 	439 	8232
f 2479 	2475 	8191
f 8238 	8205 	8288
f 8205 	8209 	8288
f 8211 	8221 	8231
f 8234 	8231 	8221
f 8235 	8231 	8234
f 8081 	8904 	8080
f 8220 	8239 	8191
f 8239 	8240 	8191
f 7417 	8191 	8240
f 8088 	6723 	8081
f 8130 	8907 	8129
f 8234 	8233 	8235
f 8232 	8907 	8202
f 7845 	8240 	8239
f 8235 	8233 	2136
f 8244 	7424 	7417
f 8242 	8132 	8237
f 2136 	2125 	28
f 2405 	28 	2125
f 8244 	7417 	8245
f 7417 	8240 	8245
f 8234 	8221 	7397
f 8233 	8234 	7397
f 7517 	8088 	8128
f 5635 	7496 	8128
f 8245 	8526 	8244
f 8238 	8237 	8222
f 8242 	8222 	8237
f 7397 	3871 	8233
f 8243 	7499 	7671
f 8209 	8210 	8288
f 7424 	8244 	7845
f 7845 	8244 	8245
f 8135 	8205 	8238
f 8235 	6611 	8231
f 8222 	8205 	8238
f 8240 	7845 	8245
f 5635 	5650 	8128
f 8320 	8403 	8319
f 8247 	8246 	8161
f 8216 	8161 	8246
f 8247 	8092 	7721
f 8118 	8075 	8256
f 8214 	8218 	8215
f 8205 	8224 	8238
f 8224 	9733 	8238
f 8236 	8192 	8193
f 8162 	8216 	8246
f 8118 	8256 	8167
f 8248 	8094 	8178
f 376 	8251 	8252
f 8268 	8252 	8251
f 376 	377 	8251
f 7845 	8239 	6799
f 8229 	6799 	8239
f 8252 	8268 	8253
f 383 	8251 	375
f 7990 	8228 	8155
f 8220 	8196 	8229
f 8220 	8229 	8239
f 8155 	8228 	8108
f 7424 	7425 	8087
f 7199 	7205 	1594
f 8244 	8401 	8245
f 8245 	8401 	8240
f 1789 	1594 	7894
f 8259 	8225 	8141
f 8223 	9582 	8225
f 8256 	8266 	8167
f 8438 	457 	275
f 7734 	4976 	7671
f 7671 	4976 	4973
f 8259 	8260 	9733
f 8256 	8329 	8267
f 8114 	8138 	275
f 7803 	7806 	8076
f 8074 	8076 	7806
f 7803 	8076 	7816
f 8258 	8141 	7893
f 8256 	8075 	8329
f 8141 	8260 	8258
f 275 	8113 	8114
f 8438 	275 	8142
f 8258 	8259 	9683
f 8257 	8249 	8269
f 7621 	8255 	8262
f 8258 	7893 	8259
f 8286 	8326 	7806
f 8258 	8260 	8259
f 8222 	9683 	8259
f 7893 	7909 	8212
f 8263 	8264 	367
f 367 	8359 	8263
f 8263 	8359 	8215
f 8292 	8212 	8103
f 5768 	8287 	5658
f 8096 	8254 	8250
f 8270 	8306 	275
f 8270 	275 	8274
f 8095 	7908 	8254
f 317 	173 	8274
f 8251 	383 	8268
f 383 	8264 	8268
f 8263 	8268 	8264
f 8256 	8267 	8266
f 291 	8119 	283
f 8992 	8993 	8265
f 8275 	173 	248
f 8274 	173 	8275
f 8230 	9050 	8271
f 8308 	5772 	5770
f 8272 	8230 	8271
f 8257 	8269 	8194
f 8254 	7845 	7859
f 8230 	8271 	8200
f 8276 	8277 	8232
f 8230 	8232 	8277
f 8230 	8277 	8271
f 8212 	8259 	7893
f 5789 	5790 	8320
f 8276 	8232 	8272
f 8097 	8212 	8096
f 8232 	5697 	8276
f 8134 	8394 	7852
f 7752 	4954 	7734
f 4954 	4952 	7734
f 7855 	8121 	7852
f 8250 	8097 	8096
f 8101 	8097 	8250
f 8213 	8261 	8126
f 8262 	4980 	7741
f 8904 	6723 	7987
f 6724 	5024 	6723
f 5768 	8319 	8287
f 8096 	8095 	8254
f 8870 	8265 	8080
f 8904 	8883 	8080
f 5768 	5789 	8319
f 7741 	4980 	4955
f 8280 	8304 	5767
f 7517 	6723 	8088
f 7496 	6723 	7517
f 8904 	8081 	6723
f 7621 	8262 	7741
f 7752 	8282 	4954
f 4955 	4952 	8282
f 8907 	6726 	8129
f 8128 	8129 	6726
f 8926 	1183 	8279
f 8187 	8280 	6845
f 8282 	7754 	8283
f 8276 	8907 	8232
f 8130 	8202 	8907
f 7757 	7762 	8283
f 8247 	8284 	8285
f 8247 	8285 	8246
f 4954 	8506 	7752
f 5767 	4336 	8280
f 8192 	8307 	8213
f 8280 	4336 	6845
f 9324 	8278 	8408
f 8281 	8201 	8056
f 4976 	7734 	4952
f 7538 	7721 	8082
f 8290 	8237 	8289
f 8288 	8289 	8237
f 8237 	8238 	8288
f 8291 	7898 	8444
f 8267 	8273 	8266
f 8097 	8103 	8212
f 8288 	8212 	8292
f 8278 	8307 	8372
f 7702 	8286 	7688
f 7907 	8515 	7762
f 8283 	7762 	8515
f 8282 	8283 	8514
f 7702 	8279 	8286
f 7761 	7907 	7762
f 8295 	8296 	8294
f 8296 	9746 	8294
f 8926 	8279 	7702
f 8199 	283 	8186
f 8217 	8266 	8273
f 8287 	8160 	5658
f 8282 	8283 	7741
f 7762 	7741 	8283
f 7761 	7741 	7762
f 8485 	8282 	4955
f 8283 	8282 	8485
f 8391 	8304 	8187
f 8286 	7806 	7688
f 8156 	8166 	283
f 8206 	8160 	8287
f 7880 	7762 	8485
f 8283 	8485 	7762
f 8341 	8331 	8303
f 8304 	5770 	5767
f 8270 	8274 	8263
f 8263 	8274 	8268
f 7640 	7894 	1594
f 8274 	8275 	8268
f 8308 	5770 	8304
f 8400 	8302 	8269
f 8270 	8263 	8306
f 8215 	8306 	8263
f 8280 	8187 	8304
f 8174 	8194 	8172
f 8218 	275 	8306
f 8300 	8303 	8331
f 8275 	8313 	8268
f 8253 	8268 	6601
f 8237 	8290 	8242
f 8297 	9730 	8290
f 248 	2139 	8275
f 269 	2139 	257
f 25 	2139 	269
f 8218 	8306 	8215
f 8391 	8308 	8304
f 8182 	8186 	283
f 8199 	8207 	283
f 8241 	8206 	8287
f 8211 	8221 	283
f 2403 	28 	2405
f 8241 	8287 	8319
f 8204 	6804 	8314
f 8299 	8409 	8298
f 7721 	7349 	8300
f 8381 	8253 	6601
f 8305 	8311 	8312
f 8204 	8314 	8226
f 8409 	8659 	8298
f 1524 	208 	8298
f 8313 	2139 	8314
f 8313 	8275 	2139
f 2139 	8227 	8314
f 7982 	8301 	7349
f 8301 	8303 	8300
f 7925 	7933 	8316
f 8115 	8316 	7933
f 248 	257 	2139
f 25 	26 	2139
f 8309 	8310 	8318
f 8221 	8234 	283
f 8278 	8261 	8307
f 8961 	7717 	208
f 28 	105 	8234
f 8233 	2136 	28
f 8115 	8309 	8316
f 8318 	8316 	8309
f 8253 	8322 	8252
f 8261 	8213 	8307
f 8228 	8317 	8503
f 8325 	8335 	8323
f 8323 	8335 	8094
f 8319 	8403 	8241
f 8302 	2 	8324
f 8315 	5839 	8308
f 8301 	8327 	8303
f 8302 	8172 	8269
f 8319 	5789 	8320
f 8295 	8336 	8296
f 8324 	8172 	8302
f 8332 	8331 	8333
f 8332 	8333 	8334
f 8324 	8173 	8172
f 8094 	8335 	8093
f 6674 	8093 	8335
f 8333 	8337 	8338
f 8333 	8338 	8334
f 8323 	8339 	8325
f 8294 	8318 	8295
f 8341 	8337 	8333
f 8341 	8333 	8331
f 8293 	8336 	8294
f 8295 	8294 	8336
f 8331 	8332 	7721
f 8300 	8331 	7721
f 8103 	8101 	8316
f 7948 	8316 	8101
f 8316 	8318 	8103
f 4825 	4949 	8434
f 8327 	8341 	8303
f 8320 	5790 	8340
f 8342 	8376 	8343
f 5799 	8340 	5790
f 8250 	8292 	8103
f 8342 	8345 	8343
f 8411 	2307 	8344
f 8347 	8341 	8346
f 8336 	8288 	8250
f 8347 	8338 	8337
f 8347 	8337 	8341
f 8364 	8385 	8343
f 8348 	8405 	8364
f 8348 	8350 	8351
f 8352 	8346 	8341
f 8288 	8318 	8289
f 8293 	8297 	8318
f 8290 	8318 	8297
f 8289 	8318 	8290
f 8355 	8351 	8354
f 8348 	8351 	8355
f 8353 	8354 	8351
f 8326 	8349 	8358
f 8341 	8327 	8352
f 8301 	8352 	8327
f 8440 	9384 	4958
f 8292 	8318 	8288
f 8310 	8295 	8318
f 8294 	8293 	8318
f 8325 	8407 	8335
f 8335 	8407 	8356
f 8351 	8356 	8348
f 8188 	8173 	8324
f 1 	8324 	2
f 8348 	8359 	8351
f 365 	441 	8359
f 8359 	367 	365
f 8446 	8291 	8444
f 4841 	7991 	4849
f 8188 	8324 	1
f 8350 	8360 	8351
f 8353 	8351 	8360
f 8356 	8351 	8350
f 8361 	8363 	8236
f 8352 	8362 	8346
f 4909 	4849 	7991
f 8236 	8363 	8192
f 8335 	8356 	8345
f 8349 	8344 	8358
f 8343 	8367 	8364
f 8375 	8367 	8343
f 8366 	8364 	8367
f 8352 	8365 	8362
f 8356 	8364 	8345
f 8343 	8345 	8364
f 8350 	8348 	8364
f 8292 	8250 	8288
f 8386 	8243 	8451
f 8350 	8364 	8360
f 8366 	8360 	8364
f 8290 	8289 	8336
f 8364 	8356 	8350
f 8301 	7995 	8352
f 8315 	8357 	5838
f 8369 	2789 	8349
f 8243 	7671 	8451
f 8351 	9010 	8350
f 8351 	8359 	441
f 441 	9010 	8351
f 9010 	8342 	8364
f 8364 	8350 	9010
f 8343 	8364 	8342
f 2789 	8369 	3089
f 8369 	2876 	3089
f 8363 	8361 	8423
f 8346 	8362 	8347
f 8371 	8347 	8362
f 8252 	8322 	8354
f 8332 	8334 	8347
f 8338 	8347 	8334
f 8354 	8353 	8252
f 452 	8252 	8353
f 376 	8252 	452
f 7991 	8155 	4909
f 8805 	8369 	8349
f 5841 	8368 	8340
f 8366 	519 	8360
f 8367 	519 	8366
f 8332 	8347 	8374
f 8373 	8374 	8347
f 8371 	8373 	8347
f 8155 	7505 	4909
f 8805 	8349 	8279
f 8375 	8343 	8376
f 8374 	7721 	8332
f 8297 	8336 	8293
f 8083 	8082 	7721
f 8367 	8375 	8376
f 8336 	8297 	8290
f 8289 	8288 	8336
f 8292 	8103 	8318
f 8311 	1601 	8370
f 8312 	8311 	8370
f 8378 	8379 	8380
f 8362 	8373 	8371
f 4928 	4918 	8018
f 8380 	8379 	8381
f 8365 	8162 	8362
f 8382 	8427 	8343
f 8385 	8364 	8384
f 8382 	8343 	8385
f 8434 	8426 	4841
f 8383 	8368 	5841
f 8066 	8243 	8386
f 8378 	8382 	8385
f 8201 	8281 	8336
f 8383 	8387 	8368
f 8387 	8389 	8368
f 8374 	8373 	8390
f 8388 	8390 	8373
f 8068 	8066 	8386
f 8326 	8286 	8349
f 8201 	8336 	8250
f 8286 	8279 	8349
f 8386 	8451 	8305
f 8379 	8378 	8384
f 8385 	8384 	8378
f 8315 	8308 	8396
f 8385 	8382 	6803
f 8308 	8391 	8396
f 8070 	8312 	8370
f 8296 	8392 	8295
f 8293 	8294 	8392
f 8395 	8293 	8392
f 7999 	8000 	8392
f 8363 	8372 	8192
f 8307 	8192 	8372
f 8187 	7506 	8391
f 8074 	7806 	8326
f 7506 	8187 	7446
f 8423 	8372 	8363
f 8074 	8326 	8157
f 8103 	8292 	8395
f 8070 	8068 	8312
f 8395 	8289 	8290
f 4928 	8018 	4930
f 8247 	7721 	8374
f 8312 	8386 	8305
f 8377 	8409 	8299
f 8247 	8374 	8390
f 8247 	8390 	8284
f 8395 	8288 	8289
f 8312 	8068 	8386
f 8377 	8299 	8394
f 8390 	8388 	8285
f 8390 	8285 	8284
f 8292 	8288 	8395
f 8396 	7509 	7531
f 8397 	1609 	8415
f 8294 	8295 	8392
f 8170 	8377 	8394
f 8395 	8297 	8293
f 8396 	7531 	8393
f 8290 	8297 	8395
f 8083 	8100 	7898
f 1397 	8397 	8137
f 7509 	8396 	8391
f 8348 	8355 	8359
f 8082 	8083 	7898
f 8354 	8381 	8355
f 7540 	8241 	7549
f 8249 	8400 	8269
f 8241 	8403 	7549
f 8354 	8253 	8381
f 8379 	8355 	8381
f 8354 	8322 	8253
f 8400 	8249 	9317
f 8404 	8405 	8348
f 8384 	8364 	8405
f 8393 	8315 	8396
f 8402 	8399 	8406
f 8407 	8404 	8348
f 8348 	8356 	8407
f 8339 	8407 	8325
f 8278 	8372 	8408
f 8355 	8379 	8404
f 8405 	8404 	8379
f 8397 	8416 	8137
f 8344 	8349 	8411
f 8404 	8407 	8405
f 8339 	8405 	8407
f 285 	8393 	7531
f 8355 	8404 	8359
f 8464 	8262 	8255
f 8398 	8402 	8406
f 7549 	8403 	7569
f 8405 	8215 	8404
f 8222 	8402 	8398
f 8255 	8420 	8464
f 8403 	8410 	7569
f 8339 	8606 	8385
f 8323 	8412 	8339
f 8384 	8405 	8379
f 8405 	8339 	8384
f 8385 	8384 	8339
f 8416 	8136 	8137
f 8094 	8248 	8323
f 8410 	8320 	8340
f 8418 	8447 	8414
f 8413 	8414 	8447
f 9339 	9324 	8431
f 8320 	8410 	8403
f 8420 	8136 	8416
f 8359 	8404 	8215
f 8313 	6601 	8268
f 8414 	2761 	8413
f 8418 	2761 	8414
f 8302 	6 	2
f 8420 	8416 	8421
f 8415 	8421 	8416
f 8447 	8418 	8417
f 4815 	8453 	4813
f 8397 	8415 	8416
f 8417 	8449 	8418
f 6 	8302 	8400
f 8422 	8250 	8254
f 8413 	8482 	8411
f 6 	8400 	3
f 8357 	8393 	285
f 8414 	8411 	8418
f 8417 	8418 	8411
f 7859 	8422 	8254
f 8201 	8250 	8422
f 289 	7569 	8410
f 9317 	4 	3
f 8357 	8315 	8393
f 8402 	8050 	8399
f 8414 	8413 	8411
f 9318 	4 	9317
f 8388 	8373 	8246
f 8246 	8285 	8388
f 8373 	8362 	8246
f 8410 	8340 	8368
f 8380 	8424 	8378
f 8424 	8634 	8378
f 8453 	4815 	4930
f 289 	8410 	8368
f 8425 	8343 	8427
f 8378 	8425 	8427
f 5839 	5772 	8308
f 8378 	8427 	8382
f 8428 	8408 	8429
f 7650 	7572 	8162
f 8429 	8408 	8372
f 8382 	8385 	8606
f 8162 	8246 	8362
f 5838 	5839 	8315
f 8412 	8323 	8248
f 8426 	7991 	4841
f 8178 	8339 	8412
f 8178 	8412 	8248
f 5841 	8340 	5799
f 8429 	8372 	8423
f 8402 	8044 	8050
f 8050 	7350 	8399
f 8405 	8384 	8215
f 8215 	8385 	6803
f 8384 	8385 	8215
f 8382 	8427 	6803
f 6609 	6803 	8427
f 8433 	8389 	8387
f 8429 	8423 	8428
f 8431 	8428 	8423
f 8423 	8361 	8431
f 332 	331 	5843
f 318 	5842 	331
f 8381 	6601 	8380
f 4949 	8432 	8434
f 6835 	6815 	7623
f 8435 	8058 	8422
f 8422 	8058 	8201
f 8436 	8437 	8438
f 8436 	8438 	8439
f 1679 	1654 	8305
f 7931 	8505 	5289
f 8438 	8437 	8142
f 8143 	8113 	8437
f 6712 	9376 	4949
f 2789 	2756 	8411
f 1654 	1662 	8311
f 5330 	8551 	7950
f 7438 	7431 	8439
f 8436 	8439 	7437
f 7552 	6835 	7623
f 9009 	7987 	137
f 8611 	5342 	5331
f 8142 	8158 	8438
f 8138 	8156 	8142
f 193 	194 	8441
f 193 	8441 	8443
f 8459 	8461 	115
f 115 	113 	8459
f 8422 	7859 	8435
f 7552 	7438 	8439
f 8438 	6835 	8439
f 8138 	6835 	8142
f 8142 	6835 	8438
f 8138 	8114 	6835
f 7552 	8439 	6835
f 8446 	595 	448
f 113 	115 	138
f 8439 	457 	8438
f 8691 	8692 	8449
f 8449 	8692 	8448
f 444 	8446 	448
f 113 	196 	193
f 8018 	8450 	4930
f 194 	7602 	193
f 8450 	8018 	8217
f 138 	170 	113
f 193 	113 	170
f 7434 	7541 	457
f 7541 	7542 	457
f 141 	171 	170
f 141 	170 	138
f 8439 	7438 	457
f 8305 	1654 	8311
f 146 	172 	171
f 146 	171 	141
f 1601 	8311 	1662
f 7437 	7431 	6837
f 138 	170 	146
f 172 	146 	170
f 8426 	8434 	7997
f 8448 	8642 	8449
f 8449 	8603 	2756
f 8305 	8451 	1679
f 183 	8065 	184
f 7431 	7430 	7374
f 8441 	184 	8452
f 8452 	184 	8065
f 8449 	8411 	2756
f 8448 	8411 	8449
f 8437 	8436 	6837
f 8436 	7437 	6837
f 8453 	8450 	8217
f 184 	8067 	8454
f 184 	8454 	8441
f 8482 	8413 	8447
f 8453 	8217 	8273
f 8448 	8692 	8455
f 8143 	8437 	6837
f 7604 	6837 	7431
f 184 	8441 	176
f 180 	8452 	8065
f 8402 	8445 	8044
f 8453 	4930 	8450
f 7428 	6833 	6837
f 444 	8291 	8446
f 8441 	8454 	8443
f 8445 	8402 	8419
f 8328 	485 	8456
f 7978 	179 	8437
f 180 	176 	8441
f 180 	8441 	8452
f 4813 	8453 	4958
f 8411 	8448 	8455
f 8143 	6590 	8437
f 193 	8443 	113
f 8056 	9507 	8281
f 8440 	4958 	8453
f 8127 	310 	8454
f 114 	115 	8461
f 8440 	8453 	8273
f 154 	114 	8461
f 8457 	8376 	8460
f 8424 	8460 	8376
f 159 	154 	8461
f 159 	8461 	8459
f 8447 	8417 	8455
f 5347 	8620 	5338
f 8451 	4973 	1679
f 8458 	8376 	8457
f 8459 	8443 	310
f 8328 	8456 	8462
f 8474 	8475 	7204
f 2761 	8418 	8449
f 8448 	8449 	8417
f 8455 	8448 	8417
f 8454 	310 	8443
f 154 	8461 	310
f 8461 	8459 	310
f 595 	8446 	9087
f 7671 	4973 	8451
f 8455 	8417 	8411
f 8459 	8461 	8463
f 8296 	9746 	8392
f 8449 	2756 	2761
f 165 	8463 	154
f 8461 	154 	8463
f 7204 	8597 	8681
f 8459 	8463 	159
f 165 	159 	8463
f 401 	8017 	7162
f 8067 	8127 	8454
f 8606 	8178 	7213
f 124 	7162 	8017
f 8377 	8442 	8409
f 830 	124 	8017
f 141 	126 	146
f 126 	152 	146
f 128 	152 	126
f 143 	146 	152
f 8464 	1729 	4975
f 8262 	8464 	4975
f 8641 	7988 	8432
f 401 	1870 	8017
f 1866 	8017 	1870
f 8421 	8464 	8420
f 128 	149 	168
f 164 	168 	149
f 159 	164 	149
f 165 	164 	159
f 8421 	1729 	8464
f 8273 	8267 	8465
f 8442 	8377 	8467
f 7225 	6609 	8425
f 8427 	8425 	6609
f 4980 	8262 	4975
f 322 	321 	8470
f 8469 	8470 	321
f 321 	8471 	8469
f 8472 	8469 	8471
f 8468 	8469 	8472
f 8577 	8466 	8584
f 8746 	8633 	6929
f 1736 	8415 	1609
f 8473 	8476 	8357
f 5838 	8357 	8476
f 8434 	8432 	7988
f 1736 	1742 	8415
f 8474 	9223 	8475
f 7988 	7997 	8434
f 320 	5838 	8476
f 8421 	8415 	1742
f 6921 	7204 	8475
f 8477 	8472 	8471
f 8481 	8645 	8480
f 8413 	8482 	8189
f 8478 	8189 	8483
f 8421 	1742 	1729
f 322 	8470 	8479
f 8440 	8273 	8465
f 339 	8645 	321
f 8471 	321 	8477
f 4955 	4953 	8485
f 8413 	2761 	8482
f 7958 	8484 	7930
f 8486 	8482 	2761
f 8487 	7204 	8491
f 8477 	432 	8471
f 8485 	1897 	1880
f 2307 	8411 	8482
f 8474 	7204 	8487
f 8488 	8489 	9170
f 559 	9170 	8489
f 8552 	8488 	8466
f 9217 	9223 	8491
f 320 	8476 	353
f 1789 	7894 	8485
f 7880 	8485 	7894
f 8480 	8469 	8481
f 2234 	8478 	8486
f 8483 	8486 	8478
f 8456 	458 	601
f 8468 	8481 	8469
f 8490 	8584 	8492
f 8497 	607 	560
f 8513 	607 	8497
f 8681 	9217 	8491
f 8495 	8470 	8494
f 8496 	8470 	8495
f 8470 	8498 	8494
f 8469 	8498 	8470
f 8493 	8494 	8498
f 8440 	8465 	8644
f 8486 	2761 	2234
f 8446 	9088 	9087
f 559 	8489 	560
f 8497 	560 	8489
f 8502 	8513 	8499
f 8553 	8501 	8499
f 8501 	8502 	8499
f 8489 	8499 	8513
f 8998 	8997 	8446
f 8444 	8998 	8446
f 8995 	9008 	7898
f 8496 	369 	8470
f 560 	8497 	564
f 255 	566 	254
f 8480 	8479 	369
f 8479 	8470 	369
f 8191 	8483 	8482
f 8191 	8482 	8447
f 8502 	8501 	8492
f 8490 	8492 	8501
f 8482 	8486 	8483
f 8493 	8498 	8539
f 8624 	8490 	8492
f 7898 	8993 	8995
f 8500 	7213 	6925
f 2307 	8482 	8483
f 8478 	2307 	8483
f 8503 	8504 	7913
f 8484 	7931 	7930
f 8517 	8516 	8467
f 7931 	8484 	8505
f 8317 	8504 	8503
f 8485 	1880 	1789
f 458 	8456 	485
f 4954 	5025 	8506
f 7904 	7752 	8506
f 7754 	7752 	7904
f 8154 	8195 	8467
f 8517 	8467 	8195
f 316 	323 	8575
f 8495 	8575 	323
f 8509 	8506 	5025
f 8510 	8508 	7729
f 8377 	8170 	8467
f 7915 	9166 	9438
f 7915 	9438 	8507
f 8495 	8511 	8496
f 566 	8502 	254
f 8598 	254 	8501
f 8501 	254 	8502
f 8108 	8228 	8503
f 7905 	8328 	8462
f 8525 	8520 	8442
f 8510 	9057 	8508
f 8514 	7904 	8506
f 8509 	8514 	8506
f 8512 	607 	8513
f 8277 	8276 	8272
f 7907 	7902 	8515
f 8497 	8489 	8513
f 8191 	8447 	8196
f 8516 	8517 	8447
f 8195 	8447 	8517
f 7902 	7901 	8515
f 5697 	8208 	8276
f 5289 	8505 	5331
f 8513 	8497 	8518
f 572 	8518 	8497
f 572 	8497 	560
f 8520 	8526 	8519
f 4950 	4953 	5038
f 4953 	4955 	5038
f 4955 	8282 	8509
f 8513 	571 	8497
f 564 	8497 	571
f 8277 	8272 	8271
f 8517 	8516 	8521
f 8513 	8502 	8512
f 8492 	8512 	8502
f 8514 	8283 	8515
f 8509 	8282 	8514
f 8317 	8321 	8504
f 8442 	8467 	8516
f 8512 	8624 	8492
f 8624 	8512 	8513
f 8518 	8624 	8513
f 46 	8624 	572
f 698 	9160 	8522
f 9438 	8330 	8507
f 1343 	8523 	1459
f 8524 	8519 	8526
f 8525 	8526 	8520
f 571 	8513 	566
f 8502 	566 	8513
f 571 	8513 	8518
f 571 	8518 	574
f 8108 	8503 	7946
f 5697 	5691 	8208
f 8442 	8526 	8525
f 8329 	8075 	8507
f 8208 	8277 	8276
f 8507 	7941 	7915
f 8687 	254 	8621
f 8208 	8219 	8277
f 8687 	8686 	254
f 8524 	8442 	8516
f 8526 	8442 	8524
f 8228 	8528 	8317
f 8512 	8492 	8530
f 8529 	8530 	8492
f 8529 	8492 	8490
f 9057 	8500 	8508
f 8528 	8531 	8317
f 8530 	8513 	8512
f 8219 	8271 	8277
f 8524 	8401 	8526
f 7225 	9081 	7927
f 7927 	7928 	7225
f 5210 	5172 	8532
f 8529 	8501 	8502
f 8513 	8530 	8502
f 8529 	8502 	8530
f 8517 	8521 	8195
f 8239 	8220 	8521
f 7299 	7287 	7225
f 9070 	7918 	9137
f 325 	369 	8496
f 8513 	8530 	8518
f 8534 	8518 	8530
f 8524 	8516 	8401
f 8516 	8517 	8401
f 8401 	8517 	8195
f 8536 	8725 	8530
f 8535 	8536 	8530
f 8535 	8530 	309
f 7204 	8681 	8491
f 8535 	309 	312
f 8539 	8540 	8538
f 92 	8537 	8540
f 8498 	8540 	8539
f 91 	92 	8540
f 8239 	8401 	8220
f 8513 	576 	8530
f 571 	576 	8513
f 309 	8530 	576
f 8541 	245 	8542
f 5210 	8532 	8533
f 53 	8542 	245
f 8534 	8544 	8518
f 8544 	576 	8518
f 6814 	309 	8544
f 309 	576 	8544
f 574 	8518 	576
f 8524 	8447 	8519
f 8545 	8519 	8447
f 8321 	8317 	8531
f 8489 	8488 	8499
f 8480 	8546 	8469
f 8540 	8498 	8546
f 8531 	8637 	8547
f 8488 	9029 	8489
f 8498 	8469 	8546
f 9029 	295 	8548
f 8548 	8489 	9029
f 8466 	8577 	8550
f 8480 	369 	8546
f 8609 	8614 	8543
f 5347 	5210 	8533
f 8550 	8553 	8466
f 8552 	8466 	8553
f 8520 	8728 	8525
f 8533 	8532 	8784
f 8627 	8784 	8532
f 8549 	8598 	8550
f 8550 	8598 	8553
f 323 	329 	8573
f 91 	8540 	8573
f 8540 	8546 	8573
f 8554 	8573 	8546
f 8554 	8511 	8573
f 8495 	8573 	8511
f 323 	8573 	8495
f 8546 	8541 	8554
f 8542 	8554 	8541
f 8553 	8499 	8552
f 8488 	8552 	8499
f 8520 	8519 	8545
f 1360 	8532 	5172
f 5330 	5338 	8551
f 8496 	8511 	53
f 8511 	8554 	53
f 8542 	53 	8554
f 53 	54 	8496
f 325 	8496 	54
f 9029 	8488 	8552
f 9029 	8552 	8553
f 1360 	1488 	8532
f 8519 	8442 	8520
f 8548 	295 	580
f 8573 	329 	346
f 346 	54 	8573
f 8552 	8488 	8555
f 8489 	8555 	8488
f 8519 	8545 	8442
f 8694 	8442 	8545
f 8556 	8557 	8636
f 1495 	8636 	8557
f 7922 	7927 	9181
f 8555 	8553 	8552
f 8383 	5841 	6162
f 1495 	8557 	1546
f 830 	8017 	8548
f 8559 	8560 	8538
f 8539 	8538 	8560
f 8561 	8562 	8563
f 8545 	8519 	8520
f 8525 	8401 	8520
f 8526 	8401 	8525
f 8711 	8545 	8401
f 8520 	8401 	8545
f 8553 	8555 	8017
f 8555 	8489 	8017
f 8489 	8548 	8017
f 580 	830 	8548
f 6162 	8494 	8383
f 8494 	8493 	8383
f 8493 	8539 	8383
f 8564 	8563 	8565
f 8564 	8561 	8563
f 8567 	8383 	8539
f 8387 	8383 	8567
f 8557 	8556 	1546
f 8566 	8458 	8457
f 8534 	8568 	8544
f 7958 	8741 	8593
f 8570 	8569 	8636
f 8556 	8636 	8569
f 8571 	8538 	8537
f 8562 	8572 	8563
f 6813 	8536 	8535
f 6813 	8535 	312
f 144 	91 	8573
f 8593 	8484 	7958
f 8565 	8563 	8572
f 8195 	8196 	8447
f 8524 	8516 	8447
f 8569 	8653 	8556
f 135 	144 	8573
f 7950 	8551 	7964
f 8536 	8535 	8544
f 312 	6814 	8535
f 8574 	8653 	8570
f 8494 	8575 	8495
f 8544 	8535 	6814
f 7958 	8176 	8741
f 6178 	316 	8576
f 8575 	8576 	316
f 7964 	8551 	8558
f 8549 	8550 	8577
f 8538 	8540 	8537
f 8578 	8538 	8571
f 8587 	8588 	9013
f 8580 	8576 	8575
f 8580 	8575 	8559
f 8580 	8559 	8538
f 8580 	8538 	8578
f 8460 	8564 	8566
f 8460 	8566 	8457
f 1546 	8556 	8653
f 6162 	6178 	8576
f 7970 	8558 	8601
f 8564 	8565 	8561
f 8562 	8561 	8565
f 8190 	8189 	8478
f 2228 	8189 	8190
f 8482 	8483 	8189
f 8575 	8494 	8582
f 8569 	8570 	8653
f 8574 	8822 	8653
f 8584 	8466 	8583
f 8575 	8582 	8559
f 8560 	8559 	8582
f 8460 	8579 	8564
f 8565 	8566 	8564
f 8585 	8586 	8189
f 8414 	8189 	8586
f 8586 	8635 	8414
f 8576 	8582 	6162
f 8494 	6162 	8582
f 7964 	8558 	7970
f 9080 	8583 	8466
f 8567 	8539 	8589
f 8483 	8191 	8478
f 8478 	8191 	8190
f 8601 	8558 	8640
f 8584 	8590 	8577
f 8579 	9013 	8588
f 8561 	8579 	8588
f 8564 	8579 	8561
f 8478 	2234 	8190
f 8582 	8580 	8560
f 8576 	8580 	8582
f 8539 	8560 	8580
f 8539 	8580 	8589
f 5597 	5600 	8592
f 4436 	9487 	5600
f 8591 	5600 	8596
f 8591 	8592 	5600
f 8596 	5600 	9487
f 8572 	9018 	8595
f 8562 	8587 	8572
f 8587 	9018 	8572
f 8478 	8190 	2307
f 5597 	8592 	5643
f 8468 	8472 	8567
f 8472 	8433 	8567
f 8387 	8567 	8433
f 5643 	8592 	8591
f 8584 	8583 	8492
f 8583 	9080 	8492
f 8598 	8584 	8490
f 8590 	8584 	8599
f 8792 	8590 	8599
f 8598 	8599 	8584
f 8567 	8589 	8468
f 8345 	8779 	8597
f 8581 	8586 	8585
f 8583 	8590 	8584
f 2323 	8586 	8585
f 8571 	8537 	8468
f 8481 	8468 	92
f 92 	91 	8481
f 8531 	8547 	8321
f 8600 	8329 	8330
f 2759 	2756 	8603
f 8537 	92 	8468
f 8580 	8537 	144
f 92 	144 	8537
f 8571 	8468 	8578
f 8528 	8228 	7990
f 8339 	8178 	8606
f 8093 	7213 	8178
f 7970 	8601 	8180
f 8571 	8537 	8580
f 8578 	8571 	8580
f 8632 	8628 	8418
f 8414 	8632 	8418
f 8597 	8335 	8345
f 8751 	8601 	8674
f 8600 	8330 	8607
f 8578 	8468 	8589
f 8777 	8597 	8779
f 45 	8481 	91
f 53 	45 	91
f 8605 	7987 	3090
f 2768 	2759 	8603
f 8528 	7990 	7988
f 137 	7987 	147
f 8455 	8609 	8610
f 8623 	8448 	8610
f 92 	91 	144
f 8531 	8528 	8641
f 8608 	8611 	8505
f 7987 	8605 	147
f 8608 	8505 	8484
f 8638 	8756 	8777
f 8604 	8580 	144
f 152 	8604 	144
f 152 	144 	143
f 8610 	8609 	8720
f 8543 	8720 	8609
f 7988 	8641 	8528
f 8036 	157 	8612
f 8602 	8792 	8599
f 8609 	8613 	8610
f 8609 	8455 	8614
f 8591 	8596 	5643
f 8417 	8418 	8628
f 8599 	8598 	8799
f 8501 	8553 	8598
f 9487 	6848 	8596
f 8598 	8615 	8599
f 5600 	1451 	1664
f 8611 	5331 	8505
f 8617 	8684 	8599
f 8616 	8617 	8599
f 8615 	8616 	8599
f 43 	8658 	8619
f 8619 	8658 	8618
f 8389 	8618 	8658
f 8551 	5338 	8620
f 8621 	8622 	8599
f 8598 	8599 	8622
f 8614 	8632 	8609
f 5600 	1664 	8669
f 8602 	8713 	8599
f 157 	8797 	8612
f 8624 	8617 	8616
f 145 	157 	8036
f 8610 	8720 	8623
f 8642 	8623 	8720
f 8621 	254 	8622
f 8637 	8531 	8641
f 8617 	8616 	8622
f 8617 	8622 	8621
f 8623 	8642 	7968
f 3431 	7968 	8642
f 8501 	8598 	8490
f 8490 	8624 	8598
f 8455 	8628 	8614
f 8619 	45 	43
f 8036 	8612 	3100
f 8626 	8627 	8629
f 8605 	3291 	8664
f 8616 	8615 	8624
f 8598 	8624 	8615
f 21 	22 	8639
f 8619 	8639 	43
f 8629 	8627 	5654
f 5683 	5654 	8627
f 8619 	43 	432
f 8631 	8632 	8414
f 8455 	8417 	8628
f 8632 	8631 	8581
f 8036 	3100 	3070
f 1525 	5683 	8627
f 1525 	8627 	1488
f 8632 	8631 	2772
f 8613 	8632 	2772
f 8639 	8619 	8357
f 8619 	8618 	8357
f 8376 	8798 	8634
f 8424 	8376 	8634
f 8631 	8414 	8635
f 8626 	8629 	8625
f 5654 	8625 	8629
f 8631 	8635 	8581
f 8600 	8644 	8465
f 8586 	2323 	8635
f 8773 	147 	8605
f 8636 	1495 	1459
f 8600 	8465 	8267
f 8633 	8378 	8634
f 8619 	432 	8618
f 8473 	8471 	432
f 8523 	8636 	1459
f 8267 	8329 	8600
f 7968 	8585 	8632
f 8424 	8634 	8460
f 8633 	8460 	8634
f 8773 	344 	147
f 8639 	285 	282
f 8628 	8543 	8614
f 8769 	8574 	8636
f 8622 	254 	8598
f 8432 	8637 	8641
f 8628 	8632 	8543
f 8598 	8622 	8615
f 8698 	8612 	8797
f 8616 	8615 	8622
f 8581 	8543 	8632
f 8628 	8632 	8614
f 8613 	8609 	8632
f 8635 	8586 	8581
f 285 	8639 	8357
f 8631 	8635 	2323
f 8603 	8449 	8642
f 8999 	8777 	8756
f 8643 	310 	289
f 8455 	8610 	8448
f 8642 	8448 	8623
f 8644 	8600 	8607
f 8658 	22 	8656
f 8425 	8378 	8638
f 8427 	8606 	8425
f 8425 	8606 	8638
f 8523 	8769 	8636
f 8471 	8473 	8357
f 8756 	7225 	8638
f 8605 	3090 	3291
f 8613 	2772 	8610
f 8642 	8623 	2772
f 8642 	2772 	8603
f 8623 	8610 	2772
f 8618 	8472 	8477
f 2759 	2758 	3431
f 8603 	2759 	3431
f 8642 	8603 	3431
f 8630 	8608 	8593
f 8610 	8623 	7968
f 8609 	8610 	7968
f 8614 	8609 	7968
f 8628 	8614 	7968
f 8709 	8710 	8599
f 8684 	8709 	8599
f 8627 	8532 	1488
f 8645 	8619 	8618
f 8645 	8618 	8477
f 8646 	8649 	8647
f 8631 	8632 	8585
f 8628 	7968 	8632
f 8635 	8631 	8585
f 8586 	8635 	8585
f 8477 	8471 	8357
f 8477 	8357 	8618
f 7553 	8650 	8651
f 7553 	8651 	7528
f 8652 	8647 	8646
f 8618 	432 	8477
f 7864 	7867 	7868
f 8593 	8608 	8484
f 8698 	8719 	3309
f 8643 	289 	8368
f 8427 	8382 	8606
f 6431 	6432 	7070
f 7070 	2891 	6431
f 7072 	7070 	6432
f 8702 	8655 	8656
f 8425 	8638 	7225
f 8654 	6432 	6435
f 8654 	6435 	8660
f 8654 	8660 	8661
f 8558 	8620 	8640
f 8634 	8424 	6928
f 6601 	6928 	8424
f 8380 	6601 	8424
f 8433 	8472 	8389
f 8472 	8618 	8389
f 8661 	8660 	8662
f 8663 	8665 	8662
f 8661 	8662 	8665
f 8645 	45 	8619
f 18 	43 	45
f 8481 	45 	8645
f 339 	8480 	8645
f 8477 	321 	8645
f 8670 	8690 	8661
f 8665 	8670 	8661
f 8690 	7106 	8661
f 8551 	8620 	8558
f 8767 	7072 	8654
f 8661 	8767 	8654
f 3291 	8707 	8664
f 8658 	8656 	8643
f 8656 	8655 	8643
f 8665 	8767 	8661
f 8657 	8664 	8707
f 8389 	8658 	8368
f 8643 	8368 	8658
f 8666 	8668 	8667
f 7089 	8654 	7072
f 8666 	9217 	8668
f 8654 	7089 	8661
f 92 	8680 	56
f 8537 	8680 	92
f 8571 	8680 	8537
f 8672 	8646 	8671
f 8647 	8671 	8646
f 2789 	8411 	8349
f 8624 	9134 	8649
f 8601 	8640 	8674
f 8675 	135 	8678
f 8673 	111 	8675
f 8659 	2919 	2902
f 8676 	8673 	8675
f 8659 	8677 	2919
f 8604 	127 	8673
f 8604 	8673 	8675
f 8668 	8597 	8933
f 8652 	8646 	8679
f 8672 	8679 	8646
f 8578 	8680 	8571
f 8678 	56 	8680
f 9134 	8624 	9077
f 8675 	8678 	8682
f 8675 	8682 	8676
f 8683 	8597 	8668
f 2891 	6424 	2882
f 8604 	8675 	8678
f 8604 	8678 	8680
f 8604 	8680 	8580
f 8683 	8668 	9217
f 8655 	8702 	8685
f 8680 	8578 	8589
f 8599 	8686 	8687
f 8599 	8687 	8621
f 8665 	8661 	7089
f 8409 	8442 	8677
f 8643 	8655 	8685
f 8624 	8649 	8617
f 8589 	8580 	8680
f 8683 	9217 	8681
f 8709 	8684 	8687
f 8685 	8702 	161
f 156 	310 	161
f 8409 	8677 	8659
f 8684 	8617 	8621
f 8621 	8687 	8684
f 8568 	8534 	8684
f 8447 	8455 	8692
f 8690 	7097 	7106
f 8685 	161 	8643
f 8621 	8622 	8687
f 8678 	8693 	8682
f 8545 	8447 	8694
f 8694 	8447 	8692
f 8660 	6435 	6423
f 8662 	8660 	6423
f 8693 	8673 	8676
f 8693 	8676 	8682
f 8678 	8675 	8693
f 8673 	8693 	8675
f 8716 	8696 	2822
f 2820 	2822 	8697
f 3100 	8612 	3309
f 158 	168 	161
f 148 	168 	158
f 8660 	6430 	8662
f 6435 	6430 	8660
f 8700 	2820 	8697
f 127 	168 	148
f 164 	161 	168
f 308 	254 	8712
f 8689 	8712 	254
f 8689 	254 	8686
f 8691 	8449 	2756
f 2756 	2755 	8691
f 8703 	161 	8702
f 100 	156 	8703
f 8660 	6318 	6435
f 8686 	8710 	8687
f 8630 	8699 	9121
f 8702 	8656 	21
f 21 	8656 	22
f 8689 	8710 	8686
f 8662 	6319 	8660
f 22 	8658 	43
f 8598 	8529 	8490
f 18 	100 	8703
f 8598 	8501 	8529
f 8662 	8832 	8663
f 8691 	8740 	8692
f 8648 	8698 	8701
f 282 	100 	8703
f 8598 	8534 	8529
f 8615 	8534 	8598
f 8832 	8662 	6423
f 8691 	8677 	8692
f 196 	115 	282
f 8530 	8529 	8534
f 8615 	8616 	8534
f 8616 	8617 	8534
f 8617 	8684 	8534
f 6456 	8839 	6423
f 8697 	8696 	8677
f 8648 	8705 	8706
f 4386 	4383 	3291
f 8529 	8530 	8725
f 8686 	8687 	8725
f 8529 	8725 	8687
f 8622 	8598 	8687
f 8529 	8687 	8598
f 8715 	6319 	8708
f 8663 	8708 	8662
f 8686 	8725 	8689
f 18 	8703 	8702
f 18 	8702 	21
f 8694 	8692 	8442
f 8442 	8692 	8677
f 8677 	8691 	8700
f 8700 	8697 	8677
f 8602 	8599 	8646
f 8710 	8646 	8599
f 8692 	8711 	8691
f 9121 	8608 	8630
f 8686 	8713 	8689
f 8713 	8732 	8689
f 8694 	8711 	8692
f 8620 	9130 	8640
f 8649 	8709 	8684
f 8684 	8617 	8649
f 8711 	8776 	8697
f 4414 	6956 	8714
f 8568 	8684 	8709
f 8704 	8640 	9130
f 8649 	8710 	8709
f 8700 	8711 	8697
f 9220 	9217 	8666
f 4383 	4414 	8707
f 8714 	8707 	4414
f 8700 	8691 	8711
f 506 	308 	8712
f 8708 	6319 	8662
f 8712 	8710 	8689
f 8709 	8687 	8710
f 8696 	8697 	2822
f 8839 	6456 	8718
f 8603 	8720 	2759
f 8568 	8709 	8710
f 8953 	8933 	8597
f 8699 	9078 	9528
f 8670 	8722 	8724
f 8670 	8724 	8690
f 8683 	8681 	8597
f 4400 	8721 	4422
f 8719 	8723 	8721
f 8725 	8712 	8689
f 8310 	3450 	8726
f 8649 	8646 	8710
f 8723 	4422 	8721
f 8715 	8708 	8718
f 8717 	8715 	8718
f 8727 	8704 	9474
f 6813 	506 	8536
f 8725 	8536 	506
f 8712 	8725 	506
f 8657 	8707 	8714
f 8725 	8544 	8712
f 8536 	8544 	8725
f 8710 	8712 	8544
f 8710 	8544 	8568
f 8727 	8674 	8704
f 8719 	8648 	8723
f 8701 	8723 	8648
f 8536 	8725 	8535
f 8719 	8721 	8648
f 8705 	8648 	8721
f 8712 	522 	8725
f 8535 	8725 	522
f 8712 	8689 	8732
f 8732 	522 	8712
f 312 	8535 	522
f 8695 	1546 	8653
f 8729 	9073 	8730
f 8730 	8974 	8731
f 8706 	8705 	8733
f 8721 	8733 	8705
f 8734 	521 	522
f 8734 	522 	8732
f 8674 	8640 	8704
f 8734 	8732 	8713
f 8730 	9076 	8731
f 9092 	9076 	8729
f 8729 	9076 	8730
f 8732 	8713 	8736
f 8679 	8736 	8713
f 8679 	8713 	8652
f 8702 	8639 	8703
f 21 	8639 	8702
f 8679 	8672 	8671
f 8669 	1664 	8735
f 8703 	8639 	282
f 8799 	8598 	8549
f 260 	8702 	8703
f 8688 	8737 	8723
f 1664 	1677 	8735
f 21 	8702 	432
f 260 	432 	8702
f 8726 	8720 	8740
f 3179 	8720 	8726
f 8752 	9081 	8738
f 6979 	8737 	8758
f 8698 	8648 	8719
f 9091 	8796 	8739
f 8738 	8931 	8754
f 8733 	8719 	8648
f 8733 	8648 	8706
f 8915 	8903 	8695
f 8173 	8741 	8176
f 8425 	8638 	8779
f 8955 	8756 	8954
f 8739 	8741 	8173
f 8740 	8720 	8728
f 8543 	8728 	8720
f 8955 	8954 	8597
f 8796 	8593 	8741
f 8642 	8720 	8603
f 4400 	4398 	8721
f 8667 	8668 	8933
f 8719 	8733 	8721
f 8730 	7133 	8729
f 9092 	8729 	7133
f 2820 	8296 	2822
f 8719 	8721 	3309
f 8730 	8731 	7133
f 8746 	8892 	8742
f 8714 	6956 	8745
f 2822 	8677 	8716
f 8744 	8743 	8750
f 8716 	8776 	2822
f 6975 	8745 	6956
f 8180 	8601 	8751
f 8579 	8744 	8743
f 8657 	8714 	8745
f 6929 	7095 	8744
f 8744 	8750 	8746
f 7133 	7109 	9092
f 8989 	8553 	8017
f 8746 	8750 	8633
f 8460 	8633 	8579
f 8701 	8688 	8723
f 8593 	8796 	8630
f 8734 	8816 	832
f 8742 	8744 	8746
f 8378 	8633 	8750
f 8748 	9127 	8749
f 521 	8734 	832
f 8747 	7131 	8748
f 8746 	8579 	8633
f 8742 	8579 	8746
f 8744 	8579 	8742
f 9127 	8748 	8747
f 8726 	8740 	8716
f 8738 	8754 	8752
f 8295 	8310 	8716
f 7135 	8749 	7131
f 8745 	6975 	7040
f 8753 	8755 	828
f 8754 	8954 	8756
f 8955 	8999 	8756
f 8696 	8716 	8677
f 8755 	8757 	828
f 8829 	8758 	8688
f 8752 	8754 	8750
f 8750 	8754 	8756
f 8700 	8740 	8691
f 8697 	8740 	8700
f 8884 	8885 	8762
f 8762 	8791 	8884
f 8759 	8884 	8791
f 828 	8760 	829
f 8606 	9057 	8754
f 8772 	8885 	8774
f 8692 	8740 	8694
f 8520 	8545 	8728
f 8694 	8740 	8545
f 8688 	8758 	8737
f 8763 	8760 	8757
f 828 	8757 	8760
f 8756 	8606 	8754
f 7225 	8754 	8752
f 8766 	8768 	8765
f 8764 	8765 	8768
f 8570 	8636 	8574
f 839 	829 	8770
f 8760 	8770 	829
f 8378 	8750 	8638
f 8756 	8638 	8750
f 8891 	6424 	7070
f 8758 	6981 	6979
f 8638 	8606 	8756
f 8180 	8751 	8193
f 8193 	8751 	8866
f 7225 	8756 	8754
f 8696 	8716 	8740
f 8763 	8765 	8760
f 8633 	8634 	6928
f 8697 	8696 	8740
f 8764 	8760 	8765
f 8771 	8760 	8764
f 8752 	9081 	7225
f 8728 	8545 	8740
f 8731 	9076 	8774
f 8770 	8760 	852
f 8771 	8775 	8760
f 852 	8760 	8775
f 8775 	853 	852
f 8744 	8746 	6929
f 6928 	6929 	8633
f 8746 	8744 	8742
f 839 	8770 	852
f 8342 	8425 	8779
f 8343 	8425 	8342
f 8736 	8778 	8732
f 8774 	7133 	8731
f 4436 	5600 	8669
f 3264 	2820 	8776
f 8776 	8716 	8696
f 8696 	8697 	8776
f 8999 	8781 	8777
f 8779 	8777 	8781
f 8773 	8605 	8664
f 8780 	8762 	8761
f 8761 	8772 	8780
f 8626 	8625 	8784
f 8782 	8783 	8766
f 8782 	8766 	8765
f 8757 	8755 	8765
f 8755 	8753 	8765
f 8782 	8765 	8753
f 8777 	8999 	8597
f 8769 	8523 	8527
f 8765 	8763 	8757
f 8753 	8785 	8755
f 8545 	8711 	8694
f 8781 	8798 	8779
f 8798 	8376 	8779
f 9458 	8769 	8527
f 8772 	8774 	8780
f 8749 	8780 	8774
f 8401 	8776 	8711
f 8779 	8345 	8342
f 8786 	8787 	8785
f 8787 	8763 	8785
f 8757 	8785 	8763
f 8755 	8785 	8757
f 8772 	8767 	8761
f 8766 	8765 	8788
f 9010 	8779 	8342
f 8762 	8761 	8767
f 8774 	8767 	8772
f 8663 	8759 	8791
f 8665 	8663 	8791
f 8792 	8577 	8590
f 8789 	8858 	8792
f 8784 	8627 	8626
f 8794 	8791 	8762
f 8780 	8795 	8762
f 8794 	8762 	8795
f 8698 	3309 	8612
f 8767 	8791 	8762
f 8342 	8779 	8376
f 8577 	8793 	8799
f 8741 	8739 	8796
f 8798 	8901 	8633
f 8633 	8634 	8798
f 8549 	8577 	8799
f 8670 	8665 	8800
f 8665 	8791 	8800
f 8794 	8800 	8791
f 8797 	157 	7185
f 8801 	8845 	8701
f 8791 	8767 	8665
f 8699 	8630 	9078
f 8798 	8863 	8376
f 8565 	8901 	8566
f 8665 	7089 	8791
f 8791 	7089 	8762
f 8792 	9062 	8590
f 8376 	8566 	8798
f 8901 	8798 	8566
f 8566 	8376 	8458
f 8797 	8861 	8698
f 8802 	8803 	8804
f 7185 	7189 	8797
f 8806 	8881 	8789
f 8789 	8792 	8806
f 8602 	8808 	8792
f 8808 	8827 	8792
f 8806 	8792 	8809
f 7089 	8772 	8761
f 8761 	8762 	7089
f 8369 	8805 	2876
f 8810 	8801 	8811
f 8822 	8574 	8769
f 8774 	8772 	7133
f 7089 	7133 	8772
f 8805 	1183 	8
f 8789 	9062 	8792
f 8749 	8813 	8780
f 8814 	8780 	8813
f 8805 	8279 	1183
f 7040 	8843 	8745
f 8807 	8922 	8803
f 8795 	8780 	8814
f 8803 	8804 	8953
f 7135 	8795 	8780
f 8803 	8953 	8807
f 8602 	8599 	8793
f 8808 	8602 	8793
f 8827 	8808 	8990
f 8657 	8745 	8843
f 8793 	8599 	8799
f 8812 	8817 	8818
f 8780 	8749 	7135
f 8845 	8801 	8819
f 9036 	9109 	8780
f 8820 	8819 	8801
f 8820 	8801 	8810
f 8646 	8647 	8602
f 2902 	1524 	8659
f 8701 	8845 	8688
f 8808 	8713 	8602
f 8817 	8812 	8824
f 8892 	8824 	8812
f 8816 	8815 	8809
f 8815 	8897 	8809
f 8722 	8670 	8800
f 8823 	8722 	8800
f 8999 	8955 	8781
f 8825 	8820 	8811
f 8810 	8811 	8820
f 9484 	8653 	8822
f 8722 	8823 	8821
f 8794 	8795 	8821
f 8918 	8807 	8945
f 828 	832 	8816
f 828 	8816 	8815
f 8809 	8792 	8827
f 8794 	8821 	8823
f 8826 	8838 	8795
f 8814 	8826 	8795
f 8674 	8828 	8751
f 8802 	8895 	8812
f 8793 	8990 	8808
f 8647 	8827 	8808
f 8808 	8602 	8647
f 7135 	7097 	8800
f 8800 	8794 	7135
f 8795 	7135 	8794
f 8827 	8713 	8808
f 8686 	8599 	8713
f 1524 	8298 	8659
f 8809 	8827 	8816
f 8835 	8836 	8812
f 5643 	8596 	6848
f 8823 	8800 	8830
f 8724 	8830 	8800
f 7097 	8690 	8800
f 8724 	8800 	8690
f 8827 	8649 	8809
f 8647 	8649 	8827
f 8912 	8809 	8649
f 8894 	8892 	8812
f 8845 	8829 	8688
f 3179 	8726 	3450
f 8749 	8780 	8748
f 8748 	8780 	8747
f 8738 	8917 	8812
f 8713 	8827 	8734
f 8816 	8734 	8827
f 8758 	8829 	6981
f 8647 	8652 	8827
f 8713 	8827 	8652
f 8812 	8931 	8738
f 8795 	8650 	8780
f 8823 	8650 	8794
f 8830 	8650 	8823
f 8794 	8650 	8795
f 8807 	8918 	8812
f 8524 	8526 	8240
f 8818 	8817 	8802
f 8701 	8698 	8801
f 8244 	7424 	8401
f 8819 	8825 	8801
f 8811 	8801 	8825
f 8824 	8895 	8817
f 8821 	8830 	8722
f 8724 	8722 	8830
f 8820 	8825 	8819
f 8818 	8817 	8901
f 8543 	7933 	8728
f 8901 	8817 	8824
f 8831 	7164 	8773
f 8663 	8832 	8759
f 8804 	8833 	8802
f 8831 	8664 	8657
f 8828 	8674 	8727
f 8657 	8843 	8831
f 8834 	8827 	8809
f 8834 	8809 	8806
f 8836 	8804 	8812
f 8803 	8812 	8804
f 8804 	8836 	8833
f 8773 	8664 	8831
f 8834 	8815 	8816
f 8834 	8816 	8827
f 8240 	8239 	8516
f 8521 	8516 	8239
f 8662 	8935 	8663
f 8833 	8781 	8804
f 8245 	8240 	8526
f 8516 	8524 	8240
f 8671 	8647 	8827
f 8834 	8837 	8827
f 8671 	8827 	8837
f 8533 	8784 	9463
f 8821 	8795 	8838
f 8843 	7194 	8831
f 8812 	8818 	8835
f 8713 	8732 	8778
f 8834 	8827 	8840
f 8778 	8840 	8827
f 8713 	8778 	8827
f 8953 	8804 	8781
f 8841 	8842 	8821
f 8838 	8841 	8821
f 8830 	8821 	8842
f 8839 	8830 	8842
f 8087 	8401 	7424
f 8833 	8836 	8802
f 8836 	8835 	8802
f 8239 	8240 	8401
f 8839 	8650 	8830
f 7553 	8780 	8650
f 8818 	8802 	8835
f 8842 	8832 	8839
f 8778 	8679 	8840
f 8736 	8679 	8778
f 8679 	8671 	8840
f 8837 	8840 	8671
f 8171 	8543 	8581
f 8835 	8818 	8781
f 8833 	8836 	8781
f 8836 	8835 	8781
f 8901 	8781 	8818
f 8842 	8651 	8650
f 8842 	8650 	8839
f 9463 	5347 	8533
f 5654 	9497 	8625
f 8844 	2210 	7963
f 8585 	2479 	8844
f 8663 	8759 	8708
f 5342 	8527 	5199
f 8842 	8839 	8718
f 8837 	8846 	8840
f 8846 	8787 	8840
f 8786 	8840 	8787
f 8804 	8803 	8922
f 8833 	8804 	8922
f 8836 	8833 	8922
f 8814 	8813 	8832
f 8814 	8832 	8826
f 8171 	8581 	7963
f 8844 	7963 	8581
f 5196 	5199 	8527
f 8849 	8817 	8921
f 8826 	8832 	8838
f 2745 	2389 	7963
f 8968 	8967 	8849
f 8847 	8850 	8848
f 7189 	7181 	8861
f 8845 	8861 	7181
f 8585 	8844 	8581
f 8841 	8838 	8832
f 8848 	8850 	8851
f 8861 	8845 	8819
f 2323 	8585 	8844
f 8844 	7963 	2389
f 8947 	8949 	6324
f 8852 	8854 	8849
f 8880 	8849 	8854
f 8853 	9049 	9015
f 8813 	8853 	7843
f 8855 	8848 	8856
f 8835 	8836 	8922
f 8922 	8921 	8835
f 8835 	8921 	8818
f 8818 	8921 	8817
f 8857 	8848 	8855
f 8814 	8813 	7843
f 9015 	7843 	8853
f 7194 	8843 	7040
f 8880 	8882 	8849
f 8947 	6324 	6328
f 8848 	8851 	8990
f 8848 	8990 	8858
f 8829 	8845 	7036
f 7181 	7036 	8845
f 8886 	8887 	8730
f 6328 	8952 	8947
f 8848 	8858 	8856
f 8859 	8856 	8858
f 8774 	8885 	8731
f 8731 	8885 	8730
f 8859 	8858 	8860
f 9150 	8860 	8858
f 7075 	8829 	7036
f 8790 	9151 	8858
f 8789 	8790 	8858
f 528 	531 	8852
f 8854 	8852 	531
f 8577 	8792 	8858
f 8996 	8971 	2704
f 8956 	2704 	8960
f 8862 	8996 	6333
f 8577 	8858 	8793
f 8990 	8793 	8858
f 8863 	8854 	519
f 8852 	519 	8854
f 528 	519 	8852
f 8819 	8801 	8698
f 8819 	8698 	8861
f 6257 	9558 	6333
f 8861 	8797 	7189
f 8865 	8824 	8892
f 8864 	8857 	8855
f 8856 	8867 	8855
f 9151 	8932 	8856
f 8864 	8855 	8867
f 5994 	8949 	8868
f 8749 	8871 	8813
f 8870 	8872 	8869
f 8859 	9151 	8856
f 8860 	9151 	8859
f 8855 	8856 	8859
f 8813 	8871 	8874
f 8813 	8874 	8832
f 2695 	2900 	6328
f 8855 	8859 	8857
f 8844 	7968 	7963
f 8909 	2915 	2704
f 8956 	8908 	2704
f 8853 	8813 	8871
f 8751 	8828 	8866
f 8963 	8962 	9088
f 8865 	8895 	8824
f 8872 	9007 	8878
f 8193 	8866 	8236
f 8865 	8893 	8901
f 8824 	8865 	8901
f 8814 	8919 	8813
f 8919 	8920 	8813
f 8871 	8813 	8920
f 8236 	8866 	8988
f 6362 	6360 	8879
f 8838 	8923 	8826
f 8860 	8859 	9268
f 2955 	6360 	2721
f 8882 	8824 	8849
f 8817 	8849 	8824
f 8824 	8882 	8865
f 8790 	8789 	8881
f 9151 	8790 	8881
f 8832 	8842 	8841
f 8854 	9115 	8880
f 2955 	9041 	6360
f 7968 	8844 	8585
f 7528 	8651 	8841
f 8841 	8651 	8842
f 6362 	8879 	3037
f 8882 	8880 	8863
f 8854 	8863 	8880
f 2925 	9747 	2823
f 8716 	2822 	8295
f 8873 	8904 	8872
f 8869 	8872 	8883
f 8761 	8762 	8885
f 8772 	8761 	8885
f 8726 	8716 	8310
f 6664 	6723 	8873
f 528 	8852 	532
f 8595 	532 	8852
f 8729 	8730 	8887
f 8876 	9009 	8888
f 8886 	8730 	8885
f 8572 	8595 	8880
f 8854 	8880 	8595
f 8852 	8854 	8595
f 7949 	7948 	8728
f 8572 	8880 	8882
f 8883 	8904 	9009
f 519 	8367 	8863
f 8891 	7070 	8767
f 8893 	8865 	8892
f 7987 	8869 	8883
f 8883 	8904 	7987
f 8894 	8812 	8895
f 8816 	8827 	8990
f 8864 	8867 	8847
f 8867 	8916 	8850
f 8815 	8990 	8897
f 8729 	8887 	8896
f 8893 	8898 	8895
f 8802 	8817 	8895
f 8893 	8895 	8865
f 8847 	8867 	8850
f 8816 	8990 	8815
f 8907 	6793 	8888
f 8776 	8024 	3264
f 8850 	8916 	8851
f 8851 	8897 	8990
f 8907 	8888 	8877
f 8876 	8877 	8888
f 8798 	8781 	8901
f 8087 	8024 	8401
f 8890 	7 	8889
f 8865 	8882 	8893
f 2966 	2968 	8903
f 8887 	8886 	8874
f 8884 	8832 	8885
f 8886 	8885 	8832
f 8832 	8874 	8886
f 8776 	8401 	8024
f 7 	11 	8889
f 8895 	8898 	8893
f 8892 	8894 	8893
f 8895 	8893 	8894
f 8896 	8887 	8874
f 8277 	8876 	8276
f 1 	7 	8890
f 2961 	3023 	8903
f 6772 	6773 	6725
f 8875 	8963 	8907
f 8893 	8892 	8901
f 8892 	8746 	8901
f 8746 	8633 	8901
f 8883 	8872 	8904
f 6939 	225 	8906
f 9085 	8887 	8886
f 8904 	8873 	6723
f 8894 	8742 	8892
f 9070 	8743 	8895
f 8744 	8742 	8894
f 8907 	9009 	6726
f 8888 	9009 	8907
f 8886 	8885 	9085
f 8898 	8882 	8895
f 8882 	9115 	8895
f 8893 	8882 	8898
f 8880 	9115 	8882
f 8904 	6723 	6545
f 6545 	9009 	8904
f 8899 	8908 	8900
f 8900 	8908 	8902
f 9104 	8908 	8899
f 8909 	8903 	8908
f 8896 	8887 	9085
f 8899 	9114 	8900
f 8881 	8806 	8897
f 8806 	8809 	8897
f 8901 	8863 	8798
f 8367 	8376 	8863
f 8901 	8893 	8863
f 8882 	8863 	8893
f 8565 	8564 	8893
f 8892 	8893 	8564
f 8881 	8806 	8912
f 8809 	8912 	8806
f 8885 	8911 	8884
f 8588 	8587 	8895
f 8588 	8895 	8894
f 8902 	8908 	8903
f 8903 	8909 	2915
f 2966 	8903 	2915
f 2915 	2908 	2966
f 8913 	8886 	8887
f 8896 	8914 	8887
f 8913 	8887 	8914
f 828 	8815 	8897
f 8870 	8080 	8869
f 8883 	8869 	8080
f 9268 	8859 	8856
f 8913 	8911 	8886
f 8885 	8886 	8911
f 8561 	8894 	8564
f 8588 	8894 	8561
f 8892 	8564 	8894
f 8905 	241 	8906
f 8895 	8587 	8562
f 8895 	8562 	8898
f 8905 	8910 	8906
f 2966 	8903 	2980
f 9114 	2980 	8903
f 9114 	8903 	8900
f 8902 	8900 	8903
f 8965 	552 	8910
f 8898 	8562 	8565
f 8898 	8565 	8893
f 5635 	8128 	6726
f 8906 	9001 	8905
f 8893 	8901 	8565
f 6396 	8928 	8926
f 8832 	8884 	8759
f 246 	6939 	243
f 8594 	532 	8595
f 8906 	8910 	6939
f 8884 	8759 	8935
f 8759 	8663 	8935
f 8867 	8856 	8916
f 8915 	9391 	8900
f 8910 	6451 	6939
f 8893 	8565 	8572
f 8893 	8572 	8882
f 8916 	8924 	8851
f 8276 	8888 	8907
f 8900 	8902 	8915
f 6443 	6945 	6444
f 8936 	8958 	8916
f 8708 	8759 	8884
f 8911 	8708 	8884
f 8877 	8875 	8907
f 8907 	6772 	6726
f 8918 	8807 	8917
f 8807 	8803 	8802
f 8802 	8917 	8807
f 2966 	8695 	8903
f 8906 	6939 	9001
f 6939 	6940 	9001
f 9068 	9066 	8917
f 8917 	8922 	8918
f 6678 	6664 	8878
f 8872 	8878 	8873
f 8873 	8878 	6664
f 8814 	8826 	8923
f 8814 	8923 	8919
f 8915 	8902 	8903
f 8916 	8856 	8924
f 8925 	229 	6507
f 8802 	8812 	8917
f 8923 	8838 	8841
f 8923 	8841 	8842
f 8923 	8842 	8718
f 8897 	8851 	8924
f 8036 	6664 	8873
f 8036 	8873 	8872
f 8924 	8936 	8916
f 8967 	8968 	9112
f 9066 	9112 	8917
f 8917 	8738 	9068
f 9082 	9068 	8738
f 8913 	8914 	8919
f 8920 	8919 	8914
f 2915 	8909 	8952
f 8938 	8924 	8916
f 8938 	8916 	8867
f 8919 	8923 	8913
f 8911 	8913 	8923
f 8708 	8911 	8923
f 8909 	8929 	2915
f 8739 	8889 	9091
f 8708 	8923 	8718
f 8924 	8856 	8932
f 8739 	8890 	8889
f 8933 	8666 	8667
f 8932 	9151 	8881
f 8932 	8881 	8934
f 8173 	8890 	8739
f 8953 	8754 	8931
f 8924 	8932 	8897
f 8897 	8932 	8934
f 2908 	2704 	2915
f 8936 	8924 	8932
f 8931 	8812 	8918
f 8807 	8812 	8803
f 8952 	8909 	8908
f 8934 	8936 	8932
f 8908 	8929 	8909
f 89 	6854 	90
f 8918 	8922 	8807
f 8932 	8924 	8938
f 9055 	9091 	8889
f 8885 	8884 	8935
f 8938 	8934 	8932
f 8935 	9085 	8885
f 8666 	8933 	8942
f 8933 	8918 	8942
f 8922 	8942 	8918
f 8897 	8934 	8881
f 8918 	8945 	8931
f 8945 	8953 	8931
f 8881 	8912 	8930
f 8881 	8930 	8936
f 8881 	8936 	8934
f 9541 	8735 	8929
f 8953 	8945 	8807
f 8935 	8662 	6430
f 8944 	8940 	6780
f 112 	110 	6775
f 8940 	8939 	6775
f 6779 	8940 	6775
f 8943 	8944 	6780
f 8934 	8938 	8897
f 8938 	8937 	8897
f 8937 	8753 	8897
f 8918 	8933 	8945
f 8939 	112 	8940
f 8918 	8945 	8922
f 6424 	8891 	6478
f 8946 	8866 	8828
f 8936 	8934 	8938
f 110 	295 	112
f 303 	112 	295
f 8934 	8834 	8806
f 8934 	8806 	8881
f 8921 	8927 	8849
f 8968 	8849 	8927
f 8947 	8948 	8949
f 5994 	6324 	8949
f 8815 	8834 	8897
f 8934 	8897 	8834
f 122 	89 	6787
f 8942 	8922 	8921
f 8890 	8188 	1
f 110 	112 	6787
f 8837 	8834 	8934
f 8837 	8934 	8936
f 8785 	8937 	8938
f 8951 	8950 	9107
f 6787 	8944 	8943
f 8928 	8910 	68
f 8785 	8938 	8840
f 8834 	8840 	8938
f 8834 	8938 	8934
f 8940 	8944 	6787
f 8935 	6430 	6702
f 8927 	8942 	8921
f 8954 	8754 	8953
f 6780 	6782 	8943
f 6782 	6678 	8943
f 8944 	145 	8943
f 8954 	8781 	8955
f 8953 	8781 	8954
f 8867 	8959 	8864
f 8873 	6785 	8872
f 8864 	8782 	8867
f 8952 	8948 	8947
f 8873 	6664 	6785
f 8891 	6698 	6478
f 8948 	8969 	8949
f 8953 	8597 	8954
f 8953 	8954 	9010
f 8908 	9104 	8956
f 8954 	8955 	9010
f 8957 	8958 	8936
f 8867 	8916 	8958
f 8958 	8959 	8867
f 9206 	8864 	8959
f 8956 	9098 	8960
f 8878 	8872 	8943
f 6787 	8943 	8872
f 8872 	6785 	6787
f 8938 	8867 	8937
f 8753 	8937 	8867
f 8753 	8867 	8782
f 330 	342 	8925
f 8936 	8930 	8957
f 8975 	8948 	8952
f 6510 	8961 	8925
f 8945 	8933 	8953
f 828 	8897 	8753
f 8925 	6507 	6510
f 8962 	9142 	9088
f 8963 	9088 	8875
f 8908 	8956 	8952
f 8960 	8972 	8956
f 8956 	8972 	8952
f 8937 	8753 	8755
f 8755 	8757 	8937
f 6790 	8962 	8963
f 8921 	8922 	9010
f 8953 	9010 	8922
f 8945 	8953 	8922
f 8757 	8957 	8937
f 8938 	8937 	8957
f 8936 	8938 	8957
f 8908 	8956 	8929
f 8956 	8960 	8929
f 8971 	8929 	8960
f 8920 	8874 	8871
f 8957 	8966 	8958
f 6772 	8963 	8962
f 8957 	8930 	8966
f 8909 	2704 	8908
f 8876 	6793 	8877
f 8966 	8957 	8763
f 8757 	8763 	8957
f 8927 	9112 	8968
f 8874 	8920 	8896
f 8846 	8837 	8936
f 8846 	8936 	8957
f 8846 	8957 	8966
f 6790 	8877 	6793
f 8937 	8785 	8753
f 8965 	241 	8905
f 406 	241 	8964
f 8964 	241 	8965
f 6726 	6793 	8907
f 8964 	552 	8965
f 8840 	8786 	8785
f 8914 	8896 	8920
f 8968 	8942 	8927
f 8876 	8888 	6793
f 8972 	8973 	9096
f 8996 	9096 	8973
f 408 	552 	8964
f 8963 	8875 	6790
f 8877 	6790 	8875
f 8765 	8766 	8959
f 8765 	8959 	8958
f 406 	408 	8964
f 8910 	8905 	8965
f 9094 	8972 	9095
f 9096 	9095 	8972
f 8927 	8921 	9010
f 8877 	9128 	8875
f 8977 	8979 	8976
f 8979 	8980 	8976
f 8980 	8982 	9074
f 8981 	8982 	8980
f 8974 	9074 	8982
f 8959 	8978 	8958
f 8969 	8948 	8975
f 8970 	8849 	8967
f 6772 	8907 	8963
f 8930 	8958 	8966
f 8984 	8975 	8969
f 8979 	8985 	8980
f 8985 	8986 	8980
f 8983 	8980 	8986
f 8942 	8968 	8967
f 8890 	8173 	8188
f 8787 	8846 	8763
f 8966 	8763 	8846
f 8987 	8981 	8980
f 8987 	8980 	8983
f 602 	8942 	8970
f 8967 	8970 	8942
f 8978 	8788 	8765
f 8978 	8765 	8958
f 9010 	8967 	8968
f 8968 	8927 	9010
f 8946 	8941 	8866
f 8988 	8866 	8941
f 8975 	8952 	8972
f 8973 	8972 	8971
f 8971 	8972 	8960
f 8967 	9010 	509
f 8970 	8967 	509
f 8970 	509 	602
f 8975 	9171 	8972
f 8236 	8988 	8361
f 8981 	8987 	9037
f 9036 	9037 	8986
f 8987 	8983 	9037
f 7764 	9036 	8986
f 8971 	8996 	8973
f 9000 	8466 	9003
f 9001 	9002 	8965
f 8964 	8965 	9002
f 8983 	8986 	9037
f 9002 	406 	8964
f 607 	9004 	8466
f 8466 	9004 	9003
f 8994 	8982 	8981
f 8994 	8981 	8987
f 9541 	8971 	8996
f 8987 	8983 	8994
f 8986 	8994 	8983
f 8996 	8973 	9541
f 9090 	8998 	8997
f 7813 	9006 	7764
f 8999 	8777 	9010
f 8779 	9010 	8777
f 8955 	8999 	9010
f 8974 	9073 	7109
f 9088 	8446 	8997
f 8973 	8996 	8862
f 8972 	8862 	8975
f 7109 	8987 	8981
f 8981 	8982 	7109
f 8993 	9007 	8992
f 8960 	2704 	8971
f 8987 	7109 	8983
f 8777 	8779 	8638
f 8993 	8995 	9007
f 9008 	9007 	8995
f 8972 	8973 	8862
f 8512 	8492 	9003
f 8512 	9003 	9004
f 8955 	8597 	8999
f 8969 	8975 	8862
f 8986 	8985 	7764
f 7765 	7764 	8985
f 9004 	9005 	9003
f 8984 	8969 	8862
f 8985 	8994 	8986
f 9011 	9009 	9007
f 9009 	8998 	9007
f 9090 	9007 	8998
f 8949 	8950 	8868
f 8950 	8951 	8868
f 9011 	9007 	9012
f 7770 	8985 	8986
f 8983 	6920 	8986
f 7770 	8986 	6920
f 9012 	9007 	9008
f 9015 	7813 	9014
f 7864 	9014 	7813
f 9018 	8587 	9013
f 8951 	9156 	8950
f 609 	560 	607
f 9009 	137 	8998
f 9004 	607 	8512
f 9011 	8993 	9009
f 9009 	8992 	8991
f 8594 	8595 	9018
f 3024 	9019 	8903
f 8902 	8903 	9016
f 9036 	9006 	6934
f 9037 	9036 	6934
f 8594 	9018 	9020
f 6328 	2900 	8952
f 8992 	9009 	8993
f 8995 	8993 	9011
f 1046 	9002 	966
f 7813 	9006 	7553
f 9011 	9012 	8995
f 9501 	9 	9502
f 8976 	9021 	8977
f 9000 	9065 	9003
f 2900 	2909 	8952
f 9015 	9014 	9022
f 9015 	9022 	9023
f 8995 	9012 	9008
f 2909 	2915 	8952
f 9003 	595 	9004
f 9014 	7843 	9015
f 7864 	7843 	9014
f 9017 	9016 	8868
f 9016 	9019 	8868
f 9026 	9034 	773
f 779 	773 	9034
f 9025 	9026 	773
f 773 	9027 	9025
f 8869 	7987 	8870
f 8991 	9051 	7987
f 9020 	9025 	8594
f 9037 	9042 	8981
f 8868 	3023 	2709
f 8361 	8988 	9030
f 9027 	8594 	9025
f 2893 	2709 	3023
f 9022 	9031 	9032
f 9022 	9032 	9023
f 8993 	8992 	7987
f 9056 	9016 	9019
f 8941 	9024 	9030
f 9042 	9043 	8981
f 8982 	8981 	9043
f 8992 	8991 	7987
f 9019 	3024 	8868
f 7764 	9006 	9036
f 2892 	2709 	2893
f 9039 	9037 	9036
f 9036 	9006 	9015
f 9039 	9036 	9015
f 9038 	9005 	280
f 9030 	8988 	8941
f 7813 	9015 	9006
f 9009 	9011 	7987
f 9011 	9012 	7987
f 9012 	9008 	7987
f 9008 	8995 	7987
f 8995 	8993 	7987
f 9019 	3024 	9056
f 7813 	6934 	9006
f 9038 	280 	338
f 9040 	9041 	8950
f 9040 	8950 	8949
f 9043 	9048 	8982
f 9048 	9109 	8982
f 7898 	8265 	8993
f 9016 	9017 	9041
f 9017 	8951 	9041
f 8950 	9041 	8951
f 9044 	9045 	9042
f 9043 	9042 	9045
f 8444 	7898 	9008
f 7131 	9043 	9042
f 9039 	9044 	9042
f 9039 	9042 	9037
f 9156 	3037 	8949
f 9009 	8998 	8444
f 9011 	9009 	8444
f 9028 	9033 	9030
f 9024 	9028 	9030
f 8361 	9030 	9033
f 9033 	8430 	8361
f 8430 	8431 	8361
f 6360 	9041 	8879
f 9040 	8879 	9041
f 8444 	9012 	9011
f 9001 	6945 	7007
f 9012 	8444 	9008
f 9035 	9038 	338
f 9019 	9016 	9041
f 3024 	9019 	9041
f 9045 	9049 	9043
f 9048 	9043 	9049
f 7286 	9035 	338
f 8965 	8905 	9001
f 9048 	9043 	7131
f 8044 	9035 	7286
f 1046 	552 	9002
f 8992 	9007 	8991
f 9040 	3037 	8879
f 9036 	9037 	9048
f 9043 	9048 	9042
f 9054 	7300 	298
f 8951 	9107 	9052
f 6952 	6838 	9053
f 9009 	8991 	9051
f 7021 	9002 	9001
f 9042 	9048 	9037
f 8989 	9183 	8553
f 9055 	8889 	11
f 9054 	298 	9029
f 8079 	8080 	8265
f 8991 	8992 	8265
f 10 	9 	9501
f 9036 	8780 	7553
f 9006 	9036 	7553
f 8951 	9052 	8868
f 9047 	8522 	9160
f 9023 	9039 	9015
f 298 	295 	9029
f 9007 	8872 	8991
f 8870 	9051 	8872
f 9051 	8991 	8872
f 9044 	9023 	9045
f 9039 	9023 	9044
f 6545 	6726 	9009
f 9049 	9045 	9023
f 8510 	8522 	9047
f 9055 	10 	9501
f 6838 	446 	9053
f 8826 	8814 	7843
f 9045 	9044 	9049
f 9052 	9056 	8951
f 9156 	8951 	9056
f 9213 	9156 	9056
f 11 	10 	9055
f 8902 	9016 	9017
f 9052 	8900 	9017
f 8869 	8883 	9009
f 9051 	8870 	9009
f 9044 	9039 	9049
f 8838 	8826 	7843
f 8841 	8838 	7843
f 9019 	9016 	8903
f 9051 	8870 	7987
f 9002 	7021 	966
f 9058 	9049 	9032
f 6952 	9053 	7014
f 9046 	9057 	9047
f 9047 	9057 	8510
f 9023 	9032 	9049
f 8941 	9110 	9059
f 8877 	8876 	9050
f 9015 	9039 	9060
f 9015 	9060 	9014
f 8500 	9057 	7213
f 9079 	9000 	9005
f 9060 	9039 	9044
f 9045 	9061 	9044
f 9060 	9044 	9061
f 9059 	9024 	8941
f 7014 	9053 	7035
f 8870 	8869 	9009
f 9049 	9063 	9045
f 9058 	9063 	9049
f 9061 	9045 	9063
f 8941 	8946 	9110
f 9014 	9060 	9022
f 9060 	9061 	9022
f 9051 	8265 	8870
f 8991 	8265 	9051
f 888 	9064 	1080
f 9061 	9031 	9022
f 9063 	9031 	9061
f 8271 	9050 	8876
f 9059 	9028 	9024
f 7213 	9057 	8606
f 7843 	7528 	8841
f 9053 	9064 	7035
f 9065 	9079 	9062
f 9021 	8976 	9067
f 8927 	8921 	9112
f 9028 	9059 	9505
f 8894 	8895 	8743
f 9033 	9028 	9505
f 446 	9064 	9053
f 1080 	9064 	494
f 9031 	9063 	9032
f 9128 	8877 	9050
f 9066 	9071 	9115
f 9068 	9071 	9066
f 9069 	9115 	9071
f 9070 	9069 	9071
f 9068 	9046 	9066
f 7905 	8462 	9050
f 9058 	9032 	9063
f 9013 	9070 	9069
f 9013 	9069 	9018
f 595 	9003 	9065
f 9065 	9000 	9079
f 9067 	8976 	9075
f 9074 	9075 	8976
f 8976 	8980 	9074
f 9073 	9074 	8974
f 703 	595 	9065
f 8928 	68 	8
f 9071 	8750 	8743
f 9071 	8743 	9070
f 8 	1183 	8928
f 706 	9077 	601
f 8579 	8743 	9013
f 9070 	9013 	8743
f 8774 	8731 	8982
f 8466 	9079 	9080
f 8888 	8276 	8876
f 8271 	8876 	8277
f 8926 	8928 	1183
f 8921 	8922 	9112
f 8922 	8917 	9112
f 9082 	8738 	9081
f 9076 	8974 	8982
f 8994 	9076 	8982
f 8974 	9076 	9073
f 9079 	8466 	9000
f 9081 	8752 	8750
f 9093 	7109 	9073
f 8298 	208 	7717
f 9057 	9081 	8752
f 8752 	8754 	9057
f 195 	8961 	208
f 9082 	7927 	9081
f 8961 	195 	8925
f 9071 	9068 	9082
f 9052 	9017 	8868
f 9057 	9046 	9082
f 9082 	9046 	9068
f 145 	8036 	8878
f 8878 	8036 	8872
f 9056 	9052 	9017
f 9017 	9016 	9056
f 3023 	3011 	3024
f 9082 	9081 	8750
f 9071 	9082 	8750
f 9081 	9057 	9082
f 9083 	9084 	3022
f 3019 	3022 	9084
f 9068 	9181 	9082
f 9066 	9181 	9068
f 9084 	9083 	9056
f 9075 	9074 	9085
f 7095 	7091 	8744
f 9087 	9088 	9141
f 8998 	8875 	8997
f 9009 	8876 	8998
f 8997 	8875 	9088
f 697 	9153 	698
f 9083 	9214 	9056
f 9087 	9086 	9090
f 3093 	3095 	9083
f 3093 	9083 	3022
f 9088 	9087 	9090
f 9078 	8796 	9091
f 3011 	9084 	9056
f 698 	9153 	9160
f 9091 	9072 	9078
f 3019 	9084 	3011
f 8997 	137 	9088
f 9093 	9122 	9073
f 9017 	9052 	8951
f 8940 	8944 	9090
f 9119 	9093 	9092
f 7921 	911 	8013
f 7921 	7922 	911
f 9040 	8949 	3037
f 8997 	9088 	9090
f 9120 	9115 	9124
f 9078 	8630 	8796
f 548 	553 	8942
f 9214 	3101 	9213
f 9092 	9093 	8729
f 9093 	9073 	8729
f 8974 	8730 	9073
f 8974 	8982 	8731
f 8767 	8774 	9076
f 8727 	9089 	8828
f 9220 	8666 	8942
f 9097 	9098 	9096
f 9095 	9096 	9098
f 9098 	9099 	9095
f 9099 	9104 	9095
f 8997 	8998 	137
f 9088 	137 	9087
f 9087 	137 	9086
f 9092 	9093 	9076
f 9093 	9073 	9076
f 9100 	9046 	9047
f 8949 	8969 	9101
f 9072 	9091 	9055
f 8877 	8998 	8876
f 9094 	9095 	9104
f 9103 	9094 	9104
f 8946 	8828 	9089
f 9102 	9046 	9100
f 548 	8942 	558
f 558 	8942 	602
f 8949 	9101 	8950
f 9105 	8950 	9101
f 9102 	9100 	9106
f 8943 	8878 	9007
f 8944 	8943 	9007
f 9112 	9117 	8967
f 9104 	8899 	9103
f 8899 	8900 	9103
f 9107 	9103 	8900
f 9007 	9090 	8944
f 8967 	590 	8970
f 590 	602 	8970
f 8774 	8982 	8749
f 8748 	8749 	8982
f 8747 	8982 	9109
f 8747 	8748 	8982
f 9108 	8950 	9105
f 8970 	602 	8849
f 9080 	9079 	8492
f 9000 	8492 	9079
f 9000 	9003 	8492
f 145 	112 	303
f 9106 	9100 	9111
f 9049 	9058 	9048
f 9080 	9079 	9152
f 9005 	9152 	9079
f 7131 	9109 	9048
f 9160 	9100 	9047
f 9048 	9109 	9036
f 8902 	9017 	8900
f 9107 	8900 	9052
f 8950 	9108 	9107
f 8944 	8940 	145
f 8747 	9109 	9127
f 9113 	8854 	531
f 8963 	8875 	9128
f 9109 	7131 	8747
f 8744 	8894 	8743
f 9069 	9070 	8895
f 9113 	9115 	8854
f 9069 	8895 	9115
f 9115 	9112 	9066
f 8747 	8780 	9109
f 9110 	8946 	9089
f 9112 	9066 	9102
f 9046 	9102 	9066
f 8956 	9104 	9099
f 8956 	9099 	9098
f 9039 	9015 	9049
f 9170 	9090 	9116
f 9086 	9116 	9090
f 9018 	9069 	9115
f 590 	8967 	9117
f 9092 	8729 	9118
f 8896 	9118 	8729
f 9119 	9092 	9118
f 9113 	9120 	9115
f 9116 	595 	9086
f 9086 	595 	9087
f 9169 	595 	9116
f 9117 	9115 	9120
f 9112 	9115 	9117
f 9074 	9073 	9122
f 9106 	9117 	9102
f 9112 	9102 	9117
f 9122 	9093 	9119
f 9018 	9115 	9120
f 9018 	9120 	9020
f 9117 	9123 	590
f 9123 	9203 	590
f 9104 	9099 	9114
f 8899 	9104 	9114
f 9098 	9114 	9099
f 8611 	8608 	9121
f 280 	9116 	9086
f 9120 	9124 	9117
f 9117 	9106 	9123
f 112 	8940 	9090
f 9121 	9125 	8611
f 9104 	8899 	9391
f 8899 	8900 	9391
f 9020 	9120 	9124
f 9109 	9048 	9126
f 9058 	9126 	9048
f 8971 	8960 	9098
f 8996 	8971 	9097
f 9098 	9097 	8971
f 9127 	9109 	9126
f 8871 	8749 	9127
f 9066 	9112 	9123
f 9117 	9123 	9112
f 8878 	8943 	145
f 112 	145 	8940
f 9069 	9124 	9115
f 9097 	9114 	9098
f 601 	46 	9128
f 637 	863 	873
f 8456 	601 	9128
f 9098 	9099 	9391
f 9099 	9104 	9391
f 9085 	9074 	9122
f 9085 	9122 	9119
f 9085 	9119 	9118
f 8462 	8456 	9128
f 592 	588 	863
f 8996 	9097 	9096
f 9000 	9003 	9005
f 5342 	8611 	9125
f 9050 	8462 	9128
f 9062 	9079 	9080
f 8871 	9127 	8853
f 9127 	9126 	8853
f 9126 	9058 	8853
f 9049 	8853 	9058
f 9141 	9116 	9086
f 8584 	9062 	8583
f 9080 	8583 	9062
f 8620 	5347 	9130
f 873 	9132 	637
f 9132 	9133 	637
f 9131 	9132 	894
f 9132 	858 	894
f 9133 	9124 	637
f 9096 	9114 	9097
f 8584 	8590 	9062
f 9457 	9460 	9125
f 873 	637 	9027
f 8767 	9076 	9129
f 9131 	894 	9138
f 9141 	9088 	9140
f 9086 	9087 	9141
f 9103 	8972 	9094
f 8975 	8972 	9103
f 9131 	894 	9034
f 894 	895 	9034
f 8891 	8767 	9129
f 8624 	601 	9077
f 9131 	7918 	894
f 8969 	8975 	9103
f 9103 	9107 	8969
f 9026 	9025 	9133
f 9026 	9133 	9132
f 9094 	9114 	9095
f 8896 	9085 	9118
f 9124 	9120 	9113
f 9113 	637 	9124
f 9101 	8969 	9105
f 9133 	9123 	9124
f 112 	9090 	110
f 9103 	9114 	9094
f 8935 	9135 	9085
f 9133 	9025 	9124
f 9020 	9124 	9025
f 9108 	8969 	9107
f 9105 	8969 	9108
f 9132 	9131 	9136
f 9132 	9136 	9137
f 6849 	6748 	9256
f 9139 	9114 	9107
f 9138 	9174 	9132
f 9138 	9132 	9137
f 9185 	9135 	9197
f 9137 	9034 	9026
f 9137 	9026 	9132
f 9101 	9139 	9105
f 9108 	9105 	9139
f 9029 	8553 	9183
f 9096 	9095 	9114
f 9108 	9139 	9107
f 9069 	9137 	9132
f 9069 	9132 	9133
f 9069 	9133 	9124
f 9138 	9136 	9131
f 9131 	9034 	9136
f 9166 	9085 	9185
f 8877 	8875 	8998
f 9140 	9088 	9142
f 16 	9140 	9142
f 9096 	9097 	9391
f 9097 	9098 	9391
f 9137 	9136 	9138
f 9137 	9136 	9034
f 9035 	8044 	9313
f 9095 	9391 	9094
f 9035 	9313 	9038
f 8939 	8940 	112
f 9136 	7918 	9131
f 90 	6775 	110
f 8939 	112 	6775
f 9094 	9391 	9103
f 8056 	7300 	9187
f 9054 	9187 	7300
f 3158 	9146 	9271
f 9271 	9146 	9145
f 9145 	9144 	9271
f 9143 	9274 	9144
f 9137 	7918 	9136
f 9069 	9070 	9137
f 9101 	9105 	9148
f 9261 	9197 	6702
f 8940 	6787 	8939
f 8939 	6787 	112
f 9103 	9391 	9107
f 50 	9142 	46
f 9085 	9135 	9185
f 9150 	8858 	9151
f 9148 	9105 	9108
f 9148 	9108 	9149
f 9108 	9107 	9149
f 9147 	9229 	9144
f 6790 	44 	9142
f 16 	9142 	44
f 9148 	9149 	9139
f 9101 	9148 	9139
f 8977 	9154 	8979
f 8985 	8979 	9154
f 9154 	7867 	8985
f 7808 	7753 	7867
f 7765 	8985 	7867
f 9038 	9152 	9005
f 9144 	9145 	9147
f 50 	52 	9142
f 7770 	7765 	8985
f 9145 	9146 	9147
f 9150 	9151 	8860
f 8977 	9067 	9154
f 9021 	9067 	8977
f 9142 	9128 	46
f 9142 	8962 	6790
f 9151 	9152 	9150
f 9067 	9075 	9154
f 8949 	8950 	9156
f 9155 	9153 	697
f 8860 	9268 	9150
f 8963 	9128 	8962
f 9142 	8962 	9128
f 9157 	9159 	3075
f 9151 	9150 	9272
f 9142 	6819 	8962
f 16 	85 	9142
f 47 	85 	15
f 15 	85 	16
f 8792 	8590 	9152
f 9080 	9152 	8583
f 8590 	8583 	9152
f 9144 	9229 	9143
f 9100 	9160 	9111
f 85 	6819 	9142
f 8994 	8985 	9161
f 8792 	9152 	8789
f 9151 	8790 	9152
f 8790 	8789 	9152
f 9201 	9111 	9153
f 8504 	9434 	7913
f 9153 	9111 	9160
f 9141 	9140 	9165
f 9095 	9096 	9391
f 9149 	9107 	9163
f 9164 	9165 	9140
f 3055 	9176 	9147
f 62 	80 	61
f 9163 	9162 	9139
f 9149 	9163 	9139
f 9159 	9184 	3075
f 9161 	9158 	9076
f 9167 	9169 	9141
f 9168 	9169 	9167
f 9161 	9076 	8994
f 8984 	9171 	8975
f 9170 	9169 	9168
f 9170 	9168 	278
f 277 	609 	9170
f 278 	277 	9170
f 7913 	9161 	7765
f 8789 	8790 	9062
f 8790 	9151 	9272
f 8973 	8972 	9171
f 911 	912 	845
f 9174 	911 	845
f 911 	9174 	9175
f 9116 	9141 	9169
f 7867 	9154 	9166
f 9138 	911 	9175
f 9169 	9170 	9116
f 9175 	9155 	911
f 9169 	280 	9168
f 9163 	9107 	9391
f 9177 	9170 	9178
f 9147 	9176 	9207
f 9166 	9154 	9075
f 9085 	9166 	9075
f 9132 	9174 	9173
f 8984 	9179 	9171
f 9178 	9170 	9180
f 8912 	8649 	9134
f 9176 	3055 	3087
f 8466 	8488 	9170
f 9158 	9129 	9076
f 9175 	9174 	9181
f 9170 	9177 	9182
f 9175 	9181 	9138
f 9129 	9158 	9189
f 9277 	8930 	8912
f 9170 	9182 	9090
f 9181 	9155 	9175
f 3016 	9184 	9212
f 9175 	911 	7922
f 9167 	9186 	9168
f 278 	9168 	9186
f 49 	278 	9186
f 280 	278 	9168
f 9138 	9181 	9174
f 278 	595 	9168
f 9174 	9155 	9181
f 9162 	9188 	9139
f 9123 	9203 	9066
f 9066 	9173 	9174
f 9066 	9174 	9181
f 9181 	9175 	7922
f 9187 	9054 	9183
f 9186 	9167 	9178
f 9180 	9186 	9178
f 9177 	9178 	9167
f 9167 	9141 	9177
f 9165 	9177 	9141
f 9203 	9204 	588
f 846 	9204 	845
f 586 	9204 	861
f 9438 	9166 	9185
f 9232 	9159 	9157
f 9177 	9178 	9182
f 9054 	9029 	9183
f 3099 	3075 	9184
f 9177 	9165 	9190
f 9164 	9190 	9165
f 9190 	9191 	9178
f 9190 	9178 	9177
f 863 	586 	861
f 9090 	9182 	9193
f 9171 	9541 	8973
f 8929 	8971 	9541
f 9178 	9191 	9182
f 9193 	9182 	9191
f 862 	801 	861
f 9194 	9171 	9195
f 9152 	9038 	9192
f 3099 	9184 	3016
f 9195 	8862 	9194
f 9186 	9180 	9191
f 9190 	9196 	9191
f 9164 	9140 	9190
f 9196 	9190 	9140
f 9186 	9191 	9196
f 9171 	9179 	9195
f 9190 	9193 	9191
f 1954 	861 	586
f 9140 	16 	15
f 15 	47 	9140
f 9140 	48 	9196
f 9191 	87 	86
f 9191 	86 	9190
f 9038 	9313 	9192
f 87 	9180 	88
f 9191 	9180 	87
f 9180 	9170 	559
f 8862 	9558 	9194
f 9179 	8984 	9195
f 8862 	9195 	8984
f 9276 	9198 	3185
f 3185 	3182 	9276
f 9211 	9227 	551
f 86 	89 	9190
f 9193 	9190 	89
f 9199 	2980 	9114
f 8783 	8768 	8766
f 588 	801 	551
f 9193 	110 	9090
f 9199 	3041 	2980
f 8978 	8959 	8788
f 8766 	8788 	8959
f 3185 	9198 	3188
f 49 	9186 	48
f 9196 	48 	9186
f 8856 	8855 	9268
f 8857 	9268 	8855
f 15 	16 	44
f 9200 	9201 	9153
f 3201 	3041 	9199
f 9271 	9144 	9274
f 9173 	9174 	845
f 9200 	9153 	9155
f 8930 	9277 	9350
f 8935 	6702 	9135
f 586 	588 	9204
f 9173 	845 	9204
f 9203 	9133 	9204
f 9132 	9204 	9133
f 9204 	9203 	9200
f 9201 	9200 	9203
f 9255 	6735 	6828
f 589 	590 	9203
f 588 	597 	9203
f 9117 	9124 	9123
f 9203 	9123 	9133
f 9201 	9203 	9123
f 9201 	9123 	9106
f 9173 	9204 	9132
f 8959 	8958 	8930
f 8930 	9350 	8959
f 9174 	9173 	9200
f 9204 	9200 	9173
f 3498 	3956 	9207
f 9174 	9200 	9155
f 9205 	9554 	9202
f 9431 	9189 	9158
f 9111 	9201 	9106
f 9202 	9114 	9205
f 9158 	9161 	9431
f 9204 	9066 	9203
f 9173 	9066 	9204
f 9114 	9139 	9205
f 9103 	9107 	9114
f 9213 	9056 	9214
f 9065 	699 	703
f 9232 	9221 	9159
f 9216 	986 	9210
f 9065 	9062 	699
f 9212 	9184 	9159
f 3101 	9214 	9083
f 9215 	986 	9216
f 9215 	9216 	9211
f 699 	9241 	9231
f 9212 	9228 	3980
f 9212 	3980 	3518
f 9156 	9213 	3101
f 3037 	9156 	3101
f 9220 	9216 	9217
f 9205 	9139 	9554
f 9209 	738 	9236
f 9217 	9216 	9210
f 9209 	9236 	9208
f 9237 	9222 	9235
f 9554 	9139 	9188
f 8023 	9223 	9210
f 8487 	8491 	9223
f 9221 	9232 	9224
f 9223 	9217 	9210
f 3198 	9225 	9202
f 9226 	9219 	9207
f 8487 	9223 	8474
f 9219 	9147 	9207
f 9212 	9159 	9221
f 9220 	8942 	553
f 3198 	3202 	9225
f 9207 	3956 	9226
f 9216 	9227 	9211
f 9219 	9226 	9222
f 716 	9134 	9077
f 9225 	9199 	9114
f 9216 	9220 	9227
f 9212 	9221 	9228
f 716 	9209 	9134
f 9228 	9221 	9224
f 9220 	553 	9227
f 3198 	9202 	3242
f 9134 	9275 	8912
f 9225 	9114 	9202
f 801 	817 	9215
f 9215 	9211 	801
f 3242 	9202 	9554
f 9219 	9229 	9147
f 9554 	9567 	3242
f 9222 	9237 	9229
f 801 	9211 	551
f 3201 	9199 	9225
f 9229 	9219 	9222
f 9567 	9672 	3242
f 9231 	642 	726
f 9233 	9218 	9185
f 9232 	9234 	9224
f 9239 	9224 	9234
f 317 	385 	173
f 738 	652 	9236
f 9257 	9189 	9230
f 269 	257 	268
f 269 	268 	271
f 9163 	9391 	9162
f 9233 	9185 	9197
f 9237 	9235 	9238
f 796 	9236 	652
f 9239 	9234 	9240
f 9391 	8915 	8695
f 367 	8264 	383
f 9257 	9129 	9189
f 376 	452 	365
f 441 	365 	452
f 9129 	9257 	8891
f 9162 	9800 	9188
f 9242 	9226 	3956
f 9222 	9242 	9235
f 9222 	9226 	9242
f 9224 	9243 	9228
f 8594 	535 	532
f 9243 	9224 	9239
f 8594 	9027 	535
f 531 	535 	9113
f 3956 	3689 	9242
f 4000 	4289 	9242
f 9197 	9135 	6702
f 9027 	9113 	535
f 637 	9113 	9027
f 3980 	9228 	9243
f 4289 	9235 	9242
f 794 	9231 	9245
f 9247 	7830 	9246
f 4388 	9238 	9235
f 9558 	9171 	9194
f 7831 	9246 	7830
f 2182 	9245 	9291
f 4403 	4393 	9240
f 9239 	9240 	4393
f 8862 	6333 	9558
f 9239 	4140 	9243
f 4424 	456 	9246
f 3980 	9243 	3712
f 462 	461 	3777
f 9246 	3777 	461
f 4253 	9253 	3759
f 487 	476 	9250
f 9249 	9459 	8330
f 9303 	9295 	9253
f 9253 	9295 	3726
f 9252 	3782 	7707
f 9253 	3726 	9248
f 8329 	8507 	8330
f 7773 	7707 	3782
f 9252 	9250 	3782
f 9248 	3759 	9253
f 9289 	9287 	4253
f 9208 	9236 	9251
f 9247 	9246 	55
f 81 	373 	9250
f 373 	519 	487
f 3654 	3145 	9258
f 9252 	20 	9250
f 7707 	26 	9252
f 7984 	9255 	9254
f 9254 	7977 	7984
f 2987 	3654 	9258
f 9260 	6383 	6384
f 275 	9247 	55
f 9230 	9273 	9257
f 4284 	4093 	9262
f 9259 	8117 	7977
f 9245 	2182 	2108
f 9257 	9320 	6698
f 7977 	9254 	9259
f 487 	9250 	373
f 4284 	9262 	9370
f 9264 	8125 	8126
f 9257 	6698 	8891
f 9251 	9236 	796
f 9233 	9197 	9261
f 4093 	4059 	9262
f 796 	2119 	9251
f 8125 	9264 	9265
f 2202 	9251 	2119
f 9256 	7989 	9265
f 7989 	8125 	9265
f 9263 	9689 	9266
f 9259 	9254 	9280
f 9403 	9267 	9301
f 9263 	9262 	4059
f 9403 	9301 	9261
f 9272 	9150 	9268
f 9271 	9270 	9269
f 9272 	9241 	699
f 9268 	9290 	9272
f 9290 	9241 	9272
f 9270 	9271 	9274
f 9272 	9062 	8790
f 9062 	9272 	699
f 9689 	9263 	4059
f 9198 	9276 	9278
f 9277 	8912 	9275
f 9254 	9255 	9269
f 9269 	9255 	9271
f 9490 	9350 	9277
f 6828 	9271 	9255
f 9269 	9281 	9280
f 9281 	9269 	9270
f 9283 	9276 	9284
f 3955 	9279 	9282
f 9279 	9285 	9282
f 9289 	9282 	9285
f 9209 	9208 	9275
f 9278 	9276 	9283
f 9275 	9208 	9277
f 9289 	9286 	9287
f 9209 	9275 	9134
f 9254 	9269 	9280
f 9256 	9265 	9284
f 9288 	9233 	9261
f 9286 	9289 	9285
f 9264 	9296 	9265
f 9288 	9218 	9233
f 9284 	9276 	9256
f 9288 	9301 	9302
f 4144 	4146 	9292
f 4144 	9292 	9293
f 9280 	9281 	9352
f 9280 	9352 	9305
f 9283 	9284 	9294
f 9284 	9296 	9294
f 9261 	9301 	9288
f 9284 	9265 	9296
f 9295 	9286 	4188
f 9285 	4188 	9286
f 9245 	9290 	9291
f 9231 	9290 	9245
f 9241 	9290 	9231
f 3726 	9295 	4188
f 9285 	9279 	9293
f 9302 	9249 	9288
f 9317 	8249 	9297
f 9288 	9249 	9218
f 9285 	9293 	9292
f 9298 	9297 	8249
f 8257 	9298 	8249
f 2193 	2182 	9299
f 4188 	9285 	9292
f 2182 	9291 	9299
f 9298 	8117 	9259
f 4188 	9292 	4146
f 8257 	8117 	9298
f 9300 	8126 	8261
f 2207 	9496 	9495
f 8261 	8278 	9300
f 2337 	9496 	2207
f 9264 	8126 	9300
f 9208 	9251 	9495
f 3955 	9293 	9279
f 2202 	2207 	9495
f 2202 	9495 	9251
f 9290 	9268 	9291
f 9287 	9286 	9303
f 9295 	9303 	9286
f 9490 	9208 	9495
f 8768 	8783 	8782
f 8771 	8764 	8782
f 8768 	8782 	8764
f 9304 	8764 	8768
f 853 	8775 	843
f 843 	8775 	8771
f 9303 	4253 	9287
f 9253 	4253 	9303
f 9206 	9304 	8768
f 9312 	9302 	9301
f 8848 	9325 	8847
f 4253 	3955 	9289
f 9352 	9344 	9305
f 9337 	9325 	9306
f 9306 	9325 	8857
f 9259 	9280 	9305
f 8857 	9307 	9306
f 9307 	9342 	9306
f 9307 	8857 	8864
f 9305 	9298 	9259
f 9150 	9306 	8860
f 8859 	8860 	8857
f 9282 	9289 	3955
f 9307 	8864 	8847
f 9307 	8847 	9342
f 9307 	8864 	9206
f 9307 	9342 	8782
f 8771 	8782 	9359
f 8864 	9307 	8782
f 843 	8771 	9359
f 9380 	9381 	9304
f 9372 	9459 	9302
f 9308 	9264 	9300
f 9312 	9301 	9267
f 9311 	3145 	9310
f 1865 	9446 	8002
f 8017 	8002 	9446
f 9315 	9308 	9300
f 9343 	9310 	9323
f 9258 	9309 	9319
f 9309 	9314 	9319
f 9313 	8445 	9192
f 9297 	9298 	9305
f 9305 	9344 	9297
f 9314 	9311 	9310
f 9192 	8445 	9531
f 8278 	9315 	9300
f 9531 	8445 	1876
f 9318 	9297 	9344
f 9314 	9309 	9311
f 9257 	9321 	9320
f 2987 	9258 	9319
f 8400 	9317 	3
f 9322 	9321 	9316
f 9313 	8044 	8445
f 9317 	9297 	9318
f 9187 	9507 	8056
f 2635 	3780 	9507
f 6743 	9320 	6744
f 9336 	9318 	9344
f 8857 	8860 	9306
f 9152 	9306 	9150
f 9321 	9322 	9320
f 9529 	9187 	9183
f 9529 	9507 	9187
f 9326 	8847 	9325
f 4 	9318 	5
f 9425 	6744 	9320
f 9324 	8408 	8428
f 9323 	9333 	9329
f 9331 	9326 	9325
f 8278 	9324 	9315
f 9331 	9325 	9330
f 9327 	9328 	9333
f 9328 	9329 	9333
f 9332 	9323 	9329
f 9334 	9325 	9335
f 5 	9318 	9336
f 9335 	9325 	9337
f 9266 	9333 	9323
f 8848 	8857 	9325
f 9338 	9348 	9339
f 9341 	9340 	9334
f 9325 	9334 	9340
f 9257 	9273 	9321
f 9325 	9340 	9330
f 9327 	9333 	9347
f 9354 	9479 	9334
f 9337 	9306 	9342
f 9342 	9354 	9337
f 9334 	9335 	9354
f 8430 	9338 	9339
f 8430 	9339 	8431
f 8428 	8431 	9324
f 9335 	9152 	9334
f 9332 	9343 	9323
f 9337 	9152 	9335
f 9306 	9152 	9337
f 9344 	9346 	9336
f 9341 	9334 	9152
f 9334 	9485 	9335
f 9485 	9268 	9335
f 9341 	9485 	9334
f 9345 	9329 	9328
f 9344 	9352 	9346
f 8857 	9306 	9268
f 9337 	9268 	9306
f 9345 	9328 	9327
f 9345 	9327 	9347
f 9315 	9348 	9308
f 9326 	9342 	8847
f 9331 	9354 	9326
f 9331 	9330 	9354
f 9425 	6543 	6744
f 9358 	8782 	9342
f 9315 	9324 	9348
f 9348 	9338 	9349
f 9339 	9348 	9324
f 6698 	9320 	6743
f 9689 	9333 	9266
f 9353 	9296 	9308
f 9353 	9308 	9348
f 9294 	9296 	9353
f 9264 	9308 	9296
f 3145 	9323 	9310
f 9348 	9349 	9353
f 9364 	9350 	9351
f 9363 	9515 	9355
f 9332 	9329 	9419
f 9310 	9343 	9419
f 9314 	9310 	9419
f 9351 	9368 	9364
f 9335 	9337 	9354
f 9363 	9367 	9515
f 9342 	9326 	9354
f 9354 	9330 	9355
f 9425 	9375 	6543
f 9319 	6493 	2987
f 9357 	9354 	9356
f 9364 	9354 	9357
f 9354 	9342 	9356
f 9206 	9356 	9342
f 9342 	9307 	9206
f 9263 	9370 	9262
f 9342 	9354 	9358
f 9359 	8782 	9358
f 9355 	9366 	9354
f 9361 	9358 	9360
f 9354 	9360 	9358
f 9356 	9350 	9357
f 9360 	1788 	9361
f 1788 	1814 	9361
f 1815 	9361 	1814
f 9323 	3145 	9365
f 9357 	9356 	9360
f 9361 	9360 	9356
f 9266 	9323 	9263
f 6823 	9362 	9377
f 9355 	9354 	9364
f 9355 	9364 	9363
f 9377 	6860 	6823
f 9355 	9363 	9366
f 9360 	9354 	9366
f 9357 	9350 	9364
f 1788 	9360 	9366
f 9364 	9357 	9366
f 9360 	9366 	9357
f 6823 	6931 	9362
f 9367 	9416 	9515
f 9355 	9330 	9363
f 9363 	9364 	9368
f 9369 	9367 	9368
f 9363 	9368 	9367
f 9263 	9323 	9370
f 9373 	9374 	9367
f 9363 	9367 	9374
f 9363 	9374 	9366
f 9370 	9323 	9365
f 9376 	9473 	8432
f 2042 	9374 	9373
f 9369 	9368 	9373
f 9374 	9373 	9368
f 9374 	9382 	9373
f 9378 	9347 	9333
f 2042 	1825 	9374
f 9366 	9374 	1825
f 1788 	9366 	1825
f 9366 	9374 	9368
f 9366 	9368 	9364
f 9368 	9380 	9364
f 9343 	9332 	9419
f 6860 	9377 	6967
f 9360 	9382 	9366
f 9361 	9382 	9360
f 9356 	9206 	9350
f 9206 	8959 	9350
f 9347 	9378 	9345
f 1815 	9359 	9358
f 1815 	9358 	9361
f 9361 	9356 	9358
f 9356 	8768 	9358
f 9206 	8768 	9356
f 8768 	8764 	9358
f 9359 	9358 	8764
f 6886 	9379 	6834
f 9304 	9356 	9380
f 9206 	9356 	9304
f 9357 	9380 	9356
f 9424 	9419 	9378
f 6712 	9375 	9376
f 9359 	9381 	9358
f 6834 	9379 	9371
f 9374 	9366 	9382
f 9358 	9381 	9361
f 9382 	9361 	9381
f 9371 	9379 	9413
f 1214 	843 	9359
f 1214 	9359 	1815
f 1214 	1815 	1845
f 9371 	9413 	9422
f 9413 	9379 	4988
f 9382 	9381 	9380
f 8764 	9304 	9381
f 8764 	9381 	9359
f 9689 	9424 	9333
f 9378 	9333 	9424
f 8432 	4949 	9376
f 6931 	9477 	9383
f 8644 	9384 	8440
f 9389 	9183 	9390
f 9172 	6935 	9157
f 6834 	9157 	6935
f 8989 	8017 	9415
f 9375 	9316 	9376
f 1891 	9382 	6924
f 9380 	9385 	9382
f 9371 	9157 	6834
f 6924 	9382 	9385
f 9157 	9371 	9232
f 1950 	9439 	9544
f 9497 	6941 	9482
f 9198 	9482 	6941
f 9198 	6941 	3188
f 9386 	9513 	9387
f 9372 	9384 	8644
f 9340 	9479 	9388
f 9330 	9340 	9415
f 6728 	4958 	9384
f 9389 	9390 	9340
f 9390 	9415 	9340
f 9388 	9389 	9340
f 9354 	9355 	9515
f 9393 	9512 	9392
f 9397 	9513 	9393
f 9393 	9396 	9395
f 9392 	9396 	9393
f 9394 	9395 	9396
f 9143 	9383 	9274
f 9477 	9274 	9383
f 9393 	9392 	9351
f 9392 	9416 	9351
f 9369 	9351 	9416
f 9316 	9473 	9376
f 9198 	9278 	9482
f 9398 	9513 	9397
f 9512 	9393 	9513
f 9395 	9398 	9397
f 9472 	9391 	8695
f 9362 	9383 	9229
f 9383 	9143 	9229
f 9513 	9398 	9399
f 9513 	9399 	9406
f 9395 	9399 	9398
f 9397 	9398 	9399
f 9395 	9397 	9393
f 9232 	9371 	9422
f 9351 	9475 	9393
f 9312 	9372 	9302
f 9400 	1973 	9401
f 9229 	9237 	9423
f 9406 	9402 	9513
f 9401 	9513 	9402
f 9403 	9261 	6702
f 9232 	9422 	9427
f 9403 	6702 	6703
f 9401 	9402 	9394
f 9395 	9394 	9402
f 9400 	9401 	9405
f 9405 	9401 	9394
f 9404 	9400 	9405
f 9232 	9427 	9234
f 9452 	9400 	9401
f 9452 	9401 	9402
f 9402 	9406 	9395
f 9406 	9399 	9395
f 9407 	9401 	9400
f 9407 	9400 	9408
f 9397 	9402 	9393
f 9399 	9406 	9397
f 9406 	9402 	9397
f 9402 	9401 	9393
f 9401 	9410 	9393
f 9407 	9410 	9401
f 9392 	9393 	9410
f 9377 	9362 	9409
f 9405 	1946 	9404
f 9411 	9412 	9396
f 9394 	9396 	9412
f 9412 	1946 	9405
f 9394 	9412 	9405
f 1973 	9453 	1941
f 9396 	9410 	9394
f 9322 	9375 	9425
f 9408 	9404 	9405
f 9410 	9407 	9394
f 9405 	9394 	9407
f 9408 	9405 	9407
f 9422 	9413 	9429
f 9414 	9312 	9267
f 9414 	6706 	6691
f 9409 	9428 	7653
f 9392 	9515 	9416
f 9396 	9418 	9411
f 9417 	9411 	9418
f 9409 	6968 	9377
f 9267 	9403 	9414
f 9429 	9413 	7668
f 9367 	9363 	9415
f 9415 	9363 	9330
f 9417 	9416 	9415
f 9367 	9415 	9416
f 9416 	9417 	9418
f 9369 	9416 	9367
f 9367 	9416 	9373
f 9392 	9416 	9418
f 9392 	9418 	9396
f 9368 	9351 	9369
f 7668 	9413 	7297
f 9414 	9403 	6706
f 9396 	9394 	9418
f 6728 	9414 	6691
f 9373 	9416 	2042
f 9416 	9418 	2042
f 2042 	9418 	9394
f 9373 	9416 	9369
f 9414 	6728 	9384
f 2042 	9394 	9405
f 9416 	9392 	9421
f 9410 	9426 	9392
f 9419 	9329 	9345
f 9362 	9229 	9420
f 9418 	9416 	9421
f 9414 	9384 	9312
f 9421 	9380 	9416
f 9416 	9380 	9369
f 9421 	9416 	9382
f 9373 	9382 	9416
f 9384 	9372 	9312
f 9428 	9420 	9423
f 9404 	9466 	9405
f 9375 	9322 	9316
f 9466 	2042 	9405
f 9345 	9378 	9419
f 9322 	9425 	9320
f 9420 	9229 	9423
f 9421 	9392 	9426
f 9396 	9418 	9426
f 9396 	9426 	9410
f 9435 	9234 	9427
f 9410 	9426 	9407
f 9319 	9314 	6493
f 9418 	9421 	9426
f 9409 	9420 	9428
f 9385 	9380 	9426
f 9421 	9426 	9380
f 9357 	9364 	9380
f 9369 	9380 	9368
f 9409 	9362 	9420
f 6493 	9419 	9694
f 1891 	2078 	9382
f 2078 	2066 	9382
f 9382 	2088 	9426
f 9382 	9426 	9421
f 2010 	2048 	2053
f 9465 	2053 	2042
f 9432 	9385 	9426
f 9422 	9429 	9427
f 9465 	9466 	9430
f 2088 	9430 	9407
f 2066 	2088 	9382
f 9407 	9426 	2088
f 9427 	9429 	9443
f 9465 	2052 	2053
f 9432 	9426 	9410
f 9430 	2088 	2089
f 9238 	4388 	9433
f 9390 	9389 	9411
f 9412 	9411 	9389
f 9389 	9388 	9412
f 9412 	9386 	9387
f 9431 	9161 	9434
f 9386 	9412 	9388
f 9387 	9529 	9386
f 9434 	9244 	9431
f 9431 	9244 	9273
f 9390 	9183 	9415
f 9237 	9433 	9423
f 9433 	9237 	9238
f 9388 	9386 	9529
f 9415 	9390 	9417
f 9411 	9417 	9390
f 9161 	7913 	9434
f 9508 	9509 	9437
f 4059 	4060 	9670
f 9234 	9435 	9240
f 9387 	9508 	9437
f 1941 	9453 	1946
f 4060 	3240 	9670
f 9387 	9437 	9436
f 9439 	9412 	9436
f 1955 	9412 	9439
f 1955 	1952 	9412
f 9387 	9436 	9412
f 3240 	3242 	9672
f 9434 	8504 	8321
f 9434 	8321 	9244
f 1955 	2628 	9439
f 9672 	9670 	3240
f 9249 	8330 	9438
f 9428 	9440 	7653
f 9436 	2628 	9437
f 9439 	2628 	9436
f 9440 	9423 	9433
f 9431 	9273 	9230
f 9428 	9423 	9440
f 9437 	9442 	9436
f 9442 	9439 	9436
f 7790 	9440 	9433
f 2143 	1943 	9444
f 1955 	9439 	9444
f 9442 	9444 	9439
f 9218 	9249 	9438
f 9442 	9437 	9387
f 9442 	9387 	9386
f 9388 	9442 	9386
f 9442 	9388 	9447
f 9390 	9447 	9389
f 9443 	9435 	9427
f 9189 	9431 	9230
f 9389 	9447 	9388
f 9444 	9442 	9446
f 9447 	9446 	9442
f 7548 	7472 	9440
f 9438 	9185 	9218
f 9445 	9441 	9419
f 9424 	9445 	9419
f 9440 	7869 	7548
f 9446 	1872 	9444
f 9415 	9447 	9390
f 9445 	9689 	9441
f 9446 	9447 	9449
f 9244 	9448 	9273
f 8017 	9446 	9449
f 9440 	7790 	7869
f 9424 	9689 	9445
f 8017 	9449 	9447
f 9447 	9415 	8017
f 2089 	6924 	9430
f 6924 	9385 	9432
f 9451 	9430 	9432
f 6924 	9432 	9430
f 2011 	2470 	2008
f 7831 	9433 	4388
f 2008 	2470 	1974
f 9401 	1973 	2469
f 7831 	7830 	9433
f 9406 	9540 	9402
f 9398 	9540 	9399
f 9435 	7837 	9240
f 7835 	7837 	9435
f 9452 	2435 	1958
f 9435 	9443 	7719
f 1974 	2469 	1973
f 9452 	9454 	9455
f 9453 	1973 	9400
f 9456 	9453 	9400
f 9450 	8321 	8547
f 9456 	9400 	9404
f 7485 	7497 	9443
f 9400 	9452 	9455
f 9456 	9400 	9455
f 9400 	9456 	9408
f 9448 	9244 	9450
f 9443 	9429 	7668
f 9454 	9452 	1981
f 1958 	1979 	9452
f 8321 	9450 	9244
f 9689 	4059 	9700
f 9404 	1946 	9456
f 9453 	9456 	1946
f 8330 	9459 	8607
f 9458 	8527 	5342
f 9454 	1981 	1973
f 9453 	9455 	1973
f 9454 	1973 	9455
f 9457 	9125 	9121
f 9455 	9453 	9456
f 9404 	9408 	9456
f 9455 	9461 	9456
f 9454 	9461 	9455
f 9407 	9408 	9461
f 9456 	9461 	9408
f 9459 	8644 	8607
f 1981 	9461 	9454
f 9407 	9461 	9410
f 2040 	9464 	2951
f 9461 	2899 	9464
f 9460 	9457 	9476
f 2052 	9465 	9466
f 9453 	1973 	9466
f 1973 	2052 	9466
f 9465 	2042 	9466
f 9460 	9476 	9477
f 9465 	9467 	9466
f 9455 	9466 	9467
f 9455 	9467 	9454
f 9473 	9448 	9450
f 9466 	9456 	9453
f 9404 	9456 	9466
f 9456 	9466 	9455
f 9407 	9430 	9466
f 9408 	9407 	9466
f 9408 	9466 	9456
f 1981 	9454 	2054
f 9467 	2054 	9454
f 2052 	2011 	2053
f 9459 	9372 	8644
f 9467 	9465 	9451
f 9430 	9451 	9465
f 9432 	9410 	9461
f 9432 	9461 	9464
f 9316 	9321 	9448
f 9432 	9464 	9451
f 9467 	9451 	9464
f 2054 	9467 	9464
f 2054 	9464 	2040
f 8769 	9458 	9469
f 9469 	8822 	8769
f 9321 	9273 	9448
f 9121 	8699 	9468
f 9121 	9468 	9457
f 9459 	9249 	9302
f 8704 	9130 	9470
f 9473 	8637 	8432
f 9462 	9470 	9130
f 4895 	9472 	8653
f 9316 	9448 	9473
f 8637 	9473 	9450
f 9528 	9468 	8699
f 8704 	9470 	9474
f 9450 	8547 	8637
f 8695 	8653 	9472
f 9474 	9470 	9491
f 9530 	8727 	9474
f 9469 	9484 	8822
f 9478 	9479 	9340
f 9340 	9341 	9480
f 9340 	9480 	9481
f 9478 	9340 	9481
f 9480 	9341 	9479
f 9341 	9334 	9479
f 9341 	9152 	9480
f 9477 	9270 	9274
f 9477 	9476 	9270
f 9152 	9517 	9479
f 9481 	9152 	9478
f 9481 	9480 	9152
f 9479 	9478 	9152
f 9291 	9268 	9485
f 9337 	9335 	9268
f 9281 	9476 	9486
f 9270 	9476 	9281
f 9494 	976 	6848
f 9515 	9471 	9479
f 9478 	9479 	9471
f 9457 	9486 	9476
f 9291 	9485 	9471
f 9494 	6848 	9487
f 9482 	9278 	9283
f 9341 	9480 	9485
f 9482 	9283 	9488
f 9481 	9485 	9480
f 9485 	9478 	9471
f 8625 	9489 	9483
f 9485 	9481 	9478
f 9457 	9468 	9486
f 9475 	9351 	9490
f 9482 	9488 	9462
f 8784 	8625 	9483
f 9470 	9462 	9488
f 9463 	8784 	9483
f 9481 	9480 	9479
f 9512 	9534 	9471
f 9470 	9488 	9491
f 9488 	9294 	9491
f 9350 	9490 	9351
f 9458 	5342 	9125
f 9458 	9125 	9460
f 9462 	9130 	9463
f 9488 	9283 	9294
f 5347 	9463 	9130
f 9353 	9491 	9294
f 9483 	9462 	9463
f 8653 	9484 	6823
f 4840 	6823 	9484
f 9490 	9277 	9208
f 8989 	9415 	9183
f 4439 	9494 	4436
f 9494 	9487 	4436
f 4439 	976 	9494
f 9299 	2402 	2193
f 9501 	9524 	9072
f 9522 	7144 	6999
f 3188 	9497 	5654
f 9489 	8625 	9497
f 9299 	2358 	2402
f 2374 	9475 	9496
f 9498 	9493 	9520
f 9503 	9499 	9500
f 9 	5 	9502
f 9499 	9472 	9500
f 9525 	9511 	9472
f 9299 	9291 	9471
f 9475 	9490 	9495
f 9475 	9495 	9496
f 9503 	9500 	9504
f 8735 	9503 	9504
f 9072 	9055 	9501
f 8735 	4486 	8669
f 9110 	9498 	9505
f 9505 	9498 	9520
f 9503 	7144 	9504
f 9059 	9110 	9505
f 5 	9336 	9502
f 9489 	9497 	9483
f 9505 	9520 	9506
f 9458 	9460 	9469
f 9772 	9507 	1901
f 9509 	9545 	9437
f 9506 	9520 	9338
f 9477 	9469 	9460
f 9505 	9506 	9033
f 9499 	9804 	9500
f 9500 	9814 	9511
f 9512 	9513 	9386
f 9508 	9387 	9513
f 9033 	9506 	8430
f 9515 	9388 	9479
f 9515 	9512 	9388
f 9386 	9388 	9512
f 8430 	9506 	9338
f 9510 	9514 	4474
f 9516 	9336 	9346
f 4477 	9518 	9510
f 9192 	9531 	9517
f 9192 	9517 	9152
f 9818 	9519 	4678
f 4678 	4809 	9818
f 9508 	9513 	9509
f 9516 	9502 	9336
f 4485 	9521 	4477
f 9518 	4477 	9521
f 4678 	9519 	4477
f 9518 	4477 	9519
f 9513 	9517 	9508
f 9346 	9352 	9516
f 9545 	9533 	9509
f 9518 	9472 	4477
f 9513 	9508 	9534
f 9522 	9523 	9511
f 9500 	9511 	9523
f 9515 	9479 	9354
f 9493 	9353 	9520
f 9478 	9481 	9479
f 9511 	9519 	9500
f 9338 	9520 	9349
f 9499 	9500 	9519
f 9524 	9502 	9516
f 9515 	9479 	9517
f 9511 	9814 	9525
f 9524 	9501 	9502
f 9526 	9525 	9518
f 9510 	9518 	9525
f 9515 	9392 	9512
f 9521 	9527 	9518
f 9526 	9518 	9527
f 9519 	9526 	9518
f 9524 	9492 	9528
f 9513 	9512 	9517
f 9515 	9517 	9512
f 9516 	9492 	9524
f 9526 	9472 	9518
f 9072 	9524 	9528
f 9513 	9534 	9512
f 9072 	9528 	9078
f 9526 	9527 	9525
f 9511 	9525 	9527
f 9511 	9527 	9522
f 9471 	9515 	9512
f 9519 	9511 	9525
f 9519 	9525 	9526
f 9397 	9393 	9475
f 9389 	9388 	9183
f 9529 	9183 	9388
f 4895 	8653 	6823
f 9500 	9472 	9511
f 9387 	9437 	9529
f 9526 	9525 	9472
f 9492 	9468 	9528
f 9089 	8727 	9530
f 2635 	9507 	9529
f 2646 	9517 	9531
f 9492 	9486 	9468
f 9532 	9523 	9522
f 9522 	9527 	9532
f 9532 	9521 	4485
f 9493 	9530 	9474
f 4485 	8735 	9521
f 9521 	9532 	9527
f 9530 	9498 	9110
f 9531 	2520 	2646
f 1876 	2520 	9531
f 8735 	9523 	9522
f 8735 	9522 	9527
f 9527 	9521 	8735
f 9110 	9089 	9530
f 9504 	9500 	9523
f 9498 	9530 	9493
f 9503 	9504 	9815
f 9532 	9815 	9523
f 9523 	8735 	9504
f 6936 	4840 	9477
f 9484 	9469 	4840
f 9471 	9534 	2358
f 9493 	9474 	9491
f 4498 	8669 	4486
f 9516 	9352 	9492
f 9486 	9352 	9281
f 9496 	2337 	2374
f 4498 	4504 	8669
f 2532 	9517 	2646
f 9486 	9492 	9352
f 2532 	2461 	9517
f 9493 	9491 	9353
f 9520 	9353 	9349
f 6834 	4434 	8669
f 9544 	9545 	2469
f 8669 	4434 	4436
f 2470 	9509 	9517
f 2469 	9545 	2470
f 9504 	7144 	9523
f 9527 	6999 	9521
f 9522 	6999 	9527
f 9509 	9533 	9508
f 9534 	9508 	9533
f 4474 	9514 	9532
f 2168 	2169 	2426
f 2407 	2426 	2169
f 4773 	4474 	9816
f 9514 	9816 	4474
f 3853 	456 	3776
f 4288 	3776 	456
f 4474 	4475 	9812
f 7735 	7706 	7705
f 9483 	9482 	9462
f 101 	98 	31
f 101 	31 	32
f 9482 	9483 	9497
f 9533 	2381 	2358
f 9522 	9523 	7144
f 7143 	7144 	9585
f 2358 	9534 	9533
f 9536 	2505 	1823
f 9471 	2358 	9299
f 7318 	7143 	9539
f 9585 	9539 	7143
f 227 	2505 	9536
f 1823 	1679 	9536
f 9536 	1679 	4973
f 9558 	7083 	9557
f 7082 	9557 	7083
f 9535 	9475 	2374
f 4975 	1729 	9537
f 9558 	6257 	7083
f 227 	9536 	9538
f 227 	9538 	276
f 2419 	2381 	9533
f 5126 	9551 	4976
f 293 	294 	9538
f 284 	389 	9542
f 9538 	9536 	4973
f 2391 	9535 	2374
f 9538 	4973 	4976
f 9808 	9503 	9541
f 9538 	4976 	9551
f 9535 	2391 	9540
f 284 	9542 	267
f 267 	9542 	9537
f 9436 	9437 	9545
f 9537 	9542 	4975
f 4975 	9542 	4980
f 9436 	9544 	9439
f 9545 	9544 	9436
f 5160 	417 	287
f 9544 	9545 	9401
f 2469 	1974 	2470
f 9545 	9509 	9401
f 9513 	9401 	9509
f 9546 	9621 	9543
f 1897 	8485 	287
f 9508 	9517 	9509
f 9509 	2470 	9545
f 9548 	9578 	9551
f 9550 	9551 	9549
f 9547 	9548 	9551
f 9188 	9621 	9546
f 5127 	5126 	9550
f 9551 	9550 	5126
f 2469 	2470 	9533
f 9544 	2469 	9533
f 9552 	9543 	9635
f 9543 	9552 	9546
f 9554 	9546 	9552
f 9533 	9545 	9544
f 9188 	9546 	9554
f 9398 	9397 	9535
f 9475 	9535 	9397
f 9452 	9402 	9540
f 9535 	9540 	9398
f 9406 	9399 	9540
f 9547 	9551 	9555
f 5135 	9555 	5126
f 9551 	5126 	9555
f 9452 	9540 	2435
f 9547 	9551 	9556
f 5239 	9553 	5126
f 4697 	6801 	2223
f 9556 	9551 	9553
f 9559 	2223 	2214
f 2223 	2225 	2214
f 9560 	4697 	9559
f 2223 	9559 	4697
f 8022 	1866 	1865
f 8022 	1865 	8001
f 9171 	9558 	9634
f 9538 	9551 	9547
f 9171 	9634 	9541
f 2054 	2040 	2052
f 2040 	2442 	2052
f 2442 	2443 	2052
f 2052 	2443 	2064
f 7082 	7318 	9557
f 5135 	4980 	9555
f 8223 	8177 	9564
f 9564 	9566 	8223
f 9563 	7893 	9564
f 424 	417 	5164
f 9568 	469 	5179
f 9565 	9567 	9552
f 9568 	6171 	469
f 9567 	9554 	9552
f 9566 	9581 	9564
f 9565 	9552 	9636
f 9550 	9549 	9569
f 9550 	9569 	9568
f 5179 	5128 	9568
f 9550 	9568 	5127
f 9549 	9570 	9550
f 9564 	9614 	9563
f 9570 	5127 	9550
f 9575 	9576 	9573
f 9573 	9602 	9575
f 9572 	9573 	9576
f 9571 	9572 	9576
f 9561 	9614 	9564
f 9569 	9549 	9578
f 9578 	9570 	9549
f 9580 	9579 	9561
f 9564 	9563 	9598
f 9575 	9574 	9577
f 9580 	9561 	9564
f 9581 	1120 	9579
f 9575 	9188 	9574
f 9581 	9579 	9580
f 5128 	5227 	5127
f 9582 	8223 	9566
f 9575 	9585 	9576
f 9569 	6171 	9568
f 9566 	7893 	9582
f 9577 	9576 	9575
f 9598 	9676 	9564
f 9566 	9564 	9676
f 9576 	9188 	9575
f 5250 	5128 	9570
f 9580 	9564 	9581
f 9566 	9582 	9581
f 9582 	9673 	9581
f 9801 	9391 	9472
f 9570 	84 	9639
f 9688 	1120 	9581
f 6101 	9549 	6040
f 5227 	6040 	9550
f 9550 	6040 	9549
f 9621 	9188 	9571
f 9550 	5127 	5227
f 9801 	9800 	9391
f 9805 	9806 	9472
f 5232 	6200 	471
f 9555 	9583 	9547
f 9548 	9547 	9583
f 9630 	3465 	9633
f 9575 	9574 	9584
f 9575 	9584 	9585
f 9548 	9547 	9556
f 9576 	9585 	9586
f 9555 	9590 	9583
f 9587 	9571 	9586
f 9591 	9583 	9590
f 9589 	9588 	9592
f 9606 	9548 	9594
f 9584 	9593 	9585
f 9586 	9585 	9593
f 9593 	9641 	9586
f 9592 	1126 	9691
f 9588 	1126 	9592
f 296 	348 	9594
f 293 	348 	296
f 9584 	9541 	9585
f 9583 	9595 	9548
f 9594 	9548 	9595
f 296 	9594 	9595
f 9561 	9619 	9614
f 9541 	9587 	9586
f 9586 	9585 	9541
f 9556 	9594 	9548
f 296 	9594 	9553
f 9556 	9553 	9594
f 9548 	9594 	9547
f 9808 	9541 	9596
f 9584 	9596 	9541
f 9562 	7417 	9563
f 9597 	2349 	9562
f 9596 	9584 	7144
f 9585 	7144 	9584
f 9597 	9562 	9614
f 9563 	9614 	9562
f 9539 	9585 	9586
f 9586 	9587 	9539
f 9538 	9547 	9594
f 293 	9538 	296
f 9594 	296 	9538
f 9600 	9595 	9583
f 9600 	9583 	9591
f 9593 	9573 	9572
f 2745 	7944 	6933
f 9572 	9601 	9573
f 9595 	9600 	9555
f 9590 	9555 	9600
f 4980 	9542 	9555
f 9595 	9555 	9542
f 9589 	9619 	9588
f 467 	212 	5164
f 424 	5164 	212
f 9810 	9809 	9799
f 9573 	9593 	9602
f 5160 	5164 	417
f 9573 	9601 	9602
f 9591 	9590 	9600
f 9599 	9598 	9604
f 9560 	9559 	9605
f 9570 	292 	84
f 9606 	9578 	9548
f 9549 	9551 	9578
f 9606 	9594 	348
f 7944 	7963 	9597
f 9608 	2349 	9609
f 9609 	2349 	2355
f 9578 	9606 	9610
f 9606 	348 	9610
f 210 	9610 	348
f 9607 	2347 	7417
f 9578 	9606 	9570
f 9602 	6081 	9573
f 9572 	9573 	6081
f 2347 	2349 	9607
f 348 	9570 	9606
f 9578 	9610 	9569
f 9611 	9612 	9613
f 9701 	9704 	9612
f 471 	214 	467
f 9617 	9618 	9616
f 9615 	9616 	9618
f 2368 	9607 	9614
f 2347 	9607 	2368
f 9549 	6101 	9578
f 9611 	9616 	9615
f 9611 	9615 	9612
f 216 	9606 	217
f 9620 	9572 	9571
f 9620 	9571 	9621
f 216 	348 	9606
f 9608 	9609 	9623
f 9622 	9623 	9609
f 2355 	2373 	9609
f 9622 	9609 	2373
f 218 	207 	219
f 9562 	7944 	9597
f 207 	218 	169
f 9625 	9611 	9613
f 9563 	2349 	9608
f 9563 	9608 	9598
f 9578 	6101 	9606
f 9626 	9627 	9616
f 9617 	9616 	9627
f 9604 	9598 	9623
f 9608 	9623 	9598
f 9606 	6175 	217
f 9607 	7417 	9597
f 9625 	9620 	9611
f 9616 	9611 	9620
f 9626 	9616 	9620
f 9626 	9620 	9621
f 349 	6173 	210
f 210 	6173 	9610
f 9563 	9562 	2349
f 9607 	2349 	9597
f 9614 	9607 	9597
f 9629 	9577 	9628
f 9610 	6171 	9569
f 5229 	469 	6171
f 9630 	9622 	2373
f 9630 	2373 	2376
f 2373 	9622 	1063
f 495 	438 	6200
f 212 	467 	214
f 214 	471 	6200
f 6200 	5232 	5234
f 547 	538 	6200
f 2506 	9623 	9622
f 206 	203 	207
f 203 	198 	207
f 219 	207 	198
f 219 	198 	202
f 2506 	9619 	9623
f 9561 	9623 	9619
f 9618 	9617 	9627
f 9626 	9631 	9627
f 9618 	9627 	9631
f 5239 	9632 	9637
f 9622 	9630 	9633
f 9604 	9623 	9599
f 9633 	9599 	9623
f 9622 	9633 	9623
f 9632 	5239 	5002
f 9621 	9634 	9626
f 9576 	9586 	9571
f 9621 	9571 	9634
f 9631 	9626 	9634
f 9576 	9577 	9571
f 9617 	9627 	9635
f 2376 	3465 	9630
f 9636 	9621 	9629
f 9635 	9626 	9636
f 9669 	9637 	9632
f 9626 	9621 	9636
f 9626 	9635 	9627
f 134 	40 	9637
f 9577 	9629 	9621
f 9621 	9571 	9577
f 9571 	9188 	9576
f 9627 	9617 	9543
f 6933 	9690 	3422
f 9627 	9543 	9626
f 9621 	9626 	9543
f 9543 	9617 	9635
f 9619 	2506 	9614
f 2506 	2368 	9614
f 9637 	9553 	5239
f 9628 	9702 	9565
f 9681 	9565 	9702
f 2506 	1068 	9619
f 9565 	9636 	9629
f 9565 	9629 	9628
f 2506 	9619 	9638
f 2506 	9638 	9642
f 9635 	9636 	9552
f 9638 	9619 	9589
f 9615 	9618 	9631
f 2590 	9640 	2214
f 2214 	9640 	9559
f 9640 	9638 	9559
f 9605 	9559 	9638
f 5402 	9639 	9687
f 9615 	9631 	9641
f 9634 	9641 	9631
f 9612 	9615 	9641
f 9640 	2590 	2588
f 9557 	9634 	9558
f 9631 	9634 	9557
f 9618 	9631 	9557
f 2588 	9642 	9640
f 9638 	9640 	9642
f 9634 	9571 	9587
f 9587 	9586 	9641
f 9634 	9587 	9641
f 9570 	9639 	5250
f 9541 	9634 	9587
f 2637 	2586 	4697
f 9605 	2637 	9560
f 9638 	2637 	9605
f 4697 	9560 	2637
f 9642 	9643 	9638
f 2637 	9638 	9643
f 9638 	9589 	9642
f 9592 	9642 	9589
f 9643 	9642 	2588
f 9631 	9618 	9539
f 9634 	9631 	9539
f 9587 	9634 	9539
f 9642 	9592 	9643
f 4699 	9643 	9592
f 9618 	9557 	9539
f 2637 	9643 	2588
f 9649 	177 	133
f 4699 	2586 	2637
f 4699 	2637 	9643
f 9675 	9674 	9637
f 9674 	133 	9637
f 2637 	2545 	9643
f 9701 	9641 	9625
f 9624 	9701 	9625
f 9572 	9620 	9641
f 9601 	9572 	9620
f 9669 	9679 	9637
f 9645 	2679 	9644
f 2681 	9644 	2679
f 9646 	169 	9648
f 177 	178 	133
f 9650 	9645 	5525
f 9644 	5525 	9645
f 9624 	9710 	9625
f 9625 	9710 	9620
f 9647 	177 	9649
f 9652 	2686 	9651
f 2687 	9651 	2686
f 9572 	9641 	9593
f 9649 	9639 	177
f 188 	9649 	177
f 5534 	9652 	5533
f 9651 	5533 	9652
f 9647 	9664 	9653
f 9579 	1120 	1063
f 9648 	9647 	9654
f 9647 	9649 	9654
f 188 	9654 	9649
f 9648 	9653 	9646
f 9656 	9655 	9647
f 9687 	9639 	9655
f 9664 	9687 	9655
f 9656 	9655 	9639
f 9622 	9623 	1063
f 9623 	9561 	9579
f 9625 	5696 	9624
f 480 	9664 	474
f 9657 	9655 	9656
f 1255 	9691 	1126
f 9657 	475 	474
f 9625 	9620 	5696
f 9686 	5399 	9646
f 5421 	5399 	9686
f 84 	178 	9639
f 9660 	9781 	9661
f 9653 	477 	9657
f 475 	9657 	477
f 9647 	9653 	9657
f 9656 	9647 	9657
f 9579 	1063 	9623
f 9639 	9649 	9656
f 9588 	9619 	1068
f 9658 	9662 	9826
f 9588 	1068 	1126
f 9658 	9826 	9659
f 9661 	9659 	9826
f 9661 	9826 	9827
f 477 	9653 	205
f 9653 	9648 	205
f 9654 	205 	9648
f 9661 	9827 	9660
f 9644 	434 	5525
f 9825 	9660 	9827
f 9645 	9650 	9668
f 2681 	436 	9644
f 9665 	9666 	9663
f 9664 	9665 	9663
f 9655 	9679 	9664
f 9649 	9675 	9656
f 5407 	9663 	9666
f 5407 	9666 	9667
f 9668 	436 	2679
f 9645 	9668 	2679
f 428 	426 	9652
f 9665 	9671 	9666
f 9650 	713 	9668
f 9666 	9665 	9669
f 5523 	5555 	9650
f 5412 	9667 	9671
f 9666 	9671 	9667
f 9669 	9667 	9666
f 5534 	464 	9652
f 5415 	5407 	9667
f 9669 	9632 	6213
f 2687 	2743 	9651
f 425 	9651 	2743
f 425 	2743 	427
f 426 	5605 	9651
f 6213 	5415 	9669
f 9667 	9669 	5415
f 7890 	7889 	9582
f 9679 	9655 	9675
f 9677 	9675 	9674
f 9678 	9670 	9672
f 7893 	7890 	9673
f 9665 	9664 	9679
f 9679 	9675 	9677
f 9673 	9676 	7890
f 9675 	9637 	9679
f 9665 	9679 	9680
f 9677 	9680 	9679
f 9665 	9680 	9671
f 8141 	8258 	9683
f 7889 	8141 	9683
f 7890 	7889 	9683
f 9669 	9665 	9679
f 9666 	1162 	9665
f 9599 	9789 	9598
f 9680 	9677 	9682
f 9672 	9567 	9565
f 7893 	9673 	9582
f 9675 	9649 	9674
f 9674 	9649 	133
f 9681 	9672 	9565
f 9582 	9566 	9676
f 9582 	9676 	9673
f 104 	9677 	133
f 8406 	9683 	8398
f 134 	9637 	133
f 9672 	9681 	9678
f 9674 	9675 	9679
f 7846 	9683 	8399
f 9677 	142 	9682
f 8222 	8398 	9683
f 9674 	133 	9677
f 9673 	7890 	9683
f 9683 	9581 	9673
f 9679 	1162 	9674
f 9677 	104 	142
f 7846 	4876 	9683
f 4876 	4861 	9683
f 6211 	6255 	5414
f 5415 	1162 	9667
f 9666 	9667 	1162
f 9683 	4865 	9684
f 142 	131 	9680
f 9671 	9680 	131
f 142 	9680 	9682
f 9581 	9683 	9684
f 9686 	9653 	9664
f 9646 	9653 	9686
f 9686 	9664 	9663
f 9663 	9687 	9664
f 9656 	9675 	9655
f 4861 	4865 	9683
f 9647 	9655 	9664
f 9684 	4865 	9688
f 4865 	5636 	9688
f 9657 	474 	9655
f 9664 	9655 	474
f 9441 	9689 	9685
f 9684 	9688 	9581
f 5407 	5406 	9686
f 9663 	5407 	9686
f 5407 	9687 	9663
f 5250 	9639 	5402
f 9633 	9789 	9599
f 9663 	9664 	480
f 188 	199 	9654
f 9592 	9691 	9692
f 9654 	199 	205
f 199 	203 	205
f 206 	205 	203
f 9592 	9692 	9693
f 9692 	9691 	9693
f 1255 	5644 	9691
f 9592 	9693 	4699
f 9441 	9685 	9694
f 9685 	9697 	9694
f 9697 	9696 	9694
f 9695 	9785 	9696
f 8179 	8150 	7968
f 9441 	9694 	9419
f 9697 	9689 	9698
f 9685 	9689 	9697
f 9696 	9698 	9695
f 9697 	9698 	9696
f 7943 	9690 	7944
f 9690 	6933 	7944
f 7963 	7944 	2745
f 9771 	9773 	9775
f 9699 	9700 	9670
f 2931 	9706 	9754
f 9670 	9678 	9699
f 4059 	9670 	9700
f 9754 	3431 	2931
f 9698 	9700 	9699
f 9700 	9698 	9689
f 2925 	2924 	9709
f 9701 	9612 	9641
f 192 	8001 	8392
f 8001 	8002 	8392
f 3487 	8024 	192
f 8024 	8022 	192
f 8001 	192 	8022
f 1445 	1546 	9789
f 9759 	9703 	9761
f 9705 	3450 	117
f 9613 	9612 	9704
f 117 	1670 	9705
f 9704 	9624 	9613
f 9625 	9613 	9624
f 9702 	9628 	9764
f 73 	9763 	9706
f 9577 	9764 	9628
f 78 	9706 	76
f 9704 	9701 	9624
f 9620 	9625 	9641
f 9708 	306 	9707
f 307 	82 	9707
f 306 	307 	9707
f 306 	9708 	315
f 410 	9711 	9705
f 409 	9711 	410
f 9709 	9705 	9711
f 410 	416 	9708
f 9707 	9705 	9708
f 410 	9708 	9705
f 9705 	411 	410
f 9704 	9710 	9624
f 9713 	9708 	416
f 9713 	416 	414
f 3474 	1703 	9713
f 9601 	9620 	9712
f 9710 	9712 	9620
f 9705 	9709 	9714
f 412 	411 	9714
f 9705 	9714 	411
f 414 	411 	9713
f 411 	9705 	9713
f 9707 	9713 	9705
f 1670 	2658 	3450
f 9705 	411 	3450
f 1670 	3450 	411
f 1445 	9789 	3465
f 9716 	9741 	9712
f 3465 	9789 	9633
f 9704 	9624 	5696
f 9756 	9757 	9704
f 9713 	9707 	3474
f 9716 	9712 	9757
f 9710 	9757 	9712
f 155 	153 	9709
f 9717 	9718 	9719
f 9717 	9719 	9720
f 9711 	9714 	9709
f 9720 	9719 	9722
f 9719 	9723 	9725
f 9721 	9725 	9723
f 421 	420 	9714
f 421 	9714 	9711
f 9722 	9719 	9725
f 9765 	9742 	9724
f 9726 	1860 	9709
f 9711 	9709 	1860
f 421 	9711 	1860
f 421 	1860 	422
f 9734 	9761 	9727
f 9714 	1861 	9709
f 419 	1861 	420
f 420 	1861 	9714
f 9719 	9736 	9723
f 9726 	9709 	1861
f 9721 	9723 	9736
f 1871 	1870 	3487
f 9723 	9719 	9728
f 9721 	9723 	9728
f 1861 	1871 	9726
f 1871 	3487 	9726
f 192 	9726 	3487
f 9729 	9788 	9728
f 9727 	9788 	9729
f 9719 	9723 	9731
f 9749 	9732 	9730
f 8242 	9730 	8131
f 9721 	9724 	9731
f 9723 	9721 	9731
f 9730 	9750 	8242
f 9770 	9731 	9724
f 9734 	9698 	9699
f 8260 	9676 	9733
f 8260 	8141 	9676
f 8237 	9733 	8242
f 8242 	9733 	9730
f 9734 	9729 	9728
f 9729 	9734 	9727
f 9736 	9719 	9718
f 8309 	8131 	9732
f 9736 	9776 	9721
f 9732 	9751 	9735
f 9732 	9735 	8131
f 9718 	9745 	9736
f 9720 	9722 	9717
f 9717 	9722 	9725
f 9737 	9735 	9690
f 9720 	9722 	9738
f 8177 	8169 	9690
f 9725 	9738 	9722
f 9740 	9739 	9794
f 9794 	9715 	9740
f 9756 	5696 	9720
f 7943 	8177 	9690
f 9690 	9790 	3422
f 8179 	3431 	8132
f 9732 	8131 	3431
f 9715 	9757 	9740
f 9721 	9724 	9742
f 9725 	9721 	9742
f 9743 	9744 	9745
f 8293 	8294 	9746
f 9718 	9717 	9745
f 9743 	9745 	9717
f 9746 	9797 	8293
f 9747 	9797 	9746
f 9744 	9748 	9745
f 9662 	9768 	9748
f 8242 	8290 	9730
f 9752 	9753 	8297
f 9730 	8297 	9749
f 8222 	9750 	8402
f 9717 	9725 	9743
f 9744 	9743 	9742
f 9742 	9743 	9725
f 9732 	8131 	9730
f 9732 	9749 	9751
f 9794 	9738 	9742
f 9749 	9750 	9730
f 8222 	8242 	9750
f 9749 	8297 	9753
f 9739 	9738 	9794
f 9725 	9742 	9738
f 9754 	9753 	9752
f 9754 	9752 	9755
f 9752 	9750 	9753
f 9742 	9796 	9744
f 9749 	9753 	9751
f 9754 	9751 	9753
f 9753 	9750 	9749
f 9730 	9733 	9749
f 9749 	9733 	9753
f 9753 	9733 	9752
f 9715 	9794 	9741
f 9716 	9715 	9741
f 9751 	9754 	8309
f 9732 	9751 	8309
f 9601 	9712 	9741
f 9755 	9763 	8309
f 9754 	9755 	8309
f 5696 	9742 	9725
f 9725 	9722 	5696
f 9722 	9720 	5696
f 9735 	9751 	9754
f 9755 	9735 	9754
f 5696 	9756 	9704
f 9756 	9720 	9738
f 9710 	9704 	9757
f 117 	8310 	8309
f 117 	8309 	95
f 9715 	9716 	9757
f 9751 	9732 	3431
f 9756 	9738 	9757
f 9751 	3431 	9754
f 9739 	9757 	9738
f 9739 	9740 	9757
f 8295 	2822 	8296
f 9758 	9702 	9764
f 8296 	8336 	9746
f 9760 	9764 	9759
f 9758 	9764 	9760
f 192 	8392 	9746
f 9759 	9761 	9760
f 9746 	9747 	192
f 9678 	9734 	9699
f 9761 	9734 	9678
f 9763 	9755 	9762
f 9752 	9762 	9755
f 9762 	35 	9752
f 9758 	9760 	9681
f 9702 	9758 	9681
f 9761 	9681 	9760
f 9703 	9727 	9761
f 9752 	9733 	9762
f 9678 	9681 	9761
f 9764 	9577 	9603
f 9735 	78 	9793
f 9764 	9788 	9703
f 9703 	9759 	9764
f 95 	8309 	9763
f 9603 	9831 	9764
f 9763 	9735 	9755
f 9724 	9776 	9765
f 9766 	9765 	9767
f 9788 	9765 	9728
f 9724 	9728 	9765
f 9721 	9728 	9724
f 9766 	9765 	9788
f 9754 	9706 	9755
f 9724 	9765 	9770
f 8419 	8402 	9750
f 9779 	6493 	9694
f 9769 	8419 	35
f 35 	226 	9769
f 8445 	8419 	9769
f 226 	390 	9769
f 9769 	390 	1876
f 1876 	8445 	9769
f 9765 	9773 	9771
f 9771 	9770 	9765
f 9772 	8281 	9507
f 9774 	9797 	9747
f 132 	9797 	9774
f 8297 	8293 	9797
f 9773 	9766 	9695
f 9797 	9762 	8297
f 9752 	8297 	9762
f 9762 	9797 	12
f 35 	8419 	9750
f 9766 	9786 	9695
f 9765 	9766 	9773
f 9731 	9775 	9719
f 9763 	9762 	12
f 12 	13 	73
f 9750 	9752 	35
f 12 	35 	9762
f 13 	12 	9733
f 9762 	9733 	12
f 13 	9792 	19
f 9698 	9775 	9773
f 9695 	9698 	9773
f 9763 	73 	95
f 9728 	9719 	9775
f 73 	75 	9735
f 9763 	73 	9735
f 9770 	9775 	9731
f 9770 	9771 	9775
f 3450 	8310 	117
f 9698 	9734 	9775
f 9775 	9734 	9728
f 9763 	9755 	9706
f 2925 	9709 	9774
f 153 	150 	9709
f 9724 	9721 	9776
f 9767 	9765 	9776
f 132 	9774 	9709
f 9774 	9777 	132
f 286 	153 	9777
f 9772 	286 	9777
f 9727 	9703 	9788
f 9774 	9747 	2925
f 9746 	2823 	9747
f 9746 	8296 	2820
f 9746 	8336 	9747
f 9747 	9777 	9774
f 8336 	9777 	9747
f 9772 	1901 	286
f 9780 	9778 	9783
f 9783 	9795 	9785
f 9780 	9783 	9785
f 9777 	8336 	8281
f 9784 	9795 	9787
f 8281 	9772 	9777
f 132 	192 	9774
f 9747 	9774 	192
f 9788 	9787 	9786
f 9786 	9766 	9788
f 9659 	9785 	9658
f 9785 	9784 	9658
f 9787 	9768 	9784
f 9789 	9792 	9733
f 9788 	9785 	9784
f 9788 	9784 	9787
f 9789 	9733 	9676
f 9694 	9696 	9785
f 9784 	9785 	9695
f 9676 	9598 	9789
f 9784 	9695 	9787
f 9779 	9661 	9781
f 9778 	9661 	9779
f 9780 	9659 	9778
f 9661 	9778 	9659
f 9790 	9735 	9793
f 9690 	9735 	9790
f 9785 	9659 	9780
f 3057 	3422 	9790
f 9780 	9788 	9778
f 9790 	1451 	3057
f 9781 	9779 	9788
f 9779 	9778 	9788
f 9785 	9788 	9780
f 9791 	9834 	9781
f 1664 	1451 	9790
f 1614 	314 	9792
f 9791 	9781 	9660
f 9781 	9788 	9791
f 9778 	9779 	9694
f 9778 	9694 	9780
f 9785 	9780 	9694
f 13 	9733 	9792
f 9791 	6493 	9781
f 9779 	9781 	6493
f 1677 	9790 	9793
f 9662 	9658 	9768
f 9782 	9836 	9794
f 9783 	9782 	9794
f 9790 	1677 	1664
f 9784 	9785 	9795
f 9797 	132 	130
f 9796 	9742 	9765
f 9765 	9766 	9796
f 9766 	9786 	9796
f 9795 	9796 	9787
f 9786 	9787 	9796
f 9764 	9798 	9788
f 12 	9797 	13
f 1697 	305 	9797
f 9787 	9786 	9768
f 300 	301 	9797
f 39 	42 	9797
f 9797 	19 	13
f 9767 	9768 	9766
f 9786 	9766 	9768
f 9786 	9787 	9695
f 9768 	9658 	9784
f 9767 	9745 	9768
f 9745 	9748 	9768
f 9776 	9736 	9745
f 9745 	9767 	9776
f 9748 	9744 	9796
f 9796 	9795 	9748
f 9783 	9662 	9795
f 9662 	9748 	9795
f 9794 	9742 	9796
f 9796 	9795 	9794
f 9783 	9794 	9795
f 9833 	9741 	9794
f 179 	9782 	9795
f 9783 	9795 	9782
f 9795 	9796 	179
f 9798 	8037 	9788
f 9799 	9800 	9602
f 9574 	9575 	9602
f 9574 	9602 	9800
f 9801 	9800 	9799
f 9801 	9799 	9802
f 9803 	9804 	9499
f 9803 	9499 	9805
f 9803 	9805 	9807
f 9806 	9802 	9805
f 9807 	9805 	9802
f 9801 	9802 	9806
f 9503 	9808 	9805
f 9801 	9806 	9808
f 9499 	9503 	9805
f 9800 	9801 	9808
f 9808 	9596 	9800
f 9574 	9800 	9596
f 9806 	9805 	9808
f 9801 	9577 	9800
f 9574 	9800 	9577
f 9806 	9519 	9801
f 9805 	9519 	9806
f 9499 	9519 	9805
f 9577 	9801 	9519
f 9574 	9188 	9800
f 9162 	9391 	9800
f 9499 	9805 	9472
f 9801 	9472 	9806
f 9809 	9808 	9503
f 9815 	9809 	9503
f 8735 	9541 	9503
f 9596 	9584 	9574
f 9584 	9810 	9593
f 9584 	9596 	9810
f 9596 	9808 	9810
f 9809 	9810 	9808
f 9503 	9808 	7144
f 9596 	7144 	9808
f 9816 	9802 	9601
f 9593 	9810 	9602
f 9803 	9807 	9809
f 9804 	9803 	9809
f 9799 	9602 	9810
f 9802 	9799 	9601
f 9602 	9601 	9799
f 9816 	9804 	9803
f 9816 	9803 	9807
f 9816 	9807 	9802
f 9809 	9815 	9804
f 9814 	9804 	9815
f 9807 	9802 	9809
f 9802 	9799 	9809
f 9603 	9519 	9818
f 9603 	9577 	9519
f 9822 	9603 	9818
f 9741 	9832 	9811
f 9601 	9741 	9811
f 9811 	9816 	9601
f 9812 	6081 	9602
f 9799 	9812 	9602
f 9812 	9799 	9802
f 9812 	9803 	9804
f 9807 	9803 	9812
f 9802 	9807 	9812
f 9811 	9819 	9813
f 9814 	9500 	9804
f 9814 	9817 	9525
f 9523 	9815 	9504
f 9804 	9816 	9814
f 9510 	9525 	9817
f 9514 	9510 	9817
f 9817 	9815 	9514
f 9532 	9514 	9815
f 9815 	9817 	9814
f 9514 	9817 	9816
f 9814 	9816 	9817
f 9820 	5044 	5032
f 9816 	9811 	9813
f 9816 	9813 	4773
f 9620 	9572 	6081
f 9804 	9814 	9812
f 9817 	9812 	9814
f 9812 	7064 	6081
f 9514 	4474 	9812
f 9817 	9514 	9812
f 4797 	4798 	9812
f 5065 	9818 	4809
f 5032 	9813 	9819
f 9820 	9839 	9821
f 5044 	9821 	5123
f 5044 	9820 	9821
f 5123 	9821 	5267
f 9820 	5032 	9819
f 9819 	9840 	9820
f 93 	9822 	9823
f 5065 	9823 	9822
f 9831 	9822 	93
f 5065 	5066 	9823
f 9823 	5066 	9824
f 17 	9824 	51
f 9824 	17 	9823
f 9822 	9818 	5065
f 5213 	51 	9824
f 5213 	9824 	5103
f 119 	5267 	9821
f 9825 	9829 	9837
f 9828 	9825 	9827
f 7660 	9837 	9829
f 9830 	9829 	9828
f 9825 	9828 	9829
f 7723 	7660 	9830
f 9830 	7660 	9829
f 7678 	9830 	7960
f 9835 	9834 	9827
f 9826 	9662 	9782
f 9783 	9782 	9662
f 9782 	9836 	9826
f 9828 	7979 	9830
f 9830 	7678 	7723
f 9603 	9822 	9831
f 9798 	9831 	200
f 9832 	9741 	9833
f 9819 	9811 	9832
f 9798 	8033 	8037
f 9798 	9764 	9831
f 200 	8033 	9798
f 8035 	125 	9833
f 9778 	9779 	9835
f 9834 	9835 	9779
f 9836 	9782 	9778
f 9835 	9836 	9778
f 7980 	7981 	9834
f 9779 	9781 	9834
f 9837 	9834 	9791
f 7980 	9834 	9837
f 9782 	9783 	9778
f 9837 	9788 	7980
f 8037 	7981 	9788
f 9837 	7980 	6493
f 9791 	9660 	9837
f 9825 	9837 	9660
f 9791 	9788 	9837
f 9791 	9837 	6493
f 9834 	7979 	9828
f 7978 	9830 	7979
f 9828 	9827 	9834
f 9827 	9826 	9835
f 9835 	9826 	9836
f 9834 	7979 	9794
f 9836 	9835 	9794
f 9835 	9834 	9794
f 8045 	9794 	7979
f 9794 	8045 	9833
f 8045 	8035 	9833
f 179 	9834 	9835
f 9836 	179 	9835
f 7978 	7979 	179
f 179 	7979 	9834
f 9782 	179 	9836
f 9796 	9742 	5696
f 5493 	9838 	5560
f 9832 	9833 	125
f 9839 	9820 	9840
f 9839 	9840 	9841
f 9841 	9838 	9839
f 9838 	5493 	119
f 9839 	9838 	119
f 119 	9821 	9839
f 125 	9840 	9832
f 125 	9841 	9840
f 9620 	6081 	5696
f 125 	5554 	9841
f 5554 	5584 	9841
f 9832 	9840 	9819
f 9842 	5656 	200
f 5603 	5656 	9842
f 200 	9831 	93
f 9842 	200 	93
f 51 	5474 	41
f 51 	41 	17
f 17 	41 	9842
f 93 	17 	9842
f 41 	5603 	9842
# 27080 faces

 #end of obj_0

