o traffic_cone_Material001_0
usemtl Material.001
v -0.09734921685216652 0.3876589675792228 -0.4894078557452973
v -0.0756370913041826 0.7331412422381218 -0.38025364418422847
v 7.2303308297852705e-9 0.7352284302519315 -0.3877032544508796
v 3.6151654148926352e-9 0.3904418009491192 -0.49899591079627575
v -0.05392496575619867 1.0786235484112776 -0.27109943262316466
v -0.0322128373295968 1.4241057915559163 -0.16194524409103422
v 1.4460661659570541e-8 1.4248016258290443 -0.1651179302456052
v 1.0845496244677906e-8 1.0800149650119735 -0.276410598105468
v -0.19095743939370066 0.38765897220546963 -0.46101215504963045
v -0.14836756146669924 0.7331412458325648 -0.3581911102308795
v -0.10577768353969785 1.0786235509739168 -0.25537006541213364
v -0.06318780561269645 1.4241057930867498 -0.15254905513679287
v -0.27722725877713067 0.3876589797181063 -0.4148999196022535
v -0.21539634154853846 0.7331412516696295 -0.3223634628083262
v -0.15356538977653086 1.0786235551354095 -0.22982700601440395
v -0.09173444951899506 1.4241057955726741 -0.13729056073494325
v -0.35284337071372074 0.38765898982839864 -0.3528433878135041
v -0.2741475060377034 0.7331412595249864 -0.2741476254815788
v -0.19545164136168605 1.078623560735831 -0.19545186314965862
v -0.11675577668566871 1.4241057989181622 -0.11675610081772818
v -0.4148999485603581 0.3876590021478344 -0.27722722981902786
v -0.32236341245128214 0.733141269096781 -0.21539636887664032
v -0.2741475060377034 0.7331412595249864 -0.2741476254815788
v -0.35284337071372074 0.38765898982839864 -0.3528433878135041
v -0.22982687634220614 1.0786235675599845 -0.1535655079342579
v -0.13729035174760193 1.4241058029946745 -0.09173464699186523
v -0.11675577668566871 1.4241057989181622 -0.11675610081772818
v -0.19545164136168605 1.078623560735831 -0.19545186314965862
v -0.4610119997761871 0.38765901620294196 -0.19095759466714757
v -0.35819094472911805 0.7331412800171292 -0.148367749997407
v -0.25536986665310546 1.078623575345575 -0.10577789381319982
v -0.1525488116060364 1.4241058076455055 -0.06318804914345415
v -0.4894077925876287 0.3876590314536571 -0.09734937212561469
v -0.38025352474035445 0.7331412918664267 -0.07563727983489134
v -0.2710992568930803 1.0786235837934521 -0.05392519330140901
v -0.16194501207474965 1.4241058126919641 -0.03221310676791642
v -0.4989958471852259 0.3904418507316036 -6.980693382142614e-8
v -0.38770313466695944 0.735228430388275 -1.2489806256587518e-7
v -0.276410422148693 1.0800150100449464 -1.799891909671662e-7
v -0.16511769811595475 1.4248015266731044 -2.3508030909980904e-7
v -0.4894077925876287 0.38765906317408627 0.09734923429579252
v -0.38025352474035445 0.7331413165121409 0.07563703518989737
v -0.2710992568930803 1.0786236013644521 0.05392483608399706
v -0.16194501207474965 1.424105823188251 0.03221264273534292
v -0.4610120458340743 0.38765907842480146 0.1909574568373254
v -0.35819096775806164 0.7331413283614393 0.14836751110964894
v -0.25536988968204904 1.0786236098123323 0.10577755386749554
v -0.1525488116060364 1.4241058282347134 0.06318760813982421
v -0.4148998564445838 0.38765909247994085 0.27722728773522604
v -0.3223633433644514 0.7331413392818137 0.21539629119148723
v -0.229826830284319 1.0786236175979433 0.15356529464774327
v -0.13729032871865837 1.4241058328855596 0.09173429810400958
v -0.35284330162689004 0.3876591047993504 0.35284328452709723
v -0.27414745997981627 0.7331413488535858 0.27414740962276424
v -0.1954516183327425 1.0786236244220744 0.19545151168948255
v -0.11675576517119692 1.4241058369620492 0.1167556137562111
v -0.27722725877713067 0.38765911490963145 0.41489974722901596
v -0.21539634154853846 0.7331413567089352 0.32236320089162446
v -0.27414745997981627 0.7331413488535858 0.27414740962276424
v -0.35284330162689004 0.3876591047993504 0.35284328452709723
v -0.15356538977653086 1.078623630022492 0.22982663152528432
v -0.09173444951899506 1.4241058403075355 0.13729006215895442
v -0.11675576517119692 1.4241058369620492 0.1167556137562111
v -0.1954516183327425 1.0786236244220744 0.19545151168948255
v -0.19095743939370066 0.38765912242226813 0.46101198267639293
v -0.14836756146669924 0.7331413625460037 0.3581908713431214
v -0.10577768353969785 1.078623634183996 0.25536976000984474
v -0.06318780561269645 1.4241058427934747 0.15254864867657833
v -0.09734921685216652 0.38765912704852246 0.4894077294299469
v -0.0756370913041826 0.7331413661404467 0.38025340529647034
v -0.05392496575619867 1.0786236367466278 0.2710990811629886
v -0.0322128373295968 1.424105844324295 0.16194475702951716
v -4.000843436654136e-8 0.38765912861061486 0.498995784027544
v -2.6663749976471654e-8 0.7331413673541421 0.3877030152230752
v -1.3319062841137945e-8 1.078623637611919 0.2764102003607141
v 2.562292156376479e-11 1.4241058448411894 0.16511743155625047
v 0.09734926291005366 0.38765912704852246 0.4894077294299469
v 0.07563713736206974 0.7331413661404467 0.38025340529647034
v 0.05392500605684992 1.0786236367466278 0.2710990811629886
v 0.03221288050886599 1.424105844324295 0.16194475702951716
v 0.190957473937116 0.38765912242226813 0.46101198267639293
v 0.1483675960101146 0.7331413625460037 0.3581908713431214
v 0.10577770656864142 1.078623634183996 0.25536976000984474
v 0.06318781712716824 1.4241058427934747 0.15254864867657833
v 0.27722721271924355 0.38765911490964644 0.41489983934479024
v 0.21539631851959487 0.7331413567089428 0.32236324694951163
v 0.15356540129100266 1.0786236300224958 0.22982665455422788
v 0.0917345013341181 1.4241058403075375 0.13729007367342622
v 0.35284334768477715 0.3876591047993504 0.35284328452709723
v 0.27414752906664697 0.7331413488535858 0.27414740962276424
v 0.1954516874195732 1.0786236244220744 0.19545151168948255
v 0.11675584577249942 1.4241058369620492 0.1167556137562111
v 0.41489990250247094 0.38765909247991837 0.27722714956156463
v 0.32236336639339497 0.7331413392817987 0.21539619907571295
v 0.27414752906664697 0.7331413488535858 0.27414740962276424
v 0.35284334768477715 0.3876591047993504 0.35284328452709723
v 0.229826830284319 1.078623617597934 0.15356523707538433
v 0.1372903056897148 1.4241058328855558 0.09173427507506601
v 0.11675584577249942 1.4241058369620492 0.1167556137562111
v 0.1954516874195732 1.0786236244220744 0.19545151168948255
v 0.4610120918919614 0.3876590784247864 0.19095736472155111
v 0.3581910138159488 0.7331413283614281 0.14836744202281824
v 0.25536993573993616 1.0786236098123247 0.1057775078096084
v 0.1525488806928671 1.4241058282347097 0.06318758511088064
v 0.4894077925876287 0.38765906317408066 0.09734919975237717
v 0.38025352474035445 0.7331413165121371 0.0756370121609538
v 0.2710992568930803 1.0786236013644503 0.05392482456952528
v 0.16194497753133427 1.4241058231882495 0.03221263409948908
v 0.4989958471852259 0.3904418507316081 -4.20446691997715e-8
v 0.38770313466695944 0.7352284303882786 -1.033277086441447e-7
v 0.2764103760908058 1.0800150100449488 -1.6461074946114994e-7
v 0.1651176635725394 1.424801526673106 -2.2589377932319094e-7
v 0.4894077925876287 0.38765903145366276 -0.09734933758219934
v 0.38025352474035445 0.7331412918664295 -0.07563726256318365
v 0.2710992568930803 1.0786235837934541 -0.053925181786937226
v 0.16194497753133427 1.424105812691965 -0.032213101010680534
v 0.4610120458340743 0.38765901620295695 -0.1909575025513733
v 0.3581909907870052 0.7331412800171404 -0.1483676809105763
v 0.25536993573993616 1.0786235753455826 -0.1057778477553127
v 0.1525488806928671 1.4241058076455093 -0.06318802611451058
v 0.4148998564445838 0.3876590021478194 -0.27722732193480215
v 0.3223633433644514 0.7331412690967698 -0.21539643796347102
v 0.2298268072553754 1.078623567559977 -0.15356555399214505
v 0.137290294175243 1.4241058029946707 -0.0917346700208088
v 0.35284334768477715 0.39044179324612305 -0.35284343432476745
v 0.27414752906664697 0.7352283857239705 -0.27414767187950195
v 0.1954516874195732 1.0800149782018216 -0.19545188640529285
v 0.11675584577249942 1.4248015076511575 -0.1167561124455453
v 0.27722725877713067 0.3876589797181063 -0.4148999196022535
v 0.21539634154853846 0.7331412516696295 -0.3223634628083262
v 0.27414752906664697 0.7352283857239705 -0.27414767187950195
v 0.35284334768477715 0.39044179324612305 -0.35284343432476745
v 0.15356542431994621 1.0786235551354095 -0.22982700601440395
v 0.09173450709135399 1.4241057955726741 -0.13729056073494325
v 0.11675584577249942 1.4248015076511575 -0.1167561124455453
v 0.1954516874195732 1.0800149782018216 -0.19545188640529285
v 0.19095746242264422 0.3876589722054771 -0.46101210899174333
v 0.14836758449564283 0.7331412458325686 -0.35819108720193593
v 0.10577769505416963 1.0786235509739168 -0.25537006541213364
v 0.06318781712716824 1.4241057930867516 -0.15254904362232108
v 0.09734926291005366 0.3876589675792228 -0.4894078557452973
v 0.07563713736206974 0.7331412422381218 -0.38025364418422847
v 0.05392500605684992 1.0786235484112776 -0.27109943262316466
v 0.03221288050886599 1.4241057915559163 -0.16194524409103422
vt 0.4927384555339813 0.5155550837516785
vt 0.4868077337741852 0.6204046607017517
vt 0.47142526507377625 0.6205418109893799
vt 0.47293996810913086 0.5157598853111267
vt 0.48087695240974426 0.7252541780471802
vt 0.4749462306499481 0.8301036953926086
vt 0.4683958888053894 0.8301056027412415
vt 0.46991056203842163 0.7253236770629883
vt 0.5117554068565369 0.5167908072471619
vt 0.5015832781791687 0.6213647723197937
vt 0.4914110600948334 0.7259387373924255
vt 0.4812389612197876 0.8305125832557678
vt 0.5292718410491943 0.5186044573783875
vt 0.5151929259300232 0.6227738261222839
vt 0.5011139512062073 0.72694331407547
vt 0.4870350956916809 0.831112802028656
vt 0.5446144342422485 0.5209261178970337
vt 0.527113676071167 0.6245777010917664
vt 0.5096127986907959 0.7282293438911438
vt 0.4921119511127472 0.8318809866905212
vt 0.04913819953799248 0.5419152975082397
vt 0.06129322573542595 0.6511732935905457
vt 0.04878542199730873 0.6527658104896545
vt 0.03303995355963707 0.5439649224281311
vt 0.07344821095466614 0.7604313492774963
vt 0.08560323715209961 0.869689404964447
vt 0.08027631044387817 0.8703674674034119
vt 0.0645308643579483 0.761566698551178
vt 0.06749653816223145 0.540450394153595
vt 0.07555703818798065 0.6500351428985596
vt 0.08361750841140747 0.7596198916435242
vt 0.09167802333831787 0.8692045211791992
vt 0.08740958571434021 0.5396265983581543
vt 0.09102880954742432 0.6493951082229614
vt 0.09464801847934723 0.7591635584831238
vt 0.09826722741127014 0.8689320683479309
vt 0.10810431838035583 0.5403282046318054
vt 0.10710813105106354 0.6499171853065491
vt 0.10611194372177124 0.7595061659812927
vt 0.10511574149131775 0.8690951466560364
vt 0.12880836427211761 0.5400028824806213
vt 0.12319429218769073 0.6496874690055847
vt 0.11758020520210266 0.7593719959259033
vt 0.1119661033153534 0.8690565228462219
vt 0.14870315790176392 0.541188657283783
vt 0.13865186274051666 0.6506087183952332
vt 0.1286005675792694 0.7600287795066833
vt 0.11854925751686096 0.8694488406181335
vt 0.16703186929225922 0.5429869294166565
vt 0.15289267897605896 0.6520059704780579
vt 0.1387534737586975 0.7610249519348145
vt 0.12461426854133606 0.8700439929962158
vt 0.18309015035629272 0.5453289747238159
vt 0.1653694212436676 0.653825581073761
vt 0.1476486623287201 0.7623222470283508
vt 0.12992793321609497 0.8708189129829407
vt 0.8202136158943176 0.1475469022989273
vt 0.8337353467941284 0.26066210865974426
vt 0.8207876682281494 0.26241743564605713
vt 0.8035492300987244 0.14980611205101013
vt 0.8472570180892944 0.3737773299217224
vt 0.8607786893844604 0.4868925213813782
vt 0.85526442527771 0.4876401424407959
vt 0.8380260467529297 0.3750287592411041
vt 0.8392249941825867 0.14587417244911194
vt 0.8485065698623657 0.25936245918273926
vt 0.8577880263328552 0.3728507459163666
vt 0.8670695424079895 0.4863390624523163
vt 0.8598529100418091 0.14485223591327667
vt 0.8645337224006653 0.2585684657096863
vt 0.8692145347595215 0.3722847104072571
vt 0.8738953471183777 0.4860008955001831
vt 0.8813045024871826 0.1445203423500061
vt 0.8812008500099182 0.25831058621406555
vt 0.8810972571372986 0.3721008598804474
vt 0.880993664264679 0.4858911335468292
vt 0.9027554392814636 0.14489129185676575
vt 0.8978675603866577 0.25859880447387695
vt 0.8929796814918518 0.37230631709098816
vt 0.8880918025970459 0.4860137701034546
vt 0.9233814477920532 0.1459507942199707
vt 0.9138932824134827 0.2594219744205475
vt 0.9044050574302673 0.37289321422576904
vt 0.8949168920516968 0.4863644242286682
vt 0.942389726638794 0.14765812456607819
vt 0.9286620616912842 0.2607485353946686
vt 0.9149343967437744 0.37383896112442017
vt 0.9012067914009094 0.48692935705184937
vt 0.9590499401092529 0.14994771778583527
vt 0.9416065216064453 0.2625274658203125
vt 0.9241631031036377 0.3751072585582733
vt 0.9067196249961853 0.48768705129623413
vt 0.6860345602035522 0.8297751545906067
vt 0.6760980486869812 0.7302746772766113
vt 0.6874908804893494 0.7289543151855469
vt 0.7006977200508118 0.8280757665634155
vt 0.6661616563796997 0.6307742595672607
vt 0.6562250852584839 0.5312737822532654
vt 0.6610771417617798 0.53071129322052
vt 0.6742839813232422 0.6298328042030334
vt 0.6693216562271118 0.8309195041656494
vt 0.6631126999855042 0.7311637997627258
vt 0.6569037437438965 0.6314080953598022
vt 0.6506947875022888 0.5316523909568787
vt 0.6512011885643005 0.8314648270606995
vt 0.649033784866333 0.7315875887870789
vt 0.6468662619590759 0.6317101716995239
vt 0.6446987390518188 0.5318329334259033
vt 0.6323854923248291 0.8306146860122681
vt 0.6344140768051147 0.7309478521347046
vt 0.6364427804946899 0.6312810778617859
vt 0.6384713649749756 0.5316142439842224
vt 0.6135507225990295 0.8306984901428223
vt 0.6197806000709534 0.7309921979904175
vt 0.6260103583335876 0.6312857270240784
vt 0.6322401762008667 0.5315791964530945
vt 0.5954675078392029 0.8294162750244141
vt 0.6057305335998535 0.7299957871437073
vt 0.6159934997558594 0.63057541847229
vt 0.6262564659118652 0.5311549305915833
vt 0.5788149833679199 0.8275928497314453
vt 0.5927920341491699 0.728579044342041
vt 0.6067691445350647 0.6295653581619263
vt 0.6207461357116699 0.530551552772522
vt 0.5642488598823547 0.8245226144790649
vt 0.581474244594574 0.7262146472930908
vt 0.5986996293067932 0.6279065012931824
vt 0.6159250140190125 0.5295984745025635
vt 0.4165494740009308 0.516974925994873
vt 0.42761141061782837 0.6215078234672546
vt 0.4156346917152405 0.623577892780304
vt 0.40113434195518494 0.5196675062179565
vt 0.43867334723472595 0.7260406613349915
vt 0.4497353136539459 0.8305736184120178
vt 0.44463539123535156 0.8313984870910645
vt 0.430135041475296 0.7274882197380066
vt 0.43411093950271606 0.5156683325767517
vt 0.4412561058998108 0.620492696762085
vt 0.4484012722969055 0.7253169417381287
vt 0.45554637908935547 0.8301411867141724
vt 0.45315563678741455 0.5149827599525452
vt 0.4560531973838806 0.6199600100517273
vt 0.4589507579803467 0.7249372005462646
vt 0.46184828877449036 0.829914391040802
vn -0.19105138018444182 0.3066325451411961 -0.9324568903653683
vn -0.18882313316728103 0.30663602700510184 -0.9329095193658482
vn -1.8808401628640885e-8 0.3071466608368215 -0.9516621925540544
vn -2.2956344115851063e-8 0.3071466608368215 -0.9516621925540544
vn -0.1903594629444063 0.30665053938938536 -0.9325924734629355
vn -0.1884617647933538 0.3066535488765375 -0.9329768293866679
vn -1.4027763685394767e-8 0.3071122326675427 -0.9516733034744418
vn -1.3806403025604245e-8 0.3071122711132431 -0.9516732910677201
vn -0.36425027509783214 0.30662047143405907 -0.8793779753830028
vn -0.3642502312953765 0.3066204590137176 -0.879377997857282
vn -0.36425087421610813 0.30662033491342905 -0.8793777748217075
vn -0.36425084480822184 0.306620337835601 -0.8793777859839754
vn -0.5288095720959597 0.3066203473722913 -0.7914192308991381
vn -0.5288095896320807 0.3066203238547391 -0.791419228293302
vn -0.5288095374572013 0.30662039096719634 -0.7914192371540032
vn -0.5288095617707111 0.30662040506494304 -0.7914192154463264
vn -0.6730468319833051 0.30662043519013027 -0.6730467076518925
vn -0.6730468363638213 0.3066204159592463 -0.6730467120324044
vn -0.6730467388101167 0.3066204616627364 -0.6730467887649395
vn -0.6730467388101167 0.3066204616627364 -0.6730467887649395
vn -0.7914193507408512 0.30662055822957784 -0.5288092704784132
vn -0.7914193775994572 0.3066205249009487 -0.528809249606656
vn -0.6730468363638213 0.3066204159592463 -0.6730467120324044
vn -0.6730468319833051 0.30662043519013027 -0.6730467076518925
vn -0.7914193061608933 0.3066204573332735 -0.5288093956999484
vn -0.7914192715455036 0.3066204863752208 -0.5288094306661025
vn -0.6730467388101167 0.3066204616627364 -0.6730467887649395
vn -0.6730467388101167 0.3066204616627364 -0.6730467887649395
vn -0.879377839965696 0.30662050336360674 -0.36425057514616976
vn -0.879377854993496 0.3066204873769709 -0.3642505523231874
vn -0.8793777802738635 0.30662050280694275 -0.36425071972342143
vn -0.8793777671039407 0.306620518471513 -0.36425073833219335
vn -0.9324567463826609 0.3066326265227647 -0.19105195229887753
vn -0.9329093667058109 0.30663611021242626 -0.18882375228332818
vn -0.9325923940651372 0.30665073554041716 -0.19035953594284868
vn -0.9329767423554548 0.30665367495213497 -0.18846199049716583
vn -0.9516621556451723 0.3071467751951529 -4.544929103245458e-8
vn -0.9516621425134995 0.3071468158822648 -4.5338470835459006e-8
vn -0.9516732348294036 0.3071124453833431 -4.5432834091825234e-8
vn -0.9516732424815328 0.3071124216710935 -4.5359059674525627e-8
vn -0.9324567839404732 0.3066326841439215 0.19105167651209884
vn -0.9329093999656216 0.3066361826710698 0.18882347029089958
vn -0.9325924156057104 0.3066507834238626 0.19035935327752346
vn -0.9329767382242898 0.30665378171882 0.18846183722417395
vn -0.8793779000768935 0.30662055810491423 0.36425038394459397
vn -0.8793779132468028 0.3066205424403392 0.36425036533583693
vn -0.8793778922110161 0.3066206190417987 0.3642503516387247
vn -0.879377873317684 0.30662065393726057 0.36425036787675885
vn -0.7914190130790141 0.30662075470973366 0.5288096618995085
vn -0.7914190259867168 0.30662073976553794 0.5288096512469027
vn -0.7914190233808972 0.3066207162479743 0.5288096687830187
vn -0.7914189913713189 0.3066207688074845 0.5288096862130188
vn -0.673046384775655 0.3066207049475157 0.6730470319657531
vn -0.6730463540783901 0.3066207121892466 0.6730470593638646
vn -0.6730463145864297 0.30662063051830407 0.6730471360626847
vn -0.6730462784272254 0.306620661738328 0.6730471579989115
vn -0.5288096036203435 0.3066206535222202 0.7914190912231659
vn -0.5288095827485825 0.30662062019360115 0.791419118081792
vn -0.6730463540783901 0.3066207121892466 0.6730470593638646
vn -0.673046384775655 0.3066207049475157 0.6730470319657531
vn -0.5288101711120236 0.30662055204266087 0.791418751353243
vn -0.5288101433567434 0.30662055717581543 0.7914187679100195
vn -0.6730462784272254 0.306620661738328 0.6730471579989115
vn -0.6730463145864297 0.30662063051830407 0.6730471360626847
vn -0.3642505118512413 0.3066206130662208 0.8793778279323419
vn -0.36425053046000555 0.30662062873078977 0.879377814762426
vn -0.364250786781424 0.3066207273382028 0.8793776742081331
vn -0.364250786781424 0.3066207273382028 0.8793776742081331
vn -0.1856932687515088 0.3066206580483763 0.9335425978488399
vn -0.18569324070542767 0.30662065970227664 0.9335426028843337
vn -0.18569237346438588 0.30662081245099315 0.9335427252188601
vn -0.18569234388334455 0.30662079309950524 0.9335427374588376
vn -6.59071972813273e-8 0.3066205847525297 0.9518318218078299
vn -6.416007340728207e-8 0.3066205870282048 0.9518318210747501
vn -6.119952445942986e-8 0.30662074087525726 0.9518317715148537
vn -6.416005705074841e-8 0.30662070241349637 0.9518317839048296
vn 0.18569318509319493 0.3066204330664189 0.9335426883844713
vn 0.18569318783666994 0.30662043484094376 0.9335426872559207
vn 0.1856923782986921 0.30662073552747626 0.9335427495226798
vn 0.18569237434658908 0.3066207529838511 0.9335427445752779
vn 0.3642502759820221 0.30662054967629127 0.8793779477353464
vn 0.36425028019625644 0.3066205499983674 0.8793779458774522
vn 0.36425079205011107 0.3066206500926111 0.879377698959697
vn 0.36425074824764087 0.30662063767228825 0.8793777214340109
vn 0.5288094432114118 0.3066205766626636 0.7914192281828211
vn 0.5288094709666696 0.30662057152951855 0.7914192116260904
vn 0.5288099097951781 0.30662059017720533 0.7914189111853455
vn 0.5288099447612901 0.3066206192191497 0.7914188765699405
vn 0.6730468451248531 0.30662059680391845 0.6730466208837919
vn 0.6730468725229873 0.3066206040456498 0.6730465901865238
vn 0.6730465996016545 0.30662065449660086 0.6730468401238701
vn 0.673046586460109 0.3066207121892461 0.6730468269823094
vn 0.7914192420810565 0.30662066849426256 0.5288093691643311
vn 0.7914192766964456 0.3066206394523061 0.5288093341981908
vn 0.6730468725229873 0.3066206040456498 0.6730465901865238
vn 0.6730468451248531 0.30662059680391845 0.6730466208837919
vn 0.7914192001069037 0.30662059111554557 0.5288094768497462
vn 0.7914192001069037 0.30662059111554557 0.5288094768497462
vn 0.673046586460109 0.3066207121892461 0.6730468269823094
vn 0.6730465996016545 0.30662065449660086 0.6730468401238701
vn 0.8793778771832174 0.3066206350284433 0.3642503744617055
vn 0.879377864013304 0.30662065069302274 0.36425039307046264
vn 0.879377979815939 0.30662062933110834 0.3642501314803237
vn 0.8793779705115639 0.3066206260868729 0.3642501566740322
vn 0.9324568253385667 0.3066326977573923 0.19105145261302114
vn 0.932909449896192 0.30663618211864413 0.18882322449869918
vn 0.9325925506822509 0.30665085543691445 0.19035857551416419
vn 0.9329768729592802 0.3066538514932586 0.1884610566867164
vn 0.9516621494412223 0.30714679441744486 -2.2492944614609208e-8
vn 0.9516621425134991 0.3071468158822685 -2.1827984380651048e-8
vn 0.9516732231470552 0.30711248158434395 -3.622857386663597e-8
vn 0.9516732300748022 0.30711246011679666 -3.600725566774787e-8
vn 0.9324568296189725 0.30663265813898055 -0.19105149530835333
vn 0.9329094561098508 0.3066361205033239 -0.18882329385828786
vn 0.9325925403687981 0.3066507900189699 -0.19035873142362875
vn 0.9329768810977838 0.3066537481755034 -0.18846118451014474
vn 0.8793778836105863 0.3066203912225554 -0.3642505641767675
vn 0.8793778647172554 0.30662042611800727 -0.3642505804148184
vn 0.8793777224398873 0.3066205019282068 -0.3642508600864669
vn 0.8793777148585913 0.3066205214811525 -0.36425086192994516
vn 0.7944404259760179 0.3066325388117935 -0.5242527021550555
vn 0.7931848823770858 0.3066360131174358 -0.526148361042674
vn 0.7940467591868536 0.3066506090703812 -0.5248382114343612
vn 0.7929767903304786 0.3066536021817447 -0.5264516865450545
vn 0.6729268087815855 0.30714672236648993 -0.6729267426418376
vn 0.6729267857701334 0.30714669592840715 -0.6729267777205329
vn 0.6729348962710479 0.30711242798873417 -0.6729343073105567
vn 0.6729349543615174 0.3071124279887312 -0.6729342492200325
vn 0.5242524817048496 0.30663254793704176 -0.7944405679293727
vn 0.526148115365139 0.3066360122038228 -0.7931850456970615
vn 0.6729267857701334 0.30714669592840715 -0.6729267777205329
vn 0.6729268087815855 0.30714672236648993 -0.6729267426418376
vn 0.5248377321075792 0.30665063685246546 -0.7940470652764549
vn 0.5264512244486043 0.30665361063892227 -0.7929770938423616
vn 0.6729349543615174 0.3071124279887312 -0.6729342492200325
vn 0.6729348962710479 0.30711242798873417 -0.6729343073105567
vn 0.36425037402913707 0.3066204389041557 -0.8793779457467971
vn 0.36425041546087955 0.30662047055537855 -0.8793779175490904
vn 0.36425084480822184 0.306620337835601 -0.8793777859839754
vn 0.36425081961452743 0.30662034107984376 -0.8793777952883648
vn 0.1910516477959162 0.3066326399701648 -0.9324568043504172
vn 0.18882337912980332 0.3066361080215125 -0.9329094429532923
vn 0.19035987426182877 0.30665056810920394 -0.9325923800617949
vn 0.1884622068001508 0.3066535779379378 -0.9329767305489878
f 1/1/1 2/2/2 3/3/3
f 1/1/1 3/3/3 4/4/4
f 5/5/5 6/6/6 7/7/7
f 5/5/5 7/7/7 8/8/8
f 9/9/9 10/10/10 2/2/2
f 9/9/9 2/2/2 1/1/1
f 11/11/11 12/12/12 6/6/6
f 11/11/11 6/6/6 5/5/5
f 13/13/13 14/14/14 10/10/10
f 13/13/13 10/10/10 9/9/9
f 15/15/15 16/16/16 12/12/12
f 15/15/15 12/12/12 11/11/11
f 17/17/17 18/18/18 14/14/14
f 17/17/17 14/14/14 13/13/13
f 19/19/19 20/20/20 16/16/16
f 19/19/19 16/16/16 15/15/15
f 21/21/21 22/22/22 23/23/23
f 21/21/21 23/23/23 24/24/24
f 25/25/25 26/26/26 27/27/27
f 25/25/25 27/27/27 28/28/28
f 29/29/29 30/30/30 22/22/22
f 29/29/29 22/22/22 21/21/21
f 31/31/31 32/32/32 26/26/26
f 31/31/31 26/26/26 25/25/25
f 33/33/33 34/34/34 30/30/30
f 33/33/33 30/30/30 29/29/29
f 35/35/35 36/36/36 32/32/32
f 35/35/35 32/32/32 31/31/31
f 37/37/37 38/38/38 34/34/34
f 37/37/37 34/34/34 33/33/33
f 39/39/39 40/40/40 36/36/36
f 39/39/39 36/36/36 35/35/35
f 41/41/41 42/42/42 38/38/38
f 41/41/41 38/38/38 37/37/37
f 43/43/43 44/44/44 40/40/40
f 43/43/43 40/40/40 39/39/39
f 45/45/45 46/46/46 42/42/42
f 45/45/45 42/42/42 41/41/41
f 47/47/47 48/48/48 44/44/44
f 47/47/47 44/44/44 43/43/43
f 49/49/49 50/50/50 46/46/46
f 49/49/49 46/46/46 45/45/45
f 51/51/51 52/52/52 48/48/48
f 51/51/51 48/48/48 47/47/47
f 53/53/53 54/54/54 50/50/50
f 53/53/53 50/50/50 49/49/49
f 55/55/55 56/56/56 52/52/52
f 55/55/55 52/52/52 51/51/51
f 57/57/57 58/58/58 59/59/59
f 57/57/57 59/59/59 60/60/60
f 61/61/61 62/62/62 63/63/63
f 61/61/61 63/63/63 64/64/64
f 65/65/65 66/66/66 58/58/58
f 65/65/65 58/58/58 57/57/57
f 67/67/67 68/68/68 62/62/62
f 67/67/67 62/62/62 61/61/61
f 69/69/69 70/70/70 66/66/66
f 69/69/69 66/66/66 65/65/65
f 71/71/71 72/72/72 68/68/68
f 71/71/71 68/68/68 67/67/67
f 73/73/73 74/74/74 70/70/70
f 73/73/73 70/70/70 69/69/69
f 75/75/75 76/76/76 72/72/72
f 75/75/75 72/72/72 71/71/71
f 77/77/77 78/78/78 74/74/74
f 77/77/77 74/74/74 73/73/73
f 79/79/79 80/80/80 76/76/76
f 79/79/79 76/76/76 75/75/75
f 81/81/81 82/82/82 78/78/78
f 81/81/81 78/78/78 77/77/77
f 83/83/83 84/84/84 80/80/80
f 83/83/83 80/80/80 79/79/79
f 85/85/85 86/86/86 82/82/82
f 85/85/85 82/82/82 81/81/81
f 87/87/87 88/88/88 84/84/84
f 87/87/87 84/84/84 83/83/83
f 89/89/89 90/90/90 86/86/86
f 89/89/89 86/86/86 85/85/85
f 91/91/91 92/92/92 88/88/88
f 91/91/91 88/88/88 87/87/87
f 93/93/93 94/94/94 95/95/95
f 93/93/93 95/95/95 96/96/96
f 97/97/97 98/98/98 99/99/99
f 97/97/97 99/99/99 100/100/100
f 101/101/101 102/102/102 94/94/94
f 101/101/101 94/94/94 93/93/93
f 103/103/103 104/104/104 98/98/98
f 103/103/103 98/98/98 97/97/97
f 105/105/105 106/106/106 102/102/102
f 105/105/105 102/102/102 101/101/101
f 107/107/107 108/108/108 104/104/104
f 107/107/107 104/104/104 103/103/103
f 109/109/109 110/110/110 106/106/106
f 109/109/109 106/106/106 105/105/105
f 111/111/111 112/112/112 108/108/108
f 111/111/111 108/108/108 107/107/107
f 113/113/113 114/114/114 110/110/110
f 113/113/113 110/110/110 109/109/109
f 115/115/115 116/116/116 112/112/112
f 115/115/115 112/112/112 111/111/111
f 117/117/117 118/118/118 114/114/114
f 117/117/117 114/114/114 113/113/113
f 119/119/119 120/120/120 116/116/116
f 119/119/119 116/116/116 115/115/115
f 121/121/121 122/122/122 118/118/118
f 121/121/121 118/118/118 117/117/117
f 123/123/123 124/124/124 120/120/120
f 123/123/123 120/120/120 119/119/119
f 125/125/125 126/126/126 122/122/122
f 125/125/125 122/122/122 121/121/121
f 127/127/127 128/128/128 124/124/124
f 127/127/127 124/124/124 123/123/123
f 129/129/129 130/130/130 131/131/131
f 129/129/129 131/131/131 132/132/132
f 133/133/133 134/134/134 135/135/135
f 133/133/133 135/135/135 136/136/136
f 137/137/137 138/138/138 130/130/130
f 137/137/137 130/130/130 129/129/129
f 139/139/139 140/140/140 134/134/134
f 139/139/139 134/134/134 133/133/133
f 141/141/141 142/142/142 138/138/138
f 141/141/141 138/138/138 137/137/137
f 143/143/143 144/144/144 140/140/140
f 143/143/143 140/140/140 139/139/139
f 4/4/4 3/3/3 142/142/142
f 4/4/4 142/142/142 141/141/141
f 8/8/8 7/7/7 144/144/144
f 8/8/8 144/144/144 143/143/143
o traffic_cone_Material_0
usemtl Material
v 0.7727231210606589 0.04565516388874665 -0.6579041320253165
v 0.7671035061348659 0.04565515810815548 -0.69338514778925
v 0.6915338435774571 0.045655158409770004 -0.6915338510156356
v 0.7507946385878322 0.04565515289340951 -0.7253930303996888
v 0.7253930229615109 0.045655148754961045 -0.7507946460260099
v 0.6933851403510716 0.04565514609790927 -0.7671035135730434
v 0.6579041245871375 0.04565514518235779 -0.7727231284988363
v 0.6579041245871375 -0.04565539696750884 -0.7727231136224608
v 0.6933851403510716 -0.045655396051957356 -0.7671034986966679
v 0.6915338435774571 -0.045655383740096624 -0.6915338361392601
v 0.7253930229615109 -0.04565539339490558 -0.7507946311496344
v 0.7507946385878322 -0.04565538925645712 -0.7253930155233134
v 0.7671035061348659 -0.04565538404171115 -0.6933851329128745
v 0.7727231210606589 -0.045655378261119976 -0.657904117148941
v 0.6579041245871375 0.04565539696750884 0.7727231136224608
v 0.6933851403510716 0.045655396051957356 0.7671034986966679
v 0.6915338435774571 0.045655383740096624 0.6915338361392601
v 0.7253930229615109 0.04565539339490558 0.7507946311496344
v 0.7507946385878322 0.04565538925645712 0.7253930155233134
v 0.7671035061348659 0.04565538404171115 0.6933851329128745
v 0.7727231210606589 0.045655378261119976 0.657904117148941
v 0.7727231210606589 -0.04565516388874665 0.6579041320253165
v 0.7671035061348659 -0.04565515810815548 0.69338514778925
v 0.6915338435774571 -0.045655158409770004 0.6915338510156356
v 0.7507946385878322 -0.04565515289340951 0.7253930303996888
v 0.7253930229615109 -0.045655148754961045 0.7507946460260099
v 0.6933851403510716 -0.04565514609790927 0.7671035135730434
v 0.6579041245871375 -0.04565514518235779 0.7727231284988363
v -0.7727231210606589 -0.04565516388874665 0.6579041320253165
v -0.7727231210606589 0.045655378261119976 0.657904117148941
v -0.7727231210606589 0.04565516388874665 -0.6579041320253165
v -0.7727231210606589 -0.045655378261119976 -0.657904117148941
v 0.6579041245871375 -0.04565514518235779 0.7727231284988363
v 0.6579041245871375 0.04565539696750884 0.7727231136224608
v -0.6579041245871375 0.04565539696750884 0.7727231136224608
v -0.6579041245871375 -0.04565514518235779 0.7727231284988363
v 0.7727231210606589 -0.045655378261119976 -0.657904117148941
v 0.7727231210606589 0.04565516388874665 -0.6579041320253165
v 0.7727231210606589 0.045655378261119976 0.657904117148941
v 0.7727231210606589 -0.04565516388874665 0.6579041320253165
v 0.11906138845803758 -0.04565536859306684 -0.5985620299677635
v 0.11906138845803758 0.04217669292032741 -0.5985620442774225
v 0 0.045655171646306815 -0.6102885671416719
v 0 -0.04565537050355981 -0.6102885522652964
v 0.2335473403496456 -0.045655362935004926 -0.5638330934429481
v 0.2335473403496456 0.04217669857838933 -0.5638331077526071
v 0.3390581760057229 -0.04565535374681116 -0.5074363620865218
v 0.3390581760057229 0.042176707766583096 -0.5074363763961808
v 0.431539189331851 -0.04565534138159103 -0.4315391818936574
v 0.431539189331851 0.045655200768275596 -0.431539196770033
v 0.5074363695247163 0.0421767351988727 -0.3390581828771897
v 0.431539189331851 0.045655200768275596 -0.431539196770033
v 0.431539189331851 -0.04565534138159103 -0.4315391818936574
v 0.5074363695247163 -0.04565532631452155 -0.33905816856753057
v 0.5638331008811434 0.042176752388773435 -0.23354732419217025
v 0.5638331008811434 -0.04565530912462082 -0.23354730988251116
v 0.5985620374059593 0.04217677104089494 -0.1190614183584509
v 0.5985620374059593 -0.04565529047249931 -0.1190614040487918
v 0.6102885597034923 0.04565527107493766 1.9238371617233728e-8
v 0.6102885597034923 -0.04565527107492897 3.411474713937663e-8
v 0.5985620374059593 0.042176809836023184 0.11906138158656465
v 0.5985620374059593 -0.04565525167737107 0.11906139589622375
v 0.5638331469390305 0.04217682848814469 0.23354728742028402
v 0.5638331469390305 -0.04565523302524956 0.23354730172994312
v 0.5074364155826034 0.042176845678041676 0.3390581230763599
v 0.5074364155826034 -0.04565521583535258 0.33905813738601903
v 0.431539189331851 0.04217686074511866 0.43153918246037387
v 0.431539189331851 -0.045655200768275596 0.431539196770033
v 0.33905812994783574 0.04217687311034629 0.5074364087111253
v 0.431539189331851 0.04217686074511866 0.43153918246037387
v 0.431539189331851 -0.045655200768275596 0.431539196770033
v 0.33905812994783574 -0.04565518840304796 0.5074364230207843
v 0.2335473633785892 0.04217688229853255 0.5638330940096645
v 0.2335473633785892 -0.0456551792148617 0.5638331083193235
v 0.11906138845803758 -0.04565517355679979 0.598562044844139
v 0.11906138845803758 0.04217688795659447 0.59856203053448
v -5.3353118756611074e-8 -0.045655171646306815 0.6102885671416719
v -5.3353118756611074e-8 0.04217688986708744 0.6102885528320129
v -0.11906134240015044 -0.04565517355679979 0.598562044844139
v -0.11906134240015044 0.04217688795659447 0.59856203053448
v -0.23354731732070205 -0.0456551792148617 0.5638331083193235
v -0.23354731732070205 0.04217688229853255 0.5638330940096645
v -0.3390581990346665 -0.04565518840306297 0.5074363309050101
v -0.3390581990346665 0.04217687311033128 0.507436316595351
v -0.4315391432739638 -0.045655200768275596 0.431539196770033
v -0.4315391432739638 0.04217686074511866 0.43153918246037387
v -0.5074363234668291 -0.04565521583533007 0.33905827555968043
v -0.5074363234668291 0.042176845678064186 0.3390582612500213
v -0.4315391432739638 0.04217686074511866 0.43153918246037387
v -0.4315391432739638 -0.045655200768275596 0.431539196770033
v -0.5638331008811434 -0.0456552330252308 0.23354741687466096
v -0.5638331008811434 0.042176828488163454 0.23354740256500187
v -0.5985620374059593 -0.04565525167736357 0.11906144195411089
v -0.5985620374059593 0.042176809836030685 0.1190614276444518
v -0.6102885597034923 -0.0456552710749345 1.6056975884980346e-10
v -0.6102885597034923 0.04565527107493213 -1.4715805763293103e-8
v -0.5985620374059593 -0.04565529047250494 -0.11906143859220716
v -0.5985620374059593 0.042176771040889315 -0.11906145290186626
v -0.5638330548232562 -0.045655309124639575 -0.23354742502722903
v -0.5638330548232562 0.04217675238875468 -0.23354743933688812
v -0.5074364616404905 -0.045655326314502795 -0.33905805342281276
v -0.5074364616404905 0.04217673519889146 -0.3390580677324719
v -0.4315392353897381 -0.04565534138158353 -0.43153913583577025
v -0.4315392353897381 0.04217672013181072 -0.4315391501454294
v -0.3390581990346665 -0.04565535374681116 -0.5074363620865218
v -0.3390581990346665 0.042176707766583096 -0.5074363763961808
v -0.4315392353897381 0.04217672013181072 -0.4315391501454294
v -0.4315392353897381 -0.04565534138158353 -0.43153913583577025
v -0.23354731732070205 -0.04565536293501243 -0.5638331395008352
v -0.23354731732070205 0.04217669857838183 -0.5638331538104943
v -0.11906134240015044 -0.04565536859306684 -0.5985620299677635
v -0.11906134240015044 0.04217669292032741 -0.5985620442774225
v 0.7671035061348659 -0.04565538404171115 -0.6933851329128745
v 0.7671035061348659 0.04565515810815548 -0.69338514778925
v 0.7507946385878322 -0.04565538925645712 -0.7253930155233134
v 0.7507946385878322 0.04565515289340951 -0.7253930303996888
v 0.7253930229615109 -0.04565539339490558 -0.7507946311496344
v 0.7253930229615109 0.045655148754961045 -0.7507946460260099
v 0.7253930229615109 0.045655148754961045 -0.7507946460260099
v 0.7253930229615109 -0.04565539339490558 -0.7507946311496344
v 0.6933851403510716 -0.045655396051957356 -0.7671034986966679
v 0.6933851403510716 0.04565514609790927 -0.7671035135730434
v 0.6579041245871375 -0.04565539696750884 -0.7727231136224608
v 0.6579041245871375 0.04565514518235779 -0.7727231284988363
v -0.6579041245871375 0.04565514518235779 -0.7727231284988363
v -0.6579041245871375 -0.04565539696750884 -0.7727231136224608
v -0.6933851403510716 -0.045655396051957356 -0.7671034986966679
v -0.6933851403510716 0.04565514609790927 -0.7671035135730434
v -0.7253930229615109 -0.04565539339490558 -0.7507946311496344
v -0.7253930229615109 0.045655148754961045 -0.7507946460260099
v -0.7253930229615109 0.045655148754961045 -0.7507946460260099
v -0.7253930229615109 -0.04565539339490558 -0.7507946311496344
v -0.7507946385878322 -0.04565538925645712 -0.7253930155233134
v -0.7507946385878322 0.04565515289340951 -0.7253930303996888
v -0.7671035061348659 -0.04565538404171115 -0.6933851329128745
v -0.7671035061348659 0.04565515810815548 -0.69338514778925
v 0.6933851403510716 -0.04565514609790927 0.7671035135730434
v 0.6933851403510716 0.045655396051957356 0.7671034986966679
v 0.7253930229615109 -0.045655148754961045 0.7507946460260099
v 0.7253930229615109 0.04565539339490558 0.7507946311496344
v 0.7507946385878322 -0.04565515289340951 0.7253930303996888
v 0.7507946385878322 0.04565538925645712 0.7253930155233134
v 0.7507946385878322 0.04565538925645712 0.7253930155233134
v 0.7507946385878322 -0.04565515289340951 0.7253930303996888
v 0.7671035061348659 -0.04565515810815548 0.69338514778925
v 0.7671035061348659 0.04565538404171115 0.6933851329128745
v -0.7671035061348659 -0.04565515810815548 0.69338514778925
v -0.7671035061348659 0.04565538404171115 0.6933851329128745
v -0.7507946385878322 -0.04565515289340951 0.7253930303996888
v -0.7507946385878322 0.04565538925645712 0.7253930155233134
v -0.7507946385878322 0.04565538925645712 0.7253930155233134
v -0.7507946385878322 -0.04565515289340951 0.7253930303996888
v -0.7253930229615109 -0.045655148754961045 0.7507946460260099
v -0.7253930229615109 0.04565539339490558 0.7507946311496344
v -0.6933851403510716 -0.04565514609790927 0.7671035135730434
v -0.6933851403510716 0.045655396051957356 0.7671034986966679
v 1.4460661659570541e-8 1.4248016258290443 -0.1651179302456052
v 1.8075827074463176e-8 1.7695881605890875 -0.05382526814295771
v 0.010500755680536555 1.769588160757584 -0.05279104404445253
v 0.03221288050886599 1.4241057915559163 -0.16194524409103422
v 0.020597933442930944 1.7695881612566136 -0.049728021832529105
v 0.06318781712716824 1.4241057930867516 -0.15254904362232108
v 0.029903589862761763 1.7695881620669673 -0.044754106819649295
v 0.09173450709135399 1.4241057955726741 -0.13729056073494325
v 0.038060004125425644 1.769588163157521 -0.03806033560720033
v 0.11675584577249942 1.4248015076511575 -0.1167561124455453
v 0.11675584577249942 1.4248015076511575 -0.1167561124455453
v 0.038060004125425644 1.769588163157521 -0.03806033560720033
v 0.044753775337874696 1.7695881644863911 -0.02990378892811104
v 0.137290294175243 1.4241058029946707 -0.0917346700208088
v 0.04972781988856215 1.7695881660024642 -0.02059819871649311
v 0.1525488806928671 1.4241058076455093 -0.06318802611451058
v 0.052790709684060085 1.7695881676475032 -0.01050102167375334
v 0.16194497753133427 1.424105812691965 -0.032213101010680534
v 0.05382493378256528 1.76958816935829 -2.871768300656864e-7
v 0.1651176635725394 1.424801526673106 -2.2589377932319094e-7
v 0.052790709684060085 1.7695881710690768 0.010500447227704782
v 0.16194497753133427 1.4241058231882495 0.03221263409948908
v 0.04972781988856215 1.769588172714121 0.020597656654896445
v 0.1525488806928671 1.4241058282347097 0.06318758511088064
v 0.044753775337874696 1.7695881742302044 0.02990331019610919
v 0.1372903056897148 1.4241058328855558 0.09173427507506601
v 0.038060004125425644 1.7695881755590528 0.03805972445877296
v 0.11675584577249942 1.4241058369620492 0.1167556137562111
v 0.11675584577249942 1.4241058369620492 0.1167556137562111
v 0.038060004125425644 1.7695881755590528 0.03805972445877296
v 0.029903589862761763 1.7695881766496058 0.04475348991398603
v 0.0917345013341181 1.4241058403075375 0.13729007367342622
v 0.020597933442930944 1.7695881774599809 0.04972753734329137
v 0.06318781712716824 1.4241058427934747 0.15254864867657833
v 0.010500755680536555 1.769588177958989 0.052790427138789266
v 0.03221288050886599 1.424105844324295 0.16194475702951716
v 1.3370308684265474e-8 1.7695881781274854 0.05382465123729445
v 2.562292156376479e-11 1.4241058448411894 0.16511743155625047
v -0.010500712501267362 1.769588177958989 0.052790427138789266
v -0.0322128373295968 1.424105844324295 0.16194475702951716
v -0.02059792192845916 1.7695881774599809 0.04972753734329137
v -0.06318780561269645 1.4241058427934747 0.15254864867657833
v -0.029903512140077214 1.7695881766496058 0.04475348991398603
v -0.09173444951899506 1.4241058403075355 0.13729006215895442
v -0.03805992352412314 1.7695881755590528 0.03805972445877296
v -0.11675576517119692 1.4241058369620492 0.1167556137562111
v -0.11675576517119692 1.4241058369620492 0.1167556137562111
v -0.03805992352412314 1.7695881755590528 0.03805972445877296
v -0.04475383003161568 1.7695881742302044 0.02990331019610919
v -0.13729032871865837 1.4241058328855596 0.09173429810400958
v -0.049727739287259654 1.769588172714121 0.020597656654896445
v -0.1525488116060364 1.4241058282347134 0.06318760813982421
v -0.052790761499183124 1.7695881710690768 0.010500447227704782
v -0.16194501207474965 1.424105823188251 0.03221264273534292
v -0.053824985597688314 1.7695881693582896 -2.9017144776974836e-7
v -0.16511769811595475 1.4248015266731044 -2.3508030909980904e-7
v -0.052790761499183124 1.7695881676475032 -0.01050102167375334
v -0.16194501207474965 1.4241058126919641 -0.03221310676791642
v -0.049727739287259654 1.7695881660024642 -0.02059819871649311
v -0.1525488116060364 1.4241058076455055 -0.06318804914345415
v -0.04475383003161568 1.7695881644863911 -0.02990378892811104
v -0.13729035174760193 1.4241058029946745 -0.09173464699186523
v -0.03805992352412314 1.769588163157521 -0.03806033560720033
v -0.11675577668566871 1.4241057989181622 -0.11675610081772818
v -0.11675577668566871 1.4241057989181622 -0.11675610081772818
v -0.03805992352412314 1.769588163157521 -0.03806033560720033
v -0.029903512140077214 1.7695881620669673 -0.044754106819649295
v -0.09173444951899506 1.4241057955726741 -0.13729056073494325
v -0.02059792192845916 1.7695881612566136 -0.049728021832529105
v -0.06318780561269645 1.4241057930867498 -0.15254905513679287
v -0.010500712501267362 1.769588160757584 -0.05279104404445253
v -0.0322128373295968 1.4241057915559163 -0.16194524409103422
v -0.11906134240015044 0.04217669292032741 -0.5985620442774225
v -0.09734921685216652 0.3876589675792228 -0.4894078557452973
v 3.6151654148926352e-9 0.3904418009491192 -0.49899591079627575
v 0 0.045655171646306815 -0.6102885671416719
v -0.0756370913041826 0.7331412422381218 -0.38025364418422847
v -0.05392496575619867 1.0786235484112776 -0.27109943262316466
v 1.0845496244677906e-8 1.0800149650119735 -0.276410598105468
v 7.2303308297852705e-9 0.7352284302519315 -0.3877032544508796
v -0.23354731732070205 0.04217669857838183 -0.5638331538104943
v -0.19095743939370066 0.38765897220546963 -0.46101215504963045
v -0.14836756146669924 0.7331412458325648 -0.3581911102308795
v -0.10577768353969785 1.0786235509739168 -0.25537006541213364
v -0.3390581990346665 0.042176707766583096 -0.5074363763961808
v -0.27722725877713067 0.3876589797181063 -0.4148999196022535
v -0.21539634154853846 0.7331412516696295 -0.3223634628083262
v -0.15356538977653086 1.0786235551354095 -0.22982700601440395
v -0.4315392353897381 0.04217672013181072 -0.4315391501454294
v -0.35284337071372074 0.38765898982839864 -0.3528433878135041
v -0.2741475060377034 0.7331412595249864 -0.2741476254815788
v -0.19545164136168605 1.078623560735831 -0.19545186314965862
v -0.5074364616404905 0.04217673519889146 -0.3390580677324719
v -0.4148999485603581 0.3876590021478344 -0.27722722981902786
v -0.35284337071372074 0.38765898982839864 -0.3528433878135041
v -0.4315392353897381 0.04217672013181072 -0.4315391501454294
v -0.32236341245128214 0.733141269096781 -0.21539636887664032
v -0.22982687634220614 1.0786235675599845 -0.1535655079342579
v -0.19545164136168605 1.078623560735831 -0.19545186314965862
v -0.2741475060377034 0.7331412595249864 -0.2741476254815788
v -0.5638330548232562 0.04217675238875468 -0.23354743933688812
v -0.4610119997761871 0.38765901620294196 -0.19095759466714757
v -0.35819094472911805 0.7331412800171292 -0.148367749997407
v -0.25536986665310546 1.078623575345575 -0.10577789381319982
v -0.5985620374059593 0.042176771040889315 -0.11906145290186626
v -0.4894077925876287 0.3876590314536571 -0.09734937212561469
v -0.38025352474035445 0.7331412918664267 -0.07563727983489134
v -0.2710992568930803 1.0786235837934521 -0.05392519330140901
v -0.6102885597034923 0.04565527107493213 -1.4715805763293103e-8
v -0.4989958471852259 0.3904418507316036 -6.980693382142614e-8
v -0.38770313466695944 0.735228430388275 -1.2489806256587518e-7
v -0.276410422148693 1.0800150100449464 -1.799891909671662e-7
v -0.5985620374059593 0.042176809836030685 0.1190614276444518
v -0.4894077925876287 0.38765906317408627 0.09734923429579252
v -0.38025352474035445 0.7331413165121409 0.07563703518989737
v -0.2710992568930803 1.0786236013644521 0.05392483608399706
v -0.5638331008811434 0.042176828488163454 0.23354740256500187
v -0.4610120458340743 0.38765907842480146 0.1909574568373254
v -0.35819096775806164 0.7331413283614393 0.14836751110964894
v -0.25536988968204904 1.0786236098123323 0.10577755386749554
v -0.5074363234668291 0.042176845678064186 0.3390582612500213
v -0.4148998564445838 0.38765909247994085 0.27722728773522604
v -0.3223633433644514 0.7331413392818137 0.21539629119148723
v -0.229826830284319 1.0786236175979433 0.15356529464774327
v -0.4315391432739638 0.04217686074511866 0.43153918246037387
v -0.35284330162689004 0.3876591047993504 0.35284328452709723
v -0.27414745997981627 0.7331413488535858 0.27414740962276424
v -0.1954516183327425 1.0786236244220744 0.19545151168948255
v -0.3390581990346665 0.04217687311033128 0.507436316595351
v -0.27722725877713067 0.38765911490963145 0.41489974722901596
v -0.35284330162689004 0.3876591047993504 0.35284328452709723
v -0.4315391432739638 0.04217686074511866 0.43153918246037387
v -0.21539634154853846 0.7331413567089352 0.32236320089162446
v -0.15356538977653086 1.078623630022492 0.22982663152528432
v -0.1954516183327425 1.0786236244220744 0.19545151168948255
v -0.27414745997981627 0.7331413488535858 0.27414740962276424
v -0.23354731732070205 0.04217688229853255 0.5638330940096645
v -0.19095743939370066 0.38765912242226813 0.46101198267639293
v -0.14836756146669924 0.7331413625460037 0.3581908713431214
v -0.10577768353969785 1.078623634183996 0.25536976000984474
v -0.11906134240015044 0.04217688795659447 0.59856203053448
v -0.09734921685216652 0.38765912704852246 0.4894077294299469
v -0.0756370913041826 0.7331413661404467 0.38025340529647034
v -0.05392496575619867 1.0786236367466278 0.2710990811629886
v -5.3353118756611074e-8 0.04217688986708744 0.6102885528320129
v -4.000843436654136e-8 0.38765912861061486 0.498995784027544
v -2.6663749976471654e-8 0.7331413673541421 0.3877030152230752
v -1.3319062841137945e-8 1.078623637611919 0.2764102003607141
v 0.11906138845803758 0.04217688795659447 0.59856203053448
v 0.09734926291005366 0.38765912704852246 0.4894077294299469
v 0.07563713736206974 0.7331413661404467 0.38025340529647034
v 0.05392500605684992 1.0786236367466278 0.2710990811629886
v 0.2335473633785892 0.04217688229853255 0.5638330940096645
v 0.190957473937116 0.38765912242226813 0.46101198267639293
v 0.1483675960101146 0.7331413625460037 0.3581908713431214
v 0.10577770656864142 1.078623634183996 0.25536976000984474
v 0.33905812994783574 0.04217687311034629 0.5074364087111253
v 0.27722721271924355 0.38765911490964644 0.41489983934479024
v 0.21539631851959487 0.7331413567089428 0.32236324694951163
v 0.15356540129100266 1.0786236300224958 0.22982665455422788
v 0.431539189331851 0.04217686074511866 0.43153918246037387
v 0.35284334768477715 0.3876591047993504 0.35284328452709723
v 0.27414752906664697 0.7331413488535858 0.27414740962276424
v 0.1954516874195732 1.0786236244220744 0.19545151168948255
v 0.5074364155826034 0.042176845678041676 0.3390581230763599
v 0.41489990250247094 0.38765909247991837 0.27722714956156463
v 0.35284334768477715 0.3876591047993504 0.35284328452709723
v 0.431539189331851 0.04217686074511866 0.43153918246037387
v 0.32236336639339497 0.7331413392817987 0.21539619907571295
v 0.229826830284319 1.078623617597934 0.15356523707538433
v 0.1954516874195732 1.0786236244220744 0.19545151168948255
v 0.27414752906664697 0.7331413488535858 0.27414740962276424
v 0.5638331469390305 0.04217682848814469 0.23354728742028402
v 0.4610120918919614 0.3876590784247864 0.19095736472155111
v 0.3581910138159488 0.7331413283614281 0.14836744202281824
v 0.25536993573993616 1.0786236098123247 0.1057775078096084
v 0.5985620374059593 0.042176809836023184 0.11906138158656465
v 0.4894077925876287 0.38765906317408066 0.09734919975237717
v 0.38025352474035445 0.7331413165121371 0.0756370121609538
v 0.2710992568930803 1.0786236013644503 0.05392482456952528
v 0.6102885597034923 0.04565527107493766 1.9238371617233728e-8
v 0.4989958471852259 0.3904418507316081 -4.20446691997715e-8
v 0.38770313466695944 0.7352284303882786 -1.033277086441447e-7
v 0.2764103760908058 1.0800150100449488 -1.6461074946114994e-7
v 0.5985620374059593 0.04217677104089494 -0.1190614183584509
v 0.4894077925876287 0.38765903145366276 -0.09734933758219934
v 0.38025352474035445 0.7331412918664295 -0.07563726256318365
v 0.2710992568930803 1.0786235837934541 -0.053925181786937226
v 0.5638331008811434 0.042176752388773435 -0.23354732419217025
v 0.4610120458340743 0.38765901620295695 -0.1909575025513733
v 0.3581909907870052 0.7331412800171404 -0.1483676809105763
v 0.25536993573993616 1.0786235753455826 -0.1057778477553127
v 0.5074363695247163 0.0421767351988727 -0.3390581828771897
v 0.4148998564445838 0.3876590021478194 -0.27722732193480215
v 0.3223633433644514 0.7331412690967698 -0.21539643796347102
v 0.2298268072553754 1.078623567559977 -0.15356555399214505
v 0.431539189331851 0.045655200768275596 -0.431539196770033
v 0.35284334768477715 0.39044179324612305 -0.35284343432476745
v 0.27414752906664697 0.7352283857239705 -0.27414767187950195
v 0.1954516874195732 1.0800149782018216 -0.19545188640529285
v 0.3390581760057229 0.042176707766583096 -0.5074363763961808
v 0.27722725877713067 0.3876589797181063 -0.4148999196022535
v 0.35284334768477715 0.39044179324612305 -0.35284343432476745
v 0.431539189331851 0.045655200768275596 -0.431539196770033
v 0.21539634154853846 0.7331412516696295 -0.3223634628083262
v 0.15356542431994621 1.0786235551354095 -0.22982700601440395
v 0.1954516874195732 1.0800149782018216 -0.19545188640529285
v 0.27414752906664697 0.7352283857239705 -0.27414767187950195
v 0.2335473403496456 0.04217669857838933 -0.5638331077526071
v 0.19095746242264422 0.3876589722054771 -0.46101210899174333
v 0.14836758449564283 0.7331412458325686 -0.35819108720193593
v 0.10577769505416963 1.0786235509739168 -0.25537006541213364
v 0.11906138845803758 0.04217669292032741 -0.5985620442774225
v 0.09734926291005366 0.3876589675792228 -0.4894078557452973
v 0.07563713736206974 0.7331412422381218 -0.38025364418422847
v 0.05392500605684992 1.0786235484112776 -0.27109943262316466
v 0.431539189331851 0.04217686074511866 0.43153918246037387
v 0.431539189331851 0.045655200768275596 -0.431539196770033
v 0.5074363695247163 0.0421767351988727 -0.3390581828771897
v 0.5638331008811434 0.042176752388773435 -0.23354732419217025
v 0.5985620374059593 0.04217677104089494 -0.1190614183584509
v 0.6102885597034923 0.04565527107493766 1.9238371617233728e-8
v 0.5985620374059593 0.042176809836023184 0.11906138158656465
v 0.5638331469390305 0.04217682848814469 0.23354728742028402
v 0.5074364155826034 0.042176845678041676 0.3390581230763599
v 0.431539189331851 -0.045655200768275596 0.431539196770033
v -0.6579041245871375 -0.04565514518235779 0.7727231284988363
v -0.6933851403510716 -0.04565514609790927 0.7671035135730434
v -0.7253930229615109 -0.045655148754961045 0.7507946460260099
v -0.7507946385878322 -0.04565515289340951 0.7253930303996888
v -0.7671035061348659 -0.04565515810815548 0.69338514778925
v -0.7727231210606589 -0.04565516388874665 0.6579041320253165
v -0.7727231210606589 -0.045655378261119976 -0.657904117148941
v -0.7671035061348659 -0.04565538404171115 -0.6933851329128745
v -0.7507946385878322 -0.04565538925645712 -0.7253930155233134
v -0.7253930229615109 -0.04565539339490558 -0.7507946311496344
v -0.6933851403510716 -0.045655396051957356 -0.7671034986966679
v -0.6579041245871375 -0.04565539696750884 -0.7727231136224608
v 0.431539189331851 -0.04565534138159103 -0.4315391818936574
v 0.3390581760057229 -0.04565535374681116 -0.5074363620865218
v 0.2335473403496456 -0.045655362935004926 -0.5638330934429481
v 0.11906138845803758 -0.04565536859306684 -0.5985620299677635
v 0 -0.04565537050355981 -0.6102885522652964
v -0.11906134240015044 -0.04565536859306684 -0.5985620299677635
v -0.23354731732070205 -0.04565536293501243 -0.5638331395008352
v -0.3390581990346665 -0.04565535374681116 -0.5074363620865218
v -0.4315392353897381 -0.04565534138158353 -0.43153913583577025
v -0.5074364616404905 -0.045655326314502795 -0.33905805342281276
v -0.5638330548232562 -0.045655309124639575 -0.23354742502722903
v -0.5985620374059593 -0.04565529047250494 -0.11906143859220716
v -0.6102885597034923 -0.0456552710749345 1.6056975884980346e-10
v -0.5985620374059593 -0.04565525167736357 0.11906144195411089
v -0.5638331008811434 -0.0456552330252308 0.23354741687466096
v -0.5074363234668291 -0.04565521583533007 0.33905827555968043
v -0.4315391432739638 -0.045655200768275596 0.431539196770033
v -0.3390581990346665 -0.04565518840306297 0.5074363309050101
v -0.23354731732070205 -0.0456551792148617 0.5638331083193235
v -0.11906134240015044 -0.04565517355679979 0.598562044844139
v -5.3353118756611074e-8 -0.045655171646306815 0.6102885671416719
v 0.11906138845803758 -0.04565517355679979 0.598562044844139
v 0.2335473633785892 -0.0456551792148617 0.5638331083193235
v 0.33905812994783574 -0.04565518840304796 0.5074364230207843
v 0.5074364155826034 -0.04565521583535258 0.33905813738601903
v 0.5638331469390305 -0.04565523302524956 0.23354730172994312
v 0.5985620374059593 -0.04565525167737107 0.11906139589622375
v 0.6102885597034923 -0.04565527107492897 3.411474713937663e-8
v 0.5985620374059593 -0.04565529047249931 -0.1190614040487918
v 0.5638331008811434 -0.04565530912462082 -0.23354730988251116
v 0.5074363695247163 -0.04565532631452155 -0.33905816856753057
v -0.6579041245871375 0.04565514518235779 -0.7727231284988363
v -0.6933851403510716 0.04565514609790927 -0.7671035135730434
v -0.7253930229615109 0.045655148754961045 -0.7507946460260099
v -0.7507946385878322 0.04565515289340951 -0.7253930303996888
v -0.7671035061348659 0.04565515810815548 -0.69338514778925
v -0.7727231210606589 0.04565516388874665 -0.6579041320253165
v -0.7727231210606589 0.045655378261119976 0.657904117148941
v -0.7671035061348659 0.04565538404171115 0.6933851329128745
v -0.7507946385878322 0.04565538925645712 0.7253930155233134
v -0.7253930229615109 0.04565539339490558 0.7507946311496344
v -0.6933851403510716 0.045655396051957356 0.7671034986966679
v -0.6579041245871375 0.04565539696750884 0.7727231136224608
v 0.33905812994783574 0.04217687311034629 0.5074364087111253
v 0.2335473633785892 0.04217688229853255 0.5638330940096645
v 0.11906138845803758 0.04217688795659447 0.59856203053448
v -5.3353118756611074e-8 0.04217688986708744 0.6102885528320129
v -0.11906134240015044 0.04217688795659447 0.59856203053448
v -0.23354731732070205 0.04217688229853255 0.5638330940096645
v -0.3390581990346665 0.04217687311033128 0.507436316595351
v -0.4315391432739638 0.04217686074511866 0.43153918246037387
v -0.5074363234668291 0.042176845678064186 0.3390582612500213
v -0.5638331008811434 0.042176828488163454 0.23354740256500187
v -0.5985620374059593 0.042176809836030685 0.1190614276444518
v -0.6102885597034923 0.04565527107493213 -1.4715805763293103e-8
v -0.5985620374059593 0.042176771040889315 -0.11906145290186626
v -0.5638330548232562 0.04217675238875468 -0.23354743933688812
v -0.5074364616404905 0.04217673519889146 -0.3390580677324719
v -0.4315392353897381 0.04217672013181072 -0.4315391501454294
v -0.3390581990346665 0.042176707766583096 -0.5074363763961808
v -0.23354731732070205 0.04217669857838183 -0.5638331538104943
v -0.11906134240015044 0.04217669292032741 -0.5985620442774225
v 0 0.045655171646306815 -0.6102885671416719
v 0.11906138845803758 0.04217669292032741 -0.5985620442774225
v 0.2335473403496456 0.04217669857838933 -0.5638331077526071
v 0.3390581760057229 0.042176707766583096 -0.5074363763961808
v 0.010500755680536555 1.769588160757584 -0.05279104404445253
v 1.8075827074463176e-8 1.7695881605890875 -0.05382526814295771
v -0.010500712501267362 1.769588160757584 -0.05279104404445253
v -0.02059792192845916 1.7695881612566136 -0.049728021832529105
v -0.029903512140077214 1.7695881620669673 -0.044754106819649295
v -0.03805992352412314 1.769588163157521 -0.03806033560720033
v -0.04475383003161568 1.7695881644863911 -0.02990378892811104
v -0.049727739287259654 1.7695881660024642 -0.02059819871649311
v -0.052790761499183124 1.7695881676475032 -0.01050102167375334
v -0.053824985597688314 1.7695881693582896 -2.9017144776974836e-7
v -0.052790761499183124 1.7695881710690768 0.010500447227704782
v -0.049727739287259654 1.769588172714121 0.020597656654896445
v -0.04475383003161568 1.7695881742302044 0.02990331019610919
v -0.03805992352412314 1.7695881755590528 0.03805972445877296
v -0.029903512140077214 1.7695881766496058 0.04475348991398603
v -0.02059792192845916 1.7695881774599809 0.04972753734329137
v -0.010500712501267362 1.769588177958989 0.052790427138789266
v 1.3370308684265474e-8 1.7695881781274854 0.05382465123729445
v 0.010500755680536555 1.769588177958989 0.052790427138789266
v 0.020597933442930944 1.7695881774599809 0.04972753734329137
v 0.029903589862761763 1.7695881766496058 0.04475348991398603
v 0.038060004125425644 1.7695881755590528 0.03805972445877296
v 0.044753775337874696 1.7695881742302044 0.02990331019610919
v 0.04972781988856215 1.769588172714121 0.020597656654896445
v 0.052790709684060085 1.7695881710690768 0.010500447227704782
v 0.05382493378256528 1.76958816935829 -2.871768300656864e-7
v 0.052790709684060085 1.7695881676475032 -0.01050102167375334
v 0.04972781988856215 1.7695881660024642 -0.02059819871649311
v 0.044753775337874696 1.7695881644863911 -0.02990378892811104
v 0.038060004125425644 1.769588163157521 -0.03806033560720033
v 0.029903589862761763 1.7695881620669673 -0.044754106819649295
v 0.020597933442930944 1.7695881612566136 -0.049728021832529105
vt 0.7487127780914307 0.33332598209381104
vt 0.747482180595398 0.3410953879356384
vt 0.7309345006942749 0.3406899571418762
vt 0.7439109683036804 0.34810417890548706
vt 0.7383487820625305 0.3536664843559265
vt 0.7313399314880371 0.35723769664764404
vt 0.7235705852508545 0.358468234539032
vt 0.03017507493495941 0.053523674607276917
vt 0.03131774067878723 0.04630856215953827
vt 0.046685054898262024 0.04668501019477844
vt 0.03463426232337952 0.03979969024658203
vt 0.03979969024658203 0.034634172916412354
vt 0.04630856215953827 0.03131774067878723
vt 0.053523674607276917 0.030174970626831055
vt 0.7235705256462097 0.020057618618011475
vt 0.7313399314880371 0.021288171410560608
vt 0.7309345006942749 0.037835896015167236
vt 0.7383487224578857 0.024859458208084106
vt 0.7439109683036804 0.030421674251556396
vt 0.747482180595398 0.037430539727211
vt 0.7487127184867859 0.045199885964393616
vt 0.32109591364860535 0.03017507493495941
vt 0.32831108570098877 0.03131774067878723
vt 0.327934592962265 0.046685054898262024
vt 0.3348199129104614 0.03463426232337952
vt 0.3399854302406311 0.03979969024658203
vt 0.34330183267593384 0.04630856215953827
vt 0.3444445729255676 0.053523674607276917
vt 0.25631269812583923 0.4302886724472046
vt 0.28255128860473633 0.43036380410194397
vt 0.28179997205734253 0.6927335262298584
vt 0.2555614113807678 0.6926583647727966
vt 0.22279001772403717 0.43535590171813965
vt 0.24902911484241486 0.43535590171813965
vt 0.24902909994125366 0.6977266073226929
vt 0.22279001772403717 0.6977266073226929
vt 0.28828004002571106 0.4354355037212372
vt 0.31451863050460815 0.4353603720664978
vt 0.31526991724967957 0.6977300047874451
vt 0.28903132677078247 0.6978051662445068
vt 0.9239633083343506 0.7319542765617371
vt 0.9606411457061768 0.7319542765617371
vt 0.9626588821411133 0.7664541006088257
vt 0.9245284199714661 0.7664541006088257
vt 0.9222894906997681 0.6987802982330322
vt 0.9589673280715942 0.6987802982330322
vt 0.9195714592933655 0.6682068705558777
vt 0.9562492966651917 0.6682068705558777
vt 0.9159135818481445 0.6414090991020203
vt 0.954043984413147 0.6414090991020203
vt 0.8483288884162903 0.8647013306617737
vt 0.8461217284202576 0.8914991021156311
vt 0.8079918026924133 0.8914991021156311
vt 0.8116516470909119 0.8647013306617737
vt 0.8510484099388123 0.8341279029846191
vt 0.8143709897994995 0.8341279029846191
vt 0.8527230024337769 0.8009539246559143
vt 0.8160457015037537 0.8009539246559143
vt 0.8547410368919373 0.7664541006088257
vt 0.816611111164093 0.7664541006088257
vt 0.8527230024337769 0.7319542765617371
vt 0.8160457015037537 0.7319542765617371
vt 0.8510484099388123 0.6987802982330322
vt 0.8143709897994995 0.6987802982330322
vt 0.8483289480209351 0.6682068705558777
vt 0.8116516470909119 0.6682068705558777
vt 0.8446691632270813 0.6414090991020203
vt 0.8079918026924133 0.6414090991020203
vt 0.22945204377174377 0.9417580366134644
vt 0.2264389991760254 0.9638203382492065
vt 0.19624292850494385 0.9638203382492065
vt 0.19925597310066223 0.9417580366134644
vt 0.23169094324111938 0.9165872931480408
vt 0.20149487257003784 0.9165872931480408
vt 0.2028735876083374 0.8892754912376404
vt 0.23306965827941895 0.8892754912376404
vt 0.2033391296863556 0.8608721494674683
vt 0.23353520035743713 0.8608721494674683
vt 0.2028735876083374 0.8324688076972961
vt 0.23306965827941895 0.8324688076972961
vt 0.20149490237236023 0.8051570057868958
vt 0.23169094324111938 0.8051570057868958
vt 0.19925597310066223 0.7799862623214722
vt 0.22945204377174377 0.7799862623214722
vt 0.19624292850494385 0.75792396068573
vt 0.2264389991760254 0.75792396068573
vt 0.8656124472618103 0.8647013902664185
vt 0.9022898077964783 0.8647013902664185
vt 0.8986300230026245 0.8914991617202759
vt 0.8619526028633118 0.8914991617202759
vt 0.8683319687843323 0.8341280817985535
vt 0.9050092101097107 0.8341280817985535
vt 0.8700065612792969 0.8009540438652039
vt 0.9066838622093201 0.8009540438652039
vt 0.870572030544281 0.7664541602134705
vt 0.9087018966674805 0.7664541602134705
vt 0.8700065612792969 0.7319543361663818
vt 0.9066838622093201 0.7319543361663818
vt 0.8683319687843323 0.6987802982330322
vt 0.9050092101097107 0.6987802982330322
vt 0.8656124472618103 0.6682069301605225
vt 0.9022898077964783 0.6682069301605225
vt 0.8619527220726013 0.641409158706665
vt 0.8986300826072693 0.641409158706665
vt 0.9195714592933655 0.8647013306617737
vt 0.9562492966651917 0.8647013306617737
vt 0.9525914192199707 0.8914991617202759
vt 0.9159135818481445 0.8914991617202759
vt 0.9222894906997681 0.8341279029846191
vt 0.9589673280715942 0.8341279029846191
vt 0.9239633083343506 0.8009539246559143
vt 0.9606411457061768 0.8009539246559143
vt 0.28844624757766724 0.42836010456085205
vt 0.3146848678588867 0.4282849431037903
vt 0.28896912932395935 0.4219762682914734
vt 0.31520774960517883 0.4219011068344116
vt 0.28979751467704773 0.41690880060195923
vt 0.3160361051559448 0.41683366894721985
vt 0.7374430298805237 0.584055483341217
vt 0.7688349485397339 0.584055483341217
vt 0.7694823741912842 0.5916913151741028
vt 0.738090455532074 0.5916913151741028
vt 0.7697054743766785 0.6001556515693665
vt 0.7383135557174683 0.6001556515693665
vt 0.7383135557174683 0.9140555262565613
vt 0.7697054743766785 0.9140555262565613
vt 0.7694823741912842 0.9225199222564697
vt 0.738090455532074 0.9225199222564697
vt 0.7688349485397339 0.9301557540893555
vt 0.7374430298805237 0.9301557540893555
vt 0.2833174765110016 0.711260199546814
vt 0.2570788562297821 0.7111850380897522
vt 0.2562505006790161 0.7061176300048828
vt 0.2824891209602356 0.7061927318572998
vt 0.255727618932724 0.6997337341308594
vt 0.2819662094116211 0.6998088955879211
vt 0.22297638654708862 0.4282810389995575
vt 0.2492155134677887 0.4282810389995575
vt 0.2235172837972641 0.42189866304397583
vt 0.24975638091564178 0.42189866304397583
vt 0.22435975074768066 0.4168336093425751
vt 0.25059884786605835 0.4168336093425751
vt 0.3160361051559448 0.7111851572990417
vt 0.28979751467704773 0.7112602591514587
vt 0.2892380654811859 0.7048795223236084
vt 0.315476655960083 0.7048043608665466
vt 0.2565194070339203 0.4232144057750702
vt 0.28275802731513977 0.42328953742980957
vt 0.2570788562297821 0.4168336093425751
vt 0.2833174765110016 0.41690874099731445
vt 0.25059881806373596 0.7162488698959351
vt 0.22435972094535828 0.7162488698959351
vt 0.2235172539949417 0.7111838459968567
vt 0.2497563660144806 0.7111838459968567
vt 0.22297638654708862 0.7048014402389526
vt 0.2492154836654663 0.7048014402389526
vt 0.4683958888053894 0.8301056027412415
vt 0.4668811559677124 0.9348874688148499
vt 0.46474581956863403 0.9348916411399841
vt 0.46184828877449036 0.829914391040802
vt 0.4626915454864502 0.9349655508995056
vt 0.45554637908935547 0.8301411867141724
vt 0.4607972800731659 0.9351063966751099
vt 0.4497353136539459 0.8305736184120178
vt 0.4591357409954071 0.9353088736534119
vt 0.44463539123535156 0.8313984870910645
vt 0.6159250140190125 0.5295984745025635
vt 0.6331503391265869 0.43129032850265503
vt 0.6347233057022095 0.4315378665924072
vt 0.6207461357116699 0.530551552772522
vt 0.6365194916725159 0.431734561920166
vt 0.6262564659118652 0.5311549305915833
vt 0.6384700536727905 0.4318729043006897
vt 0.6322401762008667 0.5315791964530945
vt 0.6404999494552612 0.43194741010665894
vt 0.6384713649749756 0.5316142439842224
vt 0.6425312161445618 0.4319554567337036
vt 0.6446987390518188 0.5318329334259033
vt 0.6444858908653259 0.4318966269493103
vt 0.6506947875022888 0.5316523909568787
vt 0.6462886929512024 0.43177324533462524
vt 0.6562250852584839 0.5312737822532654
vt 0.6478703022003174 0.4315900206565857
vt 0.6610771417617798 0.53071129322052
vt 0.9067196249961853 0.48768705129623413
vt 0.8892762064933777 0.6002667546272278
vt 0.8874790668487549 0.6000198125839233
vt 0.9012067914009094 0.48692935705184937
vt 0.8854286670684814 0.5998356342315674
vt 0.8949168920516968 0.4863644242286682
vt 0.8832038640975952 0.5997213125228882
vt 0.8880918025970459 0.4860137701034546
vt 0.8808900713920593 0.5996813774108887
vt 0.880993664264679 0.4858911335468292
vt 0.8785760998725891 0.5997171401977539
vt 0.8738953471183777 0.4860008955001831
vt 0.8763510584831238 0.5998273491859436
vt 0.8670695424079895 0.4863390624523163
vt 0.8743003606796265 0.6000078320503235
vt 0.8607786893844604 0.4868925213813782
vt 0.8725028038024902 0.6002514958381653
vt 0.85526442527771 0.4876401424407959
vt 0.12992793321609497 0.8708189129829407
vt 0.11220720410346985 0.979315459728241
vt 0.11047504842281342 0.9790628552436829
vt 0.12461426854133606 0.8700439929962158
vt 0.1084979772567749 0.9788690209388733
vt 0.11854925751686096 0.8694488406181335
vt 0.10635200142860413 0.9787411093711853
vt 0.1119661033153534 0.8690565228462219
vt 0.10411953926086426 0.97868412733078
vt 0.10511574149131775 0.8690951466560364
vt 0.10188645124435425 0.9787004590034485
vt 0.09826722741127014 0.8689320683479309
vt 0.09973850846290588 0.9787893295288086
vt 0.09167802333831787 0.8692045211791992
vt 0.09775827825069427 0.9789472222328186
vt 0.08560323715209961 0.869689404964447
vt 0.09602178633213043 0.9791684746742249
vt 0.08027631044387817 0.8703674674034119
vt 0.4921119511127472 0.8318809866905212
vt 0.47461116313934326 0.9355326294898987
vt 0.47295624017715454 0.9352821707725525
vt 0.4870350956916809 0.831112802028656
vt 0.47106677293777466 0.9350865483283997
vt 0.4812389612197876 0.8305125832557678
vt 0.469015508890152 0.9349532723426819
vt 0.4749462306499481 0.8301036953926086
vt 0.49866917729377747 0.4107053875923157
vt 0.4927384555339813 0.5155550837516785
vt 0.47293996810913086 0.5157598853111267
vt 0.4744546711444855 0.41097792983055115
vt 0.4868077337741852 0.6204046607017517
vt 0.48087695240974426 0.7252541780471802
vt 0.46991056203842163 0.7253236770629883
vt 0.47142526507377625 0.6205418109893799
vt 0.5219275951385498 0.41221684217453003
vt 0.5117554068565369 0.5167908072471619
vt 0.5015832781791687 0.6213647723197937
vt 0.4914110600948334 0.7259387373924255
vt 0.5433506965637207 0.41443490982055664
vt 0.5292718410491943 0.5186044573783875
vt 0.5151929259300232 0.6227738261222839
vt 0.5011139512062073 0.72694331407547
vt 0.5621152520179749 0.41727444529533386
vt 0.5446144342422485 0.5209261178970337
vt 0.527113676071167 0.6245777010917664
vt 0.5096127986907959 0.7282293438911438
vt 0.03698315843939781 0.43265727162361145
vt 0.04913819953799248 0.5419152975082397
vt 0.03303995355963707 0.5439649224281311
vt 0.01729452982544899 0.43516406416893005
vt 0.06129322573542595 0.6511732935905457
vt 0.07344821095466614 0.7604313492774963
vt 0.0645308643579483 0.761566698551178
vt 0.04878542199730873 0.6527658104896545
vt 0.05943606421351433 0.43086567521095276
vt 0.06749653816223145 0.540450394153595
vt 0.07555703818798065 0.6500351428985596
vt 0.08361750841140747 0.7596198916435242
vt 0.08379039168357849 0.42985808849334717
vt 0.08740958571434021 0.5396265983581543
vt 0.09102880954742432 0.6493951082229614
vt 0.09464801847934723 0.7591635584831238
vt 0.10910050570964813 0.4307391941547394
vt 0.10810431838035583 0.5403282046318054
vt 0.10710813105106354 0.6499171853065491
vt 0.10611194372177124 0.7595061659812927
vt 0.13442246615886688 0.43031835556030273
vt 0.12880836427211761 0.5400028824806213
vt 0.12319429218769073 0.6496874690055847
vt 0.11758020520210266 0.7593719959259033
vt 0.15875442326068878 0.4317685067653656
vt 0.14870315790176392 0.541188657283783
vt 0.13865186274051666 0.6506087183952332
vt 0.1286005675792694 0.7600287795066833
vt 0.18117108941078186 0.4339679479598999
vt 0.16703186929225922 0.5429869294166565
vt 0.15289267897605896 0.6520059704780579
vt 0.1387534737586975 0.7610249519348145
vt 0.20081087946891785 0.4368322491645813
vt 0.18309015035629272 0.5453289747238159
vt 0.1653694212436676 0.653825581073761
vt 0.1476486623287201 0.7623222470283508
vt 0.8066919445991516 0.034431666135787964
vt 0.8202136158943176 0.1475469022989273
vt 0.8035492300987244 0.14980611205101013
vt 0.7863108515739441 0.037194788455963135
vt 0.8337353467941284 0.26066210865974426
vt 0.8472570180892944 0.3737773299217224
vt 0.8380260467529297 0.3750287592411041
vt 0.8207876682281494 0.26241743564605713
vt 0.8299435377120972 0.03238585591316223
vt 0.8392249941825867 0.14587417244911194
vt 0.8485065698623657 0.25936245918273926
vt 0.8577880263328552 0.3728507459163666
vt 0.8551720976829529 0.031136006116867065
vt 0.8598529100418091 0.14485223591327667
vt 0.8645337224006653 0.2585684657096863
vt 0.8692145347595215 0.3722847104072571
vt 0.8814080953598022 0.030730128288269043
vt 0.8813045024871826 0.1445203423500061
vt 0.8812008500099182 0.25831058621406555
vt 0.8810972571372986 0.3721008598804474
vt 0.9076433181762695 0.03118377923965454
vt 0.9027554392814636 0.14489129185676575
vt 0.8978675603866577 0.25859880447387695
vt 0.8929796814918518 0.37230631709098816
vt 0.9328696131706238 0.03247958421707153
vt 0.9233814477920532 0.1459507942199707
vt 0.9138932824134827 0.2594219744205475
vt 0.9044050574302673 0.37289321422576904
vt 0.9561173915863037 0.03456771373748779
vt 0.942389726638794 0.14765812456607819
vt 0.9286620616912842 0.2607485353946686
vt 0.9149343967437744 0.37383896112442017
vt 0.9764934778213501 0.037367939949035645
vt 0.9590499401092529 0.14994771778583527
vt 0.9416065216064453 0.2625274658203125
vt 0.9241631031036377 0.3751072585582733
vt 0.6959710717201233 0.9292756915092468
vt 0.6860345602035522 0.8297751545906067
vt 0.7006977200508118 0.8280757665634155
vt 0.713904619216919 0.9271972179412842
vt 0.6760980486869812 0.7302746772766113
vt 0.6661616563796997 0.6307742595672607
vt 0.6742839813232422 0.6298328042030334
vt 0.6874908804893494 0.7289543151855469
vt 0.6755305528640747 0.930675208568573
vt 0.6693216562271118 0.8309195041656494
vt 0.6631126999855042 0.7311637997627258
vt 0.6569037437438965 0.6314080953598022
vt 0.6533687114715576 0.9313421249389648
vt 0.6512011885643005 0.8314648270606995
vt 0.649033784866333 0.7315875887870789
vt 0.6468662619590759 0.6317101716995239
vt 0.6303568482398987 0.9302815198898315
vt 0.6323854923248291 0.8306146860122681
vt 0.6344140768051147 0.7309478521347046
vt 0.6364427804946899 0.6312810778617859
vt 0.6073208451271057 0.9304050207138062
vt 0.6135507225990295 0.8306984901428223
vt 0.6197806000709534 0.7309921979904175
vt 0.6260103583335876 0.6312857270240784
vt 0.5852044820785522 0.9288366436958313
vt 0.5954675078392029 0.8294162750244141
vt 0.6057305335998535 0.7299957871437073
vt 0.6159934997558594 0.63057541847229
vt 0.5648379325866699 0.9266065359115601
vt 0.5788149833679199 0.8275928497314453
vt 0.5927920341491699 0.728579044342041
vt 0.6067691445350647 0.6295653581619263
vt 0.5470235347747803 0.9228308200836182
vt 0.5642488598823547 0.8245226144790649
vt 0.581474244594574 0.7262146472930908
vt 0.5986996293067932 0.6279065012931824
vt 0.4054875075817108 0.41244199872016907
vt 0.4165494740009308 0.516974925994873
vt 0.40113434195518494 0.5196675062179565
vt 0.3866340219974518 0.41575711965560913
vt 0.42761141061782837 0.6215078234672546
vt 0.43867334723472595 0.7260406613349915
vt 0.430135041475296 0.7274882197380066
vt 0.4156346917152405 0.623577892780304
vt 0.42696574330329895 0.4108440577983856
vt 0.43411093950271606 0.5156683325767517
vt 0.4412561058998108 0.620492696762085
vt 0.4484012722969055 0.7253169417381287
vt 0.4502581059932709 0.4100055992603302
vt 0.45315563678741455 0.5149827599525452
vt 0.4560531973838806 0.6199600100517273
vt 0.4589507579803467 0.7249372005462646
vt 0.6740019917488098 0.09476763755083084
vt 0.6740027666091919 0.283758282661438
vt 0.6906214356422424 0.2635074555873871
vt 0.7029707431793213 0.2404034435749054
vt 0.7105754613876343 0.21533411741256714
vt 0.713144063949585 0.18926292657852173
vt 0.7105754613876343 0.16319173574447632
vt 0.7029707431793213 0.13812245428562164
vt 0.6906214356422424 0.11501850187778473
vt 0.2750642001628876 0.09955545514822006
vt 0.3444445729255676 0.32109591364860535
vt 0.34330180287361145 0.32831108570098877
vt 0.33998537063598633 0.3348199129104614
vt 0.3348199129104614 0.3399854302406311
vt 0.328311026096344 0.34330183267593384
vt 0.32109591364860535 0.3444445729255676
vt 0.053523674607276917 0.3444445729255676
vt 0.04630856215953827 0.34330180287361145
vt 0.03979969024658203 0.33998537063598633
vt 0.034634172916412354 0.3348199129104614
vt 0.03131774067878723 0.328311026096344
vt 0.030174970626831055 0.32109591364860535
vt 0.09955545514822006 0.09955545514822006
vt 0.08412162959575653 0.11836163699626923
vt 0.07265320420265198 0.1398175060749054
vt 0.06559102982282639 0.16309842467308044
vt 0.06320641934871674 0.18730980157852173
vt 0.06559102982282639 0.21152116358280182
vt 0.07265320420265198 0.23480209708213806
vt 0.08412162959575653 0.25625795125961304
vt 0.09955545514822006 0.2750642001628876
vt 0.1183616891503334 0.2904980182647705
vt 0.13981744647026062 0.3019663989543915
vt 0.16309842467308044 0.3090285658836365
vt 0.18730980157852173 0.3114131689071655
vt 0.21152116358280182 0.3090285658836365
vt 0.23480214178562164 0.3019663989543915
vt 0.2562580108642578 0.29049795866012573
vt 0.2750642001628876 0.2750641405582428
vt 0.29049795866012573 0.25625795125961304
vt 0.3019663989543915 0.23480209708213806
vt 0.3090285658836365 0.21152116358280182
vt 0.3114131689071655 0.1873098462820053
vt 0.3090285658836365 0.16309842467308044
vt 0.3019663989543915 0.1398175060749054
vt 0.2904980182647705 0.1183616891503334
vt 0.25625795125961304 0.08412158489227295
vt 0.23480209708213806 0.07265320420265198
vt 0.21152116358280182 0.06559102982282639
vt 0.1873098462820053 0.06320641934871674
vt 0.16309842467308044 0.06559102982282639
vt 0.1398175060749054 0.07265320420265198
vt 0.11836163699626923 0.08412162959575653
vt 0.4354444742202759 0.358468234539032
vt 0.42767512798309326 0.35723769664764404
vt 0.42066627740859985 0.3536664843559265
vt 0.4151039719581604 0.34810417890548706
vt 0.41153275966644287 0.3410953879356384
vt 0.41030222177505493 0.33332598209381104
vt 0.41030222177505493 0.045199885964393616
vt 0.41153275966644287 0.037430539727211
vt 0.4151039719581604 0.030421674251556396
vt 0.42066627740859985 0.024859458208084106
vt 0.42767512798309326 0.021288171410560608
vt 0.4354444742202759 0.020057618618011475
vt 0.6537511944770813 0.07814820110797882
vt 0.6306472420692444 0.06579886376857758
vt 0.6055779457092285 0.05819420516490936
vt 0.5795066952705383 0.05562640726566315
vt 0.5534355640411377 0.05819420516490936
vt 0.528366208076477 0.06579892337322235
vt 0.5052621960639954 0.078148253262043
vt 0.4850114583969116 0.09476763755083084
vt 0.468392014503479 0.11501844227313995
vt 0.45604270696640015 0.13812245428562164
vt 0.44843804836273193 0.16319173574447632
vt 0.4458709955215454 0.18926292657852173
vt 0.44843798875808716 0.21533417701721191
vt 0.45604270696640015 0.2404034435749054
vt 0.468392014503479 0.2635074257850647
vt 0.48501142859458923 0.283758282661438
vt 0.5052622556686401 0.30037766695022583
vt 0.528366208076477 0.3127269744873047
vt 0.5534355640411377 0.3203316926956177
vt 0.5795075297355652 0.3228994905948639
vt 0.6055779457092285 0.3203316926956177
vt 0.6306472420692444 0.3127269744873047
vt 0.6537511944770813 0.30037766695022583
vt 0.3964576721191406 0.9317848086357117
vt 0.3950592279434204 0.9338777661323547
vt 0.3932793140411377 0.9356576800346375
vt 0.39118635654449463 0.9370561838150024
vt 0.388860821723938 0.9380194544792175
vt 0.3863919973373413 0.938510537147522
vt 0.383874773979187 0.938510537147522
vt 0.3814060091972351 0.9380194544792175
vt 0.3790804147720337 0.9370561838150024
vt 0.3769874572753906 0.9356577396392822
vt 0.3752075433731079 0.9338778257369995
vt 0.3738090395927429 0.9317848682403564
vt 0.37284576892852783 0.929459273815155
vt 0.3723546862602234 0.9269904494285583
vt 0.3723546862602234 0.9244732856750488
vt 0.37284576892852783 0.9220044612884521
vt 0.3738090395927429 0.9196789264678955
vt 0.37520748376846313 0.9175859689712524
vt 0.37698739767074585 0.9158060550689697
vt 0.3790803551673889 0.9144075512886047
vt 0.38140594959259033 0.9134442806243896
vt 0.383874773979187 0.9129531979560852
vt 0.38639193773269653 0.9129531979560852
vt 0.3888607621192932 0.9134442210197449
vt 0.39118629693984985 0.9144075512886047
vt 0.3932792544364929 0.915805995464325
vt 0.39505916833877563 0.9175859093666077
vt 0.3964576721191406 0.9196788668632507
vt 0.3974209427833557 0.9220044612884521
vt 0.39791202545166016 0.9244732856750488
vt 0.39791202545166016 0.9269903898239136
vt 0.3974209427833557 0.9294592142105103
vn -0.006375103387294545 0.9999794276555798 0.0007087470779668174
vn -4.790349611314677e-8 0.9999999999999857 -1.6292067894774207e-7
vn -0.0019315794651223721 0.9999981343273131 -0.000018511153134749347
vn 0 0.9999999999999867 -1.6292067894774223e-7
vn 0 0.9999999999999867 -1.6292067894774223e-7
vn -1.7032380535090758e-7 0.9999999999999721 -1.6292067894773987e-7
vn 0.0023084073939414066 0.9999970561169924 -0.0007476714867425052
vn -9.990416028115744e-8 -0.9999999999999817 1.629206789477414e-7
vn -1.7032396092713656e-7 -0.9999999999999721 1.6292067894773987e-7
vn -1.8996132248088793e-8 -0.9999999999999865 1.629206789477422e-7
vn 3.7107801480017016e-8 -0.999999999999986 1.6292067894774215e-7
vn 4.233816004712822e-8 -0.9999999999999858 1.629206789477421e-7
vn -3.872047306823201e-8 -0.9999999999999858 1.629206789477421e-7
vn -2.7549812983589155e-8 -0.9999999999999865 1.629206789477422e-7
vn 0.0023084073939414066 0.9999970561169924 -0.0007476714867425052
vn -1.7032396092713656e-7 0.9999999999999721 -1.6292067894773987e-7
vn -0.0019315562058911274 0.9999981343722434 -0.000018510975155996382
vn 3.7107801480017016e-8 0.999999999999986 -1.6292067894774215e-7
vn 4.233816004712822e-8 0.9999999999999858 -1.629206789477421e-7
vn -3.872047306823201e-8 0.9999999999999858 -1.629206789477421e-7
vn -0.006375100201148451 0.9999794276758922 0.000708747077981214
vn -3.057229691181839e-8 -0.9999999999999862 1.6292067894774218e-7
vn -4.790349611314677e-8 -0.9999999999999857 1.6292067894774207e-7
vn -2.7164948994507027e-8 -0.9999999999999865 1.629206789477422e-7
vn 0 -0.9999999999999867 1.6292067894774223e-7
vn 0 -0.9999999999999867 1.6292067894774223e-7
vn -1.7032380535090758e-7 -0.9999999999999721 1.6292067894773987e-7
vn -9.990409221655726e-8 -0.9999999999999817 1.629206789477414e-7
vn -0.9969173765954568 1.2782520415839629e-8 0.07845855110841717
vn -0.9969173765954568 1.2782520415839629e-8 0.07845855110841717
vn -0.9969173765954568 -1.2782520415839629e-8 -0.07845855110841717
vn -0.9969173765954568 -1.2782520415839629e-8 -0.07845855110841717
vn 0.07845867698859438 1.6241845423569118e-7 0.99691736668852
vn 0.07845867698859438 1.6241845423569118e-7 0.99691736668852
vn -0.07845867698859438 1.6241845423569118e-7 0.99691736668852
vn -0.07845867698859438 1.6241845423569118e-7 0.99691736668852
vn 0.9969173765954568 -1.2782520415839629e-8 -0.07845855110841717
vn 0.9969173765954568 -1.2782520415839629e-8 -0.07845855110841717
vn 0.9969173765954568 1.2782520415839629e-8 0.07845855110841717
vn 0.9969173765954568 1.2782520415839629e-8 0.07845855110841717
vn -0.19509033224258718 1.5979020345383784e-7 0.9807852783690482
vn -0.1938017914714973 1.5983181779670778e-7 0.9810407053850582
vn 1.4695720196300497e-8 1.6292067894774223e-7 0.9999999999999866
vn 1.906454727418349e-8 1.6292067894774223e-7 0.9999999999999866
vn -0.3826835388128256 1.5051907351914618e-7 0.9238794884191714
vn -0.3826835388128256 1.5051907351914618e-7 0.9238794884191714
vn -0.5555702214156537 1.354635950239539e-7 0.8314696200560445
vn -0.5566619188813532 1.3534458367190899e-7 0.8307391335836486
vn -0.7071067215819044 1.152023265902931e-7 0.7071068407911765
vn -0.7071067811865475 1.1520231687946494e-7 0.7071067811865381
vn -0.8307391335836597 9.069173776850311e-8 0.556661918881346
vn -0.7071067811865475 1.1520231687946494e-7 0.7071067811865381
vn -0.7071067215819044 1.152023265902931e-7 0.7071068407911765
vn -0.8314696475898097 9.051387096268429e-8 0.5555701802084678
vn -0.923879477882469 6.234706610986528e-8 0.3826835642506906
vn -0.923879477882469 6.234706610986528e-8 0.3826835642506906
vn -0.9810406912194714 3.15743311304476e-8 0.19380186317892048
vn -0.9807852606791287 3.178426387417162e-8 0.19509042117585448
vn -0.9999999999999994 -4.788473424014649e-15 -2.9391440392600598e-8
vn -0.9999999999999994 -5.435515869749911e-15 -3.3362958617999075e-8
vn -0.981040744454303 -3.157428722671102e-8 -0.1938015936997061
vn -0.980785312583613 -3.178422136140418e-8 -0.1950901602343477
vn -0.9238795709050678 -6.234702952172479e-8 -0.3826833396742848
vn -0.9238795709050678 -6.234702952172479e-8 -0.3826833396742848
vn -0.8314695465910754 -9.051389558900498e-8 -0.5555703313637469
vn -0.8314695465910754 -9.051389558900498e-8 -0.5555703313637469
vn -0.707106691779577 -1.1520233144570746e-7 -0.7071068705934974
vn -0.707106691779577 -1.1520233144570746e-7 -0.7071068705934974
vn -0.5555702214156537 -1.354635950239539e-7 -0.8314696200560445
vn -0.707106691779577 -1.1520233144570746e-7 -0.7071068705934974
vn -0.707106691779577 -1.1520233144570746e-7 -0.7071068705934974
vn -0.5555702214156537 -1.354635950239539e-7 -0.8314696200560445
vn -0.38268341598791283 -1.505190818078582e-7 -0.9238795392949233
vn -0.38268341598791283 -1.505190818078582e-7 -0.9238795392949233
vn -0.19509028924052965 -1.5979020484740279e-7 -0.980785286922689
vn -0.19509028924052965 -1.5979020484740279e-7 -0.980785286922689
vn 5.719365248069143e-8 -1.62920678947742e-7 -0.9999999999999851
vn 5.719365248069143e-8 -1.62920678947742e-7 -0.9999999999999851
vn 0.19509033224258718 -1.5979020345383784e-7 -0.9807852783690482
vn 0.19509033224258718 -1.5979020345383784e-7 -0.9807852783690482
vn 0.3826835388128256 -1.5051907351914618e-7 -0.9238794884191714
vn 0.3826835388128256 -1.5051907351914618e-7 -0.9238794884191714
vn 0.5555703313637541 -1.3546358305498943e-7 -0.8314695465910644
vn 0.5555703313637541 -1.3546358305498943e-7 -0.8314695465910644
vn 0.7071066321749236 -1.1520234115653478e-7 -0.7071069301981308
vn 0.7071066321749236 -1.1520234115653478e-7 -0.7071069301981308
vn 0.8314694271948402 -9.051392470113916e-8 -0.5555705100527528
vn 0.8314694271948402 -9.051392470113916e-8 -0.5555705100527528
vn 0.7071066321749236 -1.1520234115653478e-7 -0.7071069301981308
vn 0.7071066321749236 -1.1520234115653478e-7 -0.7071069301981308
vn 0.9238794673457539 -6.23470702542202e-8 -0.3826835896885597
vn 0.9238794673457539 -6.23470702542202e-8 -0.3826835896885597
vn 0.9807852783690613 -3.178424938510291e-8 -0.1950903322425846
vn 0.9810407110513101 -3.1574314774775984e-8 -0.19380176278852365
vn 1 0 0
vn 1 7.98078928119547e-16 4.898573546796505e-9
vn 0.9807852578279139 3.1784266209479454e-8 0.19509043550987176
vn 0.98104068555323 3.1574335803496446e-8 0.19380189186188992
vn 0.9238794884191837 6.234706196551022e-8 0.3826835388128205
vn 0.9238794884191837 6.234706196551022e-8 0.3826835388128205
vn 0.8314697210547752 9.051385304986165e-8 0.555570070260346
vn 0.8314697210547752 9.051385304986165e-8 0.555570070260346
vn 0.7071068705935067 1.152023023132206e-7 0.7071066917795676
vn 0.7071068705935067 1.152023023132206e-7 0.7071066917795676
vn 0.5555703864312718 1.35463577060331e-7 0.8314695097961132
vn 0.5555703864312718 1.35463577060331e-7 0.8314695097961132
vn 0.7071068705935067 1.152023023132206e-7 0.7071066917795676
vn 0.7071068705935067 1.152023023132206e-7 0.7071066917795676
vn 0.38268336511216505 1.5051908524115443e-7 0.9238795603683452
vn 0.38268336511216505 1.5051908524115443e-7 0.9238795603683452
vn 0.19509014590032972 1.5979020949261715e-7 0.9807853154348114
vn 0.1938015793582222 1.598318246234668e-7 0.9810407472874064
vn 0.9510564841800005 -5.034527463307937e-8 -0.3090170932152035
vn 0.9510564841800005 -5.034527463307937e-8 -0.3090170932152035
vn 0.80901657357218 -9.576246674015441e-8 -0.5877858314773504
vn 0.80901657357218 -9.576246674015441e-8 -0.5877858314773504
vn 0.5877857747899509 -1.3180553615638575e-7 -0.8090166147580405
vn 0.5877857747899509 -1.3180553615638575e-7 -0.8090166147580405
vn 0.5877857747899509 -1.3180553615638575e-7 -0.8090166147580405
vn 0.5877857747899509 -1.3180553615638575e-7 -0.8090166147580405
vn 0.30901720104101005 -1.5494676241237376e-7 -0.9510564491452417
vn 0.30901720104101005 -1.5494676241237376e-7 -0.9510564491452417
vn 0.07845867698859438 -1.6241845423569118e-7 -0.99691736668852
vn 0.07845867698859438 -1.6241845423569118e-7 -0.99691736668852
vn -0.07845867698859438 -1.6241845423569118e-7 -0.99691736668852
vn -0.07845867698859438 -1.6241845423569118e-7 -0.99691736668852
vn -0.30901720104101005 -1.5494676241237376e-7 -0.9510564491452417
vn -0.30901720104101005 -1.5494676241237376e-7 -0.9510564491452417
vn -0.5877857747899509 -1.3180553615638575e-7 -0.8090166147580405
vn -0.5877857747899509 -1.3180553615638575e-7 -0.8090166147580405
vn -0.5877857747899509 -1.3180553615638575e-7 -0.8090166147580405
vn -0.5877857747899509 -1.3180553615638575e-7 -0.8090166147580405
vn -0.80901657357218 -9.576246674015441e-8 -0.5877858314773504
vn -0.80901657357218 -9.576246674015441e-8 -0.5877858314773504
vn -0.9510564841800005 -5.034527463307937e-8 -0.3090170932152035
vn -0.9510564841800005 -5.034527463307937e-8 -0.3090170932152035
vn 0.30901720104101005 1.5494676241237376e-7 0.9510564491452417
vn 0.30901720104101005 1.5494676241237376e-7 0.9510564491452417
vn 0.5877857747899509 1.3180553615638575e-7 0.8090166147580405
vn 0.5877857747899509 1.3180553615638575e-7 0.8090166147580405
vn 0.80901657357218 9.576246674015441e-8 0.5877858314773504
vn 0.80901657357218 9.576246674015441e-8 0.5877858314773504
vn 0.80901657357218 9.576246674015441e-8 0.5877858314773504
vn 0.80901657357218 9.576246674015441e-8 0.5877858314773504
vn 0.9510564841800005 5.034527463307937e-8 0.3090170932152035
vn 0.9510564841800005 5.034527463307937e-8 0.3090170932152035
vn -0.9510564841800005 5.034527463307937e-8 0.3090170932152035
vn -0.9510564841800005 5.034527463307937e-8 0.3090170932152035
vn -0.80901657357218 9.576246674015441e-8 0.5877858314773504
vn -0.80901657357218 9.576246674015441e-8 0.5877858314773504
vn -0.80901657357218 9.576246674015441e-8 0.5877858314773504
vn -0.80901657357218 9.576246674015441e-8 0.5877858314773504
vn -0.5877857747899509 1.3180553615638575e-7 0.8090166147580405
vn -0.5877857747899509 1.3180553615638575e-7 0.8090166147580405
vn -0.30901720104101005 1.5494676241237376e-7 0.9510564491452417
vn -0.30901720104101005 1.5494676241237376e-7 0.9510564491452417
vn -1.8473506527415922e-8 0.30704276097855704 -0.9516957197185791
vn -1.3754128729182546e-8 0.30704274400364695 -0.9516957251951439
vn 0.1881183549448055 0.3066883700379558 -0.9330346875740054
vn 0.18901249452682198 0.30668685221620173 -0.9328544643139496
vn 0.36425014948628787 0.30662031814360075 -0.8793780808621137
vn 0.36425014711557113 0.3066203373744857 -0.8793780751386978
vn 0.5267360984990288 0.30668780379375177 -0.7927746675709225
vn 0.5259765582947545 0.30668629511564993 -0.7932793811215825
vn 0.6729523886432124 0.3070426353732527 -0.6729486627391741
vn 0.6729523031540402 0.3070426281524163 -0.67294875152342
vn 0.6729523031540402 0.3070426281524163 -0.67294875152342
vn 0.6729523886432124 0.3070426353732527 -0.6729486627391741
vn 0.7927748205981491 0.30668815416303324 -0.5267356641823715
vn 0.7932795795336638 0.3066866407844332 -0.5259760574962073
vn 0.8793777324481978 0.3066203992852911 -0.36425092232744544
vn 0.8793777343060765 0.3066203989632198 -0.36425091811325233
vn 0.9330349621946518 0.3066883158379853 -0.1881170812310379
vn 0.9328547586129252 0.3066867788252925 -0.18901116111750418
vn 0.9516956820993127 0.3070428775814923 -2.710008636481113e-8
vn 0.9516956883014928 0.307042858357506 -2.231327539788514e-8
vn 0.933035022179009 0.30668831194602275 0.18811679006169266
vn 0.932854817804093 0.30668679619384365 0.18901084080033145
vn 0.8793778428426944 0.3066207504137255 0.3642503602373693
vn 0.8793778468430422 0.30662070838566785 0.36425038595829395
vn 0.7914187884003748 0.3066205242024997 0.5288101318097704
vn 0.7914188064589976 0.30662049002740005 0.5288101245989648
vn 0.6730471585857611 0.306620495902009 0.6730463533906407
vn 0.6730471355681659 0.30662046942939225 0.6730463884684218
vn 0.6730471355681659 0.30662046942939225 0.6730463884684218
vn 0.6730471585857611 0.306620495902009 0.6730463533906407
vn 0.5288108467222119 0.30662036974395834 0.7914183705518945
vn 0.5288108326279568 0.3066203740306187 0.791418378308623
vn 0.3642499697052373 0.30662072418955166 0.8793780137501781
vn 0.36424996549098165 0.306620723867487 0.8793780156080758
vn 0.18569163774482617 0.30662065088985413 0.9335429246261397
vn 0.18569167311825793 0.3066206640908833 0.9335429132541299
vn -5.957721502401617e-8 0.30662064244518095 0.9518318032228704
vn -6.119953835394312e-8 0.3066205847525298 0.9518318218078301
vn -0.18569148986057543 0.30662060406809216 0.9335429694204108
vn -0.1856915276511322 0.3066205788073503 0.9335429702003193
vn -0.36425103503140066 0.3066206557898402 0.8793775963268348
vn -0.36425101168117135 0.30662067858703596 0.8793775980499327
vn -0.5288115852745847 0.306620360067726 0.7914178808134921
vn -0.5288115434250735 0.3066203694875708 0.7914179051270556
vn -0.6730452545772924 0.30662043820898544 0.6730482836792003
vn -0.6730452940355574 0.30662039250548956 0.6730482650422402
vn -0.6730452940355574 0.30662039250548956 0.6730482650422402
vn -0.6730452545772924 0.30662043820898544 0.6730482836792003
vn -0.791418948232472 0.3066205623369743 0.5288098704929453
vn -0.7914189647892333 0.3066205674701156 0.5288098427376731
vn -0.8793777778468341 0.3066207045848151 0.3642505557292611
vn -0.8793777628190304 0.3066207205714559 0.36425057855223564
vn -0.9330344273810036 0.3066885196564314 0.18811940153197704
vn -0.9328542201529894 0.30668702844566903 0.18901341361375265
vn -0.9516956510884068 0.3070429737014139 -7.753191164542472e-8
vn -0.951695650362795 0.307042975950487 -7.311561708565678e-8
vn -0.9330344114873529 0.3066884106825241 -0.1881196580197733
vn -0.9328542123895232 0.3066868963722123 -0.18901366622734522
vn -0.8793776452624606 0.30662032449263077 -0.36425119577111054
vn -0.8793776620133766 0.3066203313032065 -0.3642511495979102
vn -0.7914195914858323 0.3066203279781315 -0.5288090436849403
vn -0.791419596636774 0.30662030874724633 -0.5288090471266821
vn -0.6730466620439207 0.3066202885847566 -0.6730469443803582
vn -0.6730466927411891 0.30662028134301994 -0.6730469169822226
vn -0.6730466927411891 0.30662028134301994 -0.6730469169822226
vn -0.6730466620439207 0.3066202885847566 -0.6730469443803582
vn -0.5288090009410779 0.30662031936854084 -0.7914196233819536
vn -0.5288090286963195 0.3066203142354067 -0.7914196068252514
vn -0.3642506036703854 0.30662035169127544 -0.8793778810354956
vn -0.3642506055138769 0.3066203712442283 -0.8793778734541969
vn -0.18811887806359845 0.3066882218880476 -0.9330346307995435
vn -0.18901301755658462 0.3066867039196086 -0.9328544070931329
vn -0.19119215074312237 0.30662881577766266 -0.9324292631771096
vn -0.18890329609885353 0.3066323621474584 -0.9328944952173631
vn 4.706476900334599e-9 0.3071535359939868 -0.9516599735863595
vn 4.588803806370406e-9 0.3071534975496329 -0.9516599859944872
vn -0.19081908010331977 0.3066385786541164 -0.9325024722484687
vn -0.1886951158274947 0.3066418709865189 -0.9329335004279434
vn -1.877690025492124e-8 0.30713529080683516 -0.9516658621286153
vn -2.7570867975673684e-8 0.30713534847425766 -0.9516658435173534
vn -0.36425022796532347 0.3066202503961573 -0.8793780719771261
vn -0.3642502321795614 0.3066202507182351 -0.8793780701192305
vn -0.3642504015935592 0.30662041642903265 -0.8793779421658341
vn -0.3642504430253024 0.30662044808025457 -0.879377913968127
vn -0.5288096419221155 0.30662048153327703 -0.7914191322646333
vn -0.5288096176086036 0.30662046743552773 -0.7914191539723188
vn -0.5288093772695286 0.30662046282152144 -0.791419316349386
vn -0.5288094050247837 0.3066204576883902 -0.791419299792655
vn -0.6730466982704246 0.30662051211364527 -0.6730468063206645
vn -0.6730467070314572 0.30662047365188005 -0.6730468150816915
vn -0.6730464976674216 0.30662050012444597 -0.6730470123855034
vn -0.6730464932869067 0.3066205193553274 -0.6730470080049885
vn -0.7914192626848219 0.3066204192627546 -0.5288094828409811
vn -0.7914192461280899 0.30662041412961083 -0.5288095105962369
vn -0.6730467070314572 0.30662047365188005 -0.6730468150816915
vn -0.6730466982704246 0.30662051211364527 -0.6730468063206645
vn -0.7914192958590086 0.3066204957950397 -0.5288093888164571
vn -0.791419261243619 0.30662052483698465 -0.5288094237826104
vn -0.6730464932869067 0.3066205193553274 -0.6730470080049885
vn -0.6730464976674216 0.30662050012444597 -0.6730470123855034
vn -0.8793779898242854 0.3066204080004275 -0.3642502936309733
vn -0.8793780065751431 0.3066204148109846 -0.3642502474577981
vn -0.879377923705109 0.3066205325618163 -0.3642503484028528
vn -0.8793778711752219 0.30662057695542155 -0.3642504378512934
vn -0.9324291338634002 0.3066290356808416 -0.19119242872087316
vn -0.9328943623906102 0.30663257921698756 -0.18890359970777293
vn -0.932502420489069 0.30663874135014624 -0.19081907159722195
vn -0.932933434809233 0.30664205077030693 -0.18869514809455776
vn -0.9516599421568847 0.30715363337253854 -5.463048232660637e-8
vn -0.9516599421568847 0.30715363337253854 -5.474815375148314e-8
vn -0.9516658244974248 0.3071354074079234 -7.30144516321275e-8
vn -0.9516658307011806 0.30713538818544867 -7.350983174971763e-8
vn -0.9324291338634004 0.30662909797922594 0.1911923288084417
vn -0.93289436992604 0.306632624151079 0.18890348955622793
vn -0.9325025075172655 0.3066387069087271 0.19081870164990636
vn -0.9329335166673314 0.3066420372910694 0.18869476528168047
vn -0.8793779486064257 0.3066205557393538 0.36425026877525346
vn -0.8793779504643168 0.3066205554172829 0.3642502645610221
vn -0.8793779932704118 0.3066205722825991 0.36425014702096586
vn -0.8793780101560992 0.3066205559738809 0.36425011998373835
vn -0.7914191131547328 0.3066205149745552 0.5288096511317798
vn -0.7914191106096231 0.30662055772298685 0.5288096301539124
vn -0.7914190594374801 0.30662058163180483 0.5288096928752989
vn -0.7914190413788376 0.30662061580689554 0.5288097000861482
vn -0.6730465820459316 0.30662060404569186 0.6730468806635567
vn -0.6730465864264454 0.30662058481480925 0.6730468850440761
vn -0.6730463496642054 0.3066206040456884 0.6730471130451013
vn -0.6730462959492745 0.3066205848147997 0.6730471755209972
vn -0.5288095305737023 0.30662068730606007 0.7914191269424691
vn -0.5288095548872112 0.30662070140380104 0.7914191052347869
vn -0.6730465864264454 0.30662058481480925 0.6730468850440761
vn -0.6730465820459316 0.30662060404569186 0.6730468806635567
vn -0.5288097359466237 0.306620662878057 0.7914189991807646
vn -0.5288097500409802 0.3066206585913796 0.7914189914240023
vn -0.6730462959492745 0.3066205848147997 0.6730471755209972
vn -0.6730463496642054 0.3066206040456884 0.6730471130451013
vn -0.3642503620053274 0.306620690868455 0.8793778628725761
vn -0.36425035779109927 0.30662069054638863 0.879377864730465
vn -0.3642505461708276 0.3066207024100754 0.8793777825643572
vn -0.36425049762692546 0.3066207284515082 0.8793777935918121
vn -0.1856931918647517 0.3066205476247799 0.9335426494110275
vn -0.1856932022620495 0.3066206044904802 0.9335426286654285
vn -0.185692971850474 0.3066207138760825 0.9335426385695839
vn -0.18569297459396236 0.30662071565058935 0.9335426374410365
vn -4.707656665892043e-8 0.30662070013782894 0.9518317846379082
vn -4.582861732230495e-8 0.30662072164437726 0.9518317777098426
vn -1.883062629589118e-7 0.3066207578304682 0.951831766052927
vn -1.8789733792693522e-7 0.30662077706134894 0.9518317598579379
vn 0.18569316454731535 0.30662075999143046 0.9335425850933
vn 0.18569319017623298 0.30662079679928905 0.9335425679059003
vn 0.18569281638841853 0.30662074220340096 0.9335426601887954
vn 0.18569280510887393 0.3066207448048547 0.9335426615779883
vn 0.36425028642422075 0.3066207006011798 0.8793778907857047
vn 0.36425026597195254 0.30662066538365995 0.8793779115369248
vn 0.36425052097712735 0.3066207056543193 0.8793777918687387
vn 0.3642505438001075 0.30662072164095666 0.8793777768409347
vn 0.5288094294444183 0.3066206535861914 0.7914192075790463
vn 0.5288093944782722 0.3066206245442426 0.7914192421944399
vn 0.528809471187935 0.3066207202434392 0.7914191538618022
vn 0.528809471187935 0.3066207202434392 0.7914191538618022
vn 0.6730468232222718 0.30662069295833094 0.6730465989812005
vn 0.6730468232222718 0.30662069295833094 0.6730465989812005
vn 0.6730464976674218 0.3066207194309821 0.6730469124758275
vn 0.6730464932869067 0.3066207386618621 0.6730469080953063
vn 0.7914191628856811 0.3066205966399502 0.5288095293520045
vn 0.7914191628856811 0.3066205966399502 0.5288095293520045
vn 0.6730468232222718 0.30662069295833094 0.6730465989812005
vn 0.6730468232222718 0.30662069295833094 0.6730465989812005
vn 0.7914191220154287 0.30662058208700704 0.5288095989568955
vn 0.7914191297721975 0.3066205863736777 0.5288095848625286
vn 0.6730464932869067 0.3066207386618621 0.6730469080953063
vn 0.6730464976674218 0.3066207194309821 0.6730469124758275
vn 0.8793779561877354 0.30662053618639984 0.3642502669317431
vn 0.8793779712155314 0.30662052019975167 0.36425024410875806
vn 0.8793779368750163 0.3066206355850476 0.36425022988443173
vn 0.8793779311515961 0.30662065481592893 0.3642502275137102
vn 0.9324292010010713 0.30662910095274504 0.19119199661443775
vn 0.9328944266022292 0.3066326470422206 0.1889031725048018
vn 0.9325025984588083 0.30663882384187513 0.19081806932374662
vn 0.9329336127672275 0.3066421389510717 0.18869412494457888
vn 0.9516599483609504 0.30715361415036746 -1.7920049593637846e-8
vn 0.9516599421568842 0.3071536333725445 -1.7096352527793134e-8
vn 0.9516658113659371 0.3071354480961331 -8.682386085498968e-9
vn 0.9516658120899115 0.30713544585288277 -3.0964612675163095e-9
vn 0.9324291209173386 0.3066290314235214 -0.19119249868546706
vn 0.9328943531056204 0.3066325549386197 -0.1889036849705699
vn 0.9325025630036655 0.306638709676384 -0.19081842604842203
vn 0.9329335724571709 0.3066420387281376 -0.18869448711330142
vn 0.8793779729385974 0.3066204243091395 -0.3642503206682003
vn 0.8793779712155313 0.30662040151194114 -0.3642503440183854
vn 0.8793778382426175 0.3066204805664126 -0.3642505984963691
vn 0.8793778306613145 0.3066205001193605 -0.3642506003398676
vn 0.7945205054866942 0.3066289916771647 -0.5241334065142322
vn 0.7932310040075929 0.3066325407478104 -0.5260808485733431
vn 0.7943081143105624 0.30663868779520514 -0.5244495539969822
vn 0.7931110777287765 0.30664197375218405 -0.5262561337573783
vn 0.6729252010635665 0.3071535124307 -0.6729252511052342
vn 0.6729251966766293 0.3071535316528767 -0.6729252467183001
vn 0.672929519669604 0.30713535266590686 -0.6729292211667026
vn 0.672929519669604 0.30713535266590686 -0.6729292211667026
vn 0.5241335586419427 0.3066287940759854 -0.7945204813904047
vn 0.5260809728790756 0.30663234862459254 -0.7932309958338564
vn 0.6729251966766293 0.3071535316528767 -0.6729252467183001
vn 0.6729252010635665 0.3071535124307 -0.6729252511052342
vn 0.5244493961470595 0.3066385722611381 -0.7943082631338009
vn 0.5262559615676414 0.30664186307663094 -0.7931112347731621
vn 0.672929519669604 0.30713535266590686 -0.6729292211667026
vn 0.672929519669604 0.30713535266590686 -0.6729292211667026
vn 0.3642503809710706 0.30662025048369834 -0.8793780085695481
vn 0.3642504271442494 0.3066202436731451 -0.8793779918186791
vn 0.36425036200532745 0.3066204043307618 -0.8793779627822317
vn 0.3642503829848016 0.3066204007644557 -0.8793779553357418
vn 0.19119238125347143 0.3066288764565566 -0.9324291959573214
vn 0.1889035547480887 0.3066324213150379 -0.9328944233952805
vn 0.19081914642060863 0.30663859186664855 -0.9325024543331503
vn 0.18869516939775863 0.30664190608609065 -0.932933478056094
vn -0.0030905471206669217 0.9999952238121074 -0.000029520636916787864
vn -0.0030905469364558504 0.9999952238126765 -0.00002952064512386263
vn -0.009690192859555552 0.9999524685682069 0.0010773888313147318
vn -0.009690192859555552 0.9999524685682069 0.0010773888313147318
vn -0.009690192859555552 0.9999524685682069 0.0010773888313147318
vn -0.009690192859555552 0.9999524685682069 0.0010773888313147318
vn -0.009690192859555552 0.9999524685682069 0.0010773888313147318
vn -0.009690192859555552 0.9999524685682069 0.0010773888313147318
vn -0.009690192859555552 0.9999524685682069 0.0010773888313147318
vn -4.981214783068389e-9 -0.9999999999999867 1.6292067894774223e-7
vn -4.840164269027498e-9 -0.9999999999999867 1.6292067894774223e-7
vn -4.840164269027498e-9 -0.9999999999999867 1.6292067894774223e-7
vn -4.840164269027498e-9 -0.9999999999999867 1.6292067894774223e-7
vn -4.840164269027498e-9 -0.9999999999999867 1.6292067894774223e-7
vn -4.840164269027498e-9 -0.9999999999999867 1.6292067894774223e-7
vn -4.840164269027498e-9 -0.9999999999999867 1.6292067894774223e-7
vn -4.840164269027498e-9 -0.9999999999999867 1.6292067894774223e-7
vn -4.840164269027498e-9 -0.9999999999999867 1.6292067894774223e-7
vn -4.840164269027498e-9 -0.9999999999999867 1.6292067894774223e-7
vn -4.840164269027498e-9 -0.9999999999999867 1.6292067894774223e-7
vn -4.840164269027498e-9 -0.9999999999999867 1.6292067894774223e-7
vn -4.840164269027498e-9 -0.9999999999999867 1.6292067894774223e-7
vn -4.981214783068389e-9 -0.9999999999999867 1.6292067894774223e-7
vn -4.840164269027498e-9 -0.9999999999999867 1.6292067894774223e-7
vn -4.840164269027498e-9 -0.9999999999999867 1.6292067894774223e-7
vn -4.840164269027498e-9 -0.9999999999999867 1.6292067894774223e-7
vn -4.840164269027498e-9 -0.9999999999999867 1.6292067894774223e-7
vn -4.840164269027498e-9 -0.9999999999999867 1.6292067894774223e-7
vn -4.840164269027498e-9 -0.9999999999999867 1.6292067894774223e-7
vn -4.840164269027498e-9 -0.9999999999999867 1.6292067894774223e-7
vn -4.840164269027498e-9 -0.9999999999999867 1.6292067894774223e-7
vn -4.840164269027498e-9 -0.9999999999999867 1.6292067894774223e-7
vn -4.840164269027498e-9 -0.9999999999999867 1.6292067894774223e-7
vn -4.840164269027498e-9 -0.9999999999999867 1.6292067894774223e-7
vn -4.840164269027498e-9 -0.9999999999999867 1.6292067894774223e-7
vn -4.840164269027498e-9 -0.9999999999999867 1.6292067894774223e-7
vn -4.840164269027498e-9 -0.9999999999999867 1.6292067894774223e-7
vn -4.840164269027498e-9 -0.9999999999999867 1.6292067894774223e-7
vn -4.840164269027498e-9 -0.9999999999999867 1.6292067894774223e-7
vn -4.840164269027498e-9 -0.9999999999999867 1.6292067894774223e-7
vn -4.840164269027498e-9 -0.9999999999999867 1.6292067894774223e-7
vn -4.840164269027498e-9 -0.9999999999999867 1.6292067894774223e-7
vn -4.840164269027498e-9 -0.9999999999999867 1.6292067894774223e-7
vn -4.840164269027498e-9 -0.9999999999999867 1.6292067894774223e-7
vn -4.840164269027498e-9 -0.9999999999999867 1.6292067894774223e-7
vn -4.840164269027498e-9 -0.9999999999999867 1.6292067894774223e-7
vn -5.1222652971092805e-9 -0.9999999999999867 1.6292067894774223e-7
vn -5.1222652971092805e-9 -0.9999999999999867 1.6292067894774223e-7
vn -5.1222652971092805e-9 -0.9999999999999867 1.6292067894774223e-7
vn -5.1222652971092805e-9 -0.9999999999999867 1.6292067894774223e-7
vn -5.1222652971092805e-9 -0.9999999999999867 1.6292067894774223e-7
vn -5.1222652971092805e-9 -0.9999999999999867 1.6292067894774223e-7
vn -5.1222652971092805e-9 -0.9999999999999867 1.6292067894774223e-7
vn 0.0035089304036642283 0.999993198003828 -0.0011363773576338904
vn 0.0035089304036642283 0.999993198003828 -0.0011363773576338904
vn 0.0035089304036642283 0.999993198003828 -0.0011363773576338904
vn 0.0035089304036642283 0.999993198003828 -0.0011363773576338904
vn 0.0035089304036642283 0.999993198003828 -0.0011363773576338904
vn 0.0035089304036642283 0.999993198003828 -0.0011363773576338904
vn 0.0035089304036642283 0.999993198003828 -0.0011363773576338904
vn 0.0035089304036642283 0.999993198003828 -0.0011363773576338904
vn 0.0035089304036642283 0.999993198003828 -0.0011363773576338904
vn 0.0035089304036642283 0.999993198003828 -0.0011363773576338904
vn 0.0035089304036642283 0.999993198003828 -0.0011363773576338904
vn 0.0035089304036642283 0.999993198003828 -0.0011363773576338904
vn 0.0035089304036642283 0.999993198003828 -0.0011363773576338904
vn 0.0035089304036642283 0.999993198003828 -0.0011363773576338904
vn 0.0035089304036642283 0.999993198003828 -0.0011363773576338904
vn 0.0035089304036642283 0.999993198003828 -0.0011363773576338904
vn 0.0035089304036642283 0.999993198003828 -0.0011363773576338904
vn 0.0035089304036642283 0.999993198003828 -0.0011363773576338904
vn 0.0035089304036642283 0.999993198003828 -0.0011363773576338904
vn 0.0035089304036642283 0.999993198003828 -0.0011363773576338904
vn 0.0035089304036642283 0.999993198003828 -0.0011363773576338904
vn 0.0035089304036642283 0.999993198003828 -0.0011363773576338904
vn 0.0035089304036642283 0.999993198003828 -0.0011363773576338904
vn 0.0035089304036642283 0.999993198003828 -0.0011363773576338904
vn 0.0035089304036642283 0.999993198003828 -0.0011363773576338904
vn 0.0035089304036642283 0.999993198003828 -0.0011363773576338904
vn 0.0035089304036642283 0.999993198003828 -0.0011363773576338904
vn 0.0035089304036642283 0.999993198003828 -0.0011363773576338904
vn 0.0035089304036642283 0.999993198003828 -0.0011363773576338904
vn 0.0035089304036642283 0.999993198003828 -0.0011363773576338904
vn 0.0035089304036642283 0.999993198003828 -0.0011363773576338904
vn 0.0035089304036642283 0.999993198003828 -0.0011363773576338904
vn 0.0035089304036642283 0.999993198003828 -0.0011363773576338904
vn 0.0035089304036642283 0.999993198003828 -0.0011363773576338904
vn 0.0035089304036642283 0.999993198003828 -0.0011363773576338904
vn -1.6830143105630198e-7 0.9999999999999726 -1.6292067894773995e-7
vn -1.6830143105630198e-7 0.9999999999999726 -1.6292067894773995e-7
vn -1.6830143105630198e-7 0.9999999999999726 -1.6292067894773995e-7
vn -1.6830143105630198e-7 0.9999999999999726 -1.6292067894773995e-7
vn -1.6830143105630198e-7 0.9999999999999726 -1.6292067894773995e-7
vn -1.6830143105630198e-7 0.9999999999999726 -1.6292067894773995e-7
vn -1.6830143105630198e-7 0.9999999999999726 -1.6292067894773995e-7
vn -1.6830143105630198e-7 0.9999999999999726 -1.6292067894773995e-7
vn -1.6830143105630198e-7 0.9999999999999726 -1.6292067894773995e-7
vn -1.6830143105630198e-7 0.9999999999999726 -1.6292067894773995e-7
vn -1.6830143105630198e-7 0.9999999999999726 -1.6292067894773995e-7
vn -1.6830143105630198e-7 0.9999999999999726 -1.6292067894773995e-7
vn -1.6830143105630198e-7 0.9999999999999726 -1.6292067894773995e-7
vn -1.6830143105630198e-7 0.9999999999999726 -1.6292067894773995e-7
vn -1.6830143105630198e-7 0.9999999999999726 -1.6292067894773995e-7
vn -1.6830143105630198e-7 0.9999999999999726 -1.6292067894773995e-7
vn -1.6830143105630198e-7 0.9999999999999726 -1.6292067894773995e-7
vn -1.6830143105630198e-7 0.9999999999999726 -1.6292067894773995e-7
vn -1.6830143105630198e-7 0.9999999999999726 -1.6292067894773995e-7
vn -1.6830143105630198e-7 0.9999999999999726 -1.6292067894773995e-7
vn -1.6830143105630198e-7 0.9999999999999726 -1.6292067894773995e-7
vn -1.6830143105630198e-7 0.9999999999999726 -1.6292067894773995e-7
vn -1.6830143105630198e-7 0.9999999999999726 -1.6292067894773995e-7
vn -1.6830143105630198e-7 0.9999999999999726 -1.6292067894773995e-7
vn -1.6830143105630198e-7 0.9999999999999726 -1.6292067894773995e-7
vn -1.6830143105630198e-7 0.9999999999999726 -1.6292067894773995e-7
vn -1.6830143105630198e-7 0.9999999999999726 -1.6292067894773995e-7
vn -1.6830143105630198e-7 0.9999999999999726 -1.6292067894773995e-7
vn -1.6830143105630198e-7 0.9999999999999726 -1.6292067894773995e-7
vn -1.6830143105630198e-7 0.9999999999999726 -1.6292067894773995e-7
vn -1.6830143105630198e-7 0.9999999999999726 -1.6292067894773995e-7
vn -1.6830143105630198e-7 0.9999999999999726 -1.6292067894773995e-7
f 145/145/145 146/146/146 147/147/147
f 146/146/146 148/148/148 147/147/147
f 148/148/148 149/149/149 147/147/147
f 149/149/149 150/150/150 147/147/147
f 150/150/150 151/151/151 147/147/147
f 152/152/152 153/153/153 154/154/154
f 153/153/153 155/155/155 154/154/154
f 155/155/155 156/156/156 154/154/154
f 156/156/156 157/157/157 154/154/154
f 157/157/157 158/158/158 154/154/154
f 159/159/159 160/160/160 161/161/161
f 160/160/160 162/162/162 161/161/161
f 162/162/162 163/163/163 161/161/161
f 163/163/163 164/164/164 161/161/161
f 164/164/164 165/165/165 161/161/161
f 166/166/166 167/167/167 168/168/168
f 167/167/167 169/169/169 168/168/168
f 169/169/169 170/170/170 168/168/168
f 170/170/170 171/171/171 168/168/168
f 171/171/171 172/172/172 168/168/168
f 173/173/173 174/174/174 175/175/175
f 173/173/173 175/175/175 176/176/176
f 177/177/177 178/178/178 179/179/179
f 177/177/177 179/179/179 180/180/180
f 181/181/181 182/182/182 183/183/183
f 181/181/181 183/183/183 184/184/184
f 185/185/185 186/186/186 187/187/187
f 185/185/185 187/187/187 188/188/188
f 189/189/189 190/190/190 186/186/186
f 189/189/189 186/186/186 185/185/185
f 191/191/191 192/192/192 190/190/190
f 191/191/191 190/190/190 189/189/189
f 193/193/193 194/194/194 192/192/192
f 193/193/193 192/192/192 191/191/191
f 195/195/195 196/196/196 197/197/197
f 195/195/195 197/197/197 198/198/198
f 199/199/199 195/195/195 198/198/198
f 199/199/199 198/198/198 200/200/200
f 201/201/201 199/199/199 200/200/200
f 201/201/201 200/200/200 202/202/202
f 203/203/203 201/201/201 202/202/202
f 203/203/203 202/202/202 204/204/204
f 205/205/205 203/203/203 204/204/204
f 205/205/205 204/204/204 206/206/206
f 207/207/207 205/205/205 206/206/206
f 207/207/207 206/206/206 208/208/208
f 209/209/209 207/207/207 208/208/208
f 209/209/209 208/208/208 210/210/210
f 211/211/211 209/209/209 210/210/210
f 211/211/211 210/210/210 212/212/212
f 213/213/213 214/214/214 215/215/215
f 213/213/213 215/215/215 216/216/216
f 217/217/217 213/213/213 216/216/216
f 217/217/217 216/216/216 218/218/218
f 219/219/219 220/220/220 217/217/217
f 219/219/219 217/217/217 218/218/218
f 219/219/219 221/221/221 222/222/222
f 219/219/219 222/222/222 220/220/220
f 222/222/222 221/221/221 223/223/223
f 222/222/222 223/223/223 224/224/224
f 224/224/224 223/223/223 225/225/225
f 224/224/224 225/225/225 226/226/226
f 226/226/226 225/225/225 227/227/227
f 226/226/226 227/227/227 228/228/228
f 228/228/228 227/227/227 229/229/229
f 228/228/228 229/229/229 230/230/230
f 231/231/231 232/232/232 233/233/233
f 231/231/231 233/233/233 234/234/234
f 235/235/235 236/236/236 232/232/232
f 235/235/235 232/232/232 231/231/231
f 237/237/237 238/238/238 236/236/236
f 237/237/237 236/236/236 235/235/235
f 239/239/239 240/240/240 238/238/238
f 239/239/239 238/238/238 237/237/237
f 241/241/241 242/242/242 240/240/240
f 241/241/241 240/240/240 239/239/239
f 243/243/243 244/244/244 242/242/242
f 243/243/243 242/242/242 241/241/241
f 245/245/245 246/246/246 244/244/244
f 245/245/245 244/244/244 243/243/243
f 247/247/247 248/248/248 246/246/246
f 247/247/247 246/246/246 245/245/245
f 249/249/249 250/250/250 251/251/251
f 249/249/249 251/251/251 252/252/252
f 253/253/253 254/254/254 250/250/250
f 253/253/253 250/250/250 249/249/249
f 255/255/255 256/256/256 254/254/254
f 255/255/255 254/254/254 253/253/253
f 188/188/188 187/187/187 256/256/256
f 188/188/188 256/256/256 255/255/255
f 182/182/182 181/181/181 257/257/257
f 182/182/182 257/257/257 258/258/258
f 258/258/258 257/257/257 259/259/259
f 258/258/258 259/259/259 260/260/260
f 260/260/260 259/259/259 261/261/261
f 260/260/260 261/261/261 262/262/262
f 263/263/263 264/264/264 265/265/265
f 263/263/263 265/265/265 266/266/266
f 266/266/266 265/265/265 267/267/267
f 266/266/266 267/267/267 268/268/268
f 269/269/269 270/270/270 271/271/271
f 269/269/269 271/271/271 272/272/272
f 272/272/272 271/271/271 273/273/273
f 272/272/272 273/273/273 274/274/274
f 275/275/275 276/276/276 277/277/277
f 275/275/275 277/277/277 278/278/278
f 278/278/278 277/277/277 279/279/279
f 278/278/278 279/279/279 280/280/280
f 280/280/280 279/279/279 176/176/176
f 280/280/280 176/176/176 175/175/175
f 178/178/178 177/177/177 281/281/281
f 178/178/178 281/281/281 282/282/282
f 282/282/282 281/281/281 283/283/283
f 282/282/282 283/283/283 284/284/284
f 284/284/284 283/283/283 285/285/285
f 284/284/284 285/285/285 286/286/286
f 287/287/287 288/288/288 289/289/289
f 287/287/287 289/289/289 290/290/290
f 290/290/290 289/289/289 184/184/184
f 290/290/290 184/184/184 183/183/183
f 174/174/174 173/173/173 291/291/291
f 174/174/174 291/291/291 292/292/292
f 292/292/292 291/291/291 293/293/293
f 292/292/292 293/293/293 294/294/294
f 295/295/295 296/296/296 297/297/297
f 295/295/295 297/297/297 298/298/298
f 298/298/298 297/297/297 299/299/299
f 298/298/298 299/299/299 300/300/300
f 300/300/300 299/299/299 180/180/180
f 300/300/300 180/180/180 179/179/179
f 270/270/270 269/269/269 268/268/268
f 270/270/270 268/268/268 267/267/267
f 301/301/301 302/302/302 303/303/303
f 301/301/301 303/303/303 304/304/304
f 304/304/304 303/303/303 305/305/305
f 304/304/304 305/305/305 306/306/306
f 306/306/306 305/305/305 307/307/307
f 306/306/306 307/307/307 308/308/308
f 308/308/308 307/307/307 309/309/309
f 308/308/308 309/309/309 310/310/310
f 311/311/311 312/312/312 313/313/313
f 311/311/311 313/313/313 314/314/314
f 314/314/314 313/313/313 315/315/315
f 314/314/314 315/315/315 316/316/316
f 316/316/316 315/315/315 317/317/317
f 316/316/316 317/317/317 318/318/318
f 318/318/318 317/317/317 319/319/319
f 318/318/318 319/319/319 320/320/320
f 320/320/320 319/319/319 321/321/321
f 320/320/320 321/321/321 322/322/322
f 322/322/322 321/321/321 323/323/323
f 322/322/322 323/323/323 324/324/324
f 324/324/324 323/323/323 325/325/325
f 324/324/324 325/325/325 326/326/326
f 326/326/326 325/325/325 327/327/327
f 326/326/326 327/327/327 328/328/328
f 329/329/329 330/330/330 331/331/331
f 329/329/329 331/331/331 332/332/332
f 332/332/332 331/331/331 333/333/333
f 332/332/332 333/333/333 334/334/334
f 334/334/334 333/333/333 335/335/335
f 334/334/334 335/335/335 336/336/336
f 336/336/336 335/335/335 337/337/337
f 336/336/336 337/337/337 338/338/338
f 338/338/338 337/337/337 339/339/339
f 338/338/338 339/339/339 340/340/340
f 340/340/340 339/339/339 341/341/341
f 340/340/340 341/341/341 342/342/342
f 342/342/342 341/341/341 343/343/343
f 342/342/342 343/343/343 344/344/344
f 344/344/344 343/343/343 345/345/345
f 344/344/344 345/345/345 346/346/346
f 347/347/347 348/348/348 349/349/349
f 347/347/347 349/349/349 350/350/350
f 350/350/350 349/349/349 351/351/351
f 350/350/350 351/351/351 352/352/352
f 352/352/352 351/351/351 353/353/353
f 352/352/352 353/353/353 354/354/354
f 354/354/354 353/353/353 355/355/355
f 354/354/354 355/355/355 356/356/356
f 356/356/356 355/355/355 357/357/357
f 356/356/356 357/357/357 358/358/358
f 358/358/358 357/357/357 359/359/359
f 358/358/358 359/359/359 360/360/360
f 360/360/360 359/359/359 361/361/361
f 360/360/360 361/361/361 362/362/362
f 362/362/362 361/361/361 363/363/363
f 362/362/362 363/363/363 364/364/364
f 365/365/365 366/366/366 367/367/367
f 365/365/365 367/367/367 368/368/368
f 368/368/368 367/367/367 369/369/369
f 368/368/368 369/369/369 370/370/370
f 370/370/370 369/369/369 371/371/371
f 370/370/370 371/371/371 372/372/372
f 372/372/372 371/371/371 302/302/302
f 372/372/372 302/302/302 301/301/301
f 373/373/373 374/374/374 375/375/375
f 373/373/373 375/375/375 376/376/376
f 377/377/377 378/378/378 379/379/379
f 377/377/377 379/379/379 380/380/380
f 381/381/381 382/382/382 374/374/374
f 381/381/381 374/374/374 373/373/373
f 383/383/383 384/384/384 378/378/378
f 383/383/383 378/378/378 377/377/377
f 385/385/385 386/386/386 382/382/382
f 385/385/385 382/382/382 381/381/381
f 387/387/387 388/388/388 384/384/384
f 387/387/387 384/384/384 383/383/383
f 389/389/389 390/390/390 386/386/386
f 389/389/389 386/386/386 385/385/385
f 391/391/391 392/392/392 388/388/388
f 391/391/391 388/388/388 387/387/387
f 393/393/393 394/394/394 395/395/395
f 393/393/393 395/395/395 396/396/396
f 397/397/397 398/398/398 399/399/399
f 397/397/397 399/399/399 400/400/400
f 401/401/401 402/402/402 394/394/394
f 401/401/401 394/394/394 393/393/393
f 403/403/403 404/404/404 398/398/398
f 403/403/403 398/398/398 397/397/397
f 405/405/405 406/406/406 402/402/402
f 405/405/405 402/402/402 401/401/401
f 407/407/407 408/408/408 404/404/404
f 407/407/407 404/404/404 403/403/403
f 409/409/409 410/410/410 406/406/406
f 409/409/409 406/406/406 405/405/405
f 411/411/411 412/412/412 408/408/408
f 411/411/411 408/408/408 407/407/407
f 413/413/413 414/414/414 410/410/410
f 413/413/413 410/410/410 409/409/409
f 415/415/415 416/416/416 412/412/412
f 415/415/415 412/412/412 411/411/411
f 417/417/417 418/418/418 414/414/414
f 417/417/417 414/414/414 413/413/413
f 419/419/419 420/420/420 416/416/416
f 419/419/419 416/416/416 415/415/415
f 421/421/421 422/422/422 418/418/418
f 421/421/421 418/418/418 417/417/417
f 423/423/423 424/424/424 420/420/420
f 423/423/423 420/420/420 419/419/419
f 425/425/425 426/426/426 422/422/422
f 425/425/425 422/422/422 421/421/421
f 427/427/427 428/428/428 424/424/424
f 427/427/427 424/424/424 423/423/423
f 429/429/429 430/430/430 431/431/431
f 429/429/429 431/431/431 432/432/432
f 433/433/433 434/434/434 435/435/435
f 433/433/433 435/435/435 436/436/436
f 437/437/437 438/438/438 430/430/430
f 437/437/437 430/430/430 429/429/429
f 439/439/439 440/440/440 434/434/434
f 439/439/439 434/434/434 433/433/433
f 441/441/441 442/442/442 438/438/438
f 441/441/441 438/438/438 437/437/437
f 443/443/443 444/444/444 440/440/440
f 443/443/443 440/440/440 439/439/439
f 445/445/445 446/446/446 442/442/442
f 445/445/445 442/442/442 441/441/441
f 447/447/447 448/448/448 444/444/444
f 447/447/447 444/444/444 443/443/443
f 449/449/449 450/450/450 446/446/446
f 449/449/449 446/446/446 445/445/445
f 451/451/451 452/452/452 448/448/448
f 451/451/451 448/448/448 447/447/447
f 453/453/453 454/454/454 450/450/450
f 453/453/453 450/450/450 449/449/449
f 455/455/455 456/456/456 452/452/452
f 455/455/455 452/452/452 451/451/451
f 457/457/457 458/458/458 454/454/454
f 457/457/457 454/454/454 453/453/453
f 459/459/459 460/460/460 456/456/456
f 459/459/459 456/456/456 455/455/455
f 461/461/461 462/462/462 458/458/458
f 461/461/461 458/458/458 457/457/457
f 463/463/463 464/464/464 460/460/460
f 463/463/463 460/460/460 459/459/459
f 465/465/465 466/466/466 467/467/467
f 465/465/465 467/467/467 468/468/468
f 469/469/469 470/470/470 471/471/471
f 469/469/469 471/471/471 472/472/472
f 473/473/473 474/474/474 466/466/466
f 473/473/473 466/466/466 465/465/465
f 475/475/475 476/476/476 470/470/470
f 475/475/475 470/470/470 469/469/469
f 477/477/477 478/478/478 474/474/474
f 477/477/477 474/474/474 473/473/473
f 479/479/479 480/480/480 476/476/476
f 479/479/479 476/476/476 475/475/475
f 481/481/481 482/482/482 478/478/478
f 481/481/481 478/478/478 477/477/477
f 483/483/483 484/484/484 480/480/480
f 483/483/483 480/480/480 479/479/479
f 485/485/485 486/486/486 482/482/482
f 485/485/485 482/482/482 481/481/481
f 487/487/487 488/488/488 484/484/484
f 487/487/487 484/484/484 483/483/483
f 489/489/489 490/490/490 486/486/486
f 489/489/489 486/486/486 485/485/485
f 491/491/491 492/492/492 488/488/488
f 491/491/491 488/488/488 487/487/487
f 493/493/493 494/494/494 490/490/490
f 493/493/493 490/490/490 489/489/489
f 495/495/495 496/496/496 492/492/492
f 495/495/495 492/492/492 491/491/491
f 497/497/497 498/498/498 494/494/494
f 497/497/497 494/494/494 493/493/493
f 499/499/499 500/500/500 496/496/496
f 499/499/499 496/496/496 495/495/495
f 501/501/501 502/502/502 503/503/503
f 501/501/501 503/503/503 504/504/504
f 505/505/505 506/506/506 507/507/507
f 505/505/505 507/507/507 508/508/508
f 509/509/509 510/510/510 502/502/502
f 509/509/509 502/502/502 501/501/501
f 511/511/511 512/512/512 506/506/506
f 511/511/511 506/506/506 505/505/505
f 513/513/513 514/514/514 510/510/510
f 513/513/513 510/510/510 509/509/509
f 515/515/515 516/516/516 512/512/512
f 515/515/515 512/512/512 511/511/511
f 376/376/376 375/375/375 514/514/514
f 376/376/376 514/514/514 513/513/513
f 380/380/380 379/379/379 516/516/516
f 380/380/380 516/516/516 515/515/515
f 161/161/161 525/525/525 517/517/517
f 525/525/525 161/161/161 524/524/524
f 524/524/524 161/161/161 523/523/523
f 523/523/523 161/161/161 522/522/522
f 519/519/519 147/147/147 518/518/518
f 147/147/147 519/519/519 520/520/520
f 147/147/147 520/520/520 521/521/521
f 147/147/147 521/521/521 522/522/522
f 147/147/147 522/522/522 161/161/161
f 147/147/147 161/161/161 165/165/165
f 147/147/147 165/165/165 145/145/145
f 534/534/534 532/532/532 533/533/533
f 532/532/532 534/534/534 531/531/531
f 531/531/531 534/534/534 535/535/535
f 531/531/531 535/535/535 530/530/530
f 530/530/530 535/535/535 536/536/536
f 530/530/530 536/536/536 529/529/529
f 529/529/529 536/536/536 537/537/537
f 529/529/529 537/537/537 528/528/528
f 528/528/528 537/537/537 538/538/538
f 528/528/528 538/538/538 527/527/527
f 527/527/527 538/538/538 551/551/551
f 551/551/551 538/538/538 550/550/550
f 550/550/550 538/538/538 549/549/549
f 549/549/549 538/538/538 548/548/548
f 548/548/548 538/538/538 547/547/547
f 547/547/547 538/538/538 546/546/546
f 546/546/546 538/538/538 545/545/545
f 545/545/545 538/538/538 544/544/544
f 544/544/544 538/538/538 152/152/152
f 544/544/544 152/152/152 543/543/543
f 543/543/543 152/152/152 542/542/542
f 542/542/542 152/152/152 541/541/541
f 541/541/541 152/152/152 540/540/540
f 540/540/540 152/152/152 539/539/539
f 539/539/539 152/152/152 154/154/154
f 527/527/527 558/558/558 172/172/172
f 558/558/558 527/527/527 557/557/557
f 557/557/557 527/527/527 556/556/556
f 556/556/556 527/527/527 555/555/555
f 555/555/555 527/527/527 554/554/554
f 554/554/554 527/527/527 553/553/553
f 553/553/553 527/527/527 552/552/552
f 552/552/552 527/527/527 551/551/551
f 172/172/172 558/558/558 559/559/559
f 172/172/172 559/559/559 560/560/560
f 172/172/172 560/560/560 561/561/561
f 172/172/172 561/561/561 562/562/562
f 172/172/172 562/562/562 526/526/526
f 172/172/172 526/526/526 168/168/168
f 154/154/154 569/569/569 539/539/539
f 569/569/569 154/154/154 568/568/568
f 568/568/568 154/154/154 567/567/567
f 567/567/567 154/154/154 566/566/566
f 563/563/563 168/168/168 526/526/526
f 168/168/168 563/563/563 564/564/564
f 168/168/168 564/564/564 565/565/565
f 168/168/168 565/565/565 566/566/566
f 168/168/168 566/566/566 154/154/154
f 168/168/168 154/154/154 158/158/158
f 168/168/168 158/158/158 166/166/166
f 577/577/577 575/575/575 576/576/576
f 575/575/575 577/577/577 574/574/574
f 574/574/574 577/577/577 578/578/578
f 574/574/574 578/578/578 573/573/573
f 573/573/573 578/578/578 579/579/579
f 573/573/573 579/579/579 572/572/572
f 572/572/572 579/579/579 580/580/580
f 572/572/572 580/580/580 571/571/571
f 571/571/571 580/580/580 581/581/581
f 571/571/571 581/581/581 570/570/570
f 570/570/570 581/581/581 593/593/593
f 593/593/593 581/581/581 592/592/592
f 592/592/592 581/581/581 591/591/591
f 591/591/591 581/581/581 590/590/590
f 590/590/590 581/581/581 589/589/589
f 589/589/589 581/581/581 588/588/588
f 588/588/588 581/581/581 587/587/587
f 587/587/587 581/581/581 586/586/586
f 586/586/586 581/581/581 159/159/159
f 586/586/586 159/159/159 585/585/585
f 585/585/585 159/159/159 584/584/584
f 584/584/584 159/159/159 583/583/583
f 583/583/583 159/159/159 582/582/582
f 582/582/582 159/159/159 517/517/517
f 517/517/517 159/159/159 161/161/161
f 570/570/570 600/600/600 151/151/151
f 600/600/600 570/570/570 599/599/599
f 599/599/599 570/570/570 598/598/598
f 598/598/598 570/570/570 597/597/597
f 597/597/597 570/570/570 596/596/596
f 596/596/596 570/570/570 595/595/595
f 595/595/595 570/570/570 594/594/594
f 594/594/594 570/570/570 593/593/593
f 151/151/151 600/600/600 601/601/601
f 151/151/151 601/601/601 602/602/602
f 151/151/151 602/602/602 603/603/603
f 151/151/151 603/603/603 604/604/604
f 151/151/151 604/604/604 518/518/518
f 151/151/151 518/518/518 147/147/147
f 615/615/615 613/613/613 614/614/614
f 613/613/613 615/615/615 616/616/616
f 613/613/613 616/616/616 612/612/612
f 612/612/612 616/616/616 617/617/617
f 612/612/612 617/617/617 611/611/611
f 611/611/611 617/617/617 618/618/618
f 611/611/611 618/618/618 610/610/610
f 610/610/610 618/618/618 619/619/619
f 610/610/610 619/619/619 609/609/609
f 609/609/609 619/619/619 620/620/620
f 609/609/609 620/620/620 608/608/608
f 608/608/608 620/620/620 621/621/621
f 608/608/608 621/621/621 607/607/607
f 607/607/607 621/621/621 622/622/622
f 607/607/607 622/622/622 606/606/606
f 606/606/606 622/622/622 623/623/623
f 606/606/606 623/623/623 605/605/605
f 605/605/605 623/623/623 624/624/624
f 605/605/605 624/624/624 636/636/636
f 636/636/636 624/624/624 625/625/625
f 636/636/636 625/625/625 635/635/635
f 635/635/635 625/625/625 626/626/626
f 635/635/635 626/626/626 634/634/634
f 634/634/634 626/626/626 627/627/627
f 634/634/634 627/627/627 633/633/633
f 633/633/633 627/627/627 628/628/628
f 633/633/633 628/628/628 632/632/632
f 632/632/632 628/628/628 629/629/629
f 632/632/632 629/629/629 631/631/631
f 631/631/631 629/629/629 630/630/630
