o defaultMaterial
usemtl initialShadingGroup
v 0.34029701352119446 -0.9009029809664872 -0.12719803516162065
v 0.32568201422691345 -0.8853880114053273 -0.12114504124546747
v 0.3525159955024719 -0.8853880173020771 0.01375686139290816
v 0.3683350086212158 -0.9009029871278217 0.013756860714727254
v 0.32568201422691345 -0.8853880114053273 -0.12114504124546747
v 0.34029701352119446 -0.9009029809664872 -0.12719803516162065
v 0.260452002286911 -0.9009029757431072 -0.2466950363327326
v 0.24926599860191345 -0.8853880064063183 -0.23550903196955414
v 0.14095599949359894 -0.9009029722529713 -0.3265400326658548
v 0.1349020004272461 -0.8853880030660687 -0.3119250326933929
v 2.721579903663951e-7 -0.9009029710273916 -0.3545780277658761
v 2.721579903663951e-7 -0.8853880018931167 -0.33875904377127375
v -0.14095500111579895 -0.9009029722529713 -0.3265400326658548
v -0.1349010020494461 -0.8853880030660687 -0.3119250326933929
v -0.260452002286911 -0.9009029757431072 -0.2466950363327326
v -0.24926599860191345 -0.8853880064063183 -0.23550903196955414
v -0.34029701352119446 -0.9009029809664436 -0.12719903353942064
v -0.32568201422691345 -0.8853880114053273 -0.12114504124546747
v -0.3683350086212158 -0.9009029871278217 0.013756860714727254
v -0.3525159955024719 -0.8853880173020771 0.01375686139290816
v -0.34029701352119446 -0.9009029932891655 0.154711967069977
v -0.32568201422691345 -0.8853880231988357 0.14865896705960505
v -0.260452002286911 -0.9009029985125449 0.2742089533399278
v -0.24926599860191345 -0.8853880281978445 0.2630229503331111
v -0.14095599949359894 -0.9009030020026814 0.3540539645742111
v -0.1349020004272461 -0.8853880315380948 0.33943896595811107
v 0 -0.9009030032282611 0.3820919596742325
v 0 -0.8853880327110454 0.3662729472336695
v 0.14095599949359894 -0.9009030020026814 0.3540539645742111
v 0.1349020004272461 -0.8853880315380948 0.33943896595811107
v 0.260452002286911 -0.9009029985125449 0.2742089533399278
v 0.24926599860191345 -0.8853880281978445 0.2630229503331111
v 0.34029701352119446 -0.9009029932891655 0.154711967069977
v 0.32568201422691345 -0.8853880231988357 0.14865896705960505
v 0.3683350086212158 -0.9009029871278217 0.013756860714727254
v 0.3525159955024719 -0.8853880173020771 0.01375686139290816
v 0.34029701352119446 -0.9282579962443498 -0.1271980363573464
v 0.260452002286911 -0.9282579910209697 -0.24669503752845834
v 0.260452002286911 -0.9009029757431072 -0.2466950363327326
v 0.34029701352119446 -0.9009029809664872 -0.12719803516162065
v 0.14095599949359894 -0.9282579875308339 -0.32654003386158054
v 0.14095599949359894 -0.9009029722529713 -0.3265400326658548
v 2.721579903663951e-7 -0.9282579863052541 -0.35457802896160184
v 2.721579903663951e-7 -0.9009029710273916 -0.3545780277658761
v -0.14095500111579895 -0.9282579875308339 -0.32654003386158054
v -0.14095500111579895 -0.9009029722529713 -0.3265400326658548
v -0.260452002286911 -0.9282579910209697 -0.24669503752845834
v -0.260452002286911 -0.9009029757431072 -0.2466950363327326
v -0.34029701352119446 -0.9282579962443062 -0.12719903473514638
v -0.34029701352119446 -0.9009029809664436 -0.12719903353942064
v -0.3683350086212158 -0.9282580024056842 0.0137568595190015
v -0.3683350086212158 -0.9009029871278217 0.013756860714727254
v -0.34029701352119446 -0.928258008567028 0.15471196587425126
v -0.34029701352119446 -0.9009029932891655 0.154711967069977
v -0.260452002286911 -0.9282580137904074 0.27420895214420204
v -0.260452002286911 -0.9009029985125449 0.2742089533399278
v -0.14095599949359894 -0.9282580172805439 0.3540539633784854
v -0.14095599949359894 -0.9009030020026814 0.3540539645742111
v 0 -0.9282580185061237 0.38209195847850674
v 0 -0.9009030032282611 0.3820919596742325
v 0 -0.9282580185061237 0.38209195847850674
v 0.14095599949359894 -0.9282580172805439 0.3540539633784854
v 0.14095599949359894 -0.9009030020026814 0.3540539645742111
v 0 -0.9009030032282611 0.3820919596742325
v 0.260452002286911 -0.9282580137904074 0.27420895214420204
v 0.260452002286911 -0.9009029985125449 0.2742089533399278
v 0.34029701352119446 -0.928258008567028 0.15471196587425126
v 0.34029701352119446 -0.9009029932891655 0.154711967069977
v 0.3683350086212158 -0.9282580024056842 0.0137568595190015
v 0.3683350086212158 -0.9009029871278217 0.013756860714727254
v 0.033463701605796814 0.9793019890830414 -0.00010337719649100436
v 0.025612199679017067 0.9793019895967019 -0.01185455735466233
v 0 0.9793019884771876 0.013756942901101177
v 0.01386130042374134 0.9793019899399062 -0.019706158001634982
v 0 0.9793009767814617 -0.022463256527441827
v -0.01386130042374134 0.9793019899399193 -0.019706457887504008
v -0.02561189979314804 0.9793019895967281 -0.011855157126400383
v -0.033463701605796814 0.9793019890830891 -0.00010446519226092605
v -0.036220598965883255 0.9793009751982265 0.013756942901056885
v -0.03346389904618263 0.9793019878712779 0.027618542279388956
v -0.02561270073056221 0.9793019873576514 0.03936894420840983
v -0.013861499726772308 0.9793019870144558 0.04722034368970636
v 0 0.9793019868939348 0.049977542798306976
v 0.01386099960654974 0.979301987014434 0.04722084287860635
v 0.025612199679017067 0.9793019873576514 0.03936894420840983
v 0.033463701605796814 0.9793019878713172 0.027617642621781877
v 0.036220598965883255 0.9793019884771745 0.013757242786970204
v 0.32568201422691345 -0.8853880114053273 -0.12114504124546747
v 0.24926599860191345 -0.8853880064063183 -0.23550903196955414
v 0.22913600504398346 -0.885388007286272 -0.2153780400338242
v 0.29938000440597534 -0.8853880118815629 -0.11025004233742458
v 0.1349020004272461 -0.8853880030660687 -0.3119250326933929
v 0.12400700151920319 -0.8853880042157648 -0.28562305267477717
v 2.721579903663951e-7 -0.8853880018931167 -0.33875904377127375
v 2.721579903663951e-7 -0.8853880031375804 -0.31028903420592036
v -0.1349010020494461 -0.8853880030660687 -0.3119250326933929
v -0.12400700151920319 -0.8853880042157648 -0.28562305267477717
v -0.24926599860191345 -0.8853880064063183 -0.23550903196955414
v -0.22913500666618347 -0.885388007286272 -0.2153780400338242
v -0.32568201422691345 -0.8853880114053273 -0.12114504124546747
v -0.29938000440597534 -0.8853880118815629 -0.11025004233742458
v -0.3525159955024719 -0.8853880173020771 0.01375686139290816
v -0.32404598593711853 -0.8853880173020771 0.01375686139290816
v -0.32568201422691345 -0.8853880231988357 0.14865896705960505
v -0.29938000440597534 -0.8853880227226002 0.13776396815156217
v -0.24926599860191345 -0.8853880281978445 0.2630229503331111
v -0.22913500666618347 -0.8853880273178908 0.24289195839738115
v -0.1349020004272461 -0.8853880315380948 0.33943896595811107
v -0.12400700151920319 -0.8853880303883973 0.31313695613717296
v 0 -0.8853880327110454 0.3662729472336695
v 0 -0.885388031466583 0.33780296747063854
v 0.1349020004272461 -0.8853880315380948 0.33943896595811107
v 0.12400700151920319 -0.8853880303883543 0.31313597266053417
v 0.24926599860191345 -0.8853880281978445 0.2630229503331111
v 0.22913500666618347 -0.8853880273178908 0.24289195839738115
v 0.32568201422691345 -0.8853880231988357 0.14865896705960505
v 0.29938000440597534 -0.8853880227226002 0.13776396815156217
v 0.3525159955024719 -0.8853880173020771 0.01375686139290816
v 0.32404598593711853 -0.8853880173020771 0.01375686139290816
v 0.16414499282836914 -0.30232998071385236 -0.15038801561089388
v 0.08883470296859741 -0.3023299785142516 -0.20070901344509948
v 0.05735370144248009 0.282086020198692 -0.12470598775927333
v 0.10597500205039978 0.28208601877859624 -0.0922179843861273
v 0 -0.3023299777418711 -0.2183790190050207
v 0 0.2820860206973516 -0.13611398894373683
v -0.08883439749479294 -0.3023299785142516 -0.20070901344509948
v -0.05735279992222786 0.282086020198692 -0.12470598775927333
v -0.16414499282836914 -0.30232998071385236 -0.15038801561089388
v -0.10597500205039978 0.28208601877859624 -0.0922179843861273
v -0.21446600556373596 -0.3023299840057793 -0.07507750968428491
v -0.13846300542354584 0.2820860166532655 -0.043596087731759894
v -0.23213599622249603 -0.3023299878888543 0.013756886879185371
v -0.14987100660800934 0.28208601414628615 0.013756912424821455
v -0.21446600556373596 -0.30232999177196 0.10259198565987691
v -0.13846300542354584 0.28208601163929803 0.07111011188443377
v -0.16414499282836914 -0.3023299950638648 0.1779019849470053
v -0.10597500205039978 0.2820860095139672 0.11973201226409147
v -0.08883470296859741 -0.3023299972634656 0.2282229827812109
v -0.057353101670742035 0.2820860080938717 0.1522200081866569
v 0 -0.3023299980358461 0.24589298834113213
v 0 0.2820860075952121 0.1636280093711204
v 0 -0.3023299980358461 0.24589298834113213
v 0.08883470296859741 -0.3023299972634656 0.2282229827812109
v 0.05735279992222786 0.2820860080938717 0.1522200081866569
v 0 0.2820860075952121 0.1636280093711204
v 0.16414499282836914 -0.3023299950638648 0.1779019849470053
v 0.10597500205039978 0.2820860095139672 0.11973201226409147
v 0.21446600556373596 -0.30232999177196 0.10259198565987691
v 0.13846300542354584 0.282086011639285 0.07111040990765764
v 0.23213599622249603 -0.30232998788886745 0.013757186765054398
v 0.14987100660800934 0.282086014146273 0.013757212310690482
v 0.21446600556373596 -0.3023299840057793 -0.07507750968428491
v 0.13846300542354584 0.2820860166532655 -0.043596087731759894
v 0.17143699526786804 -0.3057059874752306 -0.15767901982016275
v 0.1675560027360916 -0.30165099425383785 -0.15379801220997574
v 0.21892200410366058 -0.3016509976141465 -0.07692311532601127
v 0.22399300336837769 -0.305705990913372 -0.07902351612992006
v 0.092781201004982 -0.30570598517793507 -0.21023501301951114
v 0.09068039804697037 -0.30165099200851486 -0.20516501195534464
v 0 -0.3057059843711977 -0.2286910101289243
v 0 -0.3016509912200922 -0.22320201821430918
v -0.092780701816082 -0.30570598517793507 -0.21023501301951114
v -0.09068019688129425 -0.30165099200851486 -0.20516501195534464
v -0.17143599689006805 -0.3057059874752306 -0.15767901982016275
v -0.1675560027360916 -0.30165099425383785 -0.15379801220997574
v -0.22399300336837769 -0.305705990913359 -0.07902381415314394
v -0.21892200410366058 -0.30165099761413344 -0.07692341334923515
v -0.24244800209999084 -0.3057059949689324 0.013756886731615408
v -0.23695899546146393 -0.30165100157789543 0.013756886908864807
v -0.22399300336837769 -0.3057059990245232 0.10653798435979153
v -0.21892200410366058 -0.30165100554164875 0.10443698786393378
v -0.17143699526786804 -0.30570600246264285 0.18519298886113425
v -0.1675560027360916 -0.3016510089019616 0.181311981605446
v -0.09278090298175812 -0.30570600475998205 0.23774998043828263
v -0.09068019688129425 -0.3016510111472846 0.23267898135081494
v 0 -0.3057060055666757 0.25620497916989576
v 0 -0.30165101193575156 0.25071700088874066
v 0.092780701816082 -0.30570600475998205 0.23774998043828263
v 0.09068039804697037 -0.3016510111472846 0.23267898135081494
v 0.17143699526786804 -0.3057060024626865 0.18519398723893424
v 0.1675560027360916 -0.3016510089019616 0.181311981605446
v 0.22399300336837769 -0.3057059990245232 0.10653798435979153
v 0.21892200410366058 -0.3016510055416924 0.10443798624173377
v 0.24244800209999084 -0.30570599496894557 0.013757186617484434
v 0.23695999383926392 -0.3016510015779086 0.013757186794733834
v 0.11232700198888779 0.28815201355736064 -0.0985698872019145
v 0.10940399765968323 0.2827689987506327 -0.09564678625046123
v 0.05920900031924248 0.28276900021667806 -0.12918599204002723
v 0.06079129874706268 0.28815201506256644 -0.133004980604777
v 0.14676199853420258 0.28815201130464174 -0.04703368849647973
v 0.14294299483299255 0.282768996556544 -0.045451889492858576
v 0 0.2827690007315107 -0.14096398905693394
v 0 0.28815201559112497 -0.14509698979152166
v -0.05920900031924248 0.28276900021667806 -0.12918599204002723
v -0.06079050153493881 0.28815201506256644 -0.133004980604777
v -0.10940399765968323 0.2827689987506327 -0.09564678625046123
v -0.11232700198888779 0.28815201355736064 -0.0985698872019145
v -0.14294299483299255 0.282768996556544 -0.045451889492858576
v -0.14676199853420258 0.28815201130464174 -0.04703368849647973
v -0.1547199934720993 0.28276899396844496 0.013756912454675453
v -0.15885399281978607 0.28815200864740004 0.01375691268997451
v -0.14294299483299255 0.28276899138032396 0.07296621545375462
v -0.14676199853420258 0.2881520059901366 0.07454801120268359
v -0.10940399765968323 0.2827689891862395 0.12316101535380951
v -0.11232700198888779 0.2881520037374263 0.12608401246773254
v -0.05920900031924248 0.28276898772020326 0.15670001252711882
v -0.060791000723838806 0.28815200223222437 0.1605190164636279
v 0 0.28276898720541427 0.16847701116622557
v 0 0.2881520017036665 0.17261101074921137
v 0.05920900031924248 0.28276898772020326 0.15670001252711882
v 0.06079069897532463 0.28815200223222437 0.1605190164636279
v 0.10940399765968323 0.2827689891862395 0.12316101535380951
v 0.11232700198888779 0.2881520037374263 0.12608401246773254
v 0.14294299483299255 0.28276899138032396 0.07296621545375462
v 0.14676199853420258 0.2881520059901366 0.07454801120268359
v 0.1547199934720993 0.2827689939684318 0.01375721234054448
v 0.15885399281978607 0.2881520086473869 0.013757212575843536
v 0.14676199853420258 0.28815201130464174 -0.04703368849647973
v 0.11232700198888779 0.28815201355736064 -0.0985698872019145
v 0.0546254999935627 0.8678609746677485 -0.040868762198056796
v 0.07137169688940048 0.8678609735722186 -0.015805962744321462
v 0.06079129874706268 0.28815201506256644 -0.133004980604777
v 0.029563099145889282 0.867860975399735 -0.05761466107067069
v 0 0.28815201559112497 -0.14509698979152166
v 0 0.8678609756567797 -0.06349515846666295
v -0.06079050153493881 0.28815201506256644 -0.133004980604777
v -0.029563099145889282 0.867860975399735 -0.05761466107067069
v -0.11232700198888779 0.28815201355736064 -0.0985698872019145
v -0.0546254999935627 0.8678609746677353 -0.04086846044954262
v -0.14676199853420258 0.28815201130464174 -0.04703368849647973
v -0.07137169688940048 0.8678609735722186 -0.015805962744321462
v -0.15885399281978607 0.28815200864740004 0.01375691268997451
v -0.07725220173597336 0.86786097227997 0.013757237915728426
v -0.14676199853420258 0.2881520059901366 0.07454801120268359
v -0.07137169688940048 0.867860970987739 0.043320038107071225
v -0.11232700198888779 0.2881520037374263 0.12608401246773254
v -0.0546254999935627 0.8678609698922267 0.06838243522945434
v -0.060791000723838806 0.28815200223222437 0.1605190164636279
v -0.029563099145889282 0.8678609691602224 0.08512874015871076
v 0 0.2881520017036665 0.17261101074921137
v 0 0.8678609689031908 0.09100893953147915
v 0 0.2881520017036665 0.17261101074921137
v 0.06079069897532463 0.28815200223222437 0.1605190164636279
v 0.029563099145889282 0.8678609691602358 0.08512843468490629
v 0 0.8678609689031908 0.09100893953147915
v 0.11232700198888779 0.2881520037374263 0.12608401246773254
v 0.0546254999935627 0.8678609698922267 0.06838243522945434
v 0.14676199853420258 0.2881520059901366 0.07454801120268359
v 0.07137169688940048 0.8678609709877259 0.0433203361302951
v 0.15885399281978607 0.2881520086473869 0.013757212575843536
v 0.07725220173597336 0.86786097227997 0.013757237915728426
v 0.22913600504398346 -0.885388007286272 -0.2153780400338242
v 0.12400700151920319 -0.8853880042157648 -0.28562305267477717
v 0.092781201004982 -0.30570598517793507 -0.21023501301951114
v 0.17143699526786804 -0.3057059874752306 -0.15767901982016275
v 2.721579903663951e-7 -0.8853880031375804 -0.31028903420592036
v 0 -0.3057059843711977 -0.2286910101289243
v -0.12400700151920319 -0.8853880042157648 -0.28562305267477717
v -0.092780701816082 -0.30570598517793507 -0.21023501301951114
v -0.22913500666618347 -0.885388007286272 -0.2153780400338242
v -0.17143599689006805 -0.3057059874752306 -0.15767901982016275
v -0.29938000440597534 -0.8853880118815629 -0.11025004233742458
v -0.22399300336837769 -0.305705990913359 -0.07902381415314394
v -0.32404598593711853 -0.8853880173020771 0.01375686139290816
v -0.24244800209999084 -0.3057059949689324 0.013756886731615408
v -0.29938000440597534 -0.8853880227226002 0.13776396815156217
v -0.22399300336837769 -0.3057059990245232 0.10653798435979153
v -0.22913500666618347 -0.8853880273178908 0.24289195839738115
v -0.17143699526786804 -0.30570600246264285 0.18519298886113425
v -0.12400700151920319 -0.8853880303883973 0.31313695613717296
v -0.09278090298175812 -0.30570600475998205 0.23774998043828263
v 0 -0.885388031466583 0.33780296747063854
v 0 -0.3057060055666757 0.25620497916989576
v 0 -0.885388031466583 0.33780296747063854
v 0.12400700151920319 -0.8853880303883543 0.31313597266053417
v 0.092780701816082 -0.30570600475998205 0.23774998043828263
v 0 -0.3057060055666757 0.25620497916989576
v 0.22913500666618347 -0.8853880273178908 0.24289195839738115
v 0.17143699526786804 -0.3057060024626865 0.18519398723893424
v 0.29938000440597534 -0.8853880227226002 0.13776396815156217
v 0.22399300336837769 -0.3057059990245232 0.10653798435979153
v 0.32404598593711853 -0.8853880173020771 0.01375686139290816
v 0.24244800209999084 -0.30570599496894557 0.013757186617484434
v 0.29938000440597534 -0.8853880118815629 -0.11025004233742458
v 0.22399300336837769 -0.305705990913372 -0.07902351612992006
v 0.1675560027360916 -0.30165099425383785 -0.15379801220997574
v 0.09068039804697037 -0.30165099200851486 -0.20516501195534464
v 0.08883470296859741 -0.3023299785142516 -0.20070901344509948
v 0.16414499282836914 -0.30232998071385236 -0.15038801561089388
v 0.05920900031924248 0.28276900021667806 -0.12918599204002723
v 0.10940399765968323 0.2827689987506327 -0.09564678625046123
v 0.10597500205039978 0.28208601877859624 -0.0922179843861273
v 0.05735370144248009 0.282086020198692 -0.12470598775927333
v 0 -0.3016509912200922 -0.22320201821430918
v 0 -0.3023299777418711 -0.2183790190050207
v 0 0.2827690007315107 -0.14096398905693394
v 0 0.2820860206973516 -0.13611398894373683
v -0.09068019688129425 -0.30165099200851486 -0.20516501195534464
v -0.08883439749479294 -0.3023299785142516 -0.20070901344509948
v -0.05920900031924248 0.28276900021667806 -0.12918599204002723
v -0.05735279992222786 0.282086020198692 -0.12470598775927333
v -0.1675560027360916 -0.30165099425383785 -0.15379801220997574
v -0.16414499282836914 -0.30232998071385236 -0.15038801561089388
v -0.10940399765968323 0.2827689987506327 -0.09564678625046123
v -0.10597500205039978 0.28208601877859624 -0.0922179843861273
v -0.21892200410366058 -0.30165099761413344 -0.07692341334923515
v -0.21446600556373596 -0.3023299840057793 -0.07507750968428491
v -0.14294299483299255 0.282768996556544 -0.045451889492858576
v -0.13846300542354584 0.2820860166532655 -0.043596087731759894
v -0.23695899546146393 -0.30165100157789543 0.013756886908864807
v -0.23213599622249603 -0.3023299878888543 0.013756886879185371
v -0.1547199934720993 0.28276899396844496 0.013756912454675453
v -0.14987100660800934 0.28208601414628615 0.013756912424821455
v -0.21892200410366058 -0.30165100554164875 0.10443698786393378
v -0.21446600556373596 -0.30232999177196 0.10259198565987691
v -0.14294299483299255 0.28276899138032396 0.07296621545375462
v -0.13846300542354584 0.28208601163929803 0.07111011188443377
v -0.1675560027360916 -0.3016510089019616 0.181311981605446
v -0.16414499282836914 -0.3023299950638648 0.1779019849470053
v -0.10940399765968323 0.2827689891862395 0.12316101535380951
v -0.10597500205039978 0.2820860095139672 0.11973201226409147
v -0.09068019688129425 -0.3016510111472846 0.23267898135081494
v -0.08883470296859741 -0.3023299972634656 0.2282229827812109
v -0.05920900031924248 0.28276898772020326 0.15670001252711882
v -0.057353101670742035 0.2820860080938717 0.1522200081866569
v 0 -0.30165101193575156 0.25071700088874066
v 0 -0.3023299980358461 0.24589298834113213
v 0 0.28276898720541427 0.16847701116622557
v 0 0.2820860075952121 0.1636280093711204
v 0.09068039804697037 -0.3016510111472846 0.23267898135081494
v 0.08883470296859741 -0.3023299972634656 0.2282229827812109
v 0.05920900031924248 0.28276898772020326 0.15670001252711882
v 0.05735279992222786 0.2820860080938717 0.1522200081866569
v 0.1675560027360916 -0.3016510089019616 0.181311981605446
v 0.16414499282836914 -0.3023299950638648 0.1779019849470053
v 0.10940399765968323 0.2827689891862395 0.12316101535380951
v 0.10597500205039978 0.2820860095139672 0.11973201226409147
v 0.21892200410366058 -0.3016510055416924 0.10443798624173377
v 0.21446600556373596 -0.30232999177196 0.10259198565987691
v 0.14294299483299255 0.28276899138032396 0.07296621545375462
v 0.13846300542354584 0.282086011639285 0.07111040990765764
v 0.23695999383926392 -0.3016510015779086 0.013757186794733834
v 0.23213599622249603 -0.30232998788886745 0.013757186765054398
v 0.1547199934720993 0.2827689939684318 0.01375721234054448
v 0.14987100660800934 0.282086014146273 0.013757212310690482
v 0.21892200410366058 -0.3016509976141465 -0.07692311532601127
v 0.21446600556373596 -0.3023299840057793 -0.07507750968428491
v 0.14294299483299255 0.282768996556544 -0.045451889492858576
v 0.13846300542354584 0.2820860166532655 -0.043596087731759894
v 0.05245450139045715 0.914362015031517 -0.03869745981381194
v 0.05282140150666237 0.9177219884781928 -0.0390644603659861
v 0.06901449710130692 0.9177219874188559 -0.01482965976647068
v 0.06853500008583069 0.9143630272585199 -0.014631459568256134
v 0.02838820032775402 0.9143620157344095 -0.05477776106879964
v 0.028586899861693382 0.9177219891859982 -0.055257161079858994
v 0.07470040023326874 0.917721986169274 0.013757440329576218
v 0.0741816982626915 0.9143620127386405 0.013757440182707107
v 2.721579903663951e-7 0.9143620159812607 -0.060425059017398496
v 2.721579903663951e-7 0.9177219894345761 -0.06094395828149244
v -0.02838820032775402 0.9143620157344224 -0.05477805909202352
v -0.028586599975824356 0.9177219891859982 -0.055257161079858994
v -0.052454300224781036 0.9143630283104695 -0.03869725864809152
v -0.05282109975814819 0.917721988478184 -0.03906425920030998
v -0.06853500008583069 0.9143620139795456 -0.014631159682431399
v -0.06901449710130692 0.9177219874188471 -0.014829459532117138
v -0.0741816982626915 0.9143620127386624 0.013756940062484539
v -0.07470069825649261 0.9177209728903347 0.013756940209309357
v -0.06853500008583069 0.9143620114977746 0.04214513945891596
v -0.06901449710130692 0.9177209716407616 0.042343839139680144
v -0.05245450139045715 0.9143620104458077 0.06621133807613587
v -0.05282109975814819 0.9177209705814379 0.06657833892200396
v -0.02838820032775402 0.9143620097428979 0.08229203793718551
v -0.028586899861693382 0.9177219831525586 0.08277184057333531
v 0 0.914362009496064 0.08793893727972242
v 0 0.9177219829040244 0.08845763939716876
v 0 0.9177219829040244 0.08845763939716876
v 0 0.914362009496064 0.08793893727972242
v 0.02838820032775402 0.9143620097428979 0.08229203793718551
v 0.028586899861693382 0.9177219831525716 0.08277154255011143
v 0.05245450139045715 0.9143630237247555 0.06621164354998463
v 0.05282140150666237 0.9177219838603861 0.06657863694527212
v 0.06853500008583069 0.9143620114977614 0.042145441207430134
v 0.06901449710130692 0.9177219849197228 0.042343839139724435
v 0.03302739933133125 0.9980239876587589 -0.019270756429057092
v 0.03103489987552166 0.9999989874762965 -0.01727825688691751
v 0.04054899886250496 1.000000000132828 -0.00303872634214519
v 0.04315219819545746 0.9980239869963621 -0.004116886442522988
v 0.017874499782919884 0.9980239881013104 -0.02939515668712135
v 0.01679619960486889 0.9999989878921491 -0.026791856685000805
v 0.04388999938964844 0.9999999993986178 0.013758043697800636
v 0.04670820012688637 0.9980239862150241 0.013758043611426352
v 0 0.9980229749777738 -0.032950856870080376
v 0 0.9999989880381976 -0.030133056515175248
v -0.017873700708150864 0.9980239881013323 -0.029395655876021345
v -0.016795700415968895 0.9999989878921753 -0.026792456456738858
v -0.03302739933133125 0.9980239876587457 -0.019270456543188066
v -0.031035199761390686 0.9999989874762877 -0.017278055721241393
v -0.04315270110964775 0.998023986996374 -0.0041171565260696265
v -0.04054959863424301 0.9999989868538668 -0.003038726342189482
v -0.04670789837837219 0.998022972936111 0.01375694371942144
v -0.04389059916138649 0.9999989861197047 0.013756943805795722
v -0.04315299913287163 0.9980239854337485 0.031631543153901084
v -0.04054959863424301 0.9999989853855195 0.030553144341987172
v -0.03302820026874542 0.9980239847713941 0.04678444456495759
v -0.03103579953312874 0.9999989847631173 0.0447920439156709
v -0.017875000834465027 0.9980239843288295 0.05690914284624573
v -0.016796700656414032 0.9999989843472515 0.05430594359962322
v 0 0.9980239841734223 0.06046444442309852
v 0 0.9999989842012161 0.05764684354392864
v 0.01787390001118183 0.9980239843288077 0.05690964203514572
v 0.016795700415968895 0.9999989843472297 0.054306442788523215
v 0.03302739933133125 0.998023984771416 0.046783945376057595
v 0.031035199761390686 0.9999989847631305 0.04479174216715672
v 0.043152499943971634 0.9980239854337836 0.031630742216486915
v 0.040549300611019135 0.9999989853855631 0.030552144101542035
v 0.027343900874257088 0.9999989873149533 -0.013587156371492309
v 0.025612199679017067 0.9975969796594417 -0.011855156326700929
v 0.033463701605796814 0.9975979924247281 -0.00010364839387074858
v 0.035726398229599 1.0000000000455087 -0.0010410963466873637
v 0.014798600226640701 0.9999989876813379 -0.02196905674906388
v 0.01386130042374134 0.997596980002633 -0.019706457087804552
v 0.03622090071439743 0.9975969785398663 0.013757743706892226
v 0.038669999688863754 0.9999989861196698 0.013757743811887317
v 0 0.9999989878100198 -0.024912956231552513
v 0 0.9975969801231496 -0.022463555613567106
v -0.014798300340771675 0.9999989876813596 -0.021969555937963875
v -0.013860699720680714 0.9975969800026461 -0.019706756973673578
v -0.02734369970858097 0.9999989873149402 -0.013586856485623282
v -0.02561189979314804 0.9975969796594417 -0.011855156326700929
v -0.035726699978113174 0.9999989867665594 -0.0010413663138629722
v -0.03346389904618263 0.9975969791457908 -0.00010419239543798007
v -0.03867030143737793 0.9999989861197047 0.013756943805795722
v -0.03622119873762131 0.9975969785399013 0.013756943700800632
v -0.035726699978113174 0.9999989854728285 0.028555744266789956
v -0.03346420079469681 0.9975969779340002 0.027618343776057444
v -0.027344200760126114 0.999998984924456 0.04110104491440633
v -0.02561270073056221 0.997596977420365 0.039368945008109286
v -0.014798800460994244 0.9999989845580541 0.04948334296671727
v -0.01386130042374134 0.9975969770771564 0.047220642512629696
v 0 0.9999989844293852 0.05242694442598202
v 0 0.9975969769566484 0.049977543598006435
v 0.014798300340771675 0.9999989845580454 0.049483544132393385
v 0.01386099960654974 0.9975969770771477 0.04722084367830581
v 0.027343900874257088 0.999998984924478 0.04110054200021604
v 0.025612199679017067 0.9975969774203738 0.03936874384243317
v 0.035726699978113174 0.9999989854728679 0.028554844609182877
v 0.033463701605796814 0.9975969779340308 0.027617643421481333
v 0.03302739933133125 0.9980239876587589 -0.019270756429057092
v 0.04315219819545746 0.9980239869963621 -0.004116886442522988
v 0.017874499782919884 0.9980239881013104 -0.02939515668712135
v 0 0.9980229749777738 -0.032950856870080376
v -0.017873700708150864 0.9980239881013323 -0.029395655876021345
v -0.03302739933133125 0.9980239876587457 -0.019270456543188066
v -0.04315270110964775 0.998023986996374 -0.0041171565260696265
v -0.04670789837837219 0.998022972936111 0.01375694371942144
v -0.04315299913287163 0.9980239854337485 0.031631543153901084
v -0.03302820026874542 0.9980239847713941 0.04678444456495759
v -0.017875000834465027 0.9980239843288295 0.05690914284624573
v 0 0.9980239841734223 0.06046444442309852
v 0.01787390001118183 0.9980239843288077 0.05690964203514572
v 0 0.9980239841734223 0.06046444442309852
v 0.03302739933133125 0.998023984771416 0.046783945376057595
v 0.043152499943971634 0.9980239854337836 0.031630742216486915
v 0.04670820012688637 0.9980239862150241 0.013758043611426352
v 0.04054899886250496 1.000000000132828 -0.00303872634214519
v 0.03103489987552166 0.9999989874762965 -0.01727825688691751
v 0.027343900874257088 0.9999989873149533 -0.013587156371492309
v 0.035726398229599 1.0000000000455087 -0.0010410963466873637
v 0.01679619960486889 0.9999989878921491 -0.026791856685000805
v 0.014798600226640701 0.9999989876813379 -0.02196905674906388
v 0 0.9999989880381976 -0.030133056515175248
v 0 0.9999989878100198 -0.024912956231552513
v -0.016795700415968895 0.9999989878921753 -0.026792456456738858
v -0.014798300340771675 0.9999989876813596 -0.021969555937963875
v -0.031035199761390686 0.9999989874762877 -0.017278055721241393
v -0.02734369970858097 0.9999989873149402 -0.013586856485623282
v -0.04054959863424301 0.9999989868538668 -0.003038726342189482
v -0.035726699978113174 0.9999989867665594 -0.0010413663138629722
v -0.04389059916138649 0.9999989861197047 0.013756943805795722
v -0.03867030143737793 0.9999989861197047 0.013756943805795722
v -0.04054959863424301 0.9999989853855195 0.030553144341987172
v -0.035726699978113174 0.9999989854728285 0.028555744266789956
v -0.03103579953312874 0.9999989847631173 0.0447920439156709
v -0.027344200760126114 0.999998984924456 0.04110104491440633
v -0.016796700656414032 0.9999989843472515 0.05430594359962322
v -0.014798800460994244 0.9999989845580541 0.04948334296671727
v 0 0.9999989842012161 0.05764684354392864
v 0 0.9999989844293852 0.05242694442598202
v 0.016795700415968895 0.9999989843472297 0.054306442788523215
v 0.014798300340771675 0.9999989845580454 0.049483544132393385
v 0.031035199761390686 0.9999989847631305 0.04479174216715672
v 0.027343900874257088 0.999998984924478 0.04110054200021604
v 0.040549300611019135 0.9999989853855631 0.030552144101542035
v 0.035726699978113174 0.9999989854728679 0.028554844609182877
v 0.04388999938964844 0.9999999993986178 0.013758043697800636
v 0.038669999688863754 0.9999989861196698 0.013757743811887317
v 0.033463701605796814 0.9975979924247281 -0.00010364839387074858
v 0.025612199679017067 0.9975969796594417 -0.011855156326700929
v 0.025612199679017067 0.9793019895967019 -0.01185455735466233
v 0.033463701605796814 0.9793019890830414 -0.00010337719649100436
v 0.01386130042374134 0.997596980002633 -0.019706457087804552
v 0.01386130042374134 0.9793019899399062 -0.019706158001634982
v 0 0.9975969801231496 -0.022463555613567106
v 0 0.9793009767814617 -0.022463256527441827
v -0.013860699720680714 0.9975969800026461 -0.019706756973673578
v -0.01386130042374134 0.9793019899399193 -0.019706457887504008
v -0.02561189979314804 0.9975969796594417 -0.011855156326700929
v -0.02561189979314804 0.9793019895967281 -0.011855157126400383
v -0.03346389904618263 0.9975969791457908 -0.00010419239543798007
v -0.033463701605796814 0.9793019890830891 -0.00010446519226092605
v -0.03622119873762131 0.9975969785399013 0.013756943700800632
v -0.036220598965883255 0.9793009751982265 0.013756942901056885
v -0.03346420079469681 0.9975969779340002 0.027618343776057444
v -0.03346389904618263 0.9793019878712779 0.027618542279388956
v -0.02561270073056221 0.997596977420365 0.039368945008109286
v -0.02561270073056221 0.9793019873576514 0.03936894420840983
v -0.01386130042374134 0.9975969770771564 0.047220642512629696
v -0.013861499726772308 0.9793019870144558 0.04722034368970636
v 0 0.9975969769566484 0.049977543598006435
v 0 0.9793019868939348 0.049977542798306976
v 0 0.9975969769566484 0.049977543598006435
v 0.01386099960654974 0.9975969770771477 0.04722084367830581
v 0.01386099960654974 0.979301987014434 0.04722084287860635
v 0 0.9793019868939348 0.049977542798306976
v 0.025612199679017067 0.9975969774203738 0.03936874384243317
v 0.025612199679017067 0.9793019873576514 0.03936894420840983
v 0.033463701605796814 0.9975969779340308 0.027617643421481333
v 0.033463701605796814 0.9793019878713172 0.027617642621781877
v 0.03622090071439743 0.9975969785398663 0.013757743706892226
v 0.036220598965883255 0.9793019884771745 0.013757242786970204
v 0.07137169688940048 0.8678609735722186 -0.015805962744321462
v 0.0546254999935627 0.8678609746677485 -0.040868762198056796
v 0.04690229892730713 0.8818519725982578 -0.03314496074849719
v 0.061280298978090286 0.8818529849365936 -0.011625961037773861
v 0.029563099145889282 0.867860975399735 -0.05761466107067069
v 0.025383299216628075 0.881851973226762 -0.047523459988180326
v 0 0.8678609756567797 -0.06349515846666295
v 0 0.8818529867264309 -0.05257266257931683
v -0.029563099145889282 0.867860975399735 -0.05761466107067069
v -0.02538299933075905 0.8818529865057232 -0.047523459988136035
v -0.0546254999935627 0.8678609746677353 -0.04086846044954262
v -0.04690229892730713 0.8818529858772189 -0.0331449607484529
v -0.07137169688940048 0.8678609735722186 -0.015805962744321462
v -0.061280298978090286 0.8818529849365936 -0.011625961037773861
v -0.07725220173597336 0.86786097227997 0.013757237915728426
v -0.06632909923791885 0.8818529838270718 0.013756938641469681
v -0.07137169688940048 0.867860970987739 0.043320038107071225
v -0.061280298978090286 0.8818529827175368 0.0391401400692274
v -0.0546254999935627 0.8678609698922267 0.06838243522945434
v -0.04690229892730713 0.8818529817769158 0.060659037334423224
v -0.029563099145889282 0.8678609691602224 0.08512874015871076
v -0.025383299216628075 0.8818529811484115 0.07503754029939666
v 0 0.8678609689031908 0.09100893953147915
v 0 0.8818529809277039 0.08008673916528716
v 0 0.8678609689031908 0.09100893953147915
v 0.029563099145889282 0.8678609691602358 0.08512843468490629
v 0.025383299216628075 0.881852981148429 0.07503713796804443
v 0 0.8818529809277039 0.08008673916528716
v 0.0546254999935627 0.8678609698922267 0.06838243522945434
v 0.04690229892730713 0.8818529817769158 0.060659037334423224
v 0.07137169688940048 0.8678609709877259 0.0433203361302951
v 0.061280298978090286 0.8818529827175281 0.03914033750961322
v 0.07725220173597336 0.86786097227997 0.013757237915728426
v 0.06632939726114273 0.8818529838270587 0.013757238527338707
v 0.06104470044374466 0.9034619932445571 -0.011528460864200141
v 0.04672129824757576 0.9034619941815502 -0.032964361455513964
v 0.05245450139045715 0.914362015031517 -0.03869745981381194
v 0.06853500008583069 0.9143630272585199 -0.014631459568256134
v 0.025285599753260612 0.9034619948076328 -0.047287461903168675
v 0.02838820032775402 0.9143620157344095 -0.05477776106879964
v 0 0.9034619950274878 -0.05231715887434672
v 2.721579903663951e-7 0.9143620159812607 -0.060425059017398496
v -0.025285299867391586 0.9034619948076328 -0.047287461903168675
v -0.02838820032775402 0.9143620157344224 -0.05477805909202352
v -0.04672129824757576 0.9034619941815502 -0.032964361455513964
v -0.052454300224781036 0.9143630283104695 -0.03869725864809152
v -0.061044398695230484 0.9034619932445439 -0.01152816004700854
v -0.06853500008583069 0.9143620139795456 -0.014631159682431399
v -0.06607410311698914 0.9034619921392971 0.013756939586029481
v -0.0741816982626915 0.9143620127386624 0.013756940062484539
v -0.061044398695230484 0.9034619910340284 0.039042538407967495
v -0.06853500008583069 0.9143620114977746 0.04214513945891596
v -0.046721599996089935 0.9034619900970398 0.06047833934776583
v -0.05245450139045715 0.9143620104458077 0.06621133807613587
v -0.025285299867391586 0.9034619894709571 0.07480143979542055
v -0.02838820032775402 0.9143620097428979 0.08229203793718551
v 0 0.9034619892511107 0.07983093932621278
v 0 0.914362009496064 0.08793893727972242
v 0 0.9034619892511107 0.07983093932621278
v 0.025285299867391586 0.9034619894709571 0.07480143979542055
v 0.02838820032775402 0.9143620097428979 0.08229203793718551
v 0 0.914362009496064 0.08793893727972242
v 0.04672129824757576 0.9034619900970398 0.06047833934776583
v 0.05245450139045715 0.9143630237247555 0.06621164354998463
v 0.06104470044374466 0.9034619910340284 0.039042538407967495
v 0.06853500008583069 0.9143620114977614 0.042145441207430134
v 0.06607390195131302 0.903461992139284 0.013757239471898507
v 0.0741816982626915 0.9143620127386405 0.013757440182707107
v 0.04423239827156067 0.8926150216072505 -0.03047566125666609
v 0.05779239907860756 0.8926159743944792 -0.010181460627628525
v 0.04423239827156067 0.8926150216072505 -0.03047566125666609
v 0.05779239907860756 0.8926159743944792 -0.010181460627628525
v 0.06255429983139038 0.8926159733480853 0.013757238997803945
v 0.06255429983139038 0.8926159733480853 0.013757238997803945
v 0.02393840067088604 0.8926150221999725 -0.04403555961822976
v 0.02393840067088604 0.8926150221999725 -0.04403555961822976
v 0 0.8926159760824252 -0.04879716234774702
v 0 0.8926159760824252 -0.04879716234774702
v -0.02393840067088604 0.8926159758742802 -0.044035362177802254
v -0.02393840067088604 0.8926159758742802 -0.044035362177802254
v -0.04423239827156067 0.8926159752815449 -0.03047516020507926
v -0.04423239827156067 0.8926159752815449 -0.03047516020507926
v -0.05779239907860756 0.8926159743944704 -0.010181261324597558
v -0.05779239907860756 0.8926159743944704 -0.010181261324597558
v -0.0625540018081665 0.8926159733480984 0.013756939111934919
v -0.0625540018081665 0.8926159733480984 0.013756939111934919
v -0.05779239907860756 0.8926159723017132 0.03769543943433642
v -0.05779239907860756 0.8926159723017132 0.03769543943433642
v -0.04423239827156067 0.8926159714146387 0.057989338314818124
v -0.04423239827156067 0.8926159714146387 0.057989338314818124
v -0.02393840067088604 0.8926159708219124 0.0715493353965747
v -0.02393840067088604 0.8926159708219124 0.0715493353965747
v 0 0.8926159706137674 0.07631113556651946
v 0 0.8926159706137674 0.07631113556651946
v 0 0.8926159706137674 0.07631113556651946
v 0.02393840067088604 0.8926159708219124 0.0715493353965747
v 0 0.8926159706137674 0.07631113556651946
v 0.02393840067088604 0.8926159708219124 0.0715493353965747
v 0.04423239827156067 0.8926159714146387 0.057989338314818124
v 0.04423239827156067 0.8926159714146387 0.057989338314818124
v 0.05779239907860756 0.8926159723017132 0.03769543943433642
v 0.05779239907860756 0.8926159723017132 0.03769543943433642
v -0.4256660044193268 -1.0000000227935217 0.5214549461987348
v -0.4347839951515198 -0.9779890417190619 0.543465929197456
v -0.5434659719467163 -0.9779890369684215 0.43478395240225953
v -0.5214549899101257 -1.0000000186064522 0.4256659607079359
v -0.4347839951515198 -0.9779890417190619 0.543465929197456
v -0.4256660044193268 -1.0000000227935217 0.5214549461987348
v 0.4256660044193268 -1.0000000227935217 0.5214549461987348
v 0.4347839951515198 -0.9779890417190619 0.543465929197456
v 0.4347839951515198 -0.9779890417190619 0.543465929197456
v 0.4256660044193268 -1.0000000227935217 0.5214549461987348
v 0.5214549899101257 -1.0000000186064522 0.4256659607079359
v 0.5434659719467163 -0.9779890369684215 0.43478395240225953
v -0.5214549899101257 -1.0000000186064522 0.4256659607079359
v -0.5434659719467163 -0.9779890369684215 0.43478395240225953
v -0.5434659719467163 -0.9779889989584385 -0.43478305442414045
v -0.5214549899101257 -0.9999999813935032 -0.4256670316073557
v -0.5214549899101257 -0.9119480438330452 0.42566596455681016
v -0.5434659719467163 -0.9339580129892346 0.4347839543269168
v -0.4347839951515198 -0.933958017739875 0.5434659311221133
v -0.4256660044193268 -0.911948048020115 0.521454950047609
v -0.5434659719467163 -0.9339580129892346 0.4347839543269168
v -0.5214549899101257 -0.9119480438330452 0.42566596455681016
v -0.5214549899101257 -0.9119480066200963 -0.4256670277584814
v -0.5434659719467163 -0.9339579749792516 -0.4347830524994832
v -0.5434659719467163 -0.9339579749792516 -0.4347830524994832
v -0.5214549899101257 -0.9119480066200963 -0.4256670277584814
v -0.4256660044193268 -0.9119480024330695 -0.5214550297726416
v -0.4347839951515198 -0.9339579702285683 -0.5434660127713185
v -0.4256660044193268 -0.911948048020115 0.521454950047609
v -0.4347839951515198 -0.933958017739875 0.5434659311221133
v 0.4347839951515198 -0.933958017739875 0.5434659311221133
v 0.4256660044193268 -0.911948048020115 0.521454950047609
v 0.4256660044193268 -0.911948048020115 0.521454950047609
v 0.4347839951515198 -0.933958017739875 0.5434659311221133
v 0.5434659719467163 -0.9339580129892346 0.4347839543269168
v 0.5214549899101257 -0.9119480438330452 0.42566596455681016
v 0.5434659719467163 -0.9779890369684215 0.43478395240225953
v 0.5214549899101257 -1.0000000186064522 0.4256659607079359
v 0.5214549899101257 -0.9999999813935032 -0.4256670316073557
v 0.5434659719467163 -0.9779889989584385 -0.43478305442414045
v 0.5214549899101257 -0.9119480438330452 0.42566596455681016
v 0.5434659719467163 -0.9339580129892346 0.4347839543269168
v 0.5434659719467163 -0.9339579749792516 -0.4347830524994832
v 0.5214549899101257 -0.9119480066200963 -0.4256670277584814
v 0.5214549899101257 -0.9119480066200963 -0.4256670277584814
v 0.5434659719467163 -0.9339579749792516 -0.4347830524994832
v 0.4347839951515198 -0.9339579702285683 -0.5434660127713185
v 0.4256660044193268 -0.9119480024330695 -0.5214550297726416
v -0.4347839951515198 -0.9339579702285683 -0.5434660127713185
v -0.4256660044193268 -0.9119480024330695 -0.5214550297726416
v 0.4256660044193268 -0.9119480024330695 -0.5214550297726416
v 0.4347839951515198 -0.9339579702285683 -0.5434660127713185
v -0.5214549899101257 -0.9999999813935032 -0.4256670316073557
v -0.5434659719467163 -0.9779889989584385 -0.43478305442414045
v -0.4347839951515198 -0.9779889942077552 -0.5434660146959758
v -0.4256660044193268 -0.9999999772064764 -0.5214550336215158
v -0.4256660044193268 -0.9999999772064764 -0.5214550336215158
v -0.4347839951515198 -0.9779889942077552 -0.5434660146959758
v 0.4347839951515198 -0.9779889942077552 -0.5434660146959758
v 0.4256660044193268 -0.9999999772064764 -0.5214550336215158
v 0.4256660044193268 -0.9999999772064764 -0.5214550336215158
v 0.4347839951515198 -0.9779889942077552 -0.5434660146959758
v 0.5434659719467163 -0.9779889989584385 -0.43478305442414045
v 0.5214549899101257 -0.9999999813935032 -0.4256670316073557
v -0.4347839951515198 -0.933958017739875 0.5434659311221133
v -0.4347839951515198 -0.9779890417190619 0.543465929197456
v 0.4347839951515198 -0.9779890417190619 0.543465929197456
v 0.4347839951515198 -0.933958017739875 0.5434659311221133
v -0.4347839951515198 -0.9779889942077552 -0.5434660146959758
v -0.4347839951515198 -0.9339579702285683 -0.5434660127713185
v 0.4347839951515198 -0.9339579702285683 -0.5434660127713185
v 0.4347839951515198 -0.9779889942077552 -0.5434660146959758
v 0.5434659719467163 -0.9339580129892346 0.4347839543269168
v 0.5434659719467163 -0.9779890369684215 0.43478395240225953
v 0.5434659719467163 -0.9779889989584385 -0.43478305442414045
v 0.5434659719467163 -0.9339579749792516 -0.4347830524994832
v -0.5434659719467163 -0.9339579749792516 -0.4347830524994832
v -0.5434659719467163 -0.9779889989584385 -0.43478305442414045
v -0.5434659719467163 -0.9779890369684215 0.43478395240225953
v -0.5434659719467163 -0.9339580129892346 0.4347839543269168
v -0.4788689911365509 -0.919734018246625 0.39090396913934117
v -0.3909029960632324 -0.9197340220916966 0.47886895093369836
v 0.3909029960632324 -0.9197340220916966 0.47886895093369836
v 0.4788689911365509 -0.919734018246625 0.39090396913934117
v 0.4788689911365509 -0.9197339840727093 -0.3909040495450454
v 0.3909029960632324 -0.9197339802276377 -0.47886903133940256
v -0.3909029960632324 -0.9197339802276377 -0.47886903133940256
v -0.4788689911365509 -0.9197339840727093 -0.3909040495450454
v -0.5214549899101257 -0.9999999813935032 -0.4256670316073557
v -0.4256660044193268 -0.9999999772064764 -0.5214550336215158
v 0.4256660044193268 -0.9999999772064764 -0.5214550336215158
v 0.5214549899101257 -0.9999999813935032 -0.4256670316073557
v 0.5214549899101257 -1.0000000186064522 0.4256659607079359
v 0.4256660044193268 -1.0000000227935217 0.5214549461987348
v -0.4256660044193268 -1.0000000227935217 0.5214549461987348
v -0.5214549899101257 -1.0000000186064522 0.4256659607079359
v -0.5434659719467163 -0.9779890369684215 0.43478395240225953
v -0.4347839951515198 -0.9779890417190619 0.543465929197456
v -0.4347839951515198 -0.933958017739875 0.5434659311221133
v -0.5434659719467163 -0.9339580129892346 0.4347839543269168
v 0.4347839951515198 -0.9779890417190619 0.543465929197456
v 0.5434659719467163 -0.9779890369684215 0.43478395240225953
v 0.5434659719467163 -0.9339580129892346 0.4347839543269168
v 0.4347839951515198 -0.933958017739875 0.5434659311221133
v -0.5434659719467163 -0.9339579749792516 -0.4347830524994832
v -0.4347839951515198 -0.9339579702285683 -0.5434660127713185
v -0.4347839951515198 -0.9779889942077552 -0.5434660146959758
v -0.5434659719467163 -0.9779889989584385 -0.43478305442414045
v 0.4347839951515198 -0.9339579702285683 -0.5434660127713185
v 0.5434659719467163 -0.9339579749792516 -0.4347830524994832
v 0.5434659719467163 -0.9779889989584385 -0.43478305442414045
v 0.4347839951515198 -0.9779889942077552 -0.5434660146959758
v -0.5214549899101257 -0.9119480438330452 0.42566596455681016
v -0.4256660044193268 -0.911948048020115 0.521454950047609
v -0.40438300371170044 -0.9119480468804287 0.4953819710742204
v -0.49538201093673706 -0.9119480429027357 0.4043829638491839
v 0.4256660044193268 -0.911948048020115 0.521454950047609
v 0.40438300371170044 -0.9119480468804287 0.4953819710742204
v 0.5214549899101257 -0.9119480438330452 0.42566596455681016
v 0.49538201093673706 -0.9119480429027357 0.4043829638491839
v 0.5214549899101257 -0.9119480066200963 -0.4256670277584814
v 0.49538201093673706 -0.9119480075504488 -0.40438304357421634
v 0.4256660044193268 -0.9119480024330695 -0.5214550297726416
v 0.40438300371170044 -0.9119480035727557 -0.49538205079925285
v -0.4256660044193268 -0.9119480024330695 -0.5214550297726416
v -0.40438300371170044 -0.9119480035727557 -0.49538205079925285
v -0.5214549899101257 -0.9119480066200963 -0.4256670277584814
v -0.49538201093673706 -0.9119480075504488 -0.40438304357421634
v -0.3909029960632324 -0.9197340220916966 0.47886895093369836
v -0.4788689911365509 -0.919734018246625 0.39090396913934117
v 0.3909029960632324 -0.9197340220916966 0.47886895093369836
v 0.4788689911365509 -0.919734018246625 0.39090396913934117
v 0.4788689911365509 -0.9197339840727093 -0.3909040495450454
v 0.3909029960632324 -0.9197339802276377 -0.47886903133940256
v -0.3909029960632324 -0.9197339802276377 -0.47886903133940256
v -0.4788689911365509 -0.9197339840727093 -0.3909040495450454
vt 0.7966480255126953 0.6138449907302856
vt 0.801351010799408 0.6132040023803711
vt 0.8109670281410217 0.6409350037574768
vt 0.8068680167198181 0.6433259844779968
vt 0.801351010799408 0.6132040023803711
vt 0.7966480255126953 0.6138449907302856
vt 0.7984880208969116 0.5826960206031799
vt 0.8030779957771301 0.5839040279388428
vt 0.8121079802513123 0.554623007774353
vt 0.8158860206604004 0.5574949979782104
vt 0.8354340195655823 0.5338990092277527
vt 0.8378260135650635 0.5379980206489563
vt 0.8649160265922546 0.5236790180206299
vt 0.8655570149421692 0.5283809900283813
vt 0.8960639834403992 0.5255190134048462
vt 0.8948569893836975 0.5301089882850647
vt 0.9241369962692261 0.5391389727592468
vt 0.9212660193443298 0.542917013168335
vt 0.9448620080947876 0.5624650120735168
vt 0.9407619833946228 0.564857006072998
vt 0.9550819993019104 0.5919470191001892
vt 0.9503790140151978 0.5925880074501038
vt 0.9532420039176941 0.6230949759483337
vt 0.9486520290374756 0.6218879818916321
vt 0.9396219849586487 0.6511679887771606
vt 0.9358429908752441 0.6482959985733032
vt 0.9162949919700623 0.6718930006027222
vt 0.9139040112495422 0.6677929759025574
vt 0.8868139982223511 0.6821119785308838
vt 0.8861730098724365 0.6774100065231323
vt 0.8556650280952454 0.6802729964256287
vt 0.8568729758262634 0.6756830215454102
vt 0.8275920152664185 0.6666529774665833
vt 0.8304640054702759 0.6628739833831787
vt 0.8068680167198181 0.6433259844779968
vt 0.8109670281410217 0.6409350037574768
vt 0.9686009883880615 0.6723269820213318
vt 0.9684349894523621 0.6145780086517334
vt 0.9794269800186157 0.614546000957489
vt 0.9795929789543152 0.6722949743270874
vt 0.9682679772377014 0.5568289756774902
vt 0.9792600274085999 0.556797981262207
vt 0.9681010246276855 0.49908098578453064
vt 0.9790930151939392 0.49904900789260864
vt 0.9679340124130249 0.44133201241493225
vt 0.9789260029792786 0.44130000472068787
vt 0.9677670001983643 0.3835830092430115
vt 0.9787589907646179 0.38355201482772827
vt 0.9675999879837036 0.3258349895477295
vt 0.9785919785499573 0.3258030116558075
vt 0.9674339890480042 0.2680859863758087
vt 0.9784250259399414 0.2680540084838867
vt 0.9672669768333435 0.21033699810504913
vt 0.9782590270042419 0.21030600368976593
vt 0.9671000242233276 0.15258899331092834
vt 0.9780920147895813 0.15255700051784515
vt 0.966933012008667 0.09483999758958817
vt 0.9779250025749207 0.09480799734592438
vt 0.9667659997940063 0.03709099814295769
vt 0.97775799036026 0.037060000002384186
vt 0.9694349765777588 0.9610700011253357
vt 0.9692689776420593 0.9033219814300537
vt 0.9802610278129578 0.9032899737358093
vt 0.9804270267486572 0.9610379934310913
vt 0.9691020250320435 0.8455730080604553
vt 0.9800940155982971 0.8455410003662109
vt 0.9689350128173828 0.7878239750862122
vt 0.9799270033836365 0.7877920269966125
vt 0.9687680006027222 0.7300750017166138
vt 0.9797599911689758 0.7300440073013306
vt 0.4839619994163513 0.7385849952697754
vt 0.4781000018119812 0.7219200134277344
vt 0.5229200124740601 0.715516984462738
vt 0.4790610074996948 0.7042809724807739
vt 0.48670101165771484 0.6883519887924194
vt 0.4998529851436615 0.6765580177307129
vt 0.5165169835090637 0.6706960201263428
vt 0.5341569781303406 0.6716579794883728
vt 0.5500860214233398 0.6792969703674316
vt 0.5618799924850464 0.6924499869346619
vt 0.5677419900894165 0.7091140151023865
vt 0.5667799711227417 0.7267529964447021
vt 0.5591409802436829 0.7426829934120178
vt 0.5459880232810974 0.754476010799408
vt 0.5293229818344116 0.7603380084037781
vt 0.5116829872131348 0.7593759894371033
vt 0.49575498700141907 0.7517369985580444
vt 0.801351010799408 0.6132040023803711
vt 0.8030779957771301 0.5839040279388428
vt 0.8089560270309448 0.585436999797821
vt 0.8073689937591553 0.612371027469635
vt 0.8158860206604004 0.5574949979782104
vt 0.820730984210968 0.561161994934082
vt 0.8378260135650635 0.5379980206489563
vt 0.8408979773521423 0.5432389974594116
vt 0.8655570149421692 0.5283809900283813
vt 0.8663889765739441 0.5343989729881287
vt 0.8948569893836975 0.5301089882850647
vt 0.8933230042457581 0.5359870195388794
vt 0.9212660193443298 0.542917013168335
vt 0.9175990223884583 0.5477610230445862
vt 0.9407619833946228 0.564857006072998
vt 0.9355210065841675 0.5679290294647217
vt 0.9503790140151978 0.5925880074501038
vt 0.9443609714508057 0.5934200286865234
vt 0.9486520290374756 0.6218879818916321
vt 0.9427729845046997 0.6203539967536926
vt 0.9358429908752441 0.6482959985733032
vt 0.9309989809989929 0.6446300148963928
vt 0.9139040112495422 0.6677929759025574
vt 0.9108309745788574 0.662551999092102
vt 0.8861730098724365 0.6774100065231323
vt 0.8853399753570557 0.671392023563385
vt 0.8568729758262634 0.6756830215454102
vt 0.8584070205688477 0.6698039770126343
vt 0.8304640054702759 0.6628739833831787
vt 0.8341310024261475 0.6580299735069275
vt 0.8109670281410217 0.6409350037574768
vt 0.8162090182304382 0.6378620266914368
vt 0.30591100454330444 0.47566699981689453
vt 0.3083510100841522 0.43637600541114807
vt 0.5638369917869568 0.45923399925231934
vt 0.5622619986534119 0.4846009910106659
vt 0.31292399764060974 0.39727699756622314
vt 0.566789984703064 0.4339900016784668
vt 0.3196159899234772 0.3584839999675751
vt 0.5711100101470947 0.4089449942111969
vt 0.3284069895744324 0.3201110064983368
vt 0.5767859816551208 0.3841710090637207
vt 0.33927199244499207 0.2822740077972412
vt 0.5838000178337097 0.35974299907684326
vt 0.3521769940853119 0.2450830042362213
vt 0.5921319723129272 0.33573201298713684
vt 0.3670850098133087 0.20864899456501007
vt 0.6017569899559021 0.31220901012420654
vt 0.38395199179649353 0.1730789989233017
vt 0.6126459836959839 0.28924500942230225
vt 0.40272799134254456 0.13847899436950684
vt 0.6247680187225342 0.2669059932231903
vt 0.4233570098876953 0.10495100170373917
vt 0.6380869746208191 0.24526000022888184
vt 0.33601200580596924 0.7089120149612427
vt 0.3257269859313965 0.6709129810333252
vt 0.5750550031661987 0.6106550097465515
vt 0.5816959738731384 0.6351879835128784
vt 0.3175239861011505 0.632411003112793
vt 0.5697590112686157 0.5857980251312256
vt 0.31142500042915344 0.5935199856758118
vt 0.5658220052719116 0.5606889724731445
vt 0.30744999647140503 0.5543550252914429
vt 0.5632550120353699 0.5354030132293701
vt 0.3056100010871887 0.5150319933891296
vt 0.5620669722557068 0.5100150108337402
vt 0.7869960069656372 0.6204659938812256
vt 0.7857319712638855 0.6210460066795349
vt 0.7747049927711487 0.6058260202407837
vt 0.7756509780883789 0.6048060059547424
vt 0.7914850115776062 0.6392760276794434
vt 0.7900949716567993 0.6393280029296875
vt 0.7884340286254883 0.6583709716796875
vt 0.7871299982070923 0.6578869819641113
vt 0.7783070206642151 0.6748459935188293
vt 0.777288019657135 0.6738989949226379
vt 0.7626479864120483 0.6861910223960876
vt 0.762067973613739 0.6849259734153748
vt 0.7438380122184753 0.6906790137290955
vt 0.7437859773635864 0.6892899870872498
vt 0.7247430086135864 0.687628984451294
vt 0.7252269983291626 0.6863240003585815
vt 0.7082679867744446 0.6775019764900208
vt 0.709214985370636 0.6764829754829407
vt 0.696923017501831 0.6618419885635376
vt 0.6981880068778992 0.6612619757652283
vt 0.6924340128898621 0.6430330276489258
vt 0.6938250064849854 0.6429809927940369
vt 0.6954860091209412 0.6239370107650757
vt 0.6967899799346924 0.6244210004806519
vt 0.7056120038032532 0.607463002204895
vt 0.7066310048103333 0.6084089875221252
vt 0.7212719917297363 0.5961179733276367
vt 0.7218509912490845 0.5973820090293884
vt 0.7400810122489929 0.5916290283203125
vt 0.7401329874992371 0.5930190086364746
vt 0.759177029132843 0.5946800112724304
vt 0.7586929798126221 0.5959839820861816
vt 0.6043689846992493 0.6473010182380676
vt 0.6057630181312561 0.6458309888839722
vt 0.6209660172462463 0.655377984046936
vt 0.6202409863471985 0.6572700142860413
vt 0.593520998954773 0.6320170164108276
vt 0.5953710079193115 0.6311920285224915
vt 0.6386650204658508 0.6583809852600098
vt 0.6387190222740173 0.6604059934616089
vt 0.6561660170555115 0.6543819904327393
vt 0.6569910049438477 0.656233012676239
vt 0.6708049774169922 0.6439899802207947
vt 0.6722750067710876 0.6453840136528015
vt 0.680351972579956 0.6287869811058044
vt 0.6822440028190613 0.6295130252838135
vt 0.6833549737930298 0.6110879778862
vt 0.6853799819946289 0.6110339760780334
vt 0.6793559789657593 0.5935869812965393
vt 0.6812059879302979 0.5927619934082031
vt 0.6689640283584595 0.5789480209350586
vt 0.6703580021858215 0.5774779915809631
vt 0.6537610292434692 0.5694010257720947
vt 0.6544860005378723 0.5675089955329895
vt 0.6360620260238647 0.566398024559021
vt 0.6360080242156982 0.5643730163574219
vt 0.6185610294342041 0.5703970193862915
vt 0.6177359819412231 0.5685470104217529
vt 0.6039220094680786 0.5807890295982361
vt 0.6024519801139832 0.5793949961662292
vt 0.5943750143051147 0.5959920287132263
vt 0.5924829840660095 0.5952669978141785
vt 0.591372013092041 0.613690972328186
vt 0.5893470048904419 0.6137449741363525
vt 0.8003510236740112 0.9697539806365967
vt 0.7715960144996643 0.9717100262641907
vt 0.7605209946632385 0.6997209787368774
vt 0.7745050191879272 0.6987699866294861
vt 0.7427780032157898 0.9720990061759949
vt 0.7465069890022278 0.6999099850654602
vt 0.7139809727668762 0.9709200263023376
vt 0.7325029969215393 0.6993370056152344
vt 0.6852909922599792 0.9681779742240906
vt 0.7185500264167786 0.6980029940605164
vt 0.6567929983139038 0.9638810157775879
vt 0.7046909928321838 0.6959130167961121
vt 0.628570020198822 0.9580399990081787
vt 0.690966010093689 0.6930720210075378
vt 0.6007069945335388 0.95067298412323
vt 0.6774160265922546 0.689490020275116
vt 0.5732849836349487 0.9418020248413086
vt 0.6640809774398804 0.6851760149002075
vt 0.5463860034942627 0.9314540028572083
vt 0.6510000228881836 0.6801440119743347
vt 0.5200899839401245 0.9196590185165405
vt 0.6382110118865967 0.6744080185890198
vt 0.49447399377822876 0.9064509868621826
vt 0.6257539987564087 0.6679850220680237
vt 0.9402099847793579 0.9368489980697632
vt 0.9130370020866394 0.9464560151100159
vt 0.8293049931526184 0.6874399781227112
vt 0.8425189852714539 0.6827669739723206
vt 0.8853830099105835 0.9545729756355286
vt 0.8158569931983948 0.6913859844207764
vt 0.8573279976844788 0.9611729979515076
vt 0.8022130131721497 0.6945970058441162
vt 0.8289560079574585 0.9662389755249023
vt 0.7884160280227661 0.6970599889755249
vt 0.05014700070023537 0.48005199432373047
vt 0.05030300095677376 0.43292900919914246
vt 0.26837998628616333 0.4395869970321655
vt 0.2682630121707916 0.4748440086841583
vt 0.05302099883556366 0.38588398694992065
vt 0.27041301131248474 0.4043880105018616
vt 0.05829299986362457 0.33905699849128723
vt 0.27435800433158875 0.3693529963493347
vt 0.06610400229692459 0.29258599877357483
vt 0.2802009880542755 0.33458399772644043
vt 0.07642800360918045 0.24660800397396088
vt 0.28792598843574524 0.3001829981803894
vt 0.0892380028963089 0.20125900208950043
vt 0.2975099980831146 0.2662540078163147
vt 0.10449399799108505 0.15667399764060974
vt 0.30892500281333923 0.23289600014686584
vt 0.12215100228786469 0.11298400163650513
vt 0.3221360146999359 0.20020799338817596
vt 0.14215800166130066 0.07031899690628052
vt 0.3371039927005768 0.16828599572181702
vt 0.16445399820804596 0.028805000707507133
vt 0.35378599166870117 0.13722500205039978
vt 0.10249999910593033 0.7566609978675842
vt 0.08754000067710876 0.7119749784469604
vt 0.2962400019168854 0.6483659744262695
vt 0.30743300914764404 0.6817989945411682
vt 0.07503300160169601 0.6665419936180115
vt 0.2868820130825043 0.6143739819526672
vt 0.06501399725675583 0.6204969882965088
vt 0.2793860137462616 0.5799229741096497
vt 0.05751299858093262 0.5739750266075134
vt 0.27377399802207947 0.5451160073280334
vt 0.0525519996881485 0.5271130204200745
vt 0.27006199955940247 0.5100550055503845
vt 0.7857319712638855 0.6210460066795349
vt 0.7900949716567993 0.6393280029296875
vt 0.7891049981117249 0.639365017414093
vt 0.7848320007324219 0.6214590072631836
vt 0.6209660172462463 0.655377984046936
vt 0.6057630181312561 0.6458309888839722
vt 0.6067630052566528 0.644773006439209
vt 0.6214849948883057 0.654017984867096
vt 0.7871299982070923 0.6578869819641113
vt 0.786201000213623 0.6575430035591125
vt 0.6386650204658508 0.6583809852600098
vt 0.6386240124702454 0.6569259762763977
vt 0.777288019657135 0.6738989949226379
vt 0.776561975479126 0.673225998878479
vt 0.6561660170555115 0.6543819904327393
vt 0.6555709838867188 0.6530529856681824
vt 0.762067973613739 0.6849259734153748
vt 0.7616540193557739 0.6840270161628723
vt 0.6708049774169922 0.6439899802207947
vt 0.669746994972229 0.642989993095398
vt 0.7437859773635864 0.6892899870872498
vt 0.7437490224838257 0.6883000135421753
vt 0.680351972579956 0.6287869811058044
vt 0.678991973400116 0.6282680034637451
vt 0.7252269983291626 0.6863240003585815
vt 0.7255709767341614 0.6853960156440735
vt 0.6833549737930298 0.6110879778862
vt 0.6818990111351013 0.6111289858818054
vt 0.709214985370636 0.6764829754829407
vt 0.7098879814147949 0.6757559776306152
vt 0.6793559789657593 0.5935869812965393
vt 0.6780269742012024 0.594182014465332
vt 0.6981880068778992 0.6612619757652283
vt 0.6990870237350464 0.6608489751815796
vt 0.6689640283584595 0.5789480209350586
vt 0.667963981628418 0.580007016658783
vt 0.6938250064849854 0.6429809927940369
vt 0.6948140263557434 0.6429430246353149
vt 0.6537610292434692 0.5694010257720947
vt 0.6532419919967651 0.5707610249519348
vt 0.6967899799346924 0.6244210004806519
vt 0.6977180242538452 0.6247649788856506
vt 0.6360620260238647 0.566398024559021
vt 0.6361029744148254 0.5678539872169495
vt 0.7066310048103333 0.6084089875221252
vt 0.7073580026626587 0.6090819835662842
vt 0.6185610294342041 0.5703970193862915
vt 0.619156002998352 0.5717260241508484
vt 0.7218509912490845 0.5973820090293884
vt 0.7222650051116943 0.598281979560852
vt 0.6039220094680786 0.5807890295982361
vt 0.604981005191803 0.5817890167236328
vt 0.7401329874992371 0.5930190086364746
vt 0.7401710152626038 0.5940089821815491
vt 0.5943750143051147 0.5959920287132263
vt 0.5957350134849548 0.5965110063552856
vt 0.7586929798126221 0.5959839820861816
vt 0.7583490014076233 0.5969129800796509
vt 0.591372013092041 0.613690972328186
vt 0.5928279757499695 0.6136500239372253
vt 0.7747049927711487 0.6058260202407837
vt 0.7740319967269897 0.606552004814148
vt 0.5953710079193115 0.6311920285224915
vt 0.5967000126838684 0.6305969953536987
vt 0.2631169855594635 0.9715099930763245
vt 0.26244598627090454 0.9686099886894226
vt 0.2864390015602112 0.9614499807357788
vt 0.2874400019645691 0.9642530083656311
vt 0.2381249964237213 0.9759050011634827
vt 0.23779399693012238 0.9729470014572144
vt 0.3094559907913208 0.9515569806098938
vt 0.31077298521995544 0.9542269706726074
vt 0.21279700100421906 0.9773809909820557
vt 0.2128089964389801 0.974403977394104
vt 0.18747000396251678 0.9759179949760437
vt 0.18782499432563782 0.9729620218276978
vt 0.16248199343681335 0.971534013748169
vt 0.16317600011825562 0.9686400294303894
vt 0.13816699385643005 0.9642860293388367
vt 0.13919100165367126 0.9614909887313843
vt 0.11485199630260468 0.9542639851570129
vt 0.11619000136852264 0.9516059756278992
vt 0.09284699708223343 0.9415929913520813
vt 0.09448099881410599 0.9391059875488281
vt 0.07244200259447098 0.92644202709198
vt 0.07433799654245377 0.9241510033607483
vt 0.05384799838066101 0.9090669751167297
vt 0.0559380017220974 0.9069589972496033
vt 0.036931999027729034 0.8900049924850464
vt 0.039055000990629196 0.8878909945487976
vt 0.38667601346969604 0.8880019783973694
vt 0.38880300521850586 0.890129029750824
vt 0.3719159960746765 0.909080982208252
vt 0.36983200907707214 0.9069550037384033
vt 0.3532640039920807 0.9264219999313354
vt 0.3513840138912201 0.924115002155304
vt 0.3328090012073517 0.9415590167045593
vt 0.3311940133571625 0.9390580058097839
vt 0.8839809894561768 0.7406129837036133
vt 0.8867670297622681 0.7402210235595703
vt 0.8914819955825806 0.7536259889602661
vt 0.889057993888855 0.7550550103187561
vt 0.8848159909248352 0.7253320217132568
vt 0.8875399827957153 0.7260349988937378
vt 0.9009720087051392 0.7642080187797546
vt 0.8992810249328613 0.7664560079574585
vt 0.8914300203323364 0.7115340232849121
vt 0.8936790227890015 0.7132250070571899
vt 0.9028189778327942 0.7013139724731445
vt 0.9042500257492065 0.7037360072135925
vt 0.9172539710998535 0.6962260007858276
vt 0.9176499843597412 0.6990110278129578
vt 0.9325429797172546 0.6970499753952026
vt 0.931842029094696 0.699774980545044
vt 0.946353018283844 0.7036679983139038
vt 0.9446619749069214 0.7059159874916077
vt 0.9565759897232056 0.7150689959526062
vt 0.95415198802948 0.7164980173110962
vt 0.9616529941558838 0.729511022567749
vt 0.9588670134544373 0.729902982711792
vt 0.9608169794082642 0.7447919845581055
vt 0.958092987537384 0.7440879940986633
vt 0.9542019963264465 0.7585899829864502
vt 0.9519540071487427 0.7568989992141724
vt 0.9428139925003052 0.768809974193573
vt 0.9413830041885376 0.766389012336731
vt 0.9283789992332458 0.7738980054855347
vt 0.927981972694397 0.7711129784584045
vt 0.9130899906158447 0.7730730175971985
vt 0.9137899875640869 0.7703490257263184
vt 0.8909710049629211 0.7396230101585388
vt 0.8937379717826843 0.7392370104789734
vt 0.8975459933280945 0.7500489950180054
vt 0.8951380252838135 0.7514640092849731
vt 0.8916540145874023 0.7270910143852234
vt 0.8943570256233215 0.7277910113334656
vt 0.9052019715309143 0.7585790157318115
vt 0.9035199880599976 0.7608100175857544
vt 0.8970770239830017 0.7157719731330872
vt 0.8993080258369446 0.7174519896507263
vt 0.9064170122146606 0.7073879837989807
vt 0.9078369736671448 0.709792971611023
vt 0.9182549715042114 0.7032150030136108
vt 0.918645977973938 0.7059810161590576
vt 0.9307910203933716 0.7038900256156921
vt 0.9300919771194458 0.7065950036048889
vt 0.9421129822731018 0.7093139886856079
vt 0.9404309988021851 0.7115449905395508
vt 0.9504960179328918 0.7186599969863892
vt 0.9480879902839661 0.7200750112533569
vt 0.954662024974823 0.7305009961128235
vt 0.9518960118293762 0.7308859825134277
vt 0.9539790153503418 0.7430329918861389
vt 0.9512760043144226 0.7423319816589355
vt 0.9485560059547424 0.7543519735336304
vt 0.9463250041007996 0.752672016620636
vt 0.9392150044441223 0.7627360224723816
vt 0.9377959966659546 0.7603309750556946
vt 0.9273769855499268 0.7669090032577515
vt 0.9269859790802002 0.7641429901123047
vt 0.9148420095443726 0.7662330269813538
vt 0.9155399799346924 0.7635279893875122
vt 0.24531899392604828 0.8956630229949951
vt 0.2609820067882538 0.8909879922866821
vt 0.22921699285507202 0.8985030055046082
vt 0.21289199590682983 0.8994699716567993
vt 0.19656400382518768 0.8985469937324524
vt 0.18045000731945038 0.8957509994506836
vt 0.16476699709892273 0.8911200165748596
vt 0.14972299337387085 0.8847209811210632
vt 0.1355219930410385 0.8766440153121948
vt 0.12235900014638901 0.8670079708099365
vt 0.11044199764728546 0.8559650182723999
vt 0.1000789999961853 0.8437209725379944
vt 0.31510698795318604 0.8556169867515564
vt 0.3254989981651306 0.8432319760322571
vt 0.3032509982585907 0.8667299747467041
vt 0.2901490032672882 0.8764179944992065
vt 0.2759949862957001 0.8845419883728027
vt 0.8914819955825806 0.7536259889602661
vt 0.8867670297622681 0.7402210235595703
vt 0.8909710049629211 0.7396230101585388
vt 0.8951380252838135 0.7514640092849731
vt 0.8875399827957153 0.7260349988937378
vt 0.8916540145874023 0.7270910143852234
vt 0.8936790227890015 0.7132250070571899
vt 0.8970770239830017 0.7157719731330872
vt 0.9042500257492065 0.7037360072135925
vt 0.9064170122146606 0.7073879837989807
vt 0.9176499843597412 0.6990110278129578
vt 0.9182549715042114 0.7032150030136108
vt 0.931842029094696 0.699774980545044
vt 0.9307910203933716 0.7038900256156921
vt 0.9446619749069214 0.7059159874916077
vt 0.9421129822731018 0.7093139886856079
vt 0.95415198802948 0.7164980173110962
vt 0.9504960179328918 0.7186599969863892
vt 0.9588670134544373 0.729902982711792
vt 0.954662024974823 0.7305009961128235
vt 0.958092987537384 0.7440879940986633
vt 0.9539790153503418 0.7430329918861389
vt 0.9519540071487427 0.7568989992141724
vt 0.9485560059547424 0.7543519735336304
vt 0.9413830041885376 0.766389012336731
vt 0.9392150044441223 0.7627360224723816
vt 0.927981972694397 0.7711129784584045
vt 0.9273769855499268 0.7669090032577515
vt 0.9137899875640869 0.7703490257263184
vt 0.9148420095443726 0.7662330269813538
vt 0.9009720087051392 0.7642080187797546
vt 0.9035199880599976 0.7608100175857544
vt 0.49733901023864746 0.9705820083618164
vt 0.4857900142669678 0.9705820083618164
vt 0.48579099774360657 0.9556319713592529
vt 0.49733901023864746 0.9556319713592529
vt 0.4742420017719269 0.9705820083618164
vt 0.4742420017719269 0.9556310176849365
vt 0.4626930058002472 0.9705809950828552
vt 0.4626930058002472 0.9556310176849365
vt 0.4511440098285675 0.9705809950828552
vt 0.4511440098285675 0.9556310176849365
vt 0.4395950138568878 0.9705809950828552
vt 0.4395959973335266 0.9556310176849365
vt 0.42804598808288574 0.9705809950828552
vt 0.4280470013618469 0.9556310176849365
vt 0.41649800539016724 0.970579981803894
vt 0.41649800539016724 0.9556300044059753
vt 0.40494900941848755 0.970579981803894
vt 0.40494900941848755 0.9556300044059753
vt 0.39340001344680786 0.9705790281295776
vt 0.39340099692344666 0.9556289911270142
vt 0.3818509876728058 0.9705790281295776
vt 0.38185200095176697 0.9556289911270142
vt 0.3703019917011261 0.9705780148506165
vt 0.3703030049800873 0.955627977848053
vt 0.5550829768180847 0.9705820083618164
vt 0.543533980846405 0.9705820083618164
vt 0.543533980846405 0.9556319713592529
vt 0.5550829768180847 0.9556319713592529
vt 0.5319849848747253 0.9705820083618164
vt 0.5319849848747253 0.9556319713592529
vt 0.5204359889030457 0.9705820083618164
vt 0.5204359889030457 0.9556319713592529
vt 0.5088880062103271 0.9705820083618164
vt 0.5088880062103271 0.9556319713592529
vt 0.18207399547100067 0.769802987575531
vt 0.2106969952583313 0.7686529755592346
vt 0.21116399765014648 0.7875620126724243
vt 0.18277600407600403 0.7887089848518372
vt 0.23932699859142303 0.7678470015525818
vt 0.2395630031824112 0.7867599725723267
vt 0.2679640054702759 0.7673879861831665
vt 0.267969012260437 0.7863029837608337
vt 0.2966029942035675 0.7672770023345947
vt 0.2963779866695404 0.7861899733543396
vt 0.3252420127391815 0.7675129771232605
vt 0.3247869908809662 0.7864220142364502
vt 0.353875994682312 0.7680929899215698
vt 0.35318899154663086 0.7869970202445984
vt 0.38250699639320374 0.7690079808235168
vt 0.3815799951553345 0.7879080176353455
vt 0.4111489951610565 0.7702360153198242
vt 0.409947007894516 0.7891359925270081
vt 0.4398910105228424 0.7717519998550415
vt 0.43826600909233093 0.7906450033187866
vt 0.4690670073032379 0.7737200260162354
vt 0.4664759933948517 0.792451024055481
vt 0.4995400011539459 0.7778670191764832
vt 0.4944790005683899 0.7954810261726379
vt 0.03587299957871437 0.7829980254173279
vt 0.06666599959135056 0.7777190208435059
vt 0.0695049986243248 0.7967939972877502
vt 0.04205099865794182 0.8008570075035095
vt 0.096001997590065 0.775177001953125
vt 0.09770900011062622 0.7941719889640808
vt 0.12480100244283676 0.7730919718742371
vt 0.1260409951210022 0.7920160293579102
vt 0.15345199406147003 0.7712910175323486
vt 0.1544010043144226 0.7901960015296936
vt 0.18404200673103333 0.8131319880485535
vt 0.21212899684906006 0.8119909763336182
vt 0.21256999671459198 0.8264449834823608
vt 0.1846580058336258 0.827580988407135
vt 0.24022899568080902 0.8111969828605652
vt 0.2404939979314804 0.8256539702415466
vt 0.26833799481391907 0.8107460141181946
vt 0.2684270143508911 0.8252050280570984
vt 0.2964499890804291 0.8106369972229004
vt 0.2963640093803406 0.8250960111618042
vt 0.3245620131492615 0.8108699917793274
vt 0.32430100440979004 0.82532799243927
vt 0.35266900062561035 0.811447024345398
vt 0.35223498940467834 0.825901985168457
vt 0.3807690143585205 0.8123720288276672
vt 0.38016799092292786 0.8268269896507263
vt 0.4088590145111084 0.8136590123176575
vt 0.40811699628829956 0.8281270265579224
vt 0.4369319975376129 0.8153160214424133
vt 0.4361580014228821 0.8298479914665222
vt 0.4649460017681122 0.8172169923782349
vt 0.4646100103855133 0.8319240212440491
vt 0.49255800247192383 0.8181549906730652
vt 0.494610995054245 0.8324729800224304
vt 0.0442500002682209 0.8235430121421814
vt 0.07213299721479416 0.8215159773826599
vt 0.07271599769592285 0.835981011390686
vt 0.04300399869680405 0.8375939726829529
vt 0.09999000281095505 0.8188030123710632
vt 0.1009650006890297 0.8332679867744446
vt 0.12794999778270721 0.8165010213851929
vt 0.1288820058107376 0.8309469819068909
vt 0.15597699582576752 0.8146269917488098
vt 0.1567630022764206 0.8290709853172302
vt 0.21164000034332275 0.7997829914093018
vt 0.18340300023555756 0.8009269833564758
vt 0.21164000034332275 0.7997829914093018
vt 0.18340300023555756 0.8009269833564758
vt 0.1551869958639145 0.8024179935455322
vt 0.1551869958639145 0.8024179935455322
vt 0.239888995885849 0.7989850044250488
vt 0.239888995885849 0.7989850044250488
vt 0.26814600825309753 0.7985299825668335
vt 0.26814600825309753 0.7985299825668335
vt 0.296407014131546 0.7984200119972229
vt 0.296407014131546 0.7984200119972229
vt 0.3246670067310333 0.7986519932746887
vt 0.3246670067310333 0.7986519932746887
vt 0.3529210090637207 0.7992280125617981
vt 0.3529210090637207 0.7992280125617981
vt 0.38116300106048584 0.8001469969749451
vt 0.38116300106048584 0.8001469969749451
vt 0.4093779921531677 0.8014060258865356
vt 0.4093779921531677 0.8014060258865356
vt 0.437516987323761 0.8029929995536804
vt 0.437516987323761 0.8029929995536804
vt 0.4653890132904053 0.8048530220985413
vt 0.4653890132904053 0.8048530220985413
vt 0.4922710061073303 0.8067770004272461
vt 0.4922710061073303 0.8067770004272461
vt 0.04436900094151497 0.8119789958000183
vt 0.07113199681043625 0.809099018573761
vt 0.04436900094151497 0.8119789958000183
vt 0.07113199681043625 0.809099018573761
vt 0.09892299771308899 0.8064849972724915
vt 0.09892299771308899 0.8064849972724915
vt 0.12700800597667694 0.8042640089988708
vt 0.12700800597667694 0.8042640089988708
vt 0.6034349799156189 0.5511019825935364
vt 0.601502001285553 0.5560879707336426
vt 0.5829290151596069 0.537431001663208
vt 0.5879390239715576 0.5355709791183472
vt 0.601502001285553 0.5560879707336426
vt 0.6034349799156189 0.5511019825935364
vt 0.7413309812545776 0.5515270233154297
vt 0.7431640028953552 0.5565410256385803
vt 0.7431640028953552 0.5565410256385803
vt 0.7413309812545776 0.5515270233154297
vt 0.7568860054016113 0.5360530018806458
vt 0.7618740200996399 0.5379729866981506
vt 0.5879390239715576 0.5355709791183472
vt 0.5829290151596069 0.537431001663208
vt 0.5833389759063721 0.3957180082798004
vt 0.5883259773254395 0.3976370096206665
vt 0.8824359774589539 0.29494398832321167
vt 0.8884109854698181 0.29727301001548767
vt 0.8658090233802795 0.319691002368927
vt 0.8635939955711365 0.31367599964141846
vt 0.8884109854698181 0.29727301001548767
vt 0.8824359774589539 0.29494398832321167
vt 0.8832240104675293 0.1293250024318695
vt 0.8892390131950378 0.12711000442504883
vt 0.8892390131950378 0.12711000442504883
vt 0.8832240104675293 0.1293250024318695
vt 0.8644909858703613 0.11048100143671036
vt 0.8668199777603149 0.10450500249862671
vt 0.8635939955711365 0.31367599964141846
vt 0.8658090233802795 0.319691002368927
vt 0.6956449747085571 0.3188669979572296
vt 0.6979740262031555 0.31289198994636536
vt 0.6979740262031555 0.31289198994636536
vt 0.6956449747085571 0.3188669979572296
vt 0.673225998878479 0.2962619960308075
vt 0.6792410016059875 0.294048011302948
vt 0.7618740200996399 0.5379729866981506
vt 0.7568860054016113 0.5360530018806458
vt 0.7572730183601379 0.3981199860572815
vt 0.7622830271720886 0.39625900983810425
vt 0.6792410016059875 0.294048011302948
vt 0.673225998878479 0.2962619960308075
vt 0.6740540266036987 0.12609900534152985
vt 0.6800289750099182 0.12842799723148346
vt 0.6800289750099182 0.12842799723148346
vt 0.6740540266036987 0.12609900534152985
vt 0.6966559886932373 0.10368199646472931
vt 0.6988710165023804 0.10969600081443787
vt 0.8668199777603149 0.10450500249862671
vt 0.8644909858703613 0.11048100143671036
vt 0.6988710165023804 0.10969600081443787
vt 0.6966559886932373 0.10368199646472931
vt 0.5883259773254395 0.3976370096206665
vt 0.5833389759063721 0.3957180082798004
vt 0.6020479798316956 0.37714898586273193
vt 0.6038820147514343 0.38216298818588257
vt 0.6038820147514343 0.38216298818588257
vt 0.6020479798316956 0.37714898586273193
vt 0.7437099814414978 0.3776020109653473
vt 0.7417770028114319 0.3825879991054535
vt 0.7417770028114319 0.3825879991054535
vt 0.7437099814414978 0.3776020109653473
vt 0.7622830271720886 0.39625900983810425
vt 0.7572730183601379 0.3981199860572815
vt 0.5471950173377991 0.06237100064754486
vt 0.5471950173377991 0.0421379990875721
vt 0.9467710256576538 0.0421379990875721
vt 0.9467710256576538 0.06237100064754486
vt 0.9482030272483826 0.07220599800348282
vt 0.9482030272483826 0.09243900328874588
vt 0.5486270189285278 0.09243900328874588
vt 0.5486270189285278 0.07220599800348282
vt 0.5486270189285278 0.09243900328874588
vt 0.5486270189285278 0.07220599800348282
vt 0.9482030272483826 0.07220599800348282
vt 0.9482030272483826 0.09243900328874588
vt 0.5486270189285278 0.09243900328874588
vt 0.5486270189285278 0.07220599800348282
vt 0.9482030272483826 0.07220599800348282
vt 0.9482030272483826 0.09243900328874588
vt 0.7792080044746399 0.348035991191864
vt 0.795615017414093 0.33162200450897217
vt 0.9414610266685486 0.33159399032592773
vt 0.9578740000724792 0.34800100326538086
vt 0.9579030275344849 0.4938470125198364
vt 0.9414960145950317 0.5102609992027283
vt 0.7956500053405762 0.5102890133857727
vt 0.7792360186576843 0.4938820004463196
vt 0.5883259773254395 0.3976370096206665
vt 0.6038820147514343 0.38216298818588257
vt 0.7417770028114319 0.3825879991054535
vt 0.7572730183601379 0.3981199860572815
vt 0.7568860054016113 0.5360530018806458
vt 0.7413309812545776 0.5515270233154297
vt 0.6034349799156189 0.5511019825935364
vt 0.5879390239715576 0.5355709791183472
vt 0.4596570134162903 0.0407710000872612
vt 0.53889399766922 0.0407710000872612
vt 0.53889399766922 0.06346999853849411
vt 0.4596570134162903 0.06346999853849411
vt 0.4596570134162903 0.0407710000872612
vt 0.53889399766922 0.0407710000872612
vt 0.53889399766922 0.06346999853849411
vt 0.4596570134162903 0.06346999853849411
vt 0.53889399766922 0.09640199691057205
vt 0.4596570134162903 0.09640199691057205
vt 0.4596570134162903 0.07370399683713913
vt 0.53889399766922 0.07370399683713913
vt 0.53889399766922 0.06346999853849411
vt 0.4596570134162903 0.06346999853849411
vt 0.4596570134162903 0.0407710000872612
vt 0.53889399766922 0.0407710000872612
vt 0.8824359774589539 0.29494398832321167
vt 0.8635939955711365 0.31367599964141846
vt 0.8594580292701721 0.3085959851741791
vt 0.87739497423172 0.29076600074768066
vt 0.6979740262031555 0.31289198994636536
vt 0.7021520137786865 0.3078500032424927
vt 0.6792410016059875 0.294048011302948
vt 0.6843219995498657 0.28991198539733887
vt 0.6800289750099182 0.12842799723148346
vt 0.6850699782371521 0.13260599970817566
vt 0.6988710165023804 0.10969600081443787
vt 0.7030069828033447 0.11477699875831604
vt 0.8644909858703613 0.11048100143671036
vt 0.8603129982948303 0.11552199721336365
vt 0.8832240104675293 0.1293250024318695
vt 0.8781430125236511 0.13346000015735626
vt 0.8567839860916138 0.3050520122051239
vt 0.8738769888877869 0.28807100653648376
vt 0.7048460245132446 0.3043319880962372
vt 0.6878650188446045 0.2872380018234253
vt 0.68858802318573 0.13530099391937256
vt 0.7056810259819031 0.11832000315189362
vt 0.8576189875602722 0.11903999745845795
vt 0.8745999932289124 0.13613399863243103
vn 0.6935232390100557 0.7071032694947793 -0.1379510174764747
vn 0.6935232390100557 0.7071032694947793 -0.1379510174764747
vn 0.6935232390100557 0.7071032694947793 -0.1379510174764747
vn 0.6935232390100557 0.7071032694947793 -0.1379510174764747
vn 0.6469132305086809 0.7139332412581154 -0.26796007019610985
vn 0.6469130489628442 0.7139330594292947 -0.2679609929365172
vn 0.4951260566139138 0.7139330550035582 -0.49512602540690764
vn 0.49512678281647166 0.7139327297922501 -0.49512576813290216
vn 0.2679619778016738 0.7139309897882778 -0.646914925065534
vn 0.2679610333264642 0.7139311733135095 -0.6469151137435336
vn 0 0.71393107294786 -0.7002159831648498
vn 0 0.71393107294786 -0.7002159831648498
vn -0.2679599395869702 0.7139328064747134 -0.6469137644351732
vn -0.2679599395869702 0.7139328064747134 -0.6469137644351732
vn -0.49512491493674 0.713933935823408 -0.4951258970086132
vn -0.4951260566139138 0.7139330550035582 -0.49512602540690764
vn -0.6469130489628442 0.7139330594292947 -0.2679609929365172
vn -0.6469130489628442 0.7139330594292947 -0.2679609929365172
vn -0.7002150211578694 0.7139320164727756 3.1206961167622824e-8
vn -0.7002150211578694 0.7139320164727756 3.1206961167622824e-8
vn -0.6469130489628442 0.7139330360033967 0.2679610553505297
vn -0.6469137956421684 0.7139327664843103 0.26795997079396433
vn -0.4951260566139138 0.7139330117182614 0.4951260878209189
vn -0.4951260566139138 0.7139330117182614 0.4951260878209189
vn -0.2679601014031243 0.71393320126773 0.6469132617156944
vn -0.2679610241435237 0.7139330194388767 0.6469130801698496
vn 0 0.7139329599964521 0.7002140591495607
vn 0 0.7139329599964521 0.7002140591495607
vn 0.2679601014031243 0.71393320126773 0.6469132617156944
vn 0.2679601014031243 0.71393320126773 0.6469132617156944
vn 0.4951260566139138 0.7139330117182614 0.4951260878209189
vn 0.4951260566139138 0.7139330117182614 0.4951260878209189
vn 0.6469137956421684 0.7139327664843103 0.26795997079396433
vn 0.6469136467911731 0.7139325611327315 0.267960877274657
vn 0.7002140279425577 0.7139329906037809 3.120700374824361e-8
vn 0.7002140279425577 0.7139329906037809 3.120700374824361e-8
vn 0.9238797446055949 1.6727602570700275e-8 -0.3826829203237329
vn 0.7071067811865476 3.090862064272307e-8 -0.7071067811865468
vn 0.7071067811865476 3.090862064272307e-8 -0.7071067811865468
vn 0.9238797446055949 1.6727602570700275e-8 -0.3826829203237329
vn 0.3826840809881512 4.038404728331141e-8 -0.9238792638425503
vn 0.3826840809881512 4.038404728331141e-8 -0.9238792638425503
vn 9.99999997474743e-7 4.3711390507162114e-8 -0.9999999999994991
vn 9.99999997474743e-7 4.3711390507162114e-8 -0.9999999999994991
vn -0.38268292032373347 4.038406829813255e-8 -0.9238797446055941
vn -0.38268292032373347 4.038406829813255e-8 -0.9238797446055941
vn -0.7071067811865476 3.090862064272307e-8 -0.7071067811865468
vn -0.7071067811865476 3.090862064272307e-8 -0.7071067811865468
vn -0.9238792638425511 1.6727653304955887e-8 -0.3826840809881507
vn -0.9238792638425511 1.6727653304955887e-8 -0.3826840809881507
vn -1 0 0
vn -1 0 0
vn -0.9238797446055949 -1.6727602570700275e-8 0.3826829203237329
vn -0.9238797446055949 -1.6727602570700275e-8 0.3826829203237329
vn -0.7071067811865476 -3.090862064272307e-8 0.7071067811865468
vn -0.7071067811865476 -3.090862064272307e-8 0.7071067811865468
vn -0.3826840809881512 -4.038404728331141e-8 0.9238792638425503
vn -0.3826840809881512 -4.038404728331141e-8 0.9238792638425503
vn 0 -4.371139050718397e-8 0.9999999999999991
vn 0 -4.371139050718397e-8 0.9999999999999991
vn 0 -4.371139050718397e-8 0.9999999999999991
vn 0.3826840809881512 -4.038404728331141e-8 0.9238792638425503
vn 0.3826840809881512 -4.038404728331141e-8 0.9238792638425503
vn 0 -4.371139050718397e-8 0.9999999999999991
vn 0.7071067811865476 -3.090862064272307e-8 0.7071067811865468
vn 0.7071067811865476 -3.090862064272307e-8 0.7071067811865468
vn 0.9238792638425511 -1.6727653304955887e-8 0.3826840809881507
vn 0.9238792638425511 -1.6727653304955887e-8 0.3826840809881507
vn 1 0 0
vn 1 0 0
vn 0 0.9999999999285236 -0.000011956289033082216
vn -0.000004999999872816877 0.9999999998262858 -0.000017956289243034823
vn -0.0000030000001060750673 0.9999999999876741 -0.000003956288599344331
vn -0.000025999999696322647 0.9999999995905238 -0.000011956289029040991
vn 0.000007999999978101945 0.9999999997883298 -0.00001895628776168634
vn 0.000028000000370712155 0.9999999995240674 -0.000012956288456810451
vn 0 0.9999999999817368 0.000006043711602623523
vn -0.000012000000418540265 0.9999999995062314 0.00002904371209879303
vn -0.00002300000050262528 0.9999999996640236 -0.000011956289029919778
vn -0.000012000000416236266 0.999999999317029 -0.000034956289520380233
vn 0.000004999999873626877 0.9999999999874991 4.371139050663758e-8
vn 0.000004999999873536877 0.9999999999692368 0.000006043711602547977
vn -0.000007999999979401944 0.9999999999497369 0.000006043711602430125
vn -0.000007000000095842039 0.9999999999754992 4.371139050611305e-8
vn 0 0.9999999999817368 0.000006043711602623523
vn 0 0.9999999999817368 0.000006043711602623523
vn 0 0.9999999999999991 4.371139050718397e-8
vn 0 0.9999999999999991 4.371139050718397e-8
vn 0 0.9999999999999991 4.371139050718397e-8
vn 0 0.9999999999999991 4.371139050718397e-8
vn 0 0.9999999999999991 4.371139050718397e-8
vn 0 0.9999999999999991 4.371139050718397e-8
vn 0 0.9999999999999991 4.371139050718397e-8
vn 0 0.9999999999999991 4.371139050718397e-8
vn 0 0.9999999999999991 4.371139050718397e-8
vn 0 0.9999999999999991 4.371139050718397e-8
vn 0 0.9999999999999991 4.371139050718397e-8
vn 0 0.9999999999999991 4.371139050718397e-8
vn 0 0.9999999999999991 4.371139050718397e-8
vn 0 0.9999999999999991 4.371139050718397e-8
vn 0 0.9999999999999991 4.371139050718397e-8
vn 0 0.9999999999999991 4.371139050718397e-8
vn 0 0.9999999999999991 4.371139050718397e-8
vn 0 0.9999999999999991 4.371139050718397e-8
vn 0 0.9999999999999991 4.371139050718397e-8
vn 0 0.9999999999999991 4.371139050718397e-8
vn 0 0.9999999999999991 4.371139050718397e-8
vn 0 0.9999999999999991 4.371139050718397e-8
vn 0 0.9999999999999991 4.371139050718397e-8
vn 0 0.9999999999999991 4.371139050718397e-8
vn 0 0.9999999999999991 4.371139050718397e-8
vn 0 0.9999999999999991 4.371139050718397e-8
vn 0 0.9999999999999991 4.371139050718397e-8
vn 0 0.9999999999999991 4.371139050718397e-8
vn 0 0.9999999999999991 4.371139050718397e-8
vn 0 0.9999999999999991 4.371139050718397e-8
vn 0 0.9999999999999991 4.371139050718397e-8
vn 0 0.9999999999999991 4.371139050718397e-8
vn 0 0.9999999999999991 4.371139050718397e-8
vn 0.7002047123309639 0.13938998600499358 -0.7002026796799907
vn 0.37894800283732905 0.13939004657164228 -0.9148600035318819
vn 0.37894800283732905 0.13939004657164228 -0.9148600035318819
vn 0.7002047123309639 0.13938998600499358 -0.7002026796799907
vn 0 0.13938999513823436 -0.9902375620301236
vn 0 0.13938999513823436 -0.9902375620301236
vn -0.37894800283732905 0.13939004657164228 -0.9148600035318819
vn -0.37894800283732905 0.13939004657164228 -0.9148600035318819
vn -0.700203699052661 0.139389986005181 -0.7002036929597315
vn -0.700203699052661 0.139389986005181 -0.7002036929597315
vn -0.914860009624814 0.13939002314618326 -0.3789479967443976
vn -0.914860009624814 0.13939002314618326 -0.3789479967443976
vn -0.9902375681230531 0.13938995185357328 6.0929286182491205e-9
vn -0.9902375681230531 0.13938995185357328 6.0929286182491205e-9
vn -0.9148603593413536 0.13939003933530114 0.378947146499235
vn -0.9148603593413536 0.13939003933530114 0.378947146499235
vn -0.7002041975447665 0.13939000664374768 0.7002031903587311
vn -0.7002041975447665 0.13939000664374768 0.7002031903587311
vn -0.37894714040630234 0.13939001590978917 0.9148603654342856
vn -0.37894714040630234 0.13939001590978917 0.9148603654342856
vn 9.999995771402104e-7 0.13938990856884256 0.9902375742154856
vn 9.999995771402104e-7 0.13938990856884256 0.9902375742154856
vn 9.999995771402104e-7 0.13938990856884256 0.9902375742154856
vn 0.37894714040630234 0.13939001590978917 0.9148603654342856
vn 0.37894714040630234 0.13939001590978917 0.9148603654342856
vn 9.999995771402104e-7 0.13938990856884256 0.9902375742154856
vn 0.700203699052661 0.13938992479142637 0.700203705145589
vn 0.700203699052661 0.13938992479142637 0.700203705145589
vn 0.914860009624814 0.139389990017495 0.3789480089302596
vn 0.914860009624814 0.139389990017495 0.3789480089302596
vn 0.9902375681225581 0.1393899518534599 0.0000010060925057584553
vn 0.9902375681225581 0.1393899518534599 0.0000010060925057584553
vn 0.9148605276790065 0.13938995165843288 -0.3789467723461295
vn 0.9148605276790065 0.13938995165843288 -0.3789467723461295
vn 0.42013795083120936 0.8043449280851347 -0.4201349056375489
vn 0.42013775613670634 0.8043446022076922 -0.4201357242222601
vn 0.548935854080667 0.8043447899143675 -0.22737389261377552
vn 0.5489350037072682 0.8043450646272737 -0.22737497380901103
vn 0.22737797670487325 0.8043449679850464 -0.5489339014733312
vn 0.22737703888445412 0.8043451501689904 -0.5489340229825092
vn 0 0.8043448026405533 -0.5941628046799374
vn 0 0.8043448026405533 -0.5941628046799374
vn -0.2273769632966549 0.8043438877521435 -0.548935904088773
vn -0.22737588533138742 0.8043436313571227 -0.5489367262854661
vn -0.4201369375530766 0.8043449280868064 -0.42013591891738183
vn -0.4201367481188055 0.8043446122797758 -0.42013671295978444
vn -0.5489361578069881 0.804344261829303 -0.2273750274642651
vn -0.548936034438974 0.8043440769217213 -0.22737597941593946
vn -0.594163319252687 0.8043444225291173 -9.648414871847253e-7
vn -0.594163319252687 0.8043444225291173 -9.648414871847253e-7
vn -0.5489361578069881 0.8043442419515426 0.22737509778227652
vn -0.5489361578069881 0.8043442419515426 0.22737509778227652
vn -0.42013894881435804 0.8043438487933109 0.42013597393883045
vn -0.42013894881435804 0.8043438487933109 0.42013597393883045
vn -0.22737992013140926 0.8043437501029738 0.5489348810116904
vn -0.22737992013140926 0.8043437501029738 0.5489348810116904
vn 0 0.8043417615454391 0.5941669215245663
vn 0 0.8043417615454391 0.5941669215245663
vn 0.22737910375199363 0.8043423239636219 0.5489373088593447
vn 0.22737804314726143 0.8043420831611291 0.5489381010191746
vn 0.4201369375530766 0.8043448913573528 0.4201359892354507
vn 0.42013795083120936 0.8043448913557696 0.4201349759556178
vn 0.5489361578069881 0.8043442419515426 0.22737509778227652
vn 0.5489361578069881 0.8043442419515426 0.22737509778227652
vn 0.5941628398389666 0.8043447766688692 3.515902863538665e-8
vn 0.5941628398389666 0.8043447766688692 3.515902863538665e-8
vn 0.5608226767983278 -0.6090706462323663 -0.5608126898411324
vn 0.5608239784129463 -0.6090709933393105 -0.5608110112236928
vn 0.30351708876895206 -0.6090651142775121 -0.7327462476160087
vn 0.3035188981411727 -0.6090647394533409 -0.7327458096951508
vn 0.7327468988799798 -0.6090688671320318 -0.3035079855164872
vn 0.7327468988799798 -0.6090688671320318 -0.3035079855164872
vn 0 -0.6090567008154399 -0.7931266829402551
vn 0 -0.6090567008154399 -0.7931266829402551
vn -0.30351393330912774 -0.6090588031821536 -0.7327528004406023
vn -0.3035150333759416 -0.6090590365443227 -0.7327521508112429
vn -0.5608221866902537 -0.6090641945178031 -0.5608201867553825
vn -0.5608211734118723 -0.6090641945183841 -0.5608212000349155
vn -0.7327487288929394 -0.6090637163337432 -0.30351390372025977
vn -0.7327491668065275 -0.6090640911518845 -0.3035120943449683
vn -0.7931205716095892 -0.6090646590352983 0.0000019733758936309215
vn -0.7931210652166429 -0.6090640162624315 0.0000019733771008841643
vn -0.7327491668065275 -0.6090641176857535 0.30351204109889046
vn -0.7327500581332062 -0.6090640558010332 0.30351001340479566
vn -0.560821091023189 -0.6090671394302875 0.5608180841679117
vn -0.5608221042998357 -0.6090671394277785 0.5608170708867262
vn -0.30351284430953457 -0.6090727227819482 0.7327416814281279
vn -0.30351284430953457 -0.6090727227819482 0.7327416814281279
vn 0 -0.609069780977819 0.7931166382693227
vn 0 -0.609069780977819 0.7931166382693227
vn 0.30351100898367006 -0.6090660719821499 0.7327479698954814
vn 0.3035098768400563 -0.60906577465046 0.7327486859831063
vn 0.5608201239093722 -0.609066176288033 0.5608200972862432
vn 0.5608208114864238 -0.609065843077458 0.5608197715844676
vn 0.7327487288929394 -0.6090637428677704 0.30351385047421475
vn 0.7327491668065275 -0.6090641176857535 0.30351204109889046
vn 0.7931197216775511 -0.6090657658136136 -2.6623111534035955e-8
vn 0.7931197216775511 -0.6090657658136136 -2.6623111534035955e-8
vn 0.9148608701918949 0.13939000314041158 -0.3789459265069953
vn 0.7002041975447665 0.13939006785745733 -0.7002031781728665
vn 0.69936834542347 0.14754409906744786 -0.6993673256951695
vn 0.9137686824810877 0.1475439492778865 -0.3784938281508187
vn 0.37894800283732905 0.13939004657164228 -0.9148600035318819
vn 0.3784959080111828 0.1475440124081953 -0.9137678107819736
vn 0 0.13938999513823436 -0.9902375620301236
vn 0 0.14754396387023422 -0.989055498304043
vn -0.37894800283732905 0.13939004657164228 -0.9148600035318819
vn -0.3784959080111828 0.1475440124081953 -0.9137678107819736
vn -0.700203699052661 0.139389986005181 -0.7002036929597315
vn -0.6993678488987036 0.14754400318054425 -0.6993678424493506
vn -0.914860009624814 0.13939002314618326 -0.3789479967443976
vn -0.9137678172313265 0.14754398901071583 -0.37849590156183005
vn -0.9902375681230531 0.13938995185357328 6.0929286182491205e-9
vn -0.9890554821312825 0.147544072283695 6.4493565606127784e-9
vn -0.9148603593413536 0.13939003933530114 0.378947146499235
vn -0.9137681588285906 0.14754399803664775 0.37849507335547866
vn -0.7002047123309639 0.1393899247913275 0.7002026918658483
vn -0.6993688621769868 0.1475439420397547 0.6993668420683357
vn -0.3789459325999259 0.1393899465863172 0.914860876284824
vn -0.3784930132767776 0.1475439575187812 0.9137690186805204
vn 0 0.13938990856891229 0.9902375742159808
vn 0 0.14754387740425143 0.989055511202743
vn 0 0.13938990856891229 0.9902375742159808
vn 0.3789459325999259 0.1393899465863172 0.914860876284824
vn 0.3784930132767776 0.1475439575187812 0.9137690186805204
vn 0 0.14754387740425143 0.989055511202743
vn 0.7002041975447665 0.13939000664374768 0.7002031903587311
vn 0.6993678488987036 0.1475439420398619 0.699367855348055
vn 0.914860009624814 0.139389990017495 0.3789480089302596
vn 0.9137681588285906 0.14754399803664775 0.37849507335547866
vn 0.9902375681230531 0.13938995185357328 6.0929286182491205e-9
vn 0.9890555047533941 0.1475439206372428 6.449349931935487e-9
vn 0.7002041975447665 0.13939006785745733 -0.7002031781728665
vn 0.37894800283732905 0.13939004657164228 -0.9148600035318819
vn 0.37894800283732905 0.13939004657164228 -0.9148600035318819
vn 0.7002041975447665 0.13939006785745733 -0.7002031781728665
vn 0 0.13938999513823436 -0.9902375620301236
vn 0 0.13938999513823436 -0.9902375620301236
vn -0.37894714040630234 0.139390095889426 -0.9148603532484194
vn -0.37894714040630234 0.139390095889426 -0.9148603532484194
vn -0.7002031842657996 0.1393900678575016 -0.7002041914518334
vn -0.7002031842657996 0.1393900678575016 -0.7002041914518334
vn -0.914860009624814 0.13939002314618326 -0.3789479967443976
vn -0.914860009624814 0.13939002314618326 -0.3789479967443976
vn -0.9902375681230531 0.13938995185357328 6.0929286182491205e-9
vn -0.9902375681230531 0.13938995185357328 6.0929286182491205e-9
vn -0.9148603593413536 0.13939003933530114 0.378947146499235
vn -0.9148603593413536 0.13939003933530114 0.378947146499235
vn -0.700203699052661 0.13938992479142637 0.700203705145589
vn -0.700203699052661 0.13938992479142637 0.700203705145589
vn -0.37894800283732905 0.13938996659203598 0.914860015717744
vn -0.37894714040630234 0.13939001590978917 0.9148603654342856
vn 0 0.13938990856891229 0.9902375742159808
vn 0 0.13938990856891229 0.9902375742159808
vn 0 0.13938990856891229 0.9902375742159808
vn 0.37894714040630234 0.13939001590978917 0.9148603654342856
vn 0.37894714040630234 0.13939001590978917 0.9148603654342856
vn 0 0.13938990856891229 0.9902375742159808
vn 0.7002031842657996 0.1393900066437034 0.7002042036376981
vn 0.7002031842657996 0.1393900066437034 0.7002042036376981
vn 0.914860009624814 0.139389990017495 0.3789480089302596
vn 0.914860009624814 0.139389990017495 0.3789480089302596
vn 0.9902375681230531 0.13938995185357328 6.0929286182491205e-9
vn 0.9902375681230531 0.13938995185357328 6.0929286182491205e-9
vn 0.914860009624814 0.13939002314618326 -0.3789479967443976
vn 0.914860009624814 0.13939002314618326 -0.3789479967443976
vn -0.09851799196823227 0.9902469356663859 0.09851503266953822
vn -0.05331698302269259 0.9902477061992516 0.12871200289203208
vn -0.05331598063155782 0.9902476316596365 0.12871299158117844
vn -0.09851799196823227 0.9902469356663859 0.09851503266953822
vn 0.05334201930641325 -0.990236336341212 -0.128789080149864
vn 0.09856301045174265 -0.9902380754580256 -0.09855905277484873
vn 0.09856201207428886 -0.9902380754609503 -0.09856005115289343
vn 0.05334201930641325 -0.990236336341212 -0.128789080149864
vn 0 0.9902473993343676 0.13932009227502584
vn 0 0.9902473993343676 0.13932009227502584
vn 0 -0.9902361440504066 -0.13940006820723708
vn 0 -0.9902361440504066 -0.13940006820723708
vn 0.053317002579127845 0.9902470486513147 0.12871705354512142
vn 0.053317002579127845 0.9902470486513147 0.12871705354512142
vn -0.05334199570061451 -0.9902389452173368 -0.1287690291550403
vn -0.05334199570061451 -0.9902389452173368 -0.1287690291550403
vn 0.09851797922392455 0.9902468381365183 0.09851602575349078
vn 0.09851797922392455 0.9902468381365183 0.09851602575349078
vn -0.0985619571405495 -0.9902385839759015 -0.09855499688004733
vn -0.09856096406014782 -0.9902386815514443 -0.09855500962808206
vn 0.12871997124679652 0.9902467755352028 0.053315031129671904
vn 0.1287199643695958 0.9902467226286381 0.053316030384219
vn -0.1287760018908219 -0.9902380357905117 -0.053342045431012224
vn -0.1287760018908219 -0.9902380357905117 -0.053342045431012224
vn 0.13932495499004705 0.9902467151760816 4.3285060865517925e-8
vn 0.13932495499004705 0.9902467151760816 4.3285060865517925e-8
vn -0.1393860121081485 -0.9902381226894362 -0.0000010432847889619384
vn -0.1393860121081485 -0.9902381226894362 -0.0000010432847889619384
vn 0.1287199712467965 0.9902467801961471 -0.053314944559544684
vn 0.1287199712467965 0.9902467801961471 -0.053314944559544684
vn -0.1287750263543344 -0.9902382207195409 0.05334096749814438
vn -0.1287760219169366 -0.9902381990719026 0.05333896585127591
vn 0.09851797385778478 0.9902467484914314 -0.09851693219495136
vn 0.09851796118559368 0.9902466516865266 -0.09851791790053566
vn -0.09856195890658917 -0.990237597056548 0.0985649107551439
vn -0.09856195890658917 -0.990237597056548 0.0985649107551439
vn 0.05331697513801936 0.990247590180031 -0.12871289875056652
vn 0.05331697513801936 0.990247590180031 -0.12871289875056652
vn -0.05334201131506185 -0.99023621835224 0.12878999065268446
vn -0.05334201131506185 -0.99023621835224 0.12878999065268446
vn 0 0.9902492419920113 -0.13930699456325601
vn 0 0.9902492419920113 -0.13930699456325601
vn 0 -0.9902358798265124 0.1394019451234908
vn 0 -0.9902358798265124 0.1394019451234908
vn -0.05331702262120022 0.9902474438239233 -0.12871400506159528
vn -0.05331702262120022 0.9902474438239233 -0.12871400506159528
vn 0.05334102511482208 -0.9902374385904971 0.12878101666562283
vn 0.05334102511482208 -0.9902374385904971 0.12878101666562283
vn -0.09851795581925782 0.9902465534269254 -0.09851891091201898
vn -0.0985169628077017 0.9902466516855831 -0.0985189162782312
vn 0.09856203725222815 -0.9902373819661495 0.09856699330666722
vn 0.09856203725222815 -0.9902373819661495 0.09856699330666722
vn -0.12871898196746825 0.9902468547649017 -0.05331594798442878
vn -0.12871898196746825 0.9902468547649017 -0.05331594798442878
vn 0.1287759624336873 -0.9902377231686222 0.05334794385072863
vn 0.1287769448535786 -0.9902375958338131 0.053347935962400096
vn -0.13932397415724085 0.9902468531760303 4.328506689768758e-8
vn -0.13932397415724085 0.9902468531760303 4.328506689768758e-8
vn 0.13938699293094997 -0.9902379846268464 0.0000019567152626785877
vn 0.13938699293094997 -0.9902379846268464 0.0000019567152626785877
vn -0.12871995123219646 0.9902466169879368 0.053318024145007525
vn -0.1287199449719974 0.9902465642537963 0.05331901865148974
vn 0.1287769980521557 -0.9902380141217038 -0.05334004275382125
vn 0.1287769980521557 -0.9902380141217038 -0.05334004275382125
vn 0.6096047370015458 -0.5067237621783258 -0.6096007656402015
vn 0.6727761642116089 0.3078081338433949 -0.6727751374780141
vn 0.879025705593875 0.3078068979586474 -0.3640998798053428
vn 0.7964839129012564 -0.5067229372171385 -0.3299170219730103
vn 0.3299181267441392 -0.5067231605212219 -0.7964833132194435
vn 0.36410009323243026 0.30780810525220526 -0.8790251944336879
vn 0.9514495115415605 0.30780485211149533 -0.0000019865445033842558
vn 0.8621060001715384 -0.5067279787658682 -0.0000020221497214037094
vn 9.99999737817734e-7 -0.5067198332136974 -0.8621107879077273
vn 0.00000600000123014363 0.30780907220063414 -0.9514481462670389
vn -0.3299170242470938 -0.506717975207272 -0.7964870687674628
vn -0.3641048399789242 0.307806894877908 -0.8790236521104211
vn -0.6096001055036597 -0.5067180548153261 -0.6096101412329843
vn -0.6727751186604496 0.3078060601861105 -0.6727771317636492
vn -0.7964763555365956 -0.5067282120144314 -0.3299271650225248
vn -0.8790238693587388 0.30780497376871907 -0.36410593955719717
vn -0.8621000844176895 -0.5067380431956836 -0.0000050221503212757
vn -0.9514503961283565 0.30780211774951416 0.000004013455969045018
vn -0.7964759615921377 -0.5067419864237838 0.32990695930998115
vn -0.8790272487229196 0.30780105236688443 0.3641010960769726
vn -0.6095932296907627 -0.5067382367892985 0.6096002408881231
vn -0.6727792779256934 0.3078011078145943 0.6727752382645271
vn -0.3299099087909728 -0.5067278769847487 0.7964837165743323
vn -0.36410182584002965 0.3078078232323609 0.8790245755250035
vn 0.0000010000002898376388 -0.5067241917984909 0.8621082260628105
vn 0 0.30780783212347107 0.9514485474703555
vn 0 0.30780783212347107 0.9514485474703555
vn 0.0000010000002898376388 -0.5067241917984909 0.8621082260628105
vn 0.32991990311424624 -0.5067259400580371 0.796480809060322
vn 0.3641029890356221 0.30780797300909096 0.879024041268133
vn 0.6095993082853668 -0.5067272686388599 0.6096032796465282
vn 0.6727749939765377 0.3078109758529913 0.6727750074313841
vn 0.7964777260038534 -0.5067288583076259 0.32992286392122117
vn 0.8790202231733678 0.30780809737578224 0.36411210147720097
vn 0.4059588118656912 0.8187685394148001 -0.40597477992253583
vn 0.40596179702523616 0.8187685493526485 -0.4059717748156889
vn 0.530431765262035 0.8187616242617088 -0.21970786293924496
vn 0.5304318585273307 0.8187618226337249 -0.21970689851878322
vn 0.21968292794413033 0.8187637454203073 -0.5304388186729969
vn 0.21968407102306414 0.8187632443824647 -0.5304391186432555
vn 0.5741230412036605 0.8187690355177271 0.00000603579020181681
vn 0.5741230412036605 0.8187690355177271 0.00000603579020181681
vn 0.000010000001846208112 0.8187641236848326 -0.5741300459535348
vn 0.000011000002121662888 0.8187641236762355 -0.5741300459475064
vn -0.2196890476891075 0.8187761814582752 -0.5304170877734412
vn -0.21969201982542502 0.8187760916811138 -0.5304159953436789
vn -0.4059631103256523 0.8187732020419208 -0.40596107778054563
vn -0.4059611135702605 0.8187732020420081 -0.40596307453593744
vn -0.5304291262846246 0.8187691959813402 -0.2196860161708058
vn -0.5304281654178093 0.8187692768846803 -0.2196880346337388
vn -0.5741400608372531 0.8187571010627768 0.000001035789103322962
vn -0.5741400608372531 0.8187571010628643 -9.642110805727882e-7
vn -0.5304351588529927 0.8187682151917792 0.21967510565439274
vn -0.5304351588529927 0.8187682151917792 0.21967510565439274
vn -0.40595608043071596 0.8187771675296909 0.4059601097317156
vn -0.40595608043071596 0.8187771675296909 0.4059601097317156
vn -0.2196871029621406 0.8187713940164517 0.5304252832703756
vn -0.21968806738611768 0.8187711956615801 0.5304251900155753
vn -0.000016999997461476938 0.818769798078764 0.5741219534777086
vn -0.000015999997183068348 0.8187697980922738 0.5741219534871816
vn 0.21969807168603808 0.8187762870737297 0.5304131870751273
vn 0.21969902538625838 0.8187761083563359 0.5304130679283667
vn 0.40596894843095027 0.8187688696689489 0.405963977430141
vn 0.40596796004419977 0.8187688597661069 0.40596498579909596
vn 0.5304049596495918 0.8187719692937627 0.2197340234873257
vn 0.5304069978640603 0.8187719872879604 0.21972903642750266
vn -0.4951320912964155 0.7139191019353891 0.4951401095247742
vn -0.4951320912964155 0.7139191019353891 0.4951401095247742
vn -0.6469211132233692 0.7139230953139921 0.26796807131284356
vn -0.6469203613775447 0.7139233591306747 0.26796918353183935
vn -0.26796813637076594 0.7139183286477248 0.646926346588866
vn -0.2679661014111974 0.7139182466590481 0.6469272799795617
vn -0.7002235971897599 0.7139236050432903 0.000010031201400430344
vn -0.7002235971656022 0.7139236050185288 0.000013031199569213763
vn -0.000008999998799152506 0.7139438793106421 0.7002029256678889
vn -0.000007999998528428164 0.7139438793167107 0.7002029256738407
vn 0.2679899449083138 0.7139278075630323 0.6469068518854015
vn 0.2679890281005284 0.713927985406935 0.6469070354158544
vn 0.4951482126165953 0.7139112912255174 0.4951352500108484
vn 0.4951449663865238 0.7139109368025016 0.4951390073260868
vn 0.6469129909885236 0.7139229646164917 0.2679880271271127
vn 0.6469131745171074 0.7139231424593797 0.26798711031899014
vn 0.7002099656599091 0.713936974768159 0.000007031207178116829
vn 0.7002099656546577 0.7139369747627609 0.00000803120704815953
vn 0.6469229109522762 0.7139278976939483 -0.26795093614192234
vn 0.6469232516675141 0.7139282962620227 -0.2679490515906632
vn 0.4951311853261829 0.7139182935978079 -0.4951421809782353
vn 0.49513020184377327 0.7139182935894182 -0.49514316444894796
vn 0.2679520578378143 0.7139281797856238 -0.6469221350429019
vn 0.2679509673487032 0.7139279142593389 -0.646922879745495
vn 0 0.7139221607156948 -0.7002250698447134
vn 0 0.7139221607156948 -0.7002250698447134
vn -0.2679630304039793 0.7139041732709542 -0.6469440823773187
vn -0.2679619548689622 0.7139048416526229 -0.6469437903000136
vn -0.4951416845282018 0.7139245647514214 -0.4951226394410463
vn -0.4951439247706772 0.7139249296870843 -0.4951198728934049
vn -0.6469242054296998 0.7139191768501191 -0.26797104573964736
vn -0.6469260355945711 0.7139190444136982 -0.2679669802295121
vn 0.6677011919215399 0.32917011117874384 -0.667699150975294
vn 0.8723953913982618 0.3291691681382163 -0.361350162327718
vn 0.3613550114008585 0.3291700337070436 -0.8723930562795584
vn 0.000006000001996389775 0.32917113553699784 -0.9442702809541785
vn -0.3613611065615621 0.3291681404660823 -0.872391245925075
vn -0.6677009439066722 0.3291670065886066 -0.6677009295183252
vn -0.8723917681183243 0.329165901951355 -0.3613618849739619
vn -0.9442727953967972 0.329163922490696 0.000002014387835182539
vn -0.8723957668731702 0.3291618788279522 0.36135589585369376
vn -0.6677041472614564 0.329162053094943 0.667700168138494
vn -0.36135688410649963 0.3291688476901603 0.8723927280870548
vn 0 0.32916983380660714 0.9442707347534025
vn 0.361356091301924 0.3291710638639961 0.8723922202734505
vn 0 0.32916983380660714 0.9442707347534025
vn 0.6677009558891367 0.3291729448080852 0.667697990045729
vn 0.872390114845228 0.32917004859261373 0.36136209905006095
vn 0.9442713407453183 0.3291680954255255 -9.856118957983705e-7
vn -0.000015999999956203886 0.9999999997869309 0.0000130437112412267
vn -0.000012999999852288824 0.9999999999076741 -0.000003956288599027828
vn -0.000012999999852288824 0.9999999999076741 -0.000003956288599027828
vn -0.000015999999956203886 0.9999999997869309 0.0000130437112412267
vn -0.0000180000006330304 0.9999999997971057 0.000009043711707013522
vn -0.0000180000006330304 0.9999999997971057 0.000009043711707013522
vn 9.999999973467427e-7 0.9999999998721985 -0.0000159562885670463
vn 9.999999973467427e-7 0.9999999998721985 -0.0000159562885670463
vn 0.000011000000083049009 0.9999999997403732 -0.000019956288099051685
vn 0.000011000000083049009 0.9999999997403732 -0.000019956288099051685
vn -0.0000030000001060750664 0.9999999999873243 0.000004043711380357605
vn -0.0000030000001060750664 0.9999999999873243 0.000004043711380357605
vn -0.000003999999988900971 0.9999999997490374 0.00002204371155682525
vn -0.000003999999988900971 0.9999999997490374 0.00002204371155682525
vn -0.000017000000295683142 0.9999999998554991 4.371139050086768e-8
vn -0.000017000000295683142 0.9999999998554991 4.371139050086768e-8
vn -0.00002400000083618053 0.9999999994709607 -0.000021956288769684977
vn -0.00002400000083618053 0.9999999994709607 -0.000021956288769684977
vn -0.000004999999873626877 0.9999999999874991 4.371139050663758e-8
vn -0.000004999999873626877 0.9999999999874991 4.371139050663758e-8
vn 0.0000049999998732043775 0.9999999999035674 -0.000012956288461727362
vn 0.0000049999998732043775 0.9999999999035674 -0.000012956288461727362
vn -0.000006000000212069134 0.999999999974174 -0.000003956288599290921
vn -0.000006000000212069134 0.999999999974174 -0.000003956288599290921
vn -0.000006000000211754132 0.9999999999210182 0.00001104371147555475
vn -0.000006000000211754132 0.9999999999210182 0.00001104371147555475
vn 0 0.9999999999758051 -0.000006956288705335918
vn 0 0.9999999999758051 -0.000006956288705335918
vn -0.00001100000008516101 0.999999999931674 -0.000003956288599122778
vn -0.00001100000008516101 0.999999999931674 -0.000003956288599122778
vn -0.00001899999914819425 0.9999999995765374 0.000022043711553022713
vn -0.00001899999914819425 0.9999999995765374 0.000022043711553022713
vn -0.9238818184561807 0.0000029832720405621437 0.3826779135476741
vn -0.7071117879360189 0.000007969089221133526 0.7071017743567188
vn -0.7071147681413479 0.000007969089115949711 0.7070987940966251
vn -0.9238833748111458 0.000002983274011510271 0.38267415608931316
vn -0.3826758589139668 0.000010959612325437006 0.9238826694360841
vn -0.38267499477198486 0.000010959615951374047 0.9238830273666403
vn -0.000015999999955243886 0.00001695628890301185 0.9999999997282423
vn -0.000014999999617213128 0.00001695628890327467 0.9999999997437421
vn 0.38266383721066616 0.000010959611781020281 0.9238876487815473
vn 0.3826650698342357 0.000010959616659205595 0.9238871382418128
vn 0.7071007610922035 -3.0908883787177504e-8 0.7071128012296382
vn 0.7070987941189033 -3.090896976461239e-8 0.7071147681639747
vn 0.9238777004965627 0.000007983269814361005 0.38268785512666936
vn 0.9238777004965627 0.000007983269814361005 0.38268785512666936
vn 0.9999999998255 0.00001800000041497743 0.000005000000659621927
vn 0.9999999998255 0.00001800000041497743 0.000005000000659621927
vn 0.9238867908660727 0.000010016724039084517 -0.38266590854537164
vn 0.9238876487907683 0.000010016722647822078 -0.3826638372142466
vn 0.7071007610907892 0.0000020309082895549538 -0.7071128012281365
vn 0.707100254447123 0.0000020309095916361875 -0.707113307862813
vn 0.3826700345136947 0.0000020403844696477255 -0.9238850819669754
vn 0.3826700345136947 0.0000020403844696477255 -0.9238850819669754
vn 0.000014999999619380631 4.371139050226644e-8 -0.9999999998874991
vn 0.000014000000190655076 4.3711390502900255e-8 -0.9999999999019991
vn 0.000014999999619380631 4.371139050226644e-8 -0.9999999998874991
vn -0.382691142343851 -0.000004959617739287596 -0.9238763388825153
vn -0.382689935171698 -0.000004959615246676783 -0.923876838920472
vn 0.000014000000190655076 4.3711390502900255e-8 -0.9999999999019991
vn -0.7071197748795879 -9.690916206997903e-7 -0.7070937872540684
vn -0.7071182549859666 -9.690922236653035e-7 -0.7070953072002828
vn -0.9238756335271122 0.000005016726110719474 -0.38269284517705554
vn -0.9238756335271122 0.000005016726110719474 -0.38269284517705554
vn -0.99999999999 0.000004000000077283747 -0.0000019999998200849215
vn -0.99999999999 0.000003999999902438186 0.000002000000169776045
vn 0.9137686824810877 0.1475439492778865 -0.3784938281508187
vn 0.69936834542347 0.14754409906744786 -0.6993673256951695
vn 0.6017918537270591 0.5250649076060315 -0.6017918307757424
vn 0.7862810262709631 0.5250620432855333 -0.32568696385809137
vn 0.3784959080111828 0.1475440124081953 -0.9137678107819736
vn 0.32568886643958544 0.5250658699172942 -0.7862776828355826
vn 0 0.14754396387023422 -0.989055498304043
vn -9.999997611523717e-7 0.5250639048395801 -0.8510628036952458
vn -0.3784959080111828 0.1475440124081953 -0.9137678107819736
vn -0.3256898652491577 0.5250608398004887 -0.7862806281360308
vn -0.6993678488987036 0.14754400318054425 -0.6993678424493506
vn -0.6017920074971077 0.5250610710582511 -0.6017950243826906
vn -0.9137678172313265 0.14754398901071583 -0.37849590156183005
vn -0.7862798420808056 0.5250619691563789 -0.32568994225030823
vn -0.9890554821312825 0.147544072283695 6.4493565606127784e-9
vn -0.8510646944385633 0.5250608401701599 2.295113942470799e-8
vn -0.9137681588285906 0.14754399803664775 0.37849507335547866
vn -0.7862824844303608 0.5250603047412985 0.3256862463522126
vn -0.6993688621769868 0.1475439420397547 0.6993668420683357
vn -0.6017947643686903 0.5250627601205319 0.6017907938088132
vn -0.3784930132767776 0.1475439575187812 0.9137690186805204
vn -0.3256902087555875 0.5250622864577452 0.7862795198022817
vn 0 0.14754387740425143 0.989055511202743
vn 0.0000020000000351712787 0.5250569910735452 0.8510670691084196
vn 0 0.14754387740425143 0.989055511202743
vn 0.3784930132767776 0.1475439575187812 0.9137690186805204
vn 0.32568996606600165 0.5250588821074242 0.7862818936768342
vn 0.0000020000000351712787 0.5250569910735452 0.8510670691084196
vn 0.6993678488987036 0.1475439420398619 0.699367855348055
vn 0.6017940808455761 0.5250620725512838 0.6017920772387909
vn 0.9137681588285906 0.14754399803664775 0.37849507335547866
vn 0.7862811680002354 0.5250611159798161 0.32568811666104125
vn 0.9890555047533941 0.1475439206372428 6.449349931935487e-9
vn 0.8510639809821534 0.5250619966001754 0.0000010229511341351597
vn 0.8077079162126829 -0.4854649221870571 -0.3345619993562932
vn 0.6181949468337123 -0.4854649106803654 -0.6181899612638241
vn 0.6096047370015458 -0.5067237621783258 -0.6096007656402015
vn 0.7964839129012564 -0.5067229372171385 -0.3299170219730103
vn 0.3345659581945967 -0.4854638985085093 -0.807706891676833
vn 0.3299181267441392 -0.5067231605212219 -0.7964833132194435
vn 0 -0.4854689319664474 -0.8742539196911598
vn 9.99999737817734e-7 -0.5067198332136974 -0.8621107879077273
vn -0.3345700806694257 -0.48546708806958283 -0.8077032669997651
vn -0.3299170242470938 -0.506717975207272 -0.7964870687674628
vn -0.6181929202794936 -0.48546491068320874 -0.6181919878255099
vn -0.6096001055036597 -0.5067180548153261 -0.6096101412329843
vn -0.8077028371773467 -0.4854678887985545 -0.3345699564532643
vn -0.7964763555365956 -0.5067282120144314 -0.3299271650225248
vn -0.8742532393859588 -0.48547015707145913 -0.0000040212217759159565
vn -0.8621000844176895 -0.5067380431956836 -0.0000050221503212757
vn -0.8077053129362047 -0.4854712453193791 0.3345591090116641
vn -0.7964759615921377 -0.5067419864237838 0.32990695930998115
vn -0.6181881375731818 -0.4854721358298182 0.6181910965847338
vn -0.6095932296907627 -0.5067382367892985 0.6096002408881231
vn -0.33456209191479214 -0.4854711631203092 0.8077041267891433
vn -0.3299099087909728 -0.5067278769847487 0.7964837165743323
vn 0 -0.4854677936843477 0.8742545517726811
vn 0.0000010000002898376388 -0.5067241917984909 0.8621082260628105
vn 0 -0.4854677936843477 0.8742545517726811
vn 0.33456903098523877 -0.48546808641363803 0.8077031017518002
vn 0.32991990311424624 -0.5067259400580371 0.796480809060322
vn 0.0000010000002898376388 -0.5067241917984909 0.8621082260628105
vn 0.6181927057408554 -0.48546680142183046 0.6181907175670444
vn 0.6095993082853668 -0.5067272686388599 0.6096032796465282
vn 0.8077028371773465 -0.4854679180475886 0.33456991401231007
vn 0.7964777260038534 -0.5067288583076259 0.32992286392122117
vn 0.8742543284682623 -0.48546819581762735 -0.0000020212212181120285
vn 0.8621060001715384 -0.5067279787658682 -0.0000020221497214037094
vn 0.6672491926190942 0.3309981172759143 -0.6672471515929962
vn 0.8718030722594581 0.3309980366856155 -0.36110899034673444
vn 0.6725791185855499 -0.3086790213867978 -0.6725731120096711
vn 0.8787640431629253 -0.3086779975783911 -0.36399402502643224
vn 0.9436315091795935 0.33099784723522857 0.0000030144670524459633
vn 0.9511652715949728 -0.3086820793236197 -0.000004013493829188387
vn 0.3640009368618759 -0.3086819139436127 -0.8787598044788943
vn 0.36111308709040557 0.33099612126871525 -0.8718021025651997
vn 0 -0.3086859453962094 -0.9511640169365367
vn 0.000001000000387965593 0.3309981724729323 -0.9436313951001095
vn -0.364004150908585 -0.30868209338250924 -0.8787584101141291
vn -0.3611171266714939 0.33099914621399235 -0.8717992808153332
vn -0.6725756509078291 -0.30867880790158736 -0.6725766776794784
vn -0.6672469490597566 0.33099899216747575 -0.6672489611491065
vn -0.8787601341835255 -0.3086820087101849 -0.3640000605335082
vn -0.8718018602558283 0.3309979921517157 -0.3611119572182708
vn -0.9511642912744284 -0.3086851000539758 -0.000003013494065984724
vn -0.9436321367441681 0.33099605813911964 1.4468297953657641e-8
vn -0.8787608641392535 -0.3086859707370343 0.363994938326575
vn -0.8718026640280865 0.3309948494876699 0.3611128973135221
vn -0.6725735464376509 -0.3086858295942312 0.6725755595024265
vn -0.6672497221121255 0.330997846645429 0.6672467563483396
vn -0.36399809058061927 -0.30868412829157216 0.8787602056275282
vn -0.3611159461127828 0.33099890424266415 0.8717998616960347
vn 0 -0.3086800315525822 0.9511659361650293
vn -0.000001000000237909686 0.3309900313135986 0.9436342507402021
vn 0 -0.3086800315525822 0.9511659361650293
vn 0.3639981013244158 -0.3086811571706354 0.8787612448441373
vn -0.000001000000237909686 0.3309900313135986 0.9436342507402021
vn 0.36111380532258924 0.3309888058173561 0.8718045824776558
vn 0.6725773768276543 -0.30868017680204685 0.6725743234982203
vn 0.6672503863289577 0.3309951686855696 0.6672474205650164
vn 0.8787609272693984 -0.3086810159250589 0.36399898778993917
vn 0.8718012701932307 0.33099609247999917 0.3611151229904961
vn -0.49999991125597 -0.7071069285452269 0.4999998803473433
vn -0.49999991125597 -0.7071069285452269 0.4999998803473433
vn -0.49999991125597 -0.7071069285452269 0.4999998803473433
vn -0.49999991125597 -0.7071069285452269 0.4999998803473433
vn 0 -0.7071052921753248 0.7071082701946346
vn 0 -0.7071052921753248 0.7071082701946346
vn 0 -0.7071052921753248 0.7071082701946346
vn 0 -0.7071052921753248 0.7071082701946346
vn 0.5000002797306369 -0.7071064074431728 0.500000248822033
vn 0.5000002797306369 -0.7071064074431728 0.500000248822033
vn 0.5000002797306369 -0.7071064074431728 0.500000248822033
vn 0.5000002797306369 -0.7071064074431728 0.500000248822033
vn -0.7071083011031897 -0.7071052612666376 -3.090855420491038e-8
vn -0.7071083011031897 -0.7071052612666376 -3.090855420491038e-8
vn -0.7071083011031897 -0.7071052612666376 -3.090855420491038e-8
vn -0.7071083011031897 -0.7071052612666376 -3.090855420491038e-8
vn -0.5000002797306369 0.7071063637317578 0.5000003106392397
vn -0.5000002797306369 0.7071063637317578 0.5000003106392397
vn -0.5000002797306369 0.7071063637317578 0.5000003106392397
vn -0.5000002797306369 0.7071063637317578 0.5000003106392397
vn -0.7071083011031897 0.7071052612666376 3.090855420491038e-8
vn -0.7071083011031897 0.7071052612666376 3.090855420491038e-8
vn -0.7071083011031897 0.7071052612666376 3.090855420491038e-8
vn -0.7071083011031897 0.7071052612666376 3.090855420491038e-8
vn -0.49999991125597 0.7071069285452269 -0.4999998803473433
vn -0.49999991125597 0.7071069285452269 -0.4999998803473433
vn -0.49999991125597 0.7071069285452269 -0.4999998803473433
vn -0.49999991125597 0.7071069285452269 -0.4999998803473433
vn 0 0.7071052303579507 0.7071083320117433
vn 0 0.7071052303579507 0.7071083320117433
vn 0 0.7071052303579507 0.7071083320117433
vn 0 0.7071052303579507 0.7071083320117433
vn 0.4999999112559701 0.7071068848338442 0.49999994216459565
vn 0.4999999112559701 0.7071068848338442 0.49999994216459565
vn 0.4999999112559701 0.7071068848338442 0.49999994216459565
vn 0.4999999112559701 0.7071068848338442 0.49999994216459565
vn 0.7071083011031897 -0.7071052612666376 -3.090855420491038e-8
vn 0.7071083011031897 -0.7071052612666376 -3.090855420491038e-8
vn 0.7071083011031897 -0.7071052612666376 -3.090855420491038e-8
vn 0.7071083011031897 -0.7071052612666376 -3.090855420491038e-8
vn 0.7071083011031897 0.7071052612666376 3.090855420491038e-8
vn 0.7071083011031897 0.7071052612666376 3.090855420491038e-8
vn 0.7071083011031897 0.7071052612666376 3.090855420491038e-8
vn 0.7071083011031897 0.7071052612666376 3.090855420491038e-8
vn 0.49999991125597 0.7071069285452269 -0.4999998803473433
vn 0.49999991125597 0.7071069285452269 -0.4999998803473433
vn 0.49999991125597 0.7071069285452269 -0.4999998803473433
vn 0.49999991125597 0.7071069285452269 -0.4999998803473433
vn 0 0.7071078253732904 -0.707105736998263
vn 0 0.7071078253732904 -0.707105736998263
vn 0 0.7071078253732904 -0.707105736998263
vn 0 0.7071078253732904 -0.707105736998263
vn -0.4999999112559701 -0.7071068848338442 -0.49999994216459565
vn -0.4999999112559701 -0.7071068848338442 -0.49999994216459565
vn -0.4999999112559701 -0.7071068848338442 -0.49999994216459565
vn -0.4999999112559701 -0.7071068848338442 -0.49999994216459565
vn 0 -0.7071077635561376 -0.7071057988155927
vn 0 -0.7071077635561376 -0.7071057988155927
vn 0 -0.7071077635561376 -0.7071057988155927
vn 0 -0.7071077635561376 -0.7071057988155927
vn 0.4999999112559701 -0.7071068848338442 -0.49999994216459565
vn 0.4999999112559701 -0.7071068848338442 -0.49999994216459565
vn 0.4999999112559701 -0.7071068848338442 -0.49999994216459565
vn 0.4999999112559701 -0.7071068848338442 -0.49999994216459565
vn 0 -4.371139050718397e-8 0.9999999999999991
vn 0 -4.371139050718397e-8 0.9999999999999991
vn 0 -4.371139050718397e-8 0.9999999999999991
vn 0 -4.371139050718397e-8 0.9999999999999991
vn 0 4.371139050718397e-8 -0.9999999999999991
vn 0 4.371139050718397e-8 -0.9999999999999991
vn 0 4.371139050718397e-8 -0.9999999999999991
vn 0 4.371139050718397e-8 -0.9999999999999991
vn 1 0 0
vn 1 0 0
vn 1 0 0
vn 1 0 0
vn -1 0 0
vn -1 0 0
vn -1 0 0
vn -1 0 0
vn 0.006869001740123879 0.9999762634272653 -0.0005379564467591292
vn 0.0005380001571120774 0.9999762637040024 -0.006868958029770925
vn -0.0005380001571120774 0.9999762637040024 -0.006868958029770925
vn -0.006869001740123879 0.9999762634272653 -0.0005379564467591292
vn -0.006869001740123879 0.9999762633802318 0.0005380438674650243
vn -0.0005380001571120773 0.999976263103495 0.006869045450476819
vn 0.0005380001571120773 0.999976263103495 0.006869045450476819
vn 0.006869001740123879 0.9999762633802318 0.0005380438674650243
vn 0 -0.9999999999999991 -4.371139050718397e-8
vn 0 -0.9999999999999991 -4.371139050718397e-8
vn 0 -0.9999999999999991 -4.371139050718397e-8
vn 0 -0.9999999999999991 -4.371139050718397e-8
vn 0 -0.9999999999999991 -4.371139050718397e-8
vn 0 -0.9999999999999991 -4.371139050718397e-8
vn 0 -0.9999999999999991 -4.371139050718397e-8
vn 0 -0.9999999999999991 -4.371139050718397e-8
vn -0.7071062745469409 -3.0908642788628895e-8 0.7071072878257905
vn -0.7071062745469409 -3.0908642788628895e-8 0.7071072878257905
vn -0.7071062745469409 -3.0908642788628895e-8 0.7071072878257905
vn -0.7071062745469409 -3.0908642788628895e-8 0.7071072878257905
vn 0.7071062745469409 -3.0908642788628895e-8 0.7071072878257905
vn 0.7071062745469409 -3.0908642788628895e-8 0.7071072878257905
vn 0.7071062745469409 -3.0908642788628895e-8 0.7071072878257905
vn 0.7071062745469409 -3.0908642788628895e-8 0.7071072878257905
vn -0.7071067811865476 3.090862064272307e-8 -0.7071067811865468
vn -0.7071067811865476 3.090862064272307e-8 -0.7071067811865468
vn -0.7071067811865476 3.090862064272307e-8 -0.7071067811865468
vn -0.7071067811865476 3.090862064272307e-8 -0.7071067811865468
vn 0.7071067811865476 3.090862064272307e-8 -0.7071067811865468
vn 0.7071067811865476 3.090862064272307e-8 -0.7071067811865468
vn 0.7071067811865476 3.090862064272307e-8 -0.7071067811865468
vn 0.7071067811865476 3.090862064272307e-8 -0.7071067811865468
vn 0 0.9999999999999991 4.371139050718397e-8
vn 0 0.9999999999999991 4.371139050718397e-8
vn 0.01413399620930577 0.9955017522480278 -0.09368293026086222
vn 0.09368297377562798 0.9955017487708315 -0.014133952694540089
vn 0 0.9999999999999991 4.371139050718397e-8
vn -0.01413399620930577 0.9955017522480278 -0.09368293026086222
vn 0 0.9999999999999991 4.371139050718397e-8
vn -0.09368297377562798 0.9955017487708315 -0.014133952694540089
vn 0 0.9999999999999991 4.371139050718397e-8
vn -0.09368297377562798 0.9955017475351982 0.014134039724071418
vn 0 0.9999999999999991 4.371139050718397e-8
vn -0.01413399620930577 0.9955017440580017 0.09368301729039355
vn 0 0.9999999999999991 4.371139050718397e-8
vn 0.01413399620930577 0.9955017440580017 0.09368301729039355
vn 0 0.9999999999999991 4.371139050718397e-8
vn 0.09368297377562798 0.9955017475351982 0.014134039724071418
vn 0.0005380001571120774 0.9999762637040024 -0.006868958029770925
vn 0.006869001740123879 0.9999762634272653 -0.0005379564467591292
vn -0.0005380001571120774 0.9999762637040024 -0.006868958029770925
vn -0.006869001740123879 0.9999762634272653 -0.0005379564467591292
vn -0.006869001740123879 0.9999762633802318 0.0005380438674650243
vn -0.0005380001571120773 0.999976263103495 0.006869045450476819
vn 0.0005380001571120773 0.999976263103495 0.006869045450476819
vn 0.006869001740123879 0.9999762633802318 0.0005380438674650243
f 4/4/4 1/1/1 2/2/2
f 2/2/2 3/3/3 4/4/4
f 8/8/8 5/5/5 6/6/6
f 6/6/6 7/7/7 8/8/8
f 10/10/10 8/8/8 7/7/7
f 7/7/7 9/9/9 10/10/10
f 12/12/12 10/10/10 9/9/9
f 9/9/9 11/11/11 12/12/12
f 14/14/14 12/12/12 11/11/11
f 11/11/11 13/13/13 14/14/14
f 16/16/16 14/14/14 13/13/13
f 13/13/13 15/15/15 16/16/16
f 18/18/18 16/16/16 15/15/15
f 15/15/15 17/17/17 18/18/18
f 20/20/20 18/18/18 17/17/17
f 17/17/17 19/19/19 20/20/20
f 22/22/22 20/20/20 19/19/19
f 19/19/19 21/21/21 22/22/22
f 24/24/24 22/22/22 21/21/21
f 21/21/21 23/23/23 24/24/24
f 26/26/26 24/24/24 23/23/23
f 23/23/23 25/25/25 26/26/26
f 28/28/28 26/26/26 25/25/25
f 25/25/25 27/27/27 28/28/28
f 30/30/30 28/28/28 27/27/27
f 27/27/27 29/29/29 30/30/30
f 32/32/32 30/30/30 29/29/29
f 29/29/29 31/31/31 32/32/32
f 34/34/34 32/32/32 31/31/31
f 31/31/31 33/33/33 34/34/34
f 36/36/36 34/34/34 33/33/33
f 33/33/33 35/35/35 36/36/36
f 40/40/40 37/37/37 38/38/38
f 38/38/38 39/39/39 40/40/40
f 39/39/39 38/38/38 41/41/41
f 41/41/41 42/42/42 39/39/39
f 42/42/42 41/41/41 43/43/43
f 43/43/43 44/44/44 42/42/42
f 44/44/44 43/43/43 45/45/45
f 45/45/45 46/46/46 44/44/44
f 46/46/46 45/45/45 47/47/47
f 47/47/47 48/48/48 46/46/46
f 48/48/48 47/47/47 49/49/49
f 49/49/49 50/50/50 48/48/48
f 50/50/50 49/49/49 51/51/51
f 51/51/51 52/52/52 50/50/50
f 52/52/52 51/51/51 53/53/53
f 53/53/53 54/54/54 52/52/52
f 54/54/54 53/53/53 55/55/55
f 55/55/55 56/56/56 54/54/54
f 56/56/56 55/55/55 57/57/57
f 57/57/57 58/58/58 56/56/56
f 58/58/58 57/57/57 59/59/59
f 59/59/59 60/60/60 58/58/58
f 64/64/64 61/61/61 62/62/62
f 62/62/62 63/63/63 64/64/64
f 63/63/63 62/62/62 65/65/65
f 65/65/65 66/66/66 63/63/63
f 66/66/66 65/65/65 67/67/67
f 67/67/67 68/68/68 66/66/66
f 68/68/68 67/67/67 69/69/69
f 69/69/69 70/70/70 68/68/68
f 70/70/70 69/69/69 37/37/37
f 37/37/37 40/40/40 70/70/70
f 71/71/71 72/72/72 73/73/73
f 72/72/72 74/74/74 73/73/73
f 74/74/74 75/75/75 73/73/73
f 75/75/75 76/76/76 73/73/73
f 76/76/76 77/77/77 73/73/73
f 77/77/77 78/78/78 73/73/73
f 78/78/78 79/79/79 73/73/73
f 79/79/79 80/80/80 73/73/73
f 80/80/80 81/81/81 73/73/73
f 81/81/81 82/82/82 73/73/73
f 82/82/82 83/83/83 73/73/73
f 83/83/83 84/84/84 73/73/73
f 84/84/84 85/85/85 73/73/73
f 85/85/85 86/86/86 73/73/73
f 86/86/86 87/87/87 73/73/73
f 87/87/87 71/71/71 73/73/73
f 91/91/91 88/88/88 89/89/89
f 89/89/89 90/90/90 91/91/91
f 90/90/90 89/89/89 92/92/92
f 92/92/92 93/93/93 90/90/90
f 93/93/93 92/92/92 94/94/94
f 94/94/94 95/95/95 93/93/93
f 95/95/95 94/94/94 96/96/96
f 96/96/96 97/97/97 95/95/95
f 97/97/97 96/96/96 98/98/98
f 98/98/98 99/99/99 97/97/97
f 99/99/99 98/98/98 100/100/100
f 100/100/100 101/101/101 99/99/99
f 101/101/101 100/100/100 102/102/102
f 102/102/102 103/103/103 101/101/101
f 103/103/103 102/102/102 104/104/104
f 104/104/104 105/105/105 103/103/103
f 105/105/105 104/104/104 106/106/106
f 106/106/106 107/107/107 105/105/105
f 107/107/107 106/106/106 108/108/108
f 108/108/108 109/109/109 107/107/107
f 109/109/109 108/108/108 110/110/110
f 110/110/110 111/111/111 109/109/109
f 111/111/111 110/110/110 112/112/112
f 112/112/112 113/113/113 111/111/111
f 113/113/113 112/112/112 114/114/114
f 114/114/114 115/115/115 113/113/113
f 115/115/115 114/114/114 116/116/116
f 116/116/116 117/117/117 115/115/115
f 117/117/117 116/116/116 118/118/118
f 118/118/118 119/119/119 117/117/117
f 119/119/119 118/118/118 88/88/88
f 88/88/88 91/91/91 119/119/119
f 123/123/123 120/120/120 121/121/121
f 121/121/121 122/122/122 123/123/123
f 122/122/122 121/121/121 124/124/124
f 124/124/124 125/125/125 122/122/122
f 125/125/125 124/124/124 126/126/126
f 126/126/126 127/127/127 125/125/125
f 127/127/127 126/126/126 128/128/128
f 128/128/128 129/129/129 127/127/127
f 129/129/129 128/128/128 130/130/130
f 130/130/130 131/131/131 129/129/129
f 131/131/131 130/130/130 132/132/132
f 132/132/132 133/133/133 131/131/131
f 133/133/133 132/132/132 134/134/134
f 134/134/134 135/135/135 133/133/133
f 135/135/135 134/134/134 136/136/136
f 136/136/136 137/137/137 135/135/135
f 137/137/137 136/136/136 138/138/138
f 138/138/138 139/139/139 137/137/137
f 139/139/139 138/138/138 140/140/140
f 140/140/140 141/141/141 139/139/139
f 145/145/145 142/142/142 143/143/143
f 143/143/143 144/144/144 145/145/145
f 144/144/144 143/143/143 146/146/146
f 146/146/146 147/147/147 144/144/144
f 147/147/147 146/146/146 148/148/148
f 148/148/148 149/149/149 147/147/147
f 149/149/149 148/148/148 150/150/150
f 150/150/150 151/151/151 149/149/149
f 151/151/151 150/150/150 152/152/152
f 152/152/152 153/153/153 151/151/151
f 153/153/153 152/152/152 120/120/120
f 120/120/120 123/123/123 153/153/153
f 157/157/157 154/154/154 155/155/155
f 155/155/155 156/156/156 157/157/157
f 159/159/159 155/155/155 154/154/154
f 154/154/154 158/158/158 159/159/159
f 161/161/161 159/159/159 158/158/158
f 158/158/158 160/160/160 161/161/161
f 163/163/163 161/161/161 160/160/160
f 160/160/160 162/162/162 163/163/163
f 165/165/165 163/163/163 162/162/162
f 162/162/162 164/164/164 165/165/165
f 167/167/167 165/165/165 164/164/164
f 164/164/164 166/166/166 167/167/167
f 169/169/169 167/167/167 166/166/166
f 166/166/166 168/168/168 169/169/169
f 171/171/171 169/169/169 168/168/168
f 168/168/168 170/170/170 171/171/171
f 173/173/173 171/171/171 170/170/170
f 170/170/170 172/172/172 173/173/173
f 175/175/175 173/173/173 172/172/172
f 172/172/172 174/174/174 175/175/175
f 177/177/177 175/175/175 174/174/174
f 174/174/174 176/176/176 177/177/177
f 179/179/179 177/177/177 176/176/176
f 176/176/176 178/178/178 179/179/179
f 181/181/181 179/179/179 178/178/178
f 178/178/178 180/180/180 181/181/181
f 183/183/183 181/181/181 180/180/180
f 180/180/180 182/182/182 183/183/183
f 185/185/185 183/183/183 182/182/182
f 182/182/182 184/184/184 185/185/185
f 156/156/156 185/185/185 184/184/184
f 184/184/184 157/157/157 156/156/156
f 189/189/189 186/186/186 187/187/187
f 187/187/187 188/188/188 189/189/189
f 191/191/191 187/187/187 186/186/186
f 186/186/186 190/190/190 191/191/191
f 193/193/193 189/189/189 188/188/188
f 188/188/188 192/192/192 193/193/193
f 195/195/195 193/193/193 192/192/192
f 192/192/192 194/194/194 195/195/195
f 197/197/197 195/195/195 194/194/194
f 194/194/194 196/196/196 197/197/197
f 199/199/199 197/197/197 196/196/196
f 196/196/196 198/198/198 199/199/199
f 201/201/201 199/199/199 198/198/198
f 198/198/198 200/200/200 201/201/201
f 203/203/203 201/201/201 200/200/200
f 200/200/200 202/202/202 203/203/203
f 205/205/205 203/203/203 202/202/202
f 202/202/202 204/204/204 205/205/205
f 207/207/207 205/205/205 204/204/204
f 204/204/204 206/206/206 207/207/207
f 209/209/209 207/207/207 206/206/206
f 206/206/206 208/208/208 209/209/209
f 211/211/211 209/209/209 208/208/208
f 208/208/208 210/210/210 211/211/211
f 213/213/213 211/211/211 210/210/210
f 210/210/210 212/212/212 213/213/213
f 215/215/215 213/213/213 212/212/212
f 212/212/212 214/214/214 215/215/215
f 217/217/217 215/215/215 214/214/214
f 214/214/214 216/216/216 217/217/217
f 190/190/190 217/217/217 216/216/216
f 216/216/216 191/191/191 190/190/190
f 221/221/221 218/218/218 219/219/219
f 219/219/219 220/220/220 221/221/221
f 220/220/220 219/219/219 222/222/222
f 222/222/222 223/223/223 220/220/220
f 223/223/223 222/222/222 224/224/224
f 224/224/224 225/225/225 223/223/223
f 225/225/225 224/224/224 226/226/226
f 226/226/226 227/227/227 225/225/225
f 227/227/227 226/226/226 228/228/228
f 228/228/228 229/229/229 227/227/227
f 229/229/229 228/228/228 230/230/230
f 230/230/230 231/231/231 229/229/229
f 231/231/231 230/230/230 232/232/232
f 232/232/232 233/233/233 231/231/231
f 233/233/233 232/232/232 234/234/234
f 234/234/234 235/235/235 233/233/233
f 235/235/235 234/234/234 236/236/236
f 236/236/236 237/237/237 235/235/235
f 237/237/237 236/236/236 238/238/238
f 238/238/238 239/239/239 237/237/237
f 239/239/239 238/238/238 240/240/240
f 240/240/240 241/241/241 239/239/239
f 245/245/245 242/242/242 243/243/243
f 243/243/243 244/244/244 245/245/245
f 244/244/244 243/243/243 246/246/246
f 246/246/246 247/247/247 244/244/244
f 247/247/247 246/246/246 248/248/248
f 248/248/248 249/249/249 247/247/247
f 249/249/249 248/248/248 250/250/250
f 250/250/250 251/251/251 249/249/249
f 251/251/251 250/250/250 218/218/218
f 218/218/218 221/221/221 251/251/251
f 255/255/255 252/252/252 253/253/253
f 253/253/253 254/254/254 255/255/255
f 254/254/254 253/253/253 256/256/256
f 256/256/256 257/257/257 254/254/254
f 257/257/257 256/256/256 258/258/258
f 258/258/258 259/259/259 257/257/257
f 259/259/259 258/258/258 260/260/260
f 260/260/260 261/261/261 259/259/259
f 261/261/261 260/260/260 262/262/262
f 262/262/262 263/263/263 261/261/261
f 263/263/263 262/262/262 264/264/264
f 264/264/264 265/265/265 263/263/263
f 265/265/265 264/264/264 266/266/266
f 266/266/266 267/267/267 265/265/265
f 267/267/267 266/266/266 268/268/268
f 268/268/268 269/269/269 267/267/267
f 269/269/269 268/268/268 270/270/270
f 270/270/270 271/271/271 269/269/269
f 271/271/271 270/270/270 272/272/272
f 272/272/272 273/273/273 271/271/271
f 277/277/277 274/274/274 275/275/275
f 275/275/275 276/276/276 277/277/277
f 276/276/276 275/275/275 278/278/278
f 278/278/278 279/279/279 276/276/276
f 279/279/279 278/278/278 280/280/280
f 280/280/280 281/281/281 279/279/279
f 281/281/281 280/280/280 282/282/282
f 282/282/282 283/283/283 281/281/281
f 283/283/283 282/282/282 284/284/284
f 284/284/284 285/285/285 283/283/283
f 285/285/285 284/284/284 252/252/252
f 252/252/252 255/255/255 285/285/285
f 289/289/289 286/286/286 287/287/287
f 287/287/287 288/288/288 289/289/289
f 293/293/293 290/290/290 291/291/291
f 291/291/291 292/292/292 293/293/293
f 288/288/288 287/287/287 294/294/294
f 294/294/294 295/295/295 288/288/288
f 297/297/297 296/296/296 290/290/290
f 290/290/290 293/293/293 297/297/297
f 295/295/295 294/294/294 298/298/298
f 298/298/298 299/299/299 295/295/295
f 301/301/301 300/300/300 296/296/296
f 296/296/296 297/297/297 301/301/301
f 299/299/299 298/298/298 302/302/302
f 302/302/302 303/303/303 299/299/299
f 305/305/305 304/304/304 300/300/300
f 300/300/300 301/301/301 305/305/305
f 303/303/303 302/302/302 306/306/306
f 306/306/306 307/307/307 303/303/303
f 309/309/309 308/308/308 304/304/304
f 304/304/304 305/305/305 309/309/309
f 307/307/307 306/306/306 310/310/310
f 310/310/310 311/311/311 307/307/307
f 313/313/313 312/312/312 308/308/308
f 308/308/308 309/309/309 313/313/313
f 311/311/311 310/310/310 314/314/314
f 314/314/314 315/315/315 311/311/311
f 317/317/317 316/316/316 312/312/312
f 312/312/312 313/313/313 317/317/317
f 315/315/315 314/314/314 318/318/318
f 318/318/318 319/319/319 315/315/315
f 321/321/321 320/320/320 316/316/316
f 316/316/316 317/317/317 321/321/321
f 319/319/319 318/318/318 322/322/322
f 322/322/322 323/323/323 319/319/319
f 325/325/325 324/324/324 320/320/320
f 320/320/320 321/321/321 325/325/325
f 323/323/323 322/322/322 326/326/326
f 326/326/326 327/327/327 323/323/323
f 329/329/329 328/328/328 324/324/324
f 324/324/324 325/325/325 329/329/329
f 327/327/327 326/326/326 330/330/330
f 330/330/330 331/331/331 327/327/327
f 333/333/333 332/332/332 328/328/328
f 328/328/328 329/329/329 333/333/333
f 331/331/331 330/330/330 334/334/334
f 334/334/334 335/335/335 331/331/331
f 337/337/337 336/336/336 332/332/332
f 332/332/332 333/333/333 337/337/337
f 335/335/335 334/334/334 338/338/338
f 338/338/338 339/339/339 335/335/335
f 341/341/341 340/340/340 336/336/336
f 336/336/336 337/337/337 341/341/341
f 339/339/339 338/338/338 342/342/342
f 342/342/342 343/343/343 339/339/339
f 345/345/345 344/344/344 340/340/340
f 340/340/340 341/341/341 345/345/345
f 343/343/343 342/342/342 346/346/346
f 346/346/346 347/347/347 343/343/343
f 349/349/349 348/348/348 344/344/344
f 344/344/344 345/345/345 349/349/349
f 347/347/347 346/346/346 286/286/286
f 286/286/286 289/289/289 347/347/347
f 292/292/292 291/291/291 348/348/348
f 348/348/348 349/349/349 292/292/292
f 353/353/353 350/350/350 351/351/351
f 351/351/351 352/352/352 353/353/353
f 355/355/355 351/351/351 350/350/350
f 350/350/350 354/354/354 355/355/355
f 357/357/357 353/353/353 352/352/352
f 352/352/352 356/356/356 357/357/357
f 359/359/359 355/355/355 354/354/354
f 354/354/354 358/358/358 359/359/359
f 361/361/361 359/359/359 358/358/358
f 358/358/358 360/360/360 361/361/361
f 363/363/363 361/361/361 360/360/360
f 360/360/360 362/362/362 363/363/363
f 365/365/365 363/363/363 362/362/362
f 362/362/362 364/364/364 365/365/365
f 367/367/367 365/365/365 364/364/364
f 364/364/364 366/366/366 367/367/367
f 369/369/369 367/367/367 366/366/366
f 366/366/366 368/368/368 369/369/369
f 371/371/371 369/369/369 368/368/368
f 368/368/368 370/370/370 371/371/371
f 373/373/373 371/371/371 370/370/370
f 370/370/370 372/372/372 373/373/373
f 375/375/375 373/373/373 372/372/372
f 372/372/372 374/374/374 375/375/375
f 379/379/379 376/376/376 377/377/377
f 377/377/377 378/378/378 379/379/379
f 381/381/381 379/379/379 378/378/378
f 378/378/378 380/380/380 381/381/381
f 383/383/383 381/381/381 380/380/380
f 380/380/380 382/382/382 383/383/383
f 356/356/356 383/383/383 382/382/382
f 382/382/382 357/357/357 356/356/356
f 387/387/387 384/384/384 385/385/385
f 385/385/385 386/386/386 387/387/387
f 389/389/389 385/385/385 384/384/384
f 384/384/384 388/388/388 389/389/389
f 391/391/391 387/387/387 386/386/386
f 386/386/386 390/390/390 391/391/391
f 393/393/393 389/389/389 388/388/388
f 388/388/388 392/392/392 393/393/393
f 395/395/395 393/393/393 392/392/392
f 392/392/392 394/394/394 395/395/395
f 397/397/397 395/395/395 394/394/394
f 394/394/394 396/396/396 397/397/397
f 399/399/399 397/397/397 396/396/396
f 396/396/396 398/398/398 399/399/399
f 401/401/401 399/399/399 398/398/398
f 398/398/398 400/400/400 401/401/401
f 403/403/403 401/401/401 400/400/400
f 400/400/400 402/402/402 403/403/403
f 405/405/405 403/403/403 402/402/402
f 402/402/402 404/404/404 405/405/405
f 407/407/407 405/405/405 404/404/404
f 404/404/404 406/406/406 407/407/407
f 409/409/409 407/407/407 406/406/406
f 406/406/406 408/408/408 409/409/409
f 411/411/411 409/409/409 408/408/408
f 408/408/408 410/410/410 411/411/411
f 413/413/413 411/411/411 410/410/410
f 410/410/410 412/412/412 413/413/413
f 415/415/415 413/413/413 412/412/412
f 412/412/412 414/414/414 415/415/415
f 390/390/390 415/415/415 414/414/414
f 414/414/414 391/391/391 390/390/390
f 419/419/419 416/416/416 417/417/417
f 417/417/417 418/418/418 419/419/419
f 421/421/421 417/417/417 416/416/416
f 416/416/416 420/420/420 421/421/421
f 423/423/423 419/419/419 418/418/418
f 418/418/418 422/422/422 423/423/423
f 425/425/425 421/421/421 420/420/420
f 420/420/420 424/424/424 425/425/425
f 427/427/427 425/425/425 424/424/424
f 424/424/424 426/426/426 427/427/427
f 429/429/429 427/427/427 426/426/426
f 426/426/426 428/428/428 429/429/429
f 431/431/431 429/429/429 428/428/428
f 428/428/428 430/430/430 431/431/431
f 433/433/433 431/431/431 430/430/430
f 430/430/430 432/432/432 433/433/433
f 435/435/435 433/433/433 432/432/432
f 432/432/432 434/434/434 435/435/435
f 437/437/437 435/435/435 434/434/434
f 434/434/434 436/436/436 437/437/437
f 439/439/439 437/437/437 436/436/436
f 436/436/436 438/438/438 439/439/439
f 441/441/441 439/439/439 438/438/438
f 438/438/438 440/440/440 441/441/441
f 443/443/443 441/441/441 440/440/440
f 440/440/440 442/442/442 443/443/443
f 445/445/445 443/443/443 442/442/442
f 442/442/442 444/444/444 445/445/445
f 447/447/447 445/445/445 444/444/444
f 444/444/444 446/446/446 447/447/447
f 422/422/422 447/447/447 446/446/446
f 446/446/446 423/423/423 422/422/422
f 449/449/449 352/352/352 351/351/351
f 351/351/351 448/448/448 449/449/449
f 448/448/448 351/351/351 355/355/355
f 355/355/355 450/450/450 448/448/448
f 450/450/450 355/355/355 359/359/359
f 359/359/359 451/451/451 450/450/450
f 451/451/451 359/359/359 361/361/361
f 361/361/361 452/452/452 451/451/451
f 452/452/452 361/361/361 363/363/363
f 363/363/363 453/453/453 452/452/452
f 453/453/453 363/363/363 365/365/365
f 365/365/365 454/454/454 453/453/453
f 454/454/454 365/365/365 367/367/367
f 367/367/367 455/455/455 454/454/454
f 455/455/455 367/367/367 369/369/369
f 369/369/369 456/456/456 455/455/455
f 456/456/456 369/369/369 371/371/371
f 371/371/371 457/457/457 456/456/456
f 457/457/457 371/371/371 373/373/373
f 373/373/373 458/458/458 457/457/457
f 458/458/458 373/373/373 375/375/375
f 375/375/375 459/459/459 458/458/458
f 461/461/461 376/376/376 379/379/379
f 379/379/379 460/460/460 461/461/461
f 460/460/460 379/379/379 381/381/381
f 381/381/381 462/462/462 460/460/460
f 462/462/462 381/381/381 383/383/383
f 383/383/383 463/463/463 462/462/462
f 463/463/463 383/383/383 356/356/356
f 356/356/356 464/464/464 463/463/463
f 464/464/464 356/356/356 352/352/352
f 352/352/352 449/449/449 464/464/464
f 468/468/468 465/465/465 466/466/466
f 466/466/466 467/467/467 468/468/468
f 467/467/467 466/466/466 469/469/469
f 469/469/469 470/470/470 467/467/467
f 470/470/470 469/469/469 471/471/471
f 471/471/471 472/472/472 470/470/470
f 472/472/472 471/471/471 473/473/473
f 473/473/473 474/474/474 472/472/472
f 474/474/474 473/473/473 475/475/475
f 475/475/475 476/476/476 474/474/474
f 476/476/476 475/475/475 477/477/477
f 477/477/477 478/478/478 476/476/476
f 478/478/478 477/477/477 479/479/479
f 479/479/479 480/480/480 478/478/478
f 480/480/480 479/479/479 481/481/481
f 481/481/481 482/482/482 480/480/480
f 482/482/482 481/481/481 483/483/483
f 483/483/483 484/484/484 482/482/482
f 484/484/484 483/483/483 485/485/485
f 485/485/485 486/486/486 484/484/484
f 486/486/486 485/485/485 487/487/487
f 487/487/487 488/488/488 486/486/486
f 488/488/488 487/487/487 489/489/489
f 489/489/489 490/490/490 488/488/488
f 490/490/490 489/489/489 491/491/491
f 491/491/491 492/492/492 490/490/490
f 492/492/492 491/491/491 493/493/493
f 493/493/493 494/494/494 492/492/492
f 494/494/494 493/493/493 495/495/495
f 495/495/495 496/496/496 494/494/494
f 496/496/496 495/495/495 465/465/465
f 465/465/465 468/468/468 496/496/496
f 500/500/500 497/497/497 498/498/498
f 498/498/498 499/499/499 500/500/500
f 499/499/499 498/498/498 501/501/501
f 501/501/501 502/502/502 499/499/499
f 502/502/502 501/501/501 503/503/503
f 503/503/503 504/504/504 502/502/502
f 504/504/504 503/503/503 505/505/505
f 505/505/505 506/506/506 504/504/504
f 506/506/506 505/505/505 507/507/507
f 507/507/507 508/508/508 506/506/506
f 508/508/508 507/507/507 509/509/509
f 509/509/509 510/510/510 508/508/508
f 510/510/510 509/509/509 511/511/511
f 511/511/511 512/512/512 510/510/510
f 512/512/512 511/511/511 513/513/513
f 513/513/513 514/514/514 512/512/512
f 514/514/514 513/513/513 515/515/515
f 515/515/515 516/516/516 514/514/514
f 516/516/516 515/515/515 517/517/517
f 517/517/517 518/518/518 516/516/516
f 518/518/518 517/517/517 519/519/519
f 519/519/519 520/520/520 518/518/518
f 524/524/524 521/521/521 522/522/522
f 522/522/522 523/523/523 524/524/524
f 523/523/523 522/522/522 525/525/525
f 525/525/525 526/526/526 523/523/523
f 526/526/526 525/525/525 527/527/527
f 527/527/527 528/528/528 526/526/526
f 528/528/528 527/527/527 529/529/529
f 529/529/529 530/530/530 528/528/528
f 530/530/530 529/529/529 497/497/497
f 497/497/497 500/500/500 530/530/530
f 534/534/534 531/531/531 532/532/532
f 532/532/532 533/533/533 534/534/534
f 533/533/533 532/532/532 535/535/535
f 535/535/535 536/536/536 533/533/533
f 536/536/536 535/535/535 537/537/537
f 537/537/537 538/538/538 536/536/536
f 538/538/538 537/537/537 539/539/539
f 539/539/539 540/540/540 538/538/538
f 540/540/540 539/539/539 541/541/541
f 541/541/541 542/542/542 540/540/540
f 542/542/542 541/541/541 543/543/543
f 543/543/543 544/544/544 542/542/542
f 544/544/544 543/543/543 545/545/545
f 545/545/545 546/546/546 544/544/544
f 546/546/546 545/545/545 547/547/547
f 547/547/547 548/548/548 546/546/546
f 548/548/548 547/547/547 549/549/549
f 549/549/549 550/550/550 548/548/548
f 550/550/550 549/549/549 551/551/551
f 551/551/551 552/552/552 550/550/550
f 552/552/552 551/551/551 553/553/553
f 553/553/553 554/554/554 552/552/552
f 558/558/558 555/555/555 556/556/556
f 556/556/556 557/557/557 558/558/558
f 557/557/557 556/556/556 559/559/559
f 559/559/559 560/560/560 557/557/557
f 560/560/560 559/559/559 561/561/561
f 561/561/561 562/562/562 560/560/560
f 562/562/562 561/561/561 563/563/563
f 563/563/563 564/564/564 562/562/562
f 564/564/564 563/563/563 531/531/531
f 531/531/531 534/534/534 564/564/564
f 568/568/568 565/565/565 566/566/566
f 566/566/566 567/567/567 568/568/568
f 567/567/567 566/566/566 569/569/569
f 569/569/569 570/570/570 567/567/567
f 570/570/570 569/569/569 571/571/571
f 571/571/571 572/572/572 570/570/570
f 572/572/572 571/571/571 573/573/573
f 573/573/573 574/574/574 572/572/572
f 574/574/574 573/573/573 575/575/575
f 575/575/575 576/576/576 574/574/574
f 576/576/576 575/575/575 577/577/577
f 577/577/577 578/578/578 576/576/576
f 578/578/578 577/577/577 579/579/579
f 579/579/579 580/580/580 578/578/578
f 580/580/580 579/579/579 581/581/581
f 581/581/581 582/582/582 580/580/580
f 582/582/582 581/581/581 583/583/583
f 583/583/583 584/584/584 582/582/582
f 584/584/584 583/583/583 585/585/585
f 585/585/585 586/586/586 584/584/584
f 586/586/586 585/585/585 587/587/587
f 587/587/587 588/588/588 586/586/586
f 592/592/592 589/589/589 590/590/590
f 590/590/590 591/591/591 592/592/592
f 591/591/591 590/590/590 593/593/593
f 593/593/593 594/594/594 591/591/591
f 594/594/594 593/593/593 595/595/595
f 595/595/595 596/596/596 594/594/594
f 596/596/596 595/595/595 597/597/597
f 597/597/597 598/598/598 596/596/596
f 598/598/598 597/597/597 565/565/565
f 565/565/565 568/568/568 598/598/598
f 534/534/534 533/533/533 599/599/599
f 599/599/599 600/600/600 534/534/534
f 602/602/602 601/601/601 566/566/566
f 566/566/566 565/565/565 602/602/602
f 564/564/564 534/534/534 600/600/600
f 600/600/600 603/603/603 564/564/564
f 604/604/604 602/602/602 565/565/565
f 565/565/565 597/597/597 604/604/604
f 569/569/569 566/566/566 601/601/601
f 601/601/601 605/605/605 569/569/569
f 606/606/606 599/599/599 533/533/533
f 533/533/533 536/536/536 606/606/606
f 571/571/571 569/569/569 605/605/605
f 605/605/605 607/607/607 571/571/571
f 608/608/608 606/606/606 536/536/536
f 536/536/536 538/538/538 608/608/608
f 573/573/573 571/571/571 607/607/607
f 607/607/607 609/609/609 573/573/573
f 610/610/610 608/608/608 538/538/538
f 538/538/538 540/540/540 610/610/610
f 575/575/575 573/573/573 609/609/609
f 609/609/609 611/611/611 575/575/575
f 612/612/612 610/610/610 540/540/540
f 540/540/540 542/542/542 612/612/612
f 577/577/577 575/575/575 611/611/611
f 611/611/611 613/613/613 577/577/577
f 614/614/614 612/612/612 542/542/542
f 542/542/542 544/544/544 614/614/614
f 579/579/579 577/577/577 613/613/613
f 613/613/613 615/615/615 579/579/579
f 616/616/616 614/614/614 544/544/544
f 544/544/544 546/546/546 616/616/616
f 581/581/581 579/579/579 615/615/615
f 615/615/615 617/617/617 581/581/581
f 618/618/618 616/616/616 546/546/546
f 546/546/546 548/548/548 618/618/618
f 583/583/583 581/581/581 617/617/617
f 617/617/617 619/619/619 583/583/583
f 620/620/620 618/618/618 548/548/548
f 548/548/548 550/550/550 620/620/620
f 585/585/585 583/583/583 619/619/619
f 619/619/619 621/621/621 585/585/585
f 622/622/622 620/620/620 550/550/550
f 550/550/550 552/552/552 622/622/622
f 587/587/587 585/585/585 621/621/621
f 621/621/621 623/623/623 587/587/587
f 624/624/624 622/622/622 552/552/552
f 552/552/552 554/554/554 624/624/624
f 590/590/590 589/589/589 625/625/625
f 625/625/625 626/626/626 590/590/590
f 628/628/628 627/627/627 558/558/558
f 558/558/558 557/557/557 628/628/628
f 593/593/593 590/590/590 626/626/626
f 626/626/626 629/629/629 593/593/593
f 630/630/630 628/628/628 557/557/557
f 557/557/557 560/560/560 630/630/630
f 595/595/595 593/593/593 629/629/629
f 629/629/629 631/631/631 595/595/595
f 632/632/632 630/630/630 560/560/560
f 560/560/560 562/562/562 632/632/632
f 597/597/597 595/595/595 631/631/631
f 631/631/631 604/604/604 597/597/597
f 603/603/603 632/632/632 562/562/562
f 562/562/562 564/564/564 603/603/603
f 636/636/636 633/633/633 634/634/634
f 634/634/634 635/635/635 636/636/636
f 640/640/640 637/637/637 638/638/638
f 638/638/638 639/639/639 640/640/640
f 644/644/644 641/641/641 642/642/642
f 642/642/642 643/643/643 644/644/644
f 648/648/648 645/645/645 646/646/646
f 646/646/646 647/647/647 648/648/648
f 652/652/652 649/649/649 650/650/650
f 650/650/650 651/651/651 652/652/652
f 656/656/656 653/653/653 654/654/654
f 654/654/654 655/655/655 656/656/656
f 660/660/660 657/657/657 658/658/658
f 658/658/658 659/659/659 660/660/660
f 664/664/664 661/661/661 662/662/662
f 662/662/662 663/663/663 664/664/664
f 668/668/668 665/665/665 666/666/666
f 666/666/666 667/667/667 668/668/668
f 672/672/672 669/669/669 670/670/670
f 670/670/670 671/671/671 672/672/672
f 676/676/676 673/673/673 674/674/674
f 674/674/674 675/675/675 676/676/676
f 680/680/680 677/677/677 678/678/678
f 678/678/678 679/679/679 680/680/680
f 684/684/684 681/681/681 682/682/682
f 682/682/682 683/683/683 684/684/684
f 688/688/688 685/685/685 686/686/686
f 686/686/686 687/687/687 688/688/688
f 692/692/692 689/689/689 690/690/690
f 690/690/690 691/691/691 692/692/692
f 696/696/696 693/693/693 694/694/694
f 694/694/694 695/695/695 696/696/696
f 700/700/700 697/697/697 698/698/698
f 698/698/698 699/699/699 700/700/700
f 704/704/704 701/701/701 702/702/702
f 702/702/702 703/703/703 704/704/704
f 708/708/708 705/705/705 706/706/706
f 706/706/706 707/707/707 708/708/708
f 712/712/712 709/709/709 710/710/710
f 710/710/710 711/711/711 712/712/712
f 720/720/720 713/713/713 714/714/714
f 720/720/720 714/714/714 715/715/715
f 720/720/720 715/715/715 716/716/716
f 720/720/720 716/716/716 717/717/717
f 720/720/720 717/717/717 718/718/718
f 718/718/718 719/719/719 720/720/720
f 728/728/728 721/721/721 722/722/722
f 728/728/728 722/722/722 723/723/723
f 728/728/728 723/723/723 724/724/724
f 728/728/728 724/724/724 725/725/725
f 728/728/728 725/725/725 726/726/726
f 726/726/726 727/727/727 728/728/728
f 732/732/732 729/729/729 730/730/730
f 730/730/730 731/731/731 732/732/732
f 736/736/736 733/733/733 734/734/734
f 734/734/734 735/735/735 736/736/736
f 740/740/740 737/737/737 738/738/738
f 738/738/738 739/739/739 740/740/740
f 744/744/744 741/741/741 742/742/742
f 742/742/742 743/743/743 744/744/744
f 748/748/748 745/745/745 746/746/746
f 746/746/746 747/747/747 748/748/748
f 747/747/747 746/746/746 749/749/749
f 749/749/749 750/750/750 747/747/747
f 750/750/750 749/749/749 751/751/751
f 751/751/751 752/752/752 750/750/750
f 752/752/752 751/751/751 753/753/753
f 753/753/753 754/754/754 752/752/752
f 754/754/754 753/753/753 755/755/755
f 755/755/755 756/756/756 754/754/754
f 756/756/756 755/755/755 757/757/757
f 757/757/757 758/758/758 756/756/756
f 758/758/758 757/757/757 759/759/759
f 759/759/759 760/760/760 758/758/758
f 760/760/760 759/759/759 745/745/745
f 745/745/745 748/748/748 760/760/760
f 762/762/762 748/748/748 747/747/747
f 747/747/747 761/761/761 762/762/762
f 761/761/761 747/747/747 750/750/750
f 750/750/750 763/763/763 761/761/761
f 763/763/763 750/750/750 752/752/752
f 752/752/752 764/764/764 763/763/763
f 764/764/764 752/752/752 754/754/754
f 754/754/754 765/765/765 764/764/764
f 765/765/765 754/754/754 756/756/756
f 756/756/756 766/766/766 765/765/765
f 766/766/766 756/756/756 758/758/758
f 758/758/758 767/767/767 766/766/766
f 767/767/767 758/758/758 760/760/760
f 760/760/760 768/768/768 767/767/767
f 768/768/768 760/760/760 748/748/748
f 748/748/748 762/762/762 768/768/768
