o trafficCone_white_0
usemtl white
v 0.08849080841636336 0.2762789092299589 -3.6062291708584498e-9
v 0.08679044529518976 0.2762770577858435 -0.017430727684992264
v 0.07397432638762158 0.3340086660291894 -0.014923832265961487
v 0.07542356322504062 0.334010994121187 -3.5881994676719763e-9
v 0.08679044529518976 0.2762787388845722 0.017430765838415425
v 0.07397427393553535 0.33401076636607635 0.01492385812584469
v 0.08175489242922751 0.2762765848460817 0.034191715552442645
v 0.06968235813791246 0.3340080590145024 0.029274247047465174
v 0.07357764079620743 0.276272809462095 0.0496387929586183
v 0.06271269181267858 0.33400332978849745 0.04249976402515813
v 0.06257281163544626 0.2762680421128308 0.06317839302865906
v 0.05333297610283694 0.333997341589127 0.05409217576143374
v 0.04916330704473015 0.2762629312575229 0.07429014338340013
v 0.04190366174495974 0.33399093361613347 0.06360594469904851
v 0.03386436625128164 0.27625816350941573 0.08254690761113331
v 0.04916330704473015 0.2762629312575229 0.07429014338340013
v 0.04190366174495974 0.33399093361613347 0.06360594469904851
v 0.028863858531478215 0.33398498322225345 0.07067529859879741
v 0.01726394495523098 0.2762545399309811 0.08763164146076693
v 0.014714722304462136 0.33398044406129535 0.07502888374505501
v 3.0384750746874805e-9 0.276252575491549 0.08934845546367917
v 9.630866555482333e-9 0.3339779646191038 0.07649880100975028
v -0.01726394614732385 0.276252575361939 0.08763171775485887
v -0.014714711575626316 0.33397796450813566 0.07502898388104319
v -0.033864413934996396 0.2762545395471052 0.08254705066255118
v -0.028863910983564445 0.33398044373262326 0.07067548933399916
v -0.049163421485645564 0.27625825825348915 0.0742903055083831
v -0.041903795259361054 0.3339850971294641 0.06360616404457703
v -0.06257294991821905 0.27626315930044965 0.06317852177505755
v -0.049163421485645564 0.27625825825348915 0.0742903055083831
v -0.041903795259361054 0.3339850971294641 0.06360616404457703
v -0.053333147764210054 0.33399123807365244 0.05409236172838208
v -0.07357777431060875 0.2762685179277728 0.04963886925288591
v -0.0627128634740517 0.3339979510654818 0.042499878466479624
v -0.08175498779665702 0.27627338050045164 0.034191734626170464
v -0.0696824868839423 0.3340040535824663 0.029274289963110857
v -0.0867904548319327 0.2762770413443257 0.017430749149243422
v -0.07397431208250715 0.3340086301356548 0.014923850973448758
v -0.08849071304893386 0.27627890922995674 -3.289652585039715e-8
v -0.07542346785761112 0.3340109941211851 -2.86659441564318e-8
v -0.08679034992776025 0.27627873625259824 -0.017430788481855298
v -0.07397417856810584 0.33401076411263525 -0.014923876373556036
v -0.081754797061798 0.2762765796832755 -0.03419173104299986
v -0.06968226277048295 0.3340080545942133 -0.02927426171848895
v -0.07357754542877792 0.2762728019668471 -0.049638782222562156
v -0.06271259644524907 0.33400332337121297 -0.04249975246942455
v -0.06257271626801675 0.2762680325731618 -0.06317836321839702
v -0.05333288073540743 0.33399733342143784 -0.05409215466805288
v -0.04916321644567212 0.2762629200400267 -0.07429010880399477
v -0.04190357114590171 0.33399092401190605 -0.06360591406795701
v -0.03386428280478082 0.276258151045183 -0.08254687303100794
v -0.04916321644567212 0.2762629200400267 -0.07429010880399477
v -0.04190357114590171 0.33399092401190605 -0.06360591406795701
v -0.028863772700791657 0.33398497255058335 -0.07067526796680736
v -0.017263867469194505 0.2762545266989764 -0.08763158780660846
v -0.014714641242147053 0.3339804327322533 -0.07502883880726507
v 5.710254171994884e-8 0.2762525620003126 -0.08934840180922404
v 5.571174245308447e-8 0.3339779530681104 -0.07649875607158595
v 0.01726399859941008 0.2762525621299227 -0.08763166410040374
v 0.014714773564455497 0.3339779531790785 -0.07502893894287886
v 0.03386445923452541 0.27625452708285225 -0.0825469970083927
v 0.02886396820402215 0.3339804330609254 -0.07067544439620922
v 0.04916344532750294 0.27625824703596996 -0.07429025185478623
v 0.04190382863796138 0.3339850875252046 -0.06360611910748981
v 0.06257295468659052 0.27626314976076194 -0.06317848242731526
v 0.04916344532750294 0.27625824703596996 -0.07429025185478623
v 0.04190382863796138 0.3339850875252046 -0.06360611910748981
v 0.053333166837695956 0.3339912299059363 -0.0540923263289652
v 0.07357778861572317 0.2762685104325156 -0.049638829905952905
v 0.06271289685265202 0.33399794464818183 -0.0424998430680765
v 0.08175497825991407 0.27627337533764523 -0.034191714353457775
v 0.06968249165231377 0.334004049162173 -0.029274273639115236
vt 0.13100019097328186 0.2645936608314514
vt 0.1503227800130844 0.2645915746688843
vt 0.14754381775856018 0.32858917117118835
vt 0.13100017607212067 0.3285917639732361
vt 0.11167752742767334 0.26459354162216187
vt 0.11445651948451996 0.32859158515930176
vt 0.09309747815132141 0.2645912170410156
vt 0.09854865819215775 0.3285886347293854
vt 0.07597380131483078 0.2645869851112366
vt 0.08388767391443253 0.32858335971832275
vt 0.06096470355987549 0.26458168029785156
vt 0.07103708386421204 0.3285766839981079
vt 0.048646893352270126 0.26457592844963074
vt 0.060490719974040985 0.32856956124305725
vt 0.835522472858429 0.25424033403396606
vt 0.8524819016456604 0.2542455792427063
vt 0.8444343209266663 0.31823915243148804
vt 0.8299793004989624 0.31823259592056274
vt 0.8171203136444092 0.2542363107204437
vt 0.8142944574356079 0.3182275593280792
vt 0.7979826927185059 0.2542341351509094
vt 0.7979827523231506 0.31822481751441956
vt 0.7788450717926025 0.2542341351509094
vt 0.7816709876060486 0.31822481751441956
vt 0.7604427933692932 0.2542363405227661
vt 0.7659860849380493 0.3182275891304016
vt 0.743483304977417 0.254240483045578
vt 0.7515308260917664 0.31823277473449707
vt 0.4658925533294678 0.2645761966705322
vt 0.4782103896141052 0.26457083225250244
vt 0.46636661887168884 0.3285631239414215
vt 0.455820232629776 0.32856985926628113
vt 0.4508833885192871 0.26458215713500977
vt 0.44296956062316895 0.32857733964920044
vt 0.4337596893310547 0.2645875811576843
vt 0.42830854654312134 0.32858413457870483
vt 0.4151795506477356 0.26459163427352905
vt 0.41240060329437256 0.32858920097351074
vt 0.3958568871021271 0.2645936608314514
vt 0.3958568871021271 0.3285917639732361
vt 0.37653428316116333 0.26459354162216187
vt 0.37931329011917114 0.32859158515930176
vt 0.35795411467552185 0.26459115743637085
vt 0.36340534687042236 0.3285885751247406
vt 0.3408305048942566 0.2645869255065918
vt 0.34874439239501953 0.32858332991600037
vt 0.3258213996887207 0.26458168029785156
vt 0.33589380979537964 0.3285766839981079
vt 0.3135036528110504 0.26457592844963074
vt 0.3253474831581116 0.32856953144073486
vt 0.5801637172698975 0.30112743377685547
vt 0.563204288482666 0.30112215876579285
vt 0.5712518692016602 0.2371285855770111
vt 0.5857069492340088 0.2371351420879364
vt 0.5985658764839172 0.3011314272880554
vt 0.6013917922973633 0.23714017868041992
vt 0.6177035570144653 0.3011336326599121
vt 0.6177035570144653 0.2371429204940796
vt 0.6368411779403687 0.3011336326599121
vt 0.6340153217315674 0.23714296519756317
vt 0.6552435159683228 0.3011314272880554
vt 0.6497002840042114 0.23714017868041992
vt 0.6722029447555542 0.30112725496292114
vt 0.6641554832458496 0.23713499307632446
vt 0.20103582739830017 0.2645762264728546
vt 0.21335366368293762 0.2645708918571472
vt 0.20150990784168243 0.3285631537437439
vt 0.1909634917974472 0.3285698890686035
vt 0.1860266923904419 0.26458215713500977
vt 0.17811286449432373 0.32857733964920044
vt 0.16890296339988708 0.2645876109600067
vt 0.16345179080963135 0.3285841643810272
vn 0.9747031387827069 0.2234655206256259 -0.004117321782131911
vn 0.9557129679941451 0.22242324050866938 -0.19271903094776263
vn 0.9598883298975568 0.21402794202544043 -0.18112546524118003
vn 0.9773255246261151 0.21170803196016513 0.0038115768184002075
vn 0.9571760900853221 0.22345608391030153 0.18406876740079367
vn 0.9583794133410596 0.2113249073583513 0.19196531877928052
vn 0.9036077749598126 0.22322721311584187 0.3655989610990588
vn 0.903456650554667 0.21065062641337698 0.3733529083323096
vn 0.8156694463178044 0.22276696775856086 0.5339084494735618
vn 0.8141915661058398 0.20988433769861786 0.5413322994898168
vn 0.6962009125424441 0.22212048727677927 0.6826175931713118
vn 0.6934433023496607 0.20929607114694593 0.6894429207910179
vn 0.5492470014611437 0.22132151435580927 0.8058191600285971
vn 0.5453745665566216 0.2091261590311083 0.811685180203552
vn 0.3802218995500866 0.22052753573662404 0.898219857876932
vn 0.5492470014611437 0.22132151435580927 0.8058191600285971
vn 0.5453745665566216 0.2091261590311083 0.811685180203552
vn 0.3754295552991532 0.20933422445176197 0.9029018947156215
vn 0.1957140590482995 0.2198867803042242 0.9556912738632076
vn 0.19014173433878434 0.20972823542659175 0.9590934199166873
vn 0.003309016923794359 0.2195803581619415 0.9755888051410142
vn -0.0031067621674922886 0.21004110273244003 0.9776876204554167
vn -0.18899260114711283 0.2196964236541514 0.9570868707412217
vn -0.19642762508513756 0.21009811081144766 0.9577447321373651
vn -0.3733903966314 0.22017203540301528 0.9011680678596747
vn -0.3817638939727104 0.21002379272318256 0.9000812939668076
vn -0.5426613213828259 0.22085720016906243 0.8103954512511334
vn -0.5514566364110559 0.21003053672506553 0.8073306335084687
vn -0.6903475033731568 0.22162125586557008 0.6886975704436722
vn -0.5426613213828259 0.22085720016906243 0.8103954512511334
vn -0.5514566364110559 0.21003053672506553 0.8073306335084687
vn -0.6988045228223523 0.21026822578005197 0.6837101082405713
vn -0.8110507682252656 0.22231541066978028 0.5410845678264475
vn -0.8183962380765842 0.21076406810116585 0.5346083660957262
vn -0.9004714188366805 0.2228879985645811 0.3734597219970729
vn -0.9062870529504583 0.2113084871152744 0.36604986125858235
vn -0.9556130727661486 0.22327586878033792 0.19222783767921117
vn -0.9597869821838222 0.21167457857146071 0.18439854017064775
vn -0.9747030514753564 0.22346596069472224 0.004114104448550498
vn -0.9773255838826663 0.21170771838468772 -0.0038137992546585773
vn -0.9571760606443556 0.22345606414474478 -0.18406894449171177
vn -0.9583793971688256 0.2113248599052109 -0.19196545175723959
vn -0.903607611717253 0.2232272807915177 -0.36559932324481587
vn -0.9034564658689935 0.21065073258234898 -0.37335329534105877
vn -0.8156690318527516 0.22276706533288848 -0.5339090419531846
vn -0.8141911799240891 0.20988436873602237 -0.5413328682927916
vn -0.6962007215935442 0.22212046973973043 -0.6826177936262943
vn -0.6934451426791797 0.20934309717996835 -0.6894267921670513
vn -0.5492470242190124 0.22132143165321325 -0.8058191672314152
vn -0.5453745069879253 0.20912607323283847 -0.8116852423334374
vn -0.38022165238776007 0.22052742484017027 -0.8982199897290665
vn -0.5492470242190124 0.22132143165321325 -0.8058191672314152
vn -0.5453745069879253 0.20912607323283847 -0.8116852423334374
vn -0.375429277905859 0.20933411452148581 -0.9029020355434972
vn -0.19571359376713174 0.21988666020236042 -0.9556913967802606
vn -0.190141247132044 0.2097281552105407 -0.9590935340471515
vn -0.0033090846984218914 0.21958018243752014 -0.9755888444622376
vn 0.003106701166457422 0.21004095514553076 -0.9776876523560146
vn 0.18899245758269836 0.21969621338524734 -0.957086947356945
vn 0.19642751105219197 0.21009789826385739 -0.9577448021508396
vn 0.373390847634199 0.22017182716437614 -0.9011679318673711
vn 0.38176432020333684 0.21002355745680631 -0.9000811680803412
vn 0.5426615598753807 0.22085692882128571 -0.8103953655008451
vn 0.5514568743831713 0.21003025073875614 -0.8073305453593083
vn 0.6903473237821316 0.22162097281171267 -0.6886978415508784
vn 0.5426615598753807 0.22085692882128571 -0.8103953655008451
vn 0.5514568743831713 0.21003025073875614 -0.8073305453593083
vn 0.6988042912835042 0.21026790109535815 -0.6837104447444927
vn 0.8110509551513618 0.2223151658422129 -0.5410843882285028
vn 0.8183964468249624 0.2107638307249044 -0.5346081401198829
vn 0.9004716292632668 0.22288765227064 -0.37345942129934256
vn 0.906287317070967 0.21130820042122017 -0.366049372832483
f 1/1/1 2/2/2 3/3/3
f 1/1/1 3/3/3 4/4/4
f 5/5/5 1/1/1 4/4/4
f 5/5/5 4/4/4 6/6/6
f 7/7/7 5/5/5 6/6/6
f 7/7/7 6/6/6 8/8/8
f 9/9/9 7/7/7 8/8/8
f 9/9/9 8/8/8 10/10/10
f 11/11/11 9/9/9 10/10/10
f 11/11/11 10/10/10 12/12/12
f 13/13/13 11/11/11 12/12/12
f 13/13/13 12/12/12 14/14/14
f 15/15/15 16/16/16 17/17/17
f 15/15/15 17/17/17 18/18/18
f 19/19/19 15/15/15 18/18/18
f 19/19/19 18/18/18 20/20/20
f 21/21/21 19/19/19 20/20/20
f 21/21/21 20/20/20 22/22/22
f 23/23/23 21/21/21 22/22/22
f 23/23/23 22/22/22 24/24/24
f 25/25/25 23/23/23 24/24/24
f 25/25/25 24/24/24 26/26/26
f 27/27/27 25/25/25 26/26/26
f 27/27/27 26/26/26 28/28/28
f 29/29/29 30/30/30 31/31/31
f 29/29/29 31/31/31 32/32/32
f 33/33/33 29/29/29 32/32/32
f 33/33/33 32/32/32 34/34/34
f 35/35/35 33/33/33 34/34/34
f 35/35/35 34/34/34 36/36/36
f 37/37/37 35/35/35 36/36/36
f 37/37/37 36/36/36 38/38/38
f 39/39/39 37/37/37 38/38/38
f 39/39/39 38/38/38 40/40/40
f 41/41/41 39/39/39 40/40/40
f 41/41/41 40/40/40 42/42/42
f 43/43/43 41/41/41 42/42/42
f 43/43/43 42/42/42 44/44/44
f 45/45/45 43/43/43 44/44/44
f 45/45/45 44/44/44 46/46/46
f 47/47/47 45/45/45 46/46/46
f 47/47/47 46/46/46 48/48/48
f 49/49/49 47/47/47 48/48/48
f 49/49/49 48/48/48 50/50/50
f 51/51/51 52/52/52 53/53/53
f 51/51/51 53/53/53 54/54/54
f 55/55/55 51/51/51 54/54/54
f 55/55/55 54/54/54 56/56/56
f 57/57/57 55/55/55 56/56/56
f 57/57/57 56/56/56 58/58/58
f 59/59/59 57/57/57 58/58/58
f 59/59/59 58/58/58 60/60/60
f 61/61/61 59/59/59 60/60/60
f 61/61/61 60/60/60 62/62/62
f 63/63/63 61/61/61 62/62/62
f 63/63/63 62/62/62 64/64/64
f 65/65/65 66/66/66 67/67/67
f 65/65/65 67/67/67 68/68/68
f 69/69/69 65/65/65 68/68/68
f 69/69/69 68/68/68 70/70/70
f 71/71/71 69/69/69 70/70/70
f 71/71/71 70/70/70 72/72/72
f 2/2/2 71/71/71 72/72/72
f 2/2/2 72/72/72 3/3/3
o trafficCone001_red_0
usemtl material
v 0.023721408313779335 0.5478229396395328 -0.0051151002632829215
v 0.022313456036594737 0.5478229392691203 -0.01002136290901337
v 3.753487278804e-8 0.5478229400257117 -4.4141422819318076e-9
v 0.020038425474500077 0.5478229389293763 -0.014521408584796683
v 0.016996805287968986 0.547822938633519 -0.0184401575912152
v 0.013318490684364193 0.5478229383925196 -0.021632292615461728
v 0.009152370486728012 0.5478229382147355 -0.02398711472164082
v 0.004658374086207728 0.5478229381058588 -0.025429229996261273
v 3.718582691919537e-8 0.547822938069203 -0.02591475034826305
v -0.004658481076542709 0.5478229381057855 -0.025430200359856527
v -0.009152961764790968 0.5478229382146133 -0.023988733583756736
v -0.013319681585140186 0.5478229383923826 -0.021634106980808136
v -0.016998422957992032 0.547822938633398 -0.01844175976403095
v -0.020040096788702222 0.5478229389292915 -0.01452253272837202
v -0.02231482694339393 0.5478229392690759 -0.01002195061079772
v -0.023722123569500653 0.5478229396395189 -0.005115285037677595
v -0.024198252613881532 0.5478229400257116 -5.605121019809498e-9
v -0.02372132963564999 0.5478229404118934 0.0051151260247773
v -0.02231339881613703 0.5478229407823033 0.010021355291907421
v -0.020038332491256305 0.5478229411220488 0.014521421233269504
v -0.016996731378211116 0.5478229414179066 0.01844017620015237
v -0.013318423927163536 0.5478229416589052 0.021632300495563077
v -0.00915228405999502 0.5478229418366897 0.023987127370113645
v -0.00465828289110326 0.5478229419455664 0.025429242644734097
v 4.7413826755253256e-8 0.5478229419822221 0.025914762996735875
v 0.004658572271647177 0.5478229419456396 0.02543021300832935
v 0.009153052363849001 0.5478229418368112 0.02398873669548661
v 0.013319779336755433 0.5478229416590424 0.021634117245095223
v 0.01699851832542154 0.5478229414180267 0.0184417676441323
v 0.02004019215613173 0.5478229411221339 0.014522547761030579
v 0.0223149199266377 0.5478229407823478 0.010021945377877508
v 0.02372221893693016 0.5478229404119047 0.005115276824525211
v 0.02419834798131104 0.5478229400257119 -3.413534423300603e-9
v 0.17172853086005446 0.03894302385390649 0.17170861520065717
v 0.15979115128983956 0.03894303519947375 0.19566722138511047
v 0.16695737465566296 0.038943035146154575 0.19496098742262455
v 0.17364352791808102 0.03894303499302844 0.19293277015228494
v 0.17980552271443173 0.038943034744364974 0.18963912245979042
v 0.18520656171724426 0.038943034409718635 0.18520659692409946
v 0.1896390872529352 0.038943034001951565 0.17980555792128697
v 0.19293273494542973 0.03894303353673393 0.17364356312493628
v 0.19496095221576937 0.03894303303194344 0.16695740986251822
v 0.19566852132226842 0.03894303248955794 0.15977329556691897
v 0.17172853086005446 0.03894299792663697 -0.1717085066399724
v 0.1956671861782553 0.03894300836312141 -0.15979106839926857
v 0.19496095221576937 0.03894300782208592 -0.1669573013018349
v 0.19293273494542973 0.03894300731729543 -0.17364345456425295
v 0.1896390872529352 0.0389430068520778 -0.17980544936060364
v 0.18520656171724426 0.03894300644431072 -0.18520648836341613
v 0.17980552271443173 0.038943006109664384 -0.1896390138991071
v 0.17364352791808102 0.03894300586100092 -0.1929326615916016
v 0.16695737465566296 0.038943005707873346 -0.19496089793542712
v 0.1597731363824053 0.038943005654451926 -0.19566848611541207
v -0.17172851178656856 0.03894299792662401 -0.1717086783013455
v -0.15979115128983956 0.038943005654545525 -0.19566724633882845
v -0.16695737465566296 0.03894300570786471 -0.19496101237634253
v -0.17364352791808102 0.03894300586099084 -0.19293279510600292
v -0.17980552271443173 0.0389430061096543 -0.1896391474135084
v -0.18520656171724426 0.038943006444299204 -0.18520664095130335
v -0.1896390872529352 0.03894300685206772 -0.17980558287500495
v -0.19293273494542973 0.03894300731728391 -0.17364360715214017
v -0.19496095221576937 0.038943007822074396 -0.1669574538897221
v -0.19566852132226842 0.03894300836446062 -0.1597733300573799
v -0.17172853086005446 0.038943023853899285 0.17170851983322766
v -0.1956671861782553 0.038943032490900746 0.1597910815925224
v -0.19496095221576937 0.03894303303193624 0.16695731449508872
v -0.19293273494542973 0.038943033536726734 0.17364346775750678
v -0.1896390872529352 0.03894303400194436 0.17980546255385746
v -0.18520656171724426 0.03894303440971143 0.18520650155666996
v -0.17980552271443173 0.03894303474435778 0.1896390270923609
v -0.17364352791808102 0.03894303499302124 0.19293267478485543
v -0.16695737465566296 0.03894303514614737 0.19496089205519504
v -0.1597731363824053 0.03894303519956879 0.19566848023518
v 0.07397432638762158 0.3340086660291894 -0.014923832265961487
v 0.06968249165231377 0.334004049162173 -0.029274273639115236
v 0.02993335656970686 0.5240845362482243 -0.013083410198838727
v 0.03177674222491511 0.5240921661268004 -0.00666978188379377
v 0.06271289685265202 0.33399794464818183 -0.0424998430680765
v 0.02693981587276273 0.5240743124135094 -0.01899445633250047
v 0.053333166837695956 0.3339912299059363 -0.0540923263289652
v 0.02291080900481024 0.5240631349595893 -0.02417581407640942
v 0.04190382863796138 0.3339850875252046 -0.06360611910748981
v 0.018001272276015445 0.5240529493970719 -0.028428195305360386
v 0.04190382863796138 0.3339850875252046 -0.06360611910748981
v 0.02886396820402215 0.3339804330609254 -0.07067544439620922
v 0.01239965530336673 0.5240451290293016 -0.03158789467414763
v 0.018001272276015445 0.5240529493970719 -0.028428195305360386
v 0.014714773564455497 0.3339779531790785 -0.07502893894287886
v 0.006321350790828073 0.5240410090094204 -0.03353399343481176
v 5.571174245308447e-8 0.3339779530681104 -0.07649875607158595
v 5.113248220674731e-8 0.5240410089598331 -0.034190798458583166
v -0.014714641242147053 0.3339804327322533 -0.07502883880726507
v -0.0063212131041017194 0.5240451288823887 -0.033533814621192475
v -0.028863772700791657 0.33398497255058335 -0.07067526796680736
v -0.012399404963864269 0.5240527202767165 -0.03158755135197452
v -0.04190357114590171 0.33399092401190605 -0.06360591406795701
v -0.01800090034304036 0.5240626005809689 -0.028427789994513616
v -0.04190357114590171 0.33399092401190605 -0.06360591406795701
v -0.05333288073540743 0.33399733342143784 -0.05409215466805288
v -0.022910363162077285 0.5240733202010879 -0.024175456449317727
v -0.01800090034304036 0.5240626005809689 -0.028427789994513616
v -0.06271259644524907 0.33400332337121297 -0.04249975246942455
v -0.02693933188305797 0.5240833150988731 -0.018994217914606384
v -0.06968226277048295 0.3340080545942133 -0.02927426171848895
v -0.029932960794874397 0.5240911738213262 -0.013083304103074522
v -0.07397417856810584 0.33401076411263525 -0.014923876373556036
v -0.031776465659369535 0.5240957137951789 -0.006669771751272226
v -0.07542346785761112 0.3340109941211851 -2.86659441564318e-8
v -0.03239907192291902 0.5240960957684496 -1.4736591172620405e-8
v -0.07397431208250715 0.3340086301356548 0.014923850973448758
v -0.03177666831515724 0.5240921671339104 0.0066697945392348214
v -0.0696824868839423 0.3340040535824663 0.029274289963110857
v -0.029933299349249154 0.5240845382237642 0.013083410934503097
v -0.0627128634740517 0.3339979510654818 0.042499878466479624
v -0.02693972050533322 0.5240743152815935 0.018994472566915825
v -0.053333147764210054 0.33399123807365244 0.05409236172838208
v -0.022910742247609583 0.5240631386100367 0.024175830312512466
v -0.041903795259361054 0.3339850971294641 0.06360616404457703
v -0.018001201942536182 0.5240529536896109 0.028428211543001354
v -0.041903795259361054 0.3339850971294641 0.06360616404457703
v -0.028863910983564445 0.33398044373262326 0.07067548933399916
v -0.012399565896401565 0.5240451337989419 0.031587910912969405
v -0.018001201942536182 0.5240529536896109 0.028428211543001354
v -0.014714711575626316 0.33397796450813566 0.07502898388104319
v -0.006321261383862908 0.5240410140729135 0.03353400967425562
v 9.630866555482333e-9 0.3339779646191038 0.07649880100975028
v 3.1336568763319946e-8 0.5240410141225008 0.034190814698027025
v 0.014714722304462136 0.33398044406129535 0.07502888374505501
v 0.006321307875484794 0.5240451339458547 0.03353383086001425
v 0.028863858531478215 0.33398498322225345 0.07067529859879741
v 0.012399495562922302 0.5240527250463042 0.031587558052907104
v 0.04190366174495974 0.33399093361613347 0.06360594469904851
v 0.01800099571046987 0.5240626048734465 0.02842780384651156
v 0.04190366174495974 0.33399093361613347 0.06360594469904851
v 0.05333297610283694 0.333997341589127 0.05409217576143374
v 0.022910458529506794 0.5240733238514809 0.024175467915511367
v 0.01800099571046987 0.5240626048734465 0.02842780384651156
v 0.06271269181267858 0.33400332978849745 0.04249976402515813
v 0.02693942725048748 0.5240833179669211 0.0189942329555695
v 0.06968235813791246 0.3340080590145024 0.029274247047465174
v 0.029933056162303906 0.5240911757968493 0.013083295300993694
v 0.07397427393553535 0.33401076636607635 0.01492385812584469
v 0.031776561026799044 0.5240957148022859 0.006669764736645259
v 0.07542356322504062 0.334010994121187 -3.5881994676719763e-9
v 0.03239916729034853 0.5240960957684505 -3.528838190976852e-9
v 0.026457130317603106 0.5461082713641427 -0.005642136312081861
v 0.023721408313779335 0.5478229396395328 -0.0051151002632829215
v 0.02419834798131104 0.5478229400257119 -3.413534423300603e-9
v 0.026983003013215878 0.5461086532598298 -3.891608628699849e-9
v 0.02851064856699148 0.5411586635963327 -0.006030509066236468
v 0.029072727507217344 0.5411599229016927 -3.9318895687433754e-9
v 0.03006953887485997 0.5335332364983093 -0.0063268246307601845
v 0.030659488946359836 0.5335357165291382 -3.702149775391205e-9
v 0.02490257684359154 0.5461075461626488 -0.011059898589650485
v 0.022313456036594737 0.5478229392691203 -0.01002136290901337
v 0.026847397681011298 0.5411561454586626 -0.011825783313381095
v 0.02832273181551548 0.533528238785758 -0.01240971035581658
v 0.022313456036594737 0.5478229392691203 -0.01002136290901337
v 0.02490257684359154 0.5461075461626488 -0.011059898589650485
v 0.022385169959399764 0.5461067447002814 -0.016039634091153488
v 0.020038425474500077 0.5478229389293763 -0.014521408584796683
v 0.024149748739233257 0.5411526736814632 -0.01716057175474449
v 0.022385169959399764 0.5461067447002814 -0.016039634091153488
v 0.02548692884697923 0.5335213719077013 -0.018014264644775756
v 0.019009614757978577 0.5461055999627836 -0.020388677363151596
v 0.016996805287968986 0.547822938633519 -0.0184401575912152
v 0.0205249471845117 0.541148820484833 -0.0218292854581594
v 0.019009614757978577 0.5461055999627836 -0.020388677363151596
v 0.021671790592257878 0.5335138947304776 -0.022924999426339257
v 0.014913723135432821 0.5461046078731644 -0.02394311205993505
v 0.013318490684364193 0.5478229383925196 -0.021632292615461728
v 0.016116157409932663 0.5411451962337581 -0.025653943766257875
v 0.014913723135432821 0.5461046078731644 -0.02394311205993505
v 0.017025017357803485 0.5335069898244412 -0.026953455546865037
v 0.010259469518226316 0.5461038828820994 -0.026573658094070092
v 0.009152370486728012 0.5478229382147355 -0.02398711472164082
v 0.014913723135432821 0.5461046078731644 -0.02394311205993505
v 0.016116157409932663 0.5411451962337581 -0.025653943766257875
v 0.011094838132824636 0.5411424875845781 -0.028490869686072104
v 0.010259469518226316 0.5461038828820994 -0.026573658094070092
v 0.017025017357803485 0.5335069898244412 -0.026953455546865037
v 0.01172554705160378 0.533501458287638 -0.0299454822854481
v 0.005225641014598881 0.5461035012904446 -0.028188760349048117
v 0.004658374086207728 0.5478229381058588 -0.025429229996261273
v 0.0056539736914491545 0.5411408471330523 -0.030235795622745684
v 0.005225641014598881 0.5461035012904446 -0.028188760349048117
v 0.005977124438201087 0.533498558978697 -0.03178770445779745
v 4.2495629673455716e-8 0.5461035012493451 -0.02873313909435711
v 3.718582691919537e-8 0.547822938069203 -0.02591475034826305
v 4.701869224342644e-8 0.5411408089416433 -0.03082438432418643
v 4.2495629673455716e-8 0.5461035012493451 -0.02873313909435711
v 4.998000237873515e-8 0.533498368196903 -0.03240937850470909
v -0.005225666644595561 0.546103692025259 -0.02818935162712547
v -0.004658481076542709 0.5478229381057855 -0.025430200359856527
v -0.005653924815641531 0.5411419533952166 -0.030236034041402977
v -0.005225666644595561 0.546103692025259 -0.02818935162712547
v -0.0059770189379821925 0.5335010385318665 -0.0317876758477558
v -0.010259783038650827 0.5461044550866033 -0.026574628457708544
v -0.009152961764790968 0.5478229382146133 -0.023988733583756736
v -0.011094894161189472 0.5411444712270838 -0.02849124161919695
v -0.010259783038650827 0.5461044550866033 -0.026574628457708544
v -0.011725408768830992 0.5335059977772889 -0.029945398839290004
v -0.014914396667903729 0.5461053708125188 -0.023944194480317576
v -0.013319681585140186 0.5478229383923826 -0.021634106980808136
v -0.016116352913163157 0.5411479046687255 -0.02565434907803777
v -0.014914396667903729 0.5461053708125188 -0.023944194480317576
v -0.017024851656894713 0.5335125974293047 -0.026953345874744464
v -0.019010549358787765 0.5461064010491192 -0.02038963580587864
v -0.016998422957992032 0.547822938633398 -0.01844175976403095
v -0.014914396667903729 0.5461053708125188 -0.023944194480317576
v -0.016116352913163157 0.5411479046687255 -0.02565434907803777
v -0.020525252360286128 0.5411515289198039 -0.02182964547041028
v -0.019010549358787765 0.5461064010491192 -0.02038963580587864
v -0.017024851656894713 0.5335125974293047 -0.026953345874744464
v -0.021671618930884762 0.5335198456580861 -0.02292490644354477
v -0.022386130786252068 0.5461073169048073 -0.0160403111999462
v -0.020040096788702222 0.5478229389292915 -0.01452253272837202
v -0.024150051530821948 0.5411551532346108 -0.01716083282326997
v -0.022386130786252068 0.5461073169048073 -0.0160403111999462
v -0.025486733343748735 0.5335267124837579 -0.01801420980890699
v -0.02490336362488499 0.5461080802202268 -0.011060258601737202
v -0.02231482694339393 0.5478229392690759 -0.01002195061079772
v -0.02684764563632802 0.5411578620723826 -0.011825932325119304
v -0.02490336362488499 0.5461080802202268 -0.011060258601737202
v -0.02832257207507105 0.533532091629911 -0.012409698435178773
v -0.02231482694339393 0.5478229392690759 -0.01002195061079772
v -0.026457518939878355 0.5461085002459645 -0.005642256713478896
v -0.023722123569500653 0.5478229396395189 -0.005115285037677595
v -0.02851073439767804 0.5411595791236514 -0.006030569266995465
v -0.030069393439529968 0.5335353727287292 -0.006326839532082326
v -0.02698290764578637 0.5461086532598295 -9.448016318360349e-9
v -0.024198252613881532 0.5478229400257116 -5.605121019809498e-9
v -0.029072632139787835 0.541159922901692 -1.2235353184131377e-8
v -0.030659393578930327 0.5335357165291374 -1.3862856099969016e-8
v -0.02645705163947376 0.546108272216083 0.005642156372019577
v -0.02372132963564999 0.5478229404118934 0.0051151260247773
v -0.028510572273047874 0.5411586645069154 0.006030524509126197
v -0.030069462580916362 0.5335332374536341 0.006326837648778679
v -0.024902519623133834 0.5461075478326466 0.011059893615747397
v -0.02231339881613703 0.5478229407823033 0.010021355291907421
v -0.026847340460553593 0.5411561472443059 0.01182578027921152
v -0.028322674595057773 0.5335282406595719 0.012409709665521648
v -0.02231339881613703 0.5478229407823033 0.010021355291907421
v -0.024902519623133834 0.5461075478326466 0.011059893615747397
v -0.022385076976155993 0.5461067471221995 0.016039646998764392
v -0.020038332491256305 0.5478229411220488 0.014521421233269504
v -0.024149655755989485 0.5411526762726384 0.01716058541039924
v -0.022385076976155993 0.5461067471221995 0.016039646998764392
v -0.025486835863735458 0.5335213746277805 0.01801427945272492
v -0.019009543232406445 0.5461056030413892 0.020388692655121037
v -0.016996731378211116 0.5478229414179066 0.01844017620015237
v -0.020524878043125305 0.5411488237809643 0.021829299114395916
v -0.019009543232406445 0.5461056030413892 0.020388692655121037
v -0.02167172383505722 0.5335138981920571 0.022925014235417394
v -0.014913653994046427 0.5461046114884743 0.023943122583682776
v -0.013318423927163536 0.5478229416589052 0.021632300495563077
v -0.01611608826854627 0.5411452001073964 0.025653955038855855
v -0.014913653994046427 0.5461046114884743 0.023943122583682776
v -0.017024947024324222 0.5335069938943007 0.026953470356985736
v -0.01025938249544689 0.5461038868946109 0.026573671002112997
v -0.00915228405999502 0.5478229418366897 0.023987127370113645
v -0.014913653994046427 0.5461046114884743 0.023943122583682776
v -0.01611608826854627 0.5411452001073964 0.025653955038855855
v -0.011094748725859471 0.5411424918865805 0.028490883343264786
v -0.01025938249544689 0.5461038868946109 0.026573671002112997
v -0.017024947024324222 0.5335069938943007 0.026953470356985736
v -0.011725457644638615 0.5335014628092808 0.029945497096404008
v -0.005225550415540847 0.5461035055468297 0.028188773257148622
v -0.00465828289110326 0.5478229419455664 0.025429242644734097
v -0.005653883092391121 0.5411408516985311 0.030235809280186043
v -0.005225550415540847 0.5461035055468297 0.028188773257148622
v -0.005977034435189488 0.5334985637785077 0.03178771926919112
v 4.1345328085205614e-8 0.5461035055879292 0.028733152002457615
v 4.7413826755253256e-8 0.5478229419822221 0.025914762996735875
v 3.6409188947079886e-8 0.5411408135959965 0.03082439798163255
v 4.1345328085205614e-8 0.5461035055879292 0.028733152002457615
v 3.3087764392653375e-8 0.5334983730905837 0.03240939331613155
v 0.0052257596278393326 0.5461036962817334 0.02818936453519718
v 0.004658572271647177 0.5478229419456396 0.02543021300832935
v 0.005654018394931737 0.5411419579607314 0.030236047698676296
v 0.0052257596278393326 0.5461036962817334 0.02818936453519718
v 0.005977113709365267 0.5335010433316727 0.03178769065877507
v 0.01025987363770886 0.5461044590992605 0.026574631828922102
v 0.009153052363849001 0.5478229418368112 0.02398873669548661
v 0.011094984760247506 0.5411444755291416 0.028491245739347158
v 0.01025987363770886 0.5461044590992605 0.026574631828922102
v 0.011725499367889025 0.5335060022989184 0.029945404112817514
v 0.014914493227426107 0.5461053744279923 0.02394420738813584
v 0.013319779336755433 0.5478229416590424 0.021634117245095223
v 0.016116449472685535 0.541147908542425 0.025654360350226786
v 0.014914493227426107 0.5461053744279923 0.02394420738813584
v 0.01702494821641709 0.5335126014991475 0.026953360684018438
v 0.019010644726217274 0.5461064041278689 0.02038964394516991
v 0.01699851832542154 0.5478229414180267 0.0184417676441323
v 0.014914493227426107 0.5461053744279923 0.02394420738813584
v 0.016116449472685535 0.541147908542425 0.025654360350226786
v 0.020525347727715637 0.5411515322159891 0.021829654357866355
v 0.019010644726217274 0.5461064041278689 0.02038964394516991
v 0.01702494821641709 0.5335126014991475 0.026953360684018438
v 0.02167171429831427 0.5335198491196511 0.022924916483352865
v 0.02238622376949584 0.5461073193268278 0.016040325299563576
v 0.02004019215613173 0.5478229411221339 0.014522547761030579
v 0.024150146898251457 0.5411551558258254 0.01716084767064319
v 0.02238622376949584 0.5461073193268278 0.016040325299563576
v 0.025486828711178244 0.5335267152038288 0.018014223423956883
v 0.024903458992314498 0.5461080818902788 0.011060251243567736
v 0.0223149199266377 0.5478229407823478 0.010021945377877508
v 0.02684774100375753 0.5411578638580479 0.011825923330226182
v 0.024903458992314498 0.5461080818902788 0.011060251243567736
v 0.02832266744250056 0.5335320935037224 0.012409688207559126
v 0.0223149199266377 0.5478229407823478 0.010021945377877508
v 0.026457614307307864 0.5461085010979208 0.0056422481631532
v 0.02372221893693016 0.5478229404119047 0.005115276824525211
v 0.028510829765107548 0.5411595800342415 0.006030561463936011
v 0.030069488806959477 0.5335353736840548 0.006326832284199489
v 0.019767061030110833 0.5626025261655515 -0.004262415231406294
v 0.01933899478601675 0.5637092842651868 -0.0041737033399420614
v 0.019728767430884364 0.5637067668801542 7.911095989752769e-9
v 0.020165395285962617 0.5625992458477795 -2.906191623111156e-9
v 0.01868538576322676 0.5646956886719238 -0.004043376371409042
v 0.019062562754841972 0.5646939342164902 3.977903878103865e-8
v 0.017836871940563492 0.5655155434024468 -0.003877542010133153
v 0.018198040317042752 0.5655145137269613 9.120164344888966e-8
v 0.016833334784954745 0.5661303963085896 -0.0036839950504576114
v 0.01717587671035803 0.5661299006761021 1.5975828499694697e-7
v 0.016833334784954745 0.5661303963085896 -0.0036839950504576114
v 0.015722052699579603 0.5665112938380648 -0.003471853510527198
v 0.016044267057383044 0.5665111796592853 2.4221528263509905e-7
v 0.01717587671035803 0.5661299006761021 1.5975828499694697e-7
v 0.014555489691596701 0.5666403069133685 -0.003251132161179619
v 0.014856680299564884 0.5666403071588475 3.346762954889761e-7
v 0.023721408313779335 0.5478229396395328 -0.0051151002632829215
v 0.02419834798131104 0.5478229400257119 -3.413534423300603e-9
v 0.022313456036594737 0.5478229392691203 -0.01002136290901337
v 0.01859287101195295 0.5626062261131833 -0.008350384205024939
v 0.020038425474500077 0.5478229389293763 -0.014521408584796683
v 0.016695505007456868 0.5626137026366547 -0.012098862415223274
v 0.016996805287968986 0.547822938633519 -0.0184401575912152
v 0.01415960399449756 0.562622590634724 -0.015362012796524719
v 0.013318490684364193 0.5478229383925196 -0.021632292615461728
v 0.011093940486894383 0.5626315931194651 -0.01801909958702652
v 0.009152370486728012 0.5478229382147355 -0.02398711472164082
v 0.007622885533655754 0.5626392605128646 -0.019978531907318804
v 0.011093940486894383 0.5626315931194651 -0.01801909958702652
v 0.013318490684364193 0.5478229383925196 -0.021632292615461728
v 0.004658374086207728 0.5478229381058588 -0.025429229996261273
v 0.003879557165215375 0.5626458217014758 -0.021177758260403898
v 3.718582691919537e-8 0.547822938069203 -0.02591475034826305
v 3.894095611302604e-8 0.5626458598179205 -0.021582101856410497
v -0.004658481076542709 0.5478229381057855 -0.025430200359856527
v -0.0038797848549533276 0.5626428462375497 -0.02117942003763845
v -0.009152961764790968 0.5478229382146133 -0.023988733583756736
v -0.007623356410338955 0.5626393368067082 -0.01997985751459474
v -0.013319681585140186 0.5478229383923826 -0.021634106980808136
v -0.011094910850489637 0.5626316312663237 -0.0180206004319513
v -0.016998422957992032 0.547822938633398 -0.01844175976403095
v -0.014160920065024785 0.562622628781596 -0.015363333635426298
v -0.011094910850489637 0.5626316312663237 -0.0180206004319513
v -0.013319681585140186 0.5478229383923826 -0.021634106980808136
v -0.020040096788702222 0.5478229389292915 -0.01452253272837202
v -0.016696872337977453 0.5626137407835564 -0.012099791055571
v -0.02231482694339393 0.5478229392690759 -0.01002195061079772
v -0.01859399038715681 0.5626063024070905 -0.008350867002642587
v -0.023722123569500653 0.5478229396395189 -0.005115285037677595
v -0.01976833299320191 0.5625999321714459 -0.0042627186188455785
v -0.024198252613881532 0.5478229400257116 -5.605121019809498e-9
v -0.020165302302718846 0.5625992458477794 -4.732520608078679e-9
v -0.02372132963564999 0.5478229404118934 0.0051151260247773
v -0.019766982351981488 0.5626025268091598 0.004262435781013192
v -0.02231339881613703 0.5478229407823033 0.010021355291907421
v -0.018592816175680982 0.5626062273740556 0.00835037614384426
v -0.020038332491256305 0.5478229411220488 0.014521421233269504
v -0.016695414408398834 0.5626137044635328 0.012098872830353099
v -0.016996731378211116 0.5478229414179066 0.01844017620015237
v -0.014159526508461084 0.5626225929543245 0.015362030362869667
v -0.013318423927163536 0.5478229416589052 0.021632300495563077
v -0.011093871345507988 0.5626315958402737 0.018019105231083417
v -0.00915228405999502 0.5478229418366897 0.023987127370113645
v -0.007622798510876327 0.5626392635295396 0.019978542318589407
v -0.011093871345507988 0.5626315958402737 0.018019105231083417
v -0.013318423927163536 0.5478229416589052 0.021632300495563077
v -0.00465828289110326 0.5478229419455664 0.025429242644734097
v -0.0038794641819716036 0.5626458248992289 0.021177768670683772
v 4.7413826755253256e-8 0.5478229419822221 0.025914762996735875
v 4.74589467863997e-8 0.5626458630767278 0.021582112266684612
v 0.004658572271647177 0.5478229419456396 0.02543021300832935
v 0.003879876944127447 0.5626428494355536 0.02117943044836761
v 0.009153052363849001 0.5478229418368112 0.02398873669548661
v 0.007623447605443423 0.5626393398235826 0.01997985838911087
v 0.013319779336755433 0.5478229416590424 0.021634117245095223
v 0.011095008602104883 0.562631633987359 0.018020608460188173
v 0.01699851832542154 0.5478229414180267 0.0184417676441323
v 0.014161015432454294 0.5626226311013951 0.015363339280836798
v 0.011095008602104883 0.562631633987359 0.018020608460188173
v 0.013319779336755433 0.5478229416590424 0.021634117245095223
v 0.02004019215613173 0.5478229411221339 0.014522547761030579
v 0.016696966513314093 0.5626137426105746 0.012099801470695061
v 0.0223149199266377 0.5478229407823478 0.010021945377877508
v 0.018594083370400583 0.5626063036680361 0.0083508643058683
v 0.02372221893693016 0.5478229404119047 0.005115276824525211
v 0.019768428360631418 0.5625999328150978 0.004262709664545654
v 0.018189644406967354 0.5637122975737647 -0.008176392969902618
v 0.01757285198033931 0.5646979009035837 -0.007920366066775134
v 0.01677133403484521 0.5655169164128263 -0.0075942738927032285
v 0.017836871940563492 0.5655155434024468 -0.003877542010133153
v 0.01677133403484521 0.5655169164128263 -0.0075942738927032285
v 0.015822662953525857 0.5661310445406476 -0.00721340145955992
v 0.014771400359912201 0.566511484321985 -0.006795639694946686
v 0.013667025260619248 0.5666403066786065 -0.00636064918914963
v 0.016332696311190054 0.5637182863712631 -0.01184635934759892
v 0.015776115303275384 0.5647021730961503 -0.01147378271664602
v 0.01505167689058906 0.5655195101498985 -0.010998481046423356
v 0.01505167689058906 0.5655195101498985 -0.010998481046423356
v 0.014193195979449236 0.5661322649999447 -0.010442637990256212
v 0.013240827026050672 0.5665117892685015 -0.00983225249540515
v 0.012239206755775056 0.5666403064645488 -0.00919593121310218
v 0.01385112731491489 0.5637254577607924 -0.015040751004187643
v 0.01337622612618894 0.5647072845569814 -0.014565134633866229
v 0.012756892157564481 0.5655226379782102 -0.013957188789975478
v 0.012756892157564481 0.5655226379782102 -0.013957188789975478
v 0.012021884649502823 0.5661337143732899 -0.013245144612981695
v 0.011205411898968842 0.566512170539669 -0.012462135129942195
v 0.010345546968008268 0.5666403062796737 -0.011644676528279642
v 0.010851608272233415 0.563732667342116 -0.017641449417671155
v 0.010477176670495192 0.5647124342082764 -0.017080417208954483
v 0.01337622612618894 0.5647072845569814 -0.014565134633866229
v 0.010477176670495192 0.5647124342082764 -0.017080417208954483
v 0.009987888708981374 0.565525803995324 -0.016361836802033455
v 0.009406342892206987 0.5661352019335267 -0.015518897251633251
v 0.00875946263761529 0.5665125518486909 -0.014590620523603519
v 0.008077261267365632 0.5666403061305353 -0.013620074547785717
v 0.010851608272233415 0.563732667342116 -0.017641449417671155
v 0.0074559710743433705 0.5637388851537494 -0.019558995170720773
v 0.010851608272233415 0.563732667342116 -0.017641449417671155
v 0.0074559710743433705 0.5637388851537494 -0.019558995170720773
v 0.007197240430178331 0.5647168591170753 -0.018933851015288456
v 0.006858548964741473 0.565528474149726 -0.01813174423719236
v 0.006455465410900141 0.5661364606574659 -0.01718954388186689
v 0.006006567343922686 0.5665128569066848 -0.016150669545763576
v 0.005532591219262972 0.5666403060215889 -0.01506311369437954
v 0.003794476007048575 0.5637440730533164 -0.020732514040985167
v 0.003794476007048575 0.5637440730533164 -0.020732514040985167
v 0.003662280954518593 0.5647205211407711 -0.020067621932911166
v 0.0034890063817276107 0.565530686592426 -0.019213425464707817
v 0.0032825907331126003 0.5661374905487334 -0.01820905865827476
v 0.0030525194916311005 0.5665131238637643 -0.0171006721948376
v 0.0028093942371891223 0.5666403059554354 -0.015939342484150985
v 2.5036296742389784e-8 0.5637442256113474 -0.02112797177675591
v 2.5036296742389784e-8 0.5637442256113474 -0.02112797177675591
v -1.6315791162035664e-8 0.564720749993782 -0.020449353911395584
v -8.322864955932588e-8 0.5655308391528501 -0.0195771854510955
v -1.7263817040406523e-7 0.5661375668168325 -0.01855138004650306
v -2.804389560951059e-7 0.5665131619867018 -0.01741901582709873
v -4.016692311129889e-7 0.5666403059333248 -0.016232206323430164
v -0.0037946619735361176 0.5637418986758245 -0.020733827727162493
v -0.0037946619735361176 0.5637418986758245 -0.020733827727162493
v -0.0036624374167076312 0.5647191097027546 -0.02006841348246953
v -0.0034891467506629192 0.5655298855060087 -0.0192135494423057
v -0.0032827293139086056 0.5661371090790653 -0.018208395854610874
v -0.0030526702913790116 0.5665130475699364 -0.017099139163402485
v -0.002809570666933714 0.5666403059556202 -0.01593689511749121
v -0.007456375789872349 0.5637389614476077 -0.01956012408267335
v -0.007456375789872349 0.5637389614476077 -0.01956012408267335
v -0.007197477656659235 0.5647169354109721 -0.018934469711493155
v -0.00685851081776967 0.5655285122967142 -0.018131527276293108
v -0.006455052946767514 0.5661364606575677 -0.017188194432739338
v -0.00600570963310354 0.5665128569068885 -0.01614797183960134
v -0.005531265611992797 0.5666403060219015 -0.015058972363753111
v -0.010852434392591537 0.5637327817829346 -0.01764273091751382
v -0.010852434392591537 0.5637327817829346 -0.01764273091751382
v -0.01047762847369249 0.5647125105021664 -0.01708112650421722
v -0.009987727776444077 0.565525803995341 -0.01636161149648124
v -0.009405352859079397 0.5661352019336392 -0.015517407135547173
v -0.008757484955545847 0.5665125518489172 -0.01458762121794546
v -0.008074232755432287 0.5666403061308833 -0.013615463532568957
v -0.010852434392591537 0.5637327817829346 -0.01764273091751382
v -0.013852241921747277 0.5637255340546505 -0.015041882300325953
v -0.01047762847369249 0.5647125105021664 -0.01708112650421722
v -0.013376813827973288 0.5647073227039048 -0.014565777171925426
v -0.013376813827973288 0.5647073227039048 -0.014565777171925426
v -0.01275662036039038 0.5655226379782221 -0.013957031433716788
v -0.012020450561781582 0.5661337143733837 -0.01324390245221234
v -0.011202593791426851 0.5665121705398602 -0.012459601932595862
v -0.010341251857401756 0.5666403062799689 -0.011640766463669773
v -0.016333849064994244 0.5637184008121179 -0.011847162818201173
v -0.01577670658133834 0.5647022493900573 -0.011474267898449407
v -0.01275662036039038 0.5655226379782221 -0.013957031433716788
v -0.015051350257142992 0.5655195482968732 -0.010998442899454432
v -0.015051350257142992 0.5655195482968732 -0.010998442899454432
v -0.01419162956941955 0.566132265000001 -0.010441891740120304
v -0.013237784805049335 0.5665117892686214 -0.009830664031657391
v -0.012234587395908214 0.5666403064647363 -0.009193447487609904
v -0.018190584968240886 0.5637124120146477 -0.008176822719390483
v -0.01757332524120825 0.5646979771975048 -0.00792066528209098
v -0.016771044356278075 0.5655169545597917 -0.007594359127346232
v -0.016771044356278075 0.5655169545597917 -0.007594359127346232
v -0.015821342114627157 0.5661310445406631 -0.007213195823540041
v -0.014768852857451442 0.5665114843220266 -0.006795088351994837
v -0.013663165263909871 0.5666403066786755 -0.006359736642058516
v -0.01933997826263356 0.5637073769165767 -0.0041739676863917306
v -0.01868593054966783 0.5646944298218363 -0.004043614491864556
v -0.017836845714520377 0.5655148186099654 -0.0038777688057467334
v -0.017836845714520377 0.5655148186099654 -0.0038777688057467334
v -0.016832633834347854 0.5661300529858261 -0.003684224826332165
v -0.015720604306743935 0.5665112175441026 -0.0034721002737452926
v -0.014553255709560453 0.5666403069133475 -0.003251409918818064
v -0.019728673255547724 0.5637067668801525 -1.5132654793425393e-8
v -0.019062467387412463 0.5646939342164837 -4.5981897208852826e-8
v -0.018197943757520374 0.5655145137269472 -9.583207243770052e-8
v -0.016832633834347854 0.5661300529858261 -0.003684224826332165
v -0.017175777766649913 0.5661299006760778 -1.623365734271831e-7
v -0.01604416692158206 0.5665111796592487 -2.423585177973753e-7
v -0.014856577779578162 0.5666403071587971 -3.3211660155008717e-7
v -0.017175777766649913 0.5661299006760778 -1.623365734271831e-7
v -0.019338916107887405 0.5637092848954001 0.004173724020456366
v -0.018685307085097413 0.5646956892824582 0.004043398095073305
v -0.017836793262434147 0.5655155439879412 0.003877566590234979
v -0.01683325491473253 0.5661303968648594 0.0036840228159746306
v -0.01572197163726452 0.5665112943623024 0.0034718853908553378
v -0.014555408629281619 0.5666403074042786 0.0032511687903988055
v -0.01683325491473253 0.5661303968648594 0.0036840228159746306
v -0.018189589570695386 0.563712298808365 0.00817638474170981
v -0.017572797144067343 0.564697902099525 0.007920357093713944
v -0.01677127919857324 0.5655169175595289 0.007594264199927714
v -0.017836793262434147 0.5655155439879412 0.003877566590234979
v -0.01677127919857324 0.5655169175595289 0.007594264199927714
v -0.01582260811725389 0.56613104562984 0.007213390481960781
v -0.014771345523640234 0.5665114853480969 0.0067956268717634435
v -0.01366697042434728 0.5666403076390367 0.006360635154421891
v -0.01633260571213202 0.5637182881600142 0.011846368403848385
v -0.01577602589631022 0.5647021748286439 0.011473792816425606
v -0.015051587483623896 0.5655195118106234 0.010998489830695627
v -0.015051587483623896 0.5655195118106234 0.010998489830695627
v -0.01419310776457694 0.5661322665767397 0.010442646682005088
v -0.013240740003271245 0.5665117907531307 0.009832259937754599
v -0.012239120925088498 0.5666403078530962 0.009195938039999643
v -0.013851049828878415 0.5637254600318837 0.015040768404004303
v -0.013376147448059594 0.5647072867562567 0.014565151885431183
v -0.012756812287342267 0.5655226400856883 0.013957207110518377
v -0.012756812287342267 0.5655226400856883 0.013957207110518377
v -0.01202180477928061 0.5661337163732523 0.013245162841254642
v -0.01120532964456089 0.5665121724214003 0.012462154493162732
v -0.010345463521507448 0.5666403080379723 0.011644697064245098
v -0.010851539130847021 0.563732670005901 0.01764145489547048
v -0.010477107529108798 0.5647124367873477 0.01708042134672028
v -0.013376147448059594 0.5647072867562567 0.014565151885431183
v -0.010477107529108798 0.5647124367873477 0.01708042134672028
v -0.00998781956759498 0.5655258064658929 0.016361842009076717
v -0.009406274346867027 0.5661352042768151 0.015518901174567128
v -0.008759395284368199 0.5665125540518132 0.014590623197466289
v -0.008077194510164976 0.5666403081871093 0.01362007720235814
v -0.010851539130847021 0.563732670005901 0.01764145489547048
v -0.0074558840515639435 0.563738888107076 0.019559005415952693
v -0.010851539130847021 0.563732670005901 0.01764145489547048
v -0.0074558840515639435 0.563738888107076 0.019559005415952693
v -0.007197153407398904 0.5647168619760078 0.01893386111285043
v -0.006858462538008481 0.5655284768875438 0.018131754212203893
v -0.006455379580213583 0.5661364632530154 0.01718955376507503
v -0.006006482109282563 0.5665128593453685 0.01615067818004461
v -0.005532506580669283 0.5666403082960562 0.015063122309416307
v -0.0037943830238048037 0.5637440761838395 0.02073252428543372
v -0.0037943830238048037 0.5637440761838395 0.02073252428543372
v -0.0036621879712748218 0.5647205241708982 0.02006763202992018
v -0.0034889133984838394 0.565530689493573 0.01921343543938527
v -0.003282497749868829 0.5661374932982253 0.01820906854132738
v -0.003052426508387329 0.5665131264458945 0.01710068202117119
v -0.0028093015519685682 0.5666403083622097 0.01593935229128062
v 6.151867500022218e-8 0.5637442288015829 0.021127982021181418
v 6.151867500022218e-8 0.5637442288015829 0.021127982021181418
v 1.030533780679981e-7 0.564720753081549 0.020449364008370035
v 1.701680737987311e-7 0.5655308421089233 0.01957719542574991
v 2.597894250497256e-7 0.5661375696180134 0.018551389929544162
v 3.678023412802663e-7 0.5665131646169006 0.01741902565342655
v 4.892352335232814e-7 0.5666403083843203 0.0162322161305598
v 0.00379475376468702 0.5637419018065458 0.020733837971939367
v 0.00379475376468702 0.5637419018065458 0.020733837971939367
v 0.0036625289098353164 0.5647191127330012 0.020068423579691665
v 0.00348923764774417 0.5655298884071746 0.01921355941710411
v 0.0032828190188969875 0.5661371118284572 0.018208405737721093
v 0.0030527588042745246 0.5665130501518352 0.01709914898974759
v 0.002809657689713141 0.566640308362025 0.015936904924620847
v 0.007456466984976817 0.5637389644011042 0.019560124791150792
v 0.007456466984976817 0.5637389644011042 0.019560124791150792
v 0.007197568851763703 0.5647169382699974 0.01893447027230066
v 0.006858602012874138 0.5655285150344984 0.01813152771455593
v 0.006455144737918417 0.5661364632529129 0.017188195971297397
v 0.006005801424254442 0.5665128593451643 0.01614797212923229
v 0.005531357999190134 0.566640308295743 0.015058973826232665
v 0.010852532144206783 0.5637327844469133 0.017642738779481606
v 0.010852532144206783 0.5637327844469133 0.017642738779481606
v 0.010477726225307737 0.5647125130813452 0.017081134218250096
v 0.009987826124105759 0.565525806465876 0.01636161908771024
v 0.009405451802787512 0.5661352042767028 0.015517413442666788
v 0.008757584495300397 0.5665125540515871 0.014587627468086837
v 0.008074332891233271 0.5666403081867614 0.013615468571327118
v 0.010852532144206783 0.5637327844469133 0.017642738779481606
v 0.013852337289176786 0.5637255363259118 0.015041887779202406
v 0.010477726225307737 0.5647125130813452 0.017081134218250096
v 0.013376909195402797 0.5647073249032761 0.014565782502555932
v 0.013376909195402797 0.5647073249032761 0.014565782502555932
v 0.01275671453572702 0.5655226400856754 0.01395703664123813
v 0.01202054592921109 0.5661337163731576 0.01324390756746373
v 0.011202687966763492 0.5665121724212081 0.012459608182794842
v 0.010341346032738397 0.5666403080376761 0.011640772694520803
v 0.016333943240330884 0.5637184026009904 0.011847173066526226
v 0.01577680075667498 0.5647022511226242 0.011474277998217474
v 0.01275671453572702 0.5655226400856754 0.01395703664123813
v 0.015051444432479633 0.5655195499575925 0.010998452875813813
v 0.015051444432479633 0.5655195499575925 0.010998452875813813
v 0.014191722552663322 0.5661322665766836 0.010441902816054918
v 0.013237877788293106 0.5665117907530111 0.009830674454239012
v 0.012234680379151985 0.566640307852909 0.00919345848683241
v 0.018190677951484657 0.5637124132493133 0.008176820451644739
v 0.01757341822445202 0.5646979783934918 0.00792066346157548
v 0.016771137339521847 0.5655169557065078 0.00759435777921504
v 0.016771137339521847 0.5655169557065078 0.00759435777921504
v 0.01582143509787093 0.5661310456298252 0.007213195574776722
v 0.014768945840695213 0.5665114853480564 0.0067950892378795865
v 0.013663258247153642 0.566640307638969 0.006359738104538072
v 0.01934007363006307 0.5637073775468276 0.004173958862895533
v 0.018686025917097338 0.5646944304324043 0.0040436055193275285
v 0.017836941081949886 0.5655148191954915 0.0038777597093344555
v 0.017836941081949886 0.5655148191954915 0.0038777597093344555
v 0.016832729201777363 0.5661300535421278 0.003684215637022089
v 0.015720699674173444 0.5665112180683745 0.003472091324904194
v 0.014553351076989962 0.5666403074042962 0.0032514009504850164
v 0.016832729201777363 0.5661300535421278 0.003684215637022089
v 0.14514724407015933 0.04059562374504603 -0.02885677579634988
v 0.14688885360459558 0.03939522434708659 -0.0292009806006776
v 0.13837365794836742 0.03938848928645205 -0.057282707000386755
v 0.13673198394331365 0.040589599196782185 -0.056607090841825955
v 0.14688885360459558 0.03939522434708659 -0.0292009806006776
v 0.14895252848522667 0.038972458116962934 -0.029610588446872258
v 0.1403184859383444 0.0389657516367948 -0.058086530421573426
v 0.13837365794836742 0.03938848928645205 -0.057282707000386755
v 0.12934300133564314 0.04870732747754835 -0.053575561142208294
v 0.13730977705173686 0.04870732946035029 -0.027312551227370835
v 0.11640564658331165 0.04870732565018717 -0.07777969554230472
v 0.12306423865860161 0.04058025602586882 -0.08218651894216639
v 0.0989948822782587 0.04870732404849145 -0.09899480012487281
v 0.10466634516418694 0.040569101111886795 -0.10461232257825208
v 0.07777980630591941 0.04870732273401397 -0.11640558350341161
v 0.0989948822782587 0.04870732404849145 -0.09899480012487281
v 0.10466634516418694 0.040569101111886795 -0.10461232257825208
v 0.08224277312510964 0.04055794173279034 -0.1230213645243339
v 0.053575686210937334 0.04870732175726805 -0.12934297640271486
v 0.056653932258771356 0.040548442103820054 -0.1367037487087584
v 0.027312681064471267 0.048707321155790385 -0.13730979026578036
v 0.02888335401825559 0.040542094765159006 -0.14513083439638402
v 6.258487561527915e-8 0.04870732095269525 -0.13999986703365538
v 7.347473292091756e-8 0.04053984387897052 -0.14797663663973434
v -0.027312557086812905 0.04870732115578822 -0.1373098188760092
v -0.028883246729897394 0.04054191356702782 -0.1451310346679723
v -0.053575571770021924 0.048707321757263014 -0.12934304315991552
v -0.05665392749039988 0.04054812739127459 -0.13670412064170973
v -0.07777971570686137 0.04870732273400677 -0.11640567887084112
v -0.08224290663951095 0.0405575078109508 -0.12302183182470573
v -0.098994825057801 0.04870732404848353 -0.09899490502904527
v -0.10466658358276071 0.040568643348192754 -0.10461275173165031
v -0.11640562750982575 0.04870732565017781 -0.07777981951996309
v -0.098994825057801 0.04870732404848353 -0.09899490502904527
v -0.10466658358276071 0.040568643348192754 -0.10461275173165031
v -0.12306455337111899 0.040579831640779426 -0.08218689087510943
v -0.12934302040912904 0.04870732747753863 -0.05357568988823813
v -0.13673227958234513 0.04058927494750206 -0.056607353102232624
v -0.13730983427219456 0.04870732946034093 -0.027312675205029197
v -0.14514729175387409 0.04059564281852617 -0.028856852090294927
v -0.13999990150332664 0.048707331522386654 -4.957287641123061e-8
v -0.1479883446994048 0.04059798149917675 -5.244663517851697e-8
v -0.13730986288242342 0.04870733358443282 0.027312582019740718
v -0.14514714870272982 0.040595823605524065 0.028856721982851826
v -0.12934307762958674 0.048707335567235846 0.05357560623969261
v -0.1367320507005143 0.04058961251258982 0.05660714193342413
v -0.11640570380376936 0.0487073373945981 0.07777975494490345
v -0.12306429587905932 0.04058026843569162 0.08218657957191836
v -0.09899492996197345 0.04870733899629454 0.0989948690642145
v -0.10466638331115874 0.04056912167628297 0.10461238320968778
v -0.07777982537940531 0.048707340310773464 0.11640567151623919
v -0.09899492996197345 0.04870733899629454 0.0989948690642145
v -0.10466638331115874 0.04056912167628297 0.10461238320968778
v -0.08224279219859554 0.040557960308504996 0.12302145376768361
v -0.05357568144256586 0.048707341287519385 0.12934306441554244
v -0.05665391795365693 0.04054846274551709 0.13670383795354235
v -0.027312659606799627 0.04870734188899705 0.13730987827860794
v -0.02888332540802674 0.04054211667931049 0.14513092364212632
v -2.2947787725602353e-8 0.04870734209209218 0.13999995504648297
v -2.9334716399780512e-8 0.04053986622282616 0.14797672588581648
v 0.02731261669145635 0.04870734188899921 0.1373099068888368
v 0.028883315871283788 0.040541935481209546 0.14513112391374197
v 0.05357564806396553 0.048707341287522264 0.12934310256251424
v 0.05665400855271496 0.040548128959539735 0.13670418127631379
v 0.07777979676917646 0.04870734031077778 0.1164057287366969
v 0.0822429924701975 0.04055752638673385 0.12302189245789212
v 0.0989949204252305 0.0487073389963003 0.0989949453581581
v 0.10466667895019022 0.04056865914428081 0.10461279328966959
v 0.11640572287725526 0.04870733739460386 0.07777983123884706
v 0.0989949204252305 0.0487073389963003 0.0989949453581581
v 0.10466667895019022 0.04056865914428081 0.10461279328966959
v 0.12306463920180555 0.04057984405065406 0.08218689428446778
v 0.12934311577655855 0.048707335567240884 0.05357567299689327
v 0.1367323844865176 0.04058928349497278 0.056607337436679464
v 0.13730992963962407 0.04870733358443732 0.02731264162438416
v 0.1451473871213036 0.0405956471757874 0.028856826887037605
v 0.13999999687075615 0.04870733152239012 -3.6773009600260374e-9
v 0.14798844006683431 0.040597981499177316 -4.488744289326856e-8
v 0.13673198394331365 0.040589599196782185 -0.056607090841825955
v 0.1245428915796527 0.03937824963859817 -0.08316814534009648
v 0.12306423865860161 0.04058025602586882 -0.08218651894216639
v 0.12629396156309625 0.03895545712521376 -0.08433562384348273
v 0.10592496635187487 0.03936600036306346 -0.10586281837011428
v 0.10741482494589327 0.038942976559569 -0.10734942490284902
v 0.08323255352901171 0.039353753778567944 -0.12449309367908899
v 0.08440362741641039 0.03893049868926042 -0.12624191295924125
v 0.05733622422807905 0.039343376756803786 -0.13834028231838175
v 0.05814317096449795 0.038920076353241 -0.14028415660210533
v 0.02923136168946261 0.03933647627937491 -0.1468690487593081
v 0.02964283161663639 0.03891326408161092 -0.14893310507770557
v 7.537728210766352e-8 0.039334053729222 -0.14974917374052577
v 7.677970471655675e-8 0.03891090828560154 -0.15185372306949782
v -0.02923121386994687 0.03933642859565943 -0.14686905829604743
v -0.029642633729220158 0.03891326408162748 -0.1489328857326177
v -0.05733607640856331 0.03934330761541379 -0.13834033000209128
v -0.05814285625198057 0.03892009542675282 -0.14028381327936054
v -0.0832324200146104 0.03935363933764606 -0.1244931795097669
v -0.08440318872623465 0.038930498689288495 -0.12624154102626617
v -0.10592485191095946 0.039365883537956545 -0.10586289466404908
v -0.10741427181480212 0.038942976559594916 -0.10734908158010278
v -0.1245428152857091 0.0393781399660456 -0.08316825978100362
v -0.12306455337111899 0.040579831640779426 -0.08218689087510943
v -0.12629341796874805 0.038955457125227445 -0.08433544264536666
v -0.13837361980139562 0.03938840583994151 -0.05728283574641029
v -0.13673227958234513 0.04058927494750206 -0.056607353102232624
v -0.14031804724816865 0.03896575163679732 -0.0580864970429731
v -0.13837361980139562 0.03938840583994151 -0.05728283574641029
v -0.14688890128831034 0.039395241036381534 -0.029201049742065256
v -0.14895257616894142 0.03897247480625842 -0.029610650435702702
v -0.14688890128831034 0.039395241036381534 -0.029201049742065256
v -0.14976384781828855 0.039397663189519073 -5.316960214110365e-8
v -0.15186780590114424 0.03897479923870463 -5.4166178863812664e-8
v -0.14976384781828855 0.039397663189519073 -5.316960214110365e-8
v -0.1468889489720251 0.0393952931293247 0.02920095557867355
v -0.14895284319774404 0.03897247927733806 0.02961059925149379
v -0.1468889489720251 0.0393952931293247 0.02920095557867355
v -0.13837371516882513 0.039388500320089156 0.05728275827334763
v -0.1403185431588021 0.03896576040762013 0.05808658175836609
v -0.13837371516882513 0.039388500320089156 0.05728275827334763
v -0.1367320507005143 0.04058961251258982 0.05660714193342413
v -0.12454293926336746 0.03937826219664243 0.08316820615134635
v -0.12306429587905932 0.04058026843569162 0.08218657957191836
v -0.126294009246811 0.03895546985954237 0.08433568471857247
v -0.10592500449884668 0.0393660187320935 0.1058628791832133
v -0.10741486309286508 0.03894299276888463 0.107349485779823
v -0.08323257260249761 0.03935377257650752 0.124493183104266
v -0.08440364648989629 0.03893051775126434 0.126242002448328
v -0.05733620992296462 0.039343397645610526 0.13834037174512548
v -0.05814315665938352 0.038920097535564566 0.14028424609276566
v -0.02923133069504802 0.03933649845598945 0.14686913818709366
v -0.02964279823803606 0.03891328656988929 0.1489331945693944
v -3.058461675059556e-8 0.03933407634072329 0.1497492631686771
v -3.178824428575544e-8 0.03891093121488092 0.15185381256154232
v 0.029231283011333264 0.03933645077227542 0.14686914772384022
v 0.02964270525479229 0.038913286569872724 0.14893297522430654
v 0.057336162239249866 0.039343309430739666 0.13834039081861804
v 0.058142942082667126 0.03892009753553649 0.14028387415979057
v 0.08323250584529696 0.03935365813559643 0.12449324032473236
v 0.0844032745569212 0.0389305177512341 0.12624160190512407
v 0.10592494727838897 0.03936589952281093 0.10586293640368
v 0.10741436718223163 0.03894299276885727 0.10734912338359087
v 0.12454290111639565 0.039378152524102816 0.08316826337181232
v 0.12306463920180555 0.04057984405065406 0.08218689428446778
v 0.12629351333617755 0.03895546985952437 0.0843354462999987
v 0.13837372470556808 0.039388414489407275 0.057282820262183294
v 0.1367323844865176 0.04058928349497278 0.056607337436679464
v 0.1403181521523411 0.03896576040761257 0.058086481622565106
v 0.13837372470556808 0.039388414489407275 0.057282820262183294
v 0.14688899665573985 0.03939524544561517 0.029201024720063543
v 0.14895267153637093 0.038972479277340044 0.029610625477536904
v 0.14688899665573985 0.03939524544561517 0.029201024720063543
v 0.14976394318571806 0.039397663189519115 -5.257607045946661e-8
v 0.15186790126857375 0.03897479923870424 -5.9245433811273725e-8
v 0.14976394318571806 0.039397663189519115 -5.257607045946661e-8
v 0.19873134168837936 0.037673858908112666 0.1599364502611429
v 0.19873094114517542 0.037673713164521866 -0.1599415867174335
v 0.19873134168837936 0.037673858908112666 0.1599364502611429
v 0.19999999552965164 0.03460980353889226 0.16000403738976565
v 0.19999999552965164 0.03460935737808917 -0.16000392817475112
v 0.19873094114517542 0.037673713164521866 -0.1599415867174335
v 0.1599363863482388 0.03767383182945378 -0.19873128731221718
v -0.15994166016709066 0.03767370785181702 -0.1987310012099193
v 0.1599363863482388 0.03767383182945378 -0.19873128731221718
v 0.1600040018557607 0.03460977635935001 -0.19999994092215972
v -0.1600040018557607 0.034609351974280056 -0.2000000553630431
v -0.15994166016709066 0.03767370785181702 -0.1987310012099193
v -0.19873134168837936 0.037673834758378974 -0.1599364940967069
v -0.19873094114517542 0.03767373731502885 0.15994160010234557
v -0.19873134168837936 0.037673834758378974 -0.1599364940967069
v -0.19999999552965164 0.03460977937895323 -0.1600040807626702
v -0.19999999552965164 0.034609381538009486 0.160003942022368
v -0.19873094114517542 0.03767373731502885 0.15994160010234557
v 0.1600040018557607 0.034609382173444246 0.20000003106368852
v 0.15994166016709066 0.03767373785935934 0.1987309764478599
v -0.1599363863482388 0.03767386183704074 0.19873128162362497
v -0.1600040018557607 0.03460980655849836 0.19999993569622698
v 0.15994166016709066 0.03767373785935934 0.1987309764478599
v -0.1599363863482388 0.03767386183704074 0.19873128162362497
v 0.19999999552965164 -1.2079959437029129e-8 -0.1600039255618166
v 0.19999999552965164 1.2079968077077248e-8 0.16000404000273202
v -0.1600040018557607 -1.509958281424536e-8 -0.20000005275010876
v 0.1600040018557607 -1.509957417419724e-8 -0.19999993830919335
v -0.19999999552965164 1.2079960877037149e-8 0.16000394463530251
v -0.19999999552965164 -1.2079970957093287e-8 -0.16000407814970383
v 0.1600040018557607 1.509958137423734e-8 0.20000003367662286
v -0.1600040018557607 1.509957417419724e-8 0.19999993830919335
v 0.19923148663569634 0.03460980412798946 0.16780686695779043
v 0.19923148663569634 1.2669065277941704e-8 0.1678068695707568
v 0.19695548571000643 0.0346098046944483 0.17530984225395302
v 0.19695548571000643 1.3235524112726098e-8 0.1753098448669194
v 0.19325946375892755 0.034609805216500165 0.18222462939187595
v 0.19325946375892755 1.3757575980194363e-8 0.18222463200484232
v 0.1882854419584845 0.03460980567408143 0.1882854774924894
v 0.1882854419584845 1.4215157248605926e-8 0.18828548010545576
v 0.18222459385787104 0.0346098060496096 0.1932594992929324
v 0.18222459385787104 1.4590685420038424e-8 0.19325950190589877
v 0.18222459385787104 0.0346098060496096 0.1932594992929324
v 0.1753098067199481 0.03460980632865148 0.19695552124401128
v 0.1753098067199481 1.4869727294108898e-8 0.19695552385697765
v 0.18222459385787104 1.4590685420038424e-8 0.19325950190589877
v 0.1678068314237855 0.03460980650048476 0.1992315221697012
v 0.1678068314237855 1.5041560571101547e-8 0.19923152478266756
v 0.1678068314237855 0.03460977641737081 -0.19923143202820442
v 0.1678068314237855 -1.5041553371061447e-8 -0.19923142941523805
v 0.1753098067199481 0.03460977658920553 -0.1969554120290286
v 0.1753098067199481 -1.4869718654060779e-8 -0.19695540941606224
v 0.18222459385787104 0.034609776868247406 -0.19325939007794973
v 0.18222459385787104 -1.4590676779990305e-8 -0.19325938746498336
v 0.18222459385787104 0.034609776868247406 -0.19325939007794973
v 0.1882854419584845 0.03460977724377558 -0.18828536827750672
v 0.1882854419584845 -1.4215148608557808e-8 -0.18828536566454035
v 0.18222459385787104 -1.4590676779990305e-8 -0.19325938746498336
v 0.19325946375892755 0.03460977770135684 -0.18222452017689328
v 0.19325946375892755 -1.3757567340146244e-8 -0.1822245175639269
v 0.19695548571000643 0.03460977822340871 -0.17530973303897035
v 0.19695548571000643 -1.3235515472677979e-8 -0.17530973042600398
v 0.19923148663569634 0.03460977878986755 -0.16780675774280776
v 0.19923148663569634 -1.2669056637893585e-8 -0.1678067551298414
v -0.19923148663569634 0.03460977878985603 -0.16780691033069497
v -0.19923148663569634 -1.2669068157957742e-8 -0.1678069077177286
v -0.19695548571000643 0.03460977822339719 -0.17530988562685756
v -0.19695548571000643 -1.3235526992742139e-8 -0.1753098830138912
v -0.19325946375892755 0.03460977770134677 -0.1822246536912946
v -0.19325946375892755 -1.3757577420202382e-8 -0.18222465107832822
v -0.1882854419584845 0.03460977724376406 -0.18828552086539393
v -0.1882854419584845 -1.4215160128621966e-8 -0.18828551825242756
v -0.18222457478438514 0.034609776868237324 -0.19325952359235105
v -0.18222457478438514 -1.4590686860046443e-8 -0.19325952097938467
v -0.18222457478438514 0.034609776868237324 -0.19325952359235105
v -0.1753098067199481 0.03460977658919545 -0.19695554554342992
v -0.1753098067199481 -1.4869728734116917e-8 -0.19695554293046355
v -0.18222457478438514 -1.4590686860046443e-8 -0.19325952097938467
v -0.1678068314237855 0.034609776417362174 -0.19923154646911984
v -0.1678068314237855 -1.5041562011109568e-8 -0.19923154385615346
v -0.1678068314237855 0.034609806500477555 0.19923142680227168
v -0.1678068314237855 1.5041553371061447e-8 0.19923142941523805
v -0.1753098067199481 0.03460980632864428 0.19695542587658177
v -0.1753098067199481 1.48697200940688e-8 0.19695542848954814
v -0.18222459385787104 0.034609806049602405 0.1932594039255029
v -0.18222459385787104 1.4590678219998325e-8 0.19325940653846926
v -0.18222459385787104 0.034609806049602405 0.1932594039255029
v -0.1882854419584845 0.034609805674074234 0.18828538212505988
v -0.1882854419584845 1.4215150048565827e-8 0.18828538473802625
v -0.18222459385787104 1.4590678219998325e-8 0.19325940653846926
v -0.19325946375892755 0.03460980521649296 0.18222453402444644
v -0.19325946375892755 1.3757568780154263e-8 0.1822245366374128
v -0.19695548571000643 0.034609804694441096 0.1753097468865235
v -0.19695548571000643 1.3235516912686e-8 0.17530974949948988
v -0.19923148663569634 0.034609804127982265 0.16780677159036092
v -0.19923148663569634 1.2669058077901605e-8 0.1678067742033273
v 0.19798066650374224 0.037673859483529075 0.16755807217635763
v 0.19798066650374224 0.037673859483529075 0.16755807217635763
v 0.16755803687368243 0.037673831886128176 -0.19798061212758006
v 0.16755803687368243 0.037673831886128176 -0.19798061212758006
v -0.19798066650374224 0.037673834182962565 -0.16755811601192164
v -0.19798066650374224 0.037673834182962565 -0.16755811601192164
v -0.16755803687368243 0.037673861780366344 0.19798060643898785
v -0.16755803687368243 0.037673861780366344 0.19798060643898785
v 0.19577724019190867 0.03767386003192589 0.17482180873885395
v 0.19577724019190867 0.03767386003192589 0.17482180873885395
v 0.19219907331021702 0.03767386053733126 0.18151610637975207
v 0.19219907331021702 0.03767386053733126 0.18151610637975207
v 0.18738366661853334 0.03767386098032237 0.18738370192120848
v 0.18738366661853334 0.03767386098032237 0.18738370192120848
v 0.1815160710770769 0.03767386134387543 0.19219910861289216
v 0.1815160710770769 0.03767386134387543 0.19219910861289216
v 0.1815160710770769 0.03767386134387543 0.19219910861289216
v 0.17482177343617877 0.0376738616140195 0.1957772754945838
v 0.17482177343617877 0.0376738616140195 0.1957772754945838
v 0.16755803687368243 0.037673861780373546 0.19798070180641736
v 0.16755803687368243 0.037673861780373546 0.19798070180641736
v 0.17482177343617877 0.03767383205248366 -0.1957771667422606
v 0.17482177343617877 0.03767383205248366 -0.1957771667422606
v 0.1815160710770769 0.03767383232262773 -0.19219899986056896
v 0.1815160710770769 0.03767383232262773 -0.19219899986056896
v 0.1815160710770769 0.03767383232262773 -0.19219899986056896
v 0.18738366661853334 0.03767383268618079 -0.18738359316888528
v 0.18738366661853334 0.03767383268618079 -0.18738359316888528
v 0.19219907331021702 0.0376738331291719 -0.18151599762742887
v 0.19219907331021702 0.0376738331291719 -0.18151599762742887
v 0.19577724019190867 0.03767383363457727 -0.17482169998653074
v 0.19577724019190867 0.03767383363457727 -0.17482169998653074
v 0.19798066650374224 0.037673834182974084 -0.16755796342403442
v 0.19798066650374224 0.037673834182974084 -0.16755796342403442
v -0.19577724019190867 0.03767383363456575 -0.17482185257441796
v -0.19577724019190867 0.03767383363456575 -0.17482185257441796
v -0.19219907331021702 0.03767383312916182 -0.18151613114183018
v -0.19219907331021702 0.03767383312916182 -0.18151613114183018
v -0.18738366661853334 0.03767383268616927 -0.1873837457567725
v -0.18738366661853334 0.03767383268616927 -0.1873837457567725
v -0.181516052003591 0.037673832322617645 -0.19219913337497027
v -0.181516052003591 0.037673832322617645 -0.19219913337497027
v -0.181516052003591 0.037673832322617645 -0.19219913337497027
v -0.17482177343617877 0.03767383205247358 -0.1957773002566619
v -0.17482177343617877 0.03767383205247358 -0.1957773002566619
v -0.16755803687368243 0.03767383188611954 -0.19798072656849547
v -0.16755803687368243 0.03767383188611954 -0.19798072656849547
v -0.17482177343617877 0.037673861614012295 0.19577718012715428
v -0.17482177343617877 0.037673861614012295 0.19577718012715428
v -0.1815160710770769 0.037673861343868235 0.19219901324546265
v -0.1815160710770769 0.037673861343868235 0.19219901324546265
v -0.1815160710770769 0.037673861343868235 0.19219901324546265
v -0.18738366661853334 0.037673860980315166 0.18738360655377898
v -0.18738366661853334 0.037673860980315166 0.18738360655377898
v -0.19219907331021702 0.037673860537324064 0.18151601101232256
v -0.19219907331021702 0.037673860537324064 0.18151601101232256
v -0.19577724019190867 0.037673860031918686 0.17482171337142444
v -0.19577724019190867 0.037673860031918686 0.17482171337142444
v -0.19798066650374224 0.03767385948352187 0.16755797680892812
v -0.19798066650374224 0.03767385948352187 0.16755797680892812
v 0.13730977705173686 0.04870732946035029 -0.027312551227370835
v 0.12934300133564314 0.04870732747754835 -0.053575561142208294
v 0.08175497825991407 0.27627337533764523 -0.034191714353457775
v 0.08679044529518976 0.2762770577858435 -0.017430727684992264
v 0.11640564658331165 0.04870732565018717 -0.07777969554230472
v 0.07357778861572317 0.2762685104325156 -0.049638829905952905
v 0.0989948822782587 0.04870732404849145 -0.09899480012487281
v 0.06257295468659052 0.27626314976076194 -0.06317848242731526
v 0.07777980630591941 0.04870732273401397 -0.11640558350341161
v 0.04916344532750294 0.27625824703596996 -0.07429025185478623
v 0.07777980630591941 0.04870732273401397 -0.11640558350341161
v 0.053575686210937334 0.04870732175726805 -0.12934297640271486
v 0.03386445923452541 0.27625452708285225 -0.0825469970083927
v 0.04916344532750294 0.27625824703596996 -0.07429025185478623
v 0.027312681064471267 0.048707321155790385 -0.13730979026578036
v 0.01726399859941008 0.2762525621299227 -0.08763166410040374
v 6.258487561527915e-8 0.04870732095269525 -0.13999986703365538
v 5.710254171994884e-8 0.2762525620003126 -0.08934840180922404
v -0.027312557086812905 0.04870732115578822 -0.1373098188760092
v -0.017263867469194505 0.2762545266989764 -0.08763158780660846
v -0.053575571770021924 0.048707321757263014 -0.12934304315991552
v -0.03386428280478082 0.276258151045183 -0.08254687303100794
v -0.07777971570686137 0.04870732273400677 -0.11640567887084112
v -0.04916321644567212 0.2762629200400267 -0.07429010880399477
v -0.07777971570686137 0.04870732273400677 -0.11640567887084112
v -0.098994825057801 0.04870732404848353 -0.09899490502904527
v -0.06257271626801675 0.2762680325731618 -0.06317836321839702
v -0.04916321644567212 0.2762629200400267 -0.07429010880399477
v -0.11640562750982575 0.04870732565017781 -0.07777981951996309
v -0.07357754542877792 0.2762728019668471 -0.049638782222562156
v -0.12934302040912904 0.04870732747753863 -0.05357568988823813
v -0.081754797061798 0.2762765796832755 -0.03419173104299986
v -0.13730983427219456 0.04870732946034093 -0.027312675205029197
v -0.08679034992776025 0.27627873625259824 -0.017430788481855298
v -0.13999990150332664 0.048707331522386654 -4.957287641123061e-8
v -0.08849071304893386 0.27627890922995674 -3.289652585039715e-8
v -0.13730986288242342 0.04870733358443282 0.027312582019740718
v -0.0867904548319327 0.2762770413443257 0.017430749149243422
v -0.12934307762958674 0.048707335567235846 0.05357560623969261
v -0.08175498779665702 0.27627338050045164 0.034191734626170464
v -0.11640570380376936 0.0487073373945981 0.07777975494490345
v -0.07357777431060875 0.2762685179277728 0.04963886925288591
v -0.09899492996197345 0.04870733899629454 0.0989948690642145
v -0.06257294991821905 0.27626315930044965 0.06317852177505755
v -0.07777982537940531 0.048707340310773464 0.11640567151623919
v -0.049163421485645564 0.27625825825348915 0.0742903055083831
v -0.07777982537940531 0.048707340310773464 0.11640567151623919
v -0.05357568144256586 0.048707341287519385 0.12934306441554244
v -0.033864413934996396 0.2762545395471052 0.08254705066255118
v -0.049163421485645564 0.27625825825348915 0.0742903055083831
v -0.027312659606799627 0.04870734188899705 0.13730987827860794
v -0.01726394614732385 0.276252575361939 0.08763171775485887
v -2.2947787725602353e-8 0.04870734209209218 0.13999995504648297
v 3.0384750746874805e-9 0.276252575491549 0.08934845546367917
v 0.02731261669145635 0.04870734188899921 0.1373099068888368
v 0.01726394495523098 0.2762545399309811 0.08763164146076693
v 0.05357564806396553 0.048707341287522264 0.12934310256251424
v 0.03386436625128164 0.27625816350941573 0.08254690761113331
v 0.07777979676917646 0.04870734031077778 0.1164057287366969
v 0.04916330704473015 0.2762629312575229 0.07429014338340013
v 0.07777979676917646 0.04870734031077778 0.1164057287366969
v 0.0989949204252305 0.0487073389963003 0.0989949453581581
v 0.06257281163544626 0.2762680421128308 0.06317839302865906
v 0.04916330704473015 0.2762629312575229 0.07429014338340013
v 0.11640572287725526 0.04870733739460386 0.07777983123884706
v 0.07357764079620743 0.276272809462095 0.0496387929586183
v 0.12934311577655855 0.048707335567240884 0.05357567299689327
v 0.08175489242922751 0.2762765848460817 0.034191715552442645
v 0.13730992963962407 0.04870733358443732 0.02731264162438416
v 0.08679044529518976 0.2762787388845722 0.017430765838415425
v 0.13999999687075615 0.04870733152239012 -3.6773009600260374e-9
v 0.08849080841636336 0.2762789092299589 -3.6062291708584498e-9
vt 0.34371858835220337 0.6039355993270874
vt 0.34215787053108215 0.6093744039535522
vt 0.3174225986003876 0.5982652902603149
vt 0.3396359086036682 0.6143628358840942
vt 0.33626410365104675 0.6187069416046143
vt 0.33218657970428467 0.6222454905509949
vt 0.32756826281547546 0.6248558759689331
vt 0.3225865662097931 0.6264545917510986
vt 0.3174225986003876 0.6269927620887756
vt 0.3122584819793701 0.6264556050300598
vt 0.30727618932724 0.6248576641082764
vt 0.30265721678733826 0.6222475171089172
vt 0.29857921600341797 0.6187086701393127
vt 0.2952073812484741 0.6143640875816345
vt 0.29268577694892883 0.609375
vt 0.29112574458122253 0.6039358377456665
vt 0.29059794545173645 0.5982652902603149
vt 0.29112663865089417 0.5925949811935425
vt 0.29268738627433777 0.5871562957763672
vt 0.2952093482017517 0.5821678638458252
vt 0.2985810935497284 0.5778237581253052
vt 0.3026586174964905 0.5742851495742798
vt 0.3072769343852997 0.5716747045516968
vt 0.31225869059562683 0.5700761079788208
vt 0.3174225986003876 0.569537878036499
vt 0.3225867748260498 0.5700750350952148
vt 0.3275690972805023 0.5716729164123535
vt 0.3321880102157593 0.5742831230163574
vt 0.33626607060432434 0.5778219699859619
vt 0.3396378457546234 0.5821665525436401
vt 0.3421594500541687 0.5871556401252747
vt 0.343719482421875 0.5925948619842529
vt 0.34424731135368347 0.5982652902603149
vt 0.5714412927627563 0.5872371792793274
vt 0.5448822975158691 0.600470244884491
vt 0.5456652045249939 0.5925261974334717
vt 0.5479135513305664 0.5851143598556519
vt 0.5515646934509277 0.5782835483551025
vt 0.5564782619476318 0.5722963213920593
vt 0.5624655485153198 0.5673826932907104
vt 0.5692963600158691 0.5637316107749939
vt 0.5767081379890442 0.5614832639694214
vt 0.5846720337867737 0.5606988668441772
vt 0.9521315097808838 0.5872371792793274
vt 0.9389206767082214 0.5607002973556519
vt 0.9468647241592407 0.5614832639694214
vt 0.9542765617370605 0.5637316107749939
vt 0.9611072540283203 0.5673826932907104
vt 0.9670945405960083 0.5722963213920593
vt 0.9720081686973572 0.5782835483551025
vt 0.9756593704223633 0.5851143598556519
vt 0.9779077172279358 0.5925261974334717
vt 0.9786919951438904 0.6004902124404907
vt 0.9521318078041077 0.967971682548523
vt 0.9786906838417053 0.9547387361526489
vt 0.9779078364372253 0.9626827836036682
vt 0.9756594896316528 0.970094621181488
vt 0.9720083475112915 0.9769254326820374
vt 0.9670947194099426 0.9829126596450806
vt 0.9611074328422546 0.9878262877464294
vt 0.9542766809463501 0.991477370262146
vt 0.946864902973175 0.9937257170677185
vt 0.9389009475708008 0.9945101141929626
vt 0.5714414119720459 0.9679718017578125
vt 0.5846522450447083 0.994508683681488
vt 0.5767083168029785 0.9937257170677185
vt 0.5692964196205139 0.991477370262146
vt 0.5624656081199646 0.9878262877464294
vt 0.5564783811569214 0.9829126596450806
vt 0.5515647530555725 0.9769254326820374
vt 0.5479136109352112 0.970094621181488
vt 0.5456652641296387 0.9626827836036682
vt 0.5448809266090393 0.9547187685966492
vt 0.14754381775856018 0.32858917117118835
vt 0.16345179080963135 0.3285841643810272
vt 0.14550362527370453 0.5392951965332031
vt 0.13839389383792877 0.5393036007881165
vt 0.17811286449432373 0.32857733964920044
vt 0.1520562618970871 0.539283812046051
vt 0.1909634917974472 0.3285698890686035
vt 0.15779994428157806 0.5392714142799377
vt 0.20150990784168243 0.3285631537437439
vt 0.1625138819217682 0.53926020860672
vt 0.6641554832458496 0.23713499307632446
vt 0.6497002840042114 0.23714017868041992
vt 0.6314489841461182 0.02644658088684082
vt 0.6376585960388184 0.026437895372509956
vt 0.6340153217315674 0.23714296519756317
vt 0.6247109174728394 0.026451148092746735
vt 0.6177035570144653 0.2371429204940796
vt 0.6177035570144653 0.026451148092746735
vt 0.6013917922973633 0.23714017868041992
vt 0.6106961965560913 0.02644658088684082
vt 0.5857069492340088 0.2371351420879364
vt 0.6039583086967468 0.026438193395733833
vt 0.5712518692016602 0.2371285855770111
vt 0.597748875617981 0.026427261531352997
vt 0.3253474831581116 0.32856953144073486
vt 0.33589380979537964 0.3285766839981079
vt 0.3690575957298279 0.5392827987670898
vt 0.3643437325954437 0.53927081823349
vt 0.34874439239501953 0.32858332991600037
vt 0.3748011589050293 0.5392938852310181
vt 0.36340534687042236 0.3285885751247406
vt 0.3813536465167999 0.5393025875091553
vt 0.37931329011917114 0.32859158515930176
vt 0.38846325874328613 0.5393075942993164
vt 0.3958568871021271 0.3285917639732361
vt 0.3958568871021271 0.5393079519271851
vt 0.41240060329437256 0.32858920097351074
vt 0.40325066447257996 0.5393036007881165
vt 0.42830854654312134 0.32858413457870483
vt 0.4103603959083557 0.5392951965332031
vt 0.44296956062316895 0.32857733964920044
vt 0.4169130027294159 0.539283812046051
vt 0.455820232629776 0.32856985926628113
vt 0.42265668511390686 0.5392714142799377
vt 0.46636661887168884 0.3285631239414215
vt 0.4273706376552582 0.53926020860672
vt 0.7515308260917664 0.31823277473449707
vt 0.7659860849380493 0.3182275891304016
vt 0.7842373251914978 0.5289211273193359
vt 0.7780277132987976 0.5289298295974731
vt 0.7816709876060486 0.31822481751441956
vt 0.7909753322601318 0.5289165377616882
vt 0.7979827523231506 0.31822481751441956
vt 0.7979826927185059 0.5289165377616882
vt 0.8142944574356079 0.3182275593280792
vt 0.8049900531768799 0.5289211273193359
vt 0.8299793004989624 0.31823259592056274
vt 0.8117279410362244 0.5289295315742493
vt 0.8444343209266663 0.31823915243148804
vt 0.8179373741149902 0.5289404392242432
vt 0.060490719974040985 0.32856956124305725
vt 0.07103708386421204 0.3285766839981079
vt 0.1042008027434349 0.5392827987670898
vt 0.09948693960905075 0.53927081823349
vt 0.08388767391443253 0.32858335971832275
vt 0.1099444180727005 0.5392938852310181
vt 0.09854865819215775 0.3285886347293854
vt 0.11649689078330994 0.5393025875091553
vt 0.11445651948451996 0.32859158515930176
vt 0.12360647320747375 0.5393075942993164
vt 0.13100017607212067 0.3285917639732361
vt 0.13100014626979828 0.5393079519271851
vt 0.13725467026233673 0.5637093186378479
vt 0.13667045533657074 0.5656101107597351
vt 0.13100014626979828 0.5656101107597351
vt 0.13100014626979828 0.5637097358703613
vt 0.13768523931503296 0.5582224726676941
vt 0.13100014626979828 0.5582239031791687
vt 0.13801366090774536 0.549769401550293
vt 0.13100014626979828 0.5497721433639526
vt 0.14326044917106628 0.5637084245681763
vt 0.1421092301607132 0.5656101107597351
vt 0.14410951733589172 0.5582197308540344
vt 0.14475677907466888 0.5497638583183289
vt 0.2638178765773773 0.5724079608917236
vt 0.2649690806865692 0.569537878036499
vt 0.27048933506011963 0.572328507900238
vt 0.2688063085079193 0.5749298930168152
vt 0.15002325177192688 0.5582157969474792
vt 0.1487806886434555 0.5637075304985046
vt 0.15096966922283173 0.5497562885284424
vt 0.2753104269504547 0.5760704278945923
vt 0.27315041422843933 0.578301727771759
vt 0.15519875288009644 0.5582115650177002
vt 0.1536017805337906 0.5637063384056091
vt 0.15641339123249054 0.5497480034828186
vt 0.2792506217956543 0.5806108713150024
vt 0.27668896317481995 0.5823792219161987
vt 0.15943847596645355 0.5582075715065002
vt 0.15754199028015137 0.5637052059173584
vt 0.1608790159225464 0.5497402548789978
vt 0.2821666896343231 0.5857702493667603
vt 0.2792993485927582 0.5869975686073303
vt 0.6342359781265259 0.0019928556866943836
vt 0.6355689167976379 0.007490490563213825
vt 0.630002498626709 0.007493485696613789
vt 0.6290765404701233 0.001993679441511631
vt 0.6365764141082764 0.015957800671458244
vt 0.6307017803192139 0.01596394181251526
vt 0.2839570641517639 0.5913504362106323
vt 0.2808980643749237 0.5919792652130127
vt 0.6239711046218872 0.007495357654988766
vt 0.6234962940216064 0.001994128804653883
vt 0.6243293285369873 0.01596708595752716
vt 0.28456053137779236 0.5971432328224182
vt 0.2814362049102783 0.5971432328224182
vt 0.6177035570144653 0.007495432626456022
vt 0.6177035570144653 0.001994128804653883
vt 0.6177035570144653 0.015967311337590218
vt 0.28395774960517883 0.6029360294342041
vt 0.2808991074562073 0.6023073196411133
vt 0.6114359498023987 0.007494084537029266
vt 0.6119106411933899 0.0019938291516155005
vt 0.6110777854919434 0.015964390709996223
vt 0.2821677327156067 0.6085165739059448
vt 0.27930116653442383 0.6072896718978882
vt 0.6054043769836426 0.007491388823837042
vt 0.606330156326294 0.001993005396798253
vt 0.6047054529190063 0.01595884934067726
vt 0.2792518138885498 0.6136763691902161
vt 0.2766909897327423 0.6119085550308228
vt 0.5998379588127136 0.0074874949641525745
vt 0.6011703610420227 0.0019920319318771362
vt 0.5988308191299438 0.01595151051878929
vt 0.2753114700317383 0.6182170510292053
vt 0.2731521427631378 0.6159865260124207
vt 0.36931395530700684 0.5637060403823853
vt 0.36741816997528076 0.558210551738739
vt 0.37165799736976624 0.558214545249939
vt 0.37325429916381836 0.5637072324752808
vt 0.3659781813621521 0.549746572971344
vt 0.37044385075569153 0.5497545599937439
vt 0.2704900801181793 0.6219590902328491
vt 0.268807590007782 0.6193584203720093
vt 0.3768335282802582 0.5582185983657837
vt 0.3780756890773773 0.5637081861495972
vt 0.37588754296302795 0.5497621297836304
vt 0.26496952772140503 0.624749481678009
vt 0.2638184726238251 0.6218799948692322
vt 0.38274747133255005 0.5582215785980225
vt 0.383596271276474 0.563709020614624
vt 0.38210034370422363 0.5497681498527527
vt 0.3847472667694092 0.5656101107597351
vt 0.38960230350494385 0.5637094974517822
vt 0.39018648862838745 0.5656101107597351
vt 0.389171838760376 0.5582234859466553
vt 0.3888434171676636 0.5497717261314392
vt 0.39585694670677185 0.5637097358703613
vt 0.39585694670677185 0.5656101107597351
vt 0.39585694670677185 0.5582239031791687
vt 0.39585694670677185 0.5497721433639526
vt 0.4021115005016327 0.5637093186378479
vt 0.4015272557735443 0.5656101107597351
vt 0.40254199504852295 0.5582224726676941
vt 0.4028704762458801 0.549769401550293
vt 0.40811723470687866 0.5637084245681763
vt 0.4069660007953644 0.5656101107597351
vt 0.4089662730693817 0.5582197308540344
vt 0.4096135199069977 0.5497638583183289
vt 0.2577804625034332 0.6218793988227844
vt 0.25662916898727417 0.6247495412826538
vt 0.2511090040206909 0.62195885181427
vt 0.25279200077056885 0.6193574070930481
vt 0.41488009691238403 0.5582157969474792
vt 0.4136374890804291 0.5637075304985046
vt 0.4158264100551605 0.5497562885284424
vt 0.24628791213035583 0.6182169318199158
vt 0.24844790995121002 0.615985631942749
vt 0.4200555086135864 0.5582115650177002
vt 0.4184585511684418 0.5637063384056091
vt 0.42127013206481934 0.5497480034828186
vt 0.24234770238399506 0.6136764883995056
vt 0.24490928649902344 0.6119081377983093
vt 0.4242953062057495 0.5582075715065002
vt 0.42239874601364136 0.5637052059173584
vt 0.42573586106300354 0.5497402548789978
vt 0.23943164944648743 0.6085171103477478
vt 0.242298886179924 0.6072897911071777
vt 0.7814503312110901 0.5533748269081116
vt 0.780117392539978 0.5478771924972534
vt 0.7856837511062622 0.5478742122650146
vt 0.7866097092628479 0.5533740520477295
vt 0.7791098952293396 0.539409875869751
vt 0.7849845290184021 0.5394037365913391
vt 0.23764126002788544 0.6029369235038757
vt 0.24070025980472565 0.6023080945014954
vt 0.791715145111084 0.5478723645210266
vt 0.7921899557113647 0.5533735752105713
vt 0.7913569211959839 0.5394006371498108
vt 0.237037792801857 0.5971441268920898
vt 0.24016202986240387 0.5971441268920898
vt 0.7979826927185059 0.5478722453117371
vt 0.7979826927185059 0.5533735752105713
vt 0.7979826927185059 0.5394003987312317
vt 0.2376405894756317 0.5913512110710144
vt 0.24069921672344208 0.59197998046875
vt 0.8042503595352173 0.5478736162185669
vt 0.8037756085395813 0.5533738732337952
vt 0.8046085834503174 0.5394033193588257
vt 0.23943059146404266 0.5857707262039185
vt 0.24229708313941956 0.5869976878166199
vt 0.8102818727493286 0.5478762984275818
vt 0.8093560934066772 0.553374707698822
vt 0.8109807968139648 0.5394088625907898
vt 0.24234651029109955 0.5806109309196472
vt 0.24490725994110107 0.5823788046836853
vt 0.8158484101295471 0.547880232334137
vt 0.8145159482955933 0.5533756613731384
vt 0.8168554306030273 0.5394161939620972
vt 0.24628685414791107 0.5760701894760132
vt 0.24844610691070557 0.5783007144927979
vt 0.10445719212293625 0.5637060403823853
vt 0.10256136953830719 0.558210551738739
vt 0.10680124163627625 0.558214545249939
vt 0.10839753597974777 0.5637072324752808
vt 0.10112142562866211 0.549746572971344
vt 0.10558705776929855 0.5497545599937439
vt 0.2511082589626312 0.5723282694816589
vt 0.2527907192707062 0.5749289393424988
vt 0.1119767427444458 0.5582185983657837
vt 0.11321892589330673 0.5637081861495972
vt 0.11103077977895737 0.5497621297836304
vt 0.2566288113594055 0.569537878036499
vt 0.2577797770500183 0.5724073052406311
vt 0.11789070814847946 0.5582215785980225
vt 0.11873947829008102 0.563709020614624
vt 0.11724359542131424 0.5497681498527527
vt 0.11989045888185501 0.5656101107597351
vt 0.12474554777145386 0.5637094974517822
vt 0.12532968819141388 0.5656101107597351
vt 0.1243150606751442 0.5582234859466553
vt 0.1239866390824318 0.5497717261314392
vt 0.22708965837955475 0.5887929797172546
vt 0.22831648588180542 0.588891327381134
vt 0.22831380367279053 0.5935180187225342
vt 0.22708606719970703 0.5935180187225342
vt 0.22941003739833832 0.5890358090400696
vt 0.22940810024738312 0.5935180187225342
vt 0.2303188592195511 0.5892196297645569
vt 0.23031774163246155 0.5935181379318237
vt 0.23100042343139648 0.5894341468811035
vt 0.2309999018907547 0.5935181975364685
vt 0.17722418904304504 0.5970428586006165
vt 0.17599229514598846 0.5968076586723328
vt 0.176349475979805 0.5929587483406067
vt 0.17760390043258667 0.5929588675498962
vt 0.1746991127729416 0.5965630412101746
vt 0.17503300309181213 0.5929586291313171
vt 0.21070599555969238 0.5878477692604065
vt 0.21070599555969238 0.5935180187225342
vt 0.21070599555969238 0.5824089646339417
vt 0.22709377110004425 0.5842613577842712
vt 0.21070599555969238 0.5774205327033997
vt 0.22710208594799042 0.5801060199737549
vt 0.21070599555969238 0.5730764269828796
vt 0.22711189091205597 0.5764886736869812
vt 0.21070599555969238 0.569537878036499
vt 0.22712185978889465 0.5735431909561157
vt 0.1327536255121231 0.5741561651229858
vt 0.11632923036813736 0.5758516192436218
vt 0.11633776873350143 0.5720038414001465
vt 0.1327536255121231 0.569537878036499
vt 0.1327536255121231 0.5791378617286682
vt 0.11632196605205536 0.580001175403595
vt 0.1327536255121231 0.5843018889427185
vt 0.11632189154624939 0.5843018889427185
vt 0.1327536255121231 0.5894659757614136
vt 0.1163252592086792 0.5886027812957764
vt 0.1327536255121231 0.5944482684135437
vt 0.11632915586233139 0.5927526354789734
vt 0.1327536255121231 0.599067211151123
vt 0.11633769422769547 0.5966009497642517
vt 0.1843741238117218 0.613961398601532
vt 0.20078009366989136 0.6105489134788513
vt 0.20079006254673004 0.6134945154190063
vt 0.1843741238117218 0.6175001859664917
vt 0.1843741238117218 0.609616756439209
vt 0.20077021420001984 0.6069311499595642
vt 0.1843741238117218 0.6046277284622192
vt 0.20076197385787964 0.6027752757072449
vt 0.1843741238117218 0.599188506603241
vt 0.20075494050979614 0.5982433557510376
vt 0.1843741238117218 0.5935180187225342
vt 0.20075419545173645 0.5935180187225342
vt 0.1843741238117218 0.5878477692604065
vt 0.20075778663158417 0.5887929797172546
vt 0.1843741238117218 0.5824090242385864
vt 0.20076189935207367 0.5842613577842712
vt 0.1843741238117218 0.5774205327033997
vt 0.20077021420001984 0.5801060199737549
vt 0.1843741238117218 0.5730764269828796
vt 0.2007800191640854 0.5764886736869812
vt 0.1843741238117218 0.569537878036499
vt 0.20078998804092407 0.5735431909561157
vt 0.09141764789819717 0.5944490432739258
vt 0.10784204304218292 0.592753529548645
vt 0.10783350467681885 0.5966013073921204
vt 0.09141764789819717 0.5990673303604126
vt 0.09141764789819717 0.5894672274589539
vt 0.10784929990768433 0.5886038541793823
vt 0.09141764789819717 0.5843033790588379
vt 0.1078493744134903 0.5843033790588379
vt 0.09141764789819717 0.5791391730308533
vt 0.10784600675106049 0.5800023674964905
vt 0.09141764789819717 0.5741568803787231
vt 0.10784211754798889 0.5758525133132935
vt 0.09141764789819717 0.569537878036499
vt 0.10783357918262482 0.5720041394233704
vt 0.21070599555969238 0.613961398601532
vt 0.22711196541786194 0.6105487942695618
vt 0.22712193429470062 0.6134945154190063
vt 0.21070599555969238 0.6175002455711365
vt 0.21070599555969238 0.609616756439209
vt 0.22710208594799042 0.6069310307502747
vt 0.21070599555969238 0.6046277284622192
vt 0.22709384560585022 0.6027752757072449
vt 0.21070599555969238 0.599188506603241
vt 0.22708681225776672 0.5982433557510376
vt 0.2283199429512024 0.5844541788101196
vt 0.22941243648529053 0.58473801612854
vt 0.23032036423683167 0.585099458694458
vt 0.17833665013313293 0.5972574353218079
vt 0.1771554797887802 0.601377546787262
vt 0.17610383033752441 0.6009553074836731
vt 0.17493847012519836 0.6004922389984131
vt 0.17371420562267303 0.6000100374221802
vt 0.22832652926445007 0.5803859233856201
vt 0.22941723465919495 0.580798864364624
vt 0.23032328486442566 0.5813258290290833
vt 0.17524918913841248 0.6051512360572815
vt 0.174297496676445 0.6045350432395935
vt 0.1732417494058609 0.6038584113121033
vt 0.17213143408298492 0.6031530499458313
vt 0.2283344566822052 0.5768448114395142
vt 0.229422926902771 0.5773720741271973
vt 0.23032672703266144 0.5780459642410278
vt 0.17270530760288239 0.6084310412406921
vt 0.17189054191112518 0.6076417565345764
vt 0.17098543047904968 0.6067737340927124
vt 0.17003223299980164 0.6058675050735474
vt 0.2283424735069275 0.5739618539810181
vt 0.22942861914634705 0.5745837688446045
vt 0.17339184880256653 0.6091049909591675
vt 0.17017817497253418 0.6118932962417603
vt 0.16963578760623932 0.6110967397689819
vt 0.1689911037683487 0.6101622581481934
vt 0.16827401518821716 0.6091333031654358
vt 0.167517751455307 0.6080573797225952
vt 0.115117147564888 0.5722724795341492
vt 0.11511025577783585 0.5760366320610046
vt 0.1705932468175888 0.6125151515007019
vt 0.16682904958724976 0.6146408915519714
vt 0.16654226183891296 0.613947868347168
vt 0.1661667674779892 0.6130587458610535
vt 0.16571995615959167 0.6120142340660095
vt 0.16522234678268433 0.6108626127243042
vt 0.16469690203666687 0.6096569895744324
vt 0.11510448902845383 0.5800955295562744
vt 0.16277016699314117 0.6159417629241943
vt 0.16262361407279968 0.6152047514915466
vt 0.1624315083026886 0.6142578125
vt 0.16220271587371826 0.6131443977355957
vt 0.16194768249988556 0.6119157671928406
vt 0.16167815029621124 0.6106283664703369
vt 0.11510434001684189 0.5843018889427185
vt 0.15856386721134186 0.6163800954818726
vt 0.1585637927055359 0.6156278848648071
vt 0.15856371819972992 0.6146610379219055
vt 0.15856364369392395 0.6135239005088806
vt 0.158563494682312 0.6122685670852661
vt 0.15856339037418365 0.6109530329704285
vt 0.11510688811540604 0.5885083079338074
vt 0.15435731410980225 0.615943193435669
vt 0.15450388193130493 0.6152055263519287
vt 0.15469598770141602 0.6142579317092896
vt 0.15492479503154755 0.6131437420845032
vt 0.15517984330654144 0.6119140386581421
vt 0.15544931590557098 0.6106256246566772
vt 0.11511018127202988 0.592567503452301
vt 0.15029816329479218 0.6146421432495117
vt 0.15058515965938568 0.6139485239982605
vt 0.15096092224121094 0.6130585074424744
vt 0.15140818059444427 0.6120127439498901
vt 0.15190628170967102 0.6108596324920654
vt 0.15243221819400787 0.6096524000167847
vt 0.11511707305908203 0.5963321924209595
vt 0.14653350412845612 0.6125165820121765
vt 0.14694899320602417 0.6118940114974976
vt 0.14749206602573395 0.6110965013504028
vt 0.1481376439332962 0.6101606488227844
vt 0.14885585010051727 0.6091299057006836
vt 0.14961326122283936 0.6080522537231445
vt 0.20201067626476288 0.6130756735801697
vt 0.20200274884700775 0.6101924777030945
vt 0.20309674739837646 0.6124531030654907
vt 0.20309105515480042 0.6096646785736084
vt 0.1437351405620575 0.6091057062149048
vt 0.14442265033721924 0.6084309220314026
vt 0.1452387273311615 0.6076403856277466
vt 0.14614534378051758 0.606770932674408
vt 0.14710018038749695 0.6058632731437683
vt 0.20199480652809143 0.6066510677337646
vt 0.20308536291122437 0.6062377095222473
vt 0.20399485528469086 0.6089898943901062
vt 0.20399141311645508 0.6057102084159851
vt 0.1418788582086563 0.6051512360572815
vt 0.14283189177513123 0.6045342087745667
vt 0.14388926327228546 0.6038566827774048
vt 0.1450013518333435 0.6031502485275269
vt 0.20198814570903778 0.6025823950767517
vt 0.20308071374893188 0.6022984385490417
vt 0.20398856699466705 0.6019366383552551
vt 0.139972522854805 0.6013776063919067
vt 0.14102528989315033 0.600955069065094
vt 0.1421920210123062 0.6004916429519653
vt 0.14341771602630615 0.600009024143219
vt 0.2019825279712677 0.598145067691803
vt 0.20307675004005432 0.5980005264282227
vt 0.20398616790771484 0.5978167057037354
vt 0.1387910395860672 0.5972576141357422
vt 0.13990424573421478 0.5970430970191956
vt 0.14113697409629822 0.5968080163002014
vt 0.14243102073669434 0.5965633392333984
vt 0.20198193192481995 0.5935180187225342
vt 0.20307622849941254 0.5935181379318237
vt 0.20398586988449097 0.5935181379318237
vt 0.20466817915439606 0.5976020693778992
vt 0.20466803014278412 0.5935182571411133
vt 0.1407782882452011 0.5929592847824097
vt 0.14209477603435516 0.5929593443870544
vt 0.13952384889125824 0.5929592251777649
vt 0.20198461413383484 0.5888912677764893
vt 0.20307816565036774 0.5890358090400696
vt 0.2039869874715805 0.5892196297645569
vt 0.2046685516834259 0.5894341468811035
vt 0.14113546907901764 0.5891103148460388
vt 0.14242862164974213 0.5893549919128418
vt 0.13990354537963867 0.5888751745223999
vt 0.2019880712032318 0.5844542384147644
vt 0.20308056473731995 0.58473801612854
vt 0.20398849248886108 0.585099458694458
vt 0.13879109919071198 0.5886605381965637
vt 0.1399722546339035 0.5845404863357544
vt 0.1410238891839981 0.5849627256393433
vt 0.14218924939632416 0.5854257941246033
vt 0.1434134840965271 0.585908055305481
vt 0.2019946575164795 0.5803859233856201
vt 0.20308536291122437 0.5807989835739136
vt 0.20399141311645508 0.5813258290290833
vt 0.14187858998775482 0.5807667374610901
vt 0.1428302526473999 0.5813829302787781
vt 0.14388598501682281 0.5820595622062683
vt 0.14499633014202118 0.5827650427818298
vt 0.2020025998353958 0.5768448114395142
vt 0.20309105515480042 0.5773720741271973
vt 0.20399485528469086 0.5780459642410278
vt 0.14442244172096252 0.5774869322776794
vt 0.14523722231388092 0.5782762169837952
vt 0.14614231884479523 0.5791442394256592
vt 0.14709550142288208 0.5800504684448242
vt 0.2020106017589569 0.5739618539810181
vt 0.20309674739837646 0.5745837688446045
vt 0.1437358856201172 0.5768129825592041
vt 0.14694957435131073 0.5740247964859009
vt 0.14749197661876678 0.5748213529586792
vt 0.14813663065433502 0.575755774974823
vt 0.14885373413562775 0.5767847895622253
vt 0.14960996806621552 0.5778606534004211
vt 0.10905412584543228 0.5963327288627625
vt 0.10906101763248444 0.5925685167312622
vt 0.1465345025062561 0.5734028220176697
vt 0.15029871463775635 0.5712772011756897
vt 0.15058551728725433 0.5719701051712036
vt 0.15096096694469452 0.5728593468666077
vt 0.15140780806541443 0.5739037394523621
vt 0.15190541744232178 0.5750554203987122
vt 0.15243084728717804 0.5762609839439392
vt 0.10906678438186646 0.5885095596313477
vt 0.15435761213302612 0.569976270198822
vt 0.15450415015220642 0.5707133412361145
vt 0.1546962410211563 0.5716602206230164
vt 0.15492506325244904 0.5727735757827759
vt 0.15518009662628174 0.5740023255348206
vt 0.15544961392879486 0.5752896666526794
vt 0.1090669333934784 0.5843032598495483
vt 0.15856391191482544 0.569537878036499
vt 0.15856395661830902 0.570290207862854
vt 0.158564031124115 0.5712569952011108
vt 0.15856413543224335 0.572394073009491
vt 0.1585642546415329 0.5736494064331055
vt 0.15856435894966125 0.5749650597572327
vt 0.10906438529491425 0.5800967216491699
vt 0.16277046501636505 0.5699747800827026
vt 0.16262388229370117 0.5707124471664429
vt 0.1624317765235901 0.5716601014137268
vt 0.16220293939113617 0.572774350643158
vt 0.16194793581962585 0.574004054069519
vt 0.16167844831943512 0.5752924084663391
vt 0.1090610921382904 0.5760376453399658
vt 0.16682960093021393 0.5712758898735046
vt 0.16654258966445923 0.5719694495201111
vt 0.16616684198379517 0.572859525680542
vt 0.16571958363056183 0.5739052295684814
vt 0.16522148251533508 0.5750584006309509
vt 0.16469556093215942 0.5762656331062317
vt 0.10905420035123825 0.5722729563713074
vt 0.1705942451953888 0.5734013915061951
vt 0.17017877101898193 0.574023962020874
vt 0.16963571310043335 0.5748215913772583
vt 0.1689901351928711 0.5757574439048767
vt 0.1682719588279724 0.576788067817688
vt 0.16751453280448914 0.5778657793998718
vt 0.22834254801273346 0.6130756735801697
vt 0.22833462059497833 0.6101924777030945
vt 0.22942861914634705 0.6124531030654907
vt 0.229422926902771 0.6096646785736084
vt 0.1733926385641098 0.5768123269081116
vt 0.17270512878894806 0.5774871706962585
vt 0.1718890368938446 0.5782776474952698
vt 0.17098243534564972 0.5791471004486084
vt 0.17002759873867035 0.5800548195838928
vt 0.228326678276062 0.6066510677337646
vt 0.22941723465919495 0.6062376499176025
vt 0.23032672703266144 0.6089898943901062
vt 0.23032328486442566 0.6057102084159851
vt 0.175248920917511 0.5807668566703796
vt 0.17429588735103607 0.5813837647438049
vt 0.17323850095272064 0.5820613503456116
vt 0.1721264123916626 0.5827677249908447
vt 0.22832001745700836 0.6025822758674622
vt 0.22941258549690247 0.602298378944397
vt 0.23032043874263763 0.6019366383552551
vt 0.1771552562713623 0.5845404267311096
vt 0.17610247433185577 0.5849629044532776
vt 0.1749357283115387 0.585426390171051
vt 0.17371006309986115 0.5859090089797974
vt 0.22831439971923828 0.5981449484825134
vt 0.2294086217880249 0.5980005264282227
vt 0.23031803965568542 0.5978166460990906
vt 0.1783367246389389 0.5886604189872742
vt 0.17722351849079132 0.5888749361038208
vt 0.17599079012870789 0.5891100764274597
vt 0.17469675838947296 0.5893546938896179
vt 0.23100005090236664 0.5976020693778992
vt 0.16298900544643402 0.0033302924130111933
vt 0.16337059438228607 0.001999594969674945
vt 0.19450019299983978 0.001992144389078021
vt 0.1937512308359146 0.0033235906157642603
vt 0.7941569089889526 0.6147728562355042
vt 0.794610857963562 0.6124852299690247
vt 0.8261775374412537 0.6220563650131226
vt 0.8252864480018616 0.6242122650146484
vt 0.1903906911611557 0.012322401627898216
vt 0.1612771600484848 0.012322401627898216
vt 0.21722185611724854 0.012322401627898216
vt 0.22210697829723358 0.0033132571261376143
vt 0.24073950946331024 0.012322401627898216
vt 0.24696676433086395 0.0033009019680321217
vt 0.8908262848854065 0.6913827657699585
vt 0.871525764465332 0.6678650379180908
vt 0.8777530789375305 0.6615781188011169
vt 0.8981600999832153 0.686435341835022
vt 0.905167818069458 0.7182139754295349
vt 0.9133275151252747 0.7148014903068542
vt 0.9139993190765381 0.7473273873329163
vt 0.9226692914962769 0.7455862760543823
vt 0.9169813990592957 0.7776044011116028
vt 0.925823986530304 0.7776044011116028
vt 0.9139993190765381 0.8078814148902893
vt 0.9226694107055664 0.8096226453781128
vt 0.9051679968833923 0.8369949460029602
vt 0.9133279919624329 0.8404073715209961
vt 0.8908264636993408 0.8638260960578918
vt 0.8981606960296631 0.8687737584114075
vt 0.8715258836746216 0.8873438239097595
vt 0.8777535557746887 0.8936311602592468
vt 0.309635192155838 0.012322401627898216
vt 0.28611746430397034 0.012322401627898216
vt 0.27988991141319275 0.003300377633422613
vt 0.3047497868537903 0.003312770277261734
vt 0.33646631240844727 0.012322401627898216
vt 0.3331056237220764 0.003323253709822893
vt 0.3655798137187958 0.012322401627898216
vt 0.3638680577278137 0.0033302924130111933
vt 0.3958568572998047 0.012322401627898216
vt 0.3958568572998047 0.003332875669002533
vt 0.4261339008808136 0.012322401627898216
vt 0.4278455972671509 0.003330479608848691
vt 0.4552474021911621 0.012322401627898216
vt 0.458607941865921 0.0033235906157642603
vt 0.48207858204841614 0.012322401627898216
vt 0.48696368932724 0.0033132571261376143
vt 0.5055962800979614 0.012322401627898216
vt 0.5118235349655151 0.0033009019680321217
vt 0.6327466368675232 0.8638262748718262
vt 0.6520472168922424 0.8873439431190491
vt 0.6458198428153992 0.8936309218406677
vt 0.6254127621650696 0.8687736392021179
vt 0.6184049844741821 0.836995005607605
vt 0.6102453470230103 0.8404073715209961
vt 0.6095735430717468 0.8078815937042236
vt 0.6009036302566528 0.8096227049827576
vt 0.606591522693634 0.7776044607162476
vt 0.5977489948272705 0.7776044607162476
vt 0.609573483467102 0.747327446937561
vt 0.6009033918380737 0.7455862760543823
vt 0.6184049844741821 0.7182139754295349
vt 0.6102449893951416 0.7148014903068542
vt 0.6327465176582336 0.6913827657699585
vt 0.6254122853279114 0.6864352226257324
vt 0.6520470380783081 0.6678650379180908
vt 0.6458194255828857 0.6615776419639587
vt 0.04477844014763832 0.012322401627898216
vt 0.021260792389512062 0.012322401627898216
vt 0.015033151023089886 0.003300377633422613
vt 0.039893098175525665 0.003312770277261734
vt 0.07160968333482742 0.012322401627898216
vt 0.06824891269207001 0.003323253709822893
vt 0.10072313249111176 0.012322401627898216
vt 0.0990113690495491 0.0033302924130111933
vt 0.13100022077560425 0.012322401627898216
vt 0.13100029528141022 0.003332875669002533
vt 0.8245375156402588 0.6260321736335754
vt 0.8539814352989197 0.6395441889762878
vt 0.8528932929039001 0.6411833167076111
vt 0.855275571346283 0.6376031041145325
vt 0.8791393041610718 0.660182774066925
vt 0.8807872533798218 0.6585312485694885
vt 0.8997915387153625 0.6853381991386414
vt 0.9017302393913269 0.6840400099754333
vt 0.9151417016983032 0.7140452265739441
vt 0.9172966480255127 0.713150680065155
vt 0.9245961308479309 0.745200514793396
vt 0.9268842935562134 0.7447443008422852
vt 0.9277888536453247 0.7776044011116028
vt 0.9301218390464783 0.7776044011116028
vt 0.9245961308479309 0.8100083470344543
vt 0.9268839955329895 0.8104644417762756
vt 0.9151417016983032 0.8411636352539062
vt 0.9172961711883545 0.842058002948761
vt 0.8997917175292969 0.8698706030845642
vt 0.9017297625541687 0.8711684346199036
vt 0.8791393041610718 0.8950260281562805
vt 0.8807867765426636 0.8966770768165588
vt 0.8539814352989197 0.9156646728515625
vt 0.852893590927124 0.9140260219573975
vt 0.8552753925323486 0.9176052808761597
vt 0.8252865672111511 0.9309966564178467
vt 0.8245378136634827 0.9291771054267883
vt 0.8261775374412537 0.9331520795822144
vt 0.3323568105697632 0.0019920319318771362
vt 0.36348649859428406 0.001999594969674945
vt 0.7946109771728516 0.94272381067276
vt 0.7941569089889526 0.9404361248016357
vt 0.3958568572998047 0.0020022906828671694
vt 0.7617866396903992 0.9459553956985474
vt 0.7617866396903992 0.9436231255531311
vt 0.42822718620300293 0.0019996699411422014
vt 0.7289621233940125 0.9427241086959839
vt 0.7294161915779114 0.9404361844062805
vt 0.4593569040298462 0.001992144389078021
vt 0.6973954439163208 0.9331526756286621
vt 0.6982865333557129 0.9309967160224915
vt 0.6990354657173157 0.929176926612854
vt 0.66959148645401 0.9156648516654968
vt 0.6706796288490295 0.9140257239341736
vt 0.6682974100112915 0.9176059365272522
vt 0.6444336771965027 0.8950262069702148
vt 0.6427857279777527 0.8966777324676514
vt 0.6237813234329224 0.8698707818984985
vt 0.6218426823616028 0.8711689710617065
vt 0.6084311604499817 0.8411637544631958
vt 0.6062763333320618 0.8420583009719849
vt 0.598976731300354 0.8100084662437439
vt 0.5966886878013611 0.81046462059021
vt 0.5957840085029602 0.7776044607162476
vt 0.5934510827064514 0.7776044607162476
vt 0.598976731300354 0.7452005743980408
vt 0.5966888666152954 0.7447444796562195
vt 0.6084311604499817 0.7140452861785889
vt 0.6062766909599304 0.7131509184837341
vt 0.6237812638282776 0.6853381991386414
vt 0.6218430995941162 0.684040367603302
vt 0.6444336771965027 0.6601828932762146
vt 0.6427861452102661 0.6585318446159363
vt 0.66959148645401 0.6395441293716431
vt 0.6706793308258057 0.6411828994750977
vt 0.6682975888252258 0.6376035213470459
vt 0.6982865333557129 0.6242122650146484
vt 0.6990351676940918 0.6260316967964172
vt 0.6973955631256104 0.622056782245636
vt 0.06750018149614334 0.0019920319318771362
vt 0.09862985461950302 0.001999594969674945
vt 0.7289621233940125 0.6124851107597351
vt 0.7294161915779114 0.6147726774215698
vt 0.13100029528141022 0.0020022906828671694
vt 0.7617866396903992 0.6092534065246582
vt 0.7617866396903992 0.611585795879364
vt 0.5844911336898804 0.5573036074638367
vt 0.9390875101089478 0.5573040246963501
vt 0.5354482531547546 0.9610682129859924
vt 0.5320516228675842 0.9611430764198303
vt 0.532051146030426 0.6064027547836304
vt 0.5354480743408203 0.606471836566925
vt 0.9820873737335205 0.6003092527389526
vt 0.9820869565010071 0.95490562915802
vt 0.39808496832847595 0.5942453145980835
vt 0.4014815390110016 0.5941702723503113
vt 0.4014819860458374 0.9489107728004456
vt 0.3980851173400879 0.9488415718078613
vt 0.9390818476676941 0.9979053735733032
vt 0.5844854116439819 0.9979049563407898
vt 0.487648069858551 0.9610682725906372
vt 0.4842514395713806 0.9611431956291199
vt 0.4842509627342224 0.6064027547836304
vt 0.4876478910446167 0.606471836566925
vt 0.38865044713020325 0.5941702127456665
vt 0.3920474052429199 0.5942392945289612
vt 0.39204755425453186 0.9488356709480286
vt 0.38865095376968384 0.948910653591156
vt 0.5414860248565674 0.6003033518791199
vt 0.5414856672286987 0.9548997282981873
vt 0.49368542432785034 0.6064027547836304
vt 0.49368542432785034 0.9611430764198303
vt 0.43984779715538025 0.9489107728004456
vt 0.43984779715538025 0.5941702723503113
vt 0.44588524103164673 0.6064027547836304
vt 0.44588524103164673 0.9611431956291199
vt 0.35028472542762756 0.5941702127456665
vt 0.35028472542762756 0.948910653591156
vt 0.5320516228675842 0.9697927832603455
vt 0.49368542432785034 0.9697927832603455
vt 0.5320516228675842 0.9781101942062378
vt 0.49368542432785034 0.9781101942062378
vt 0.5320516228675842 0.985775351524353
vt 0.49368542432785034 0.985775351524353
vt 0.5320516228675842 0.9924941062927246
vt 0.49368542432785034 0.9924941062927246
vt 0.5320516228675842 0.9980079531669617
vt 0.49368542432785034 0.9980079531669617
vt 0.38865095376968384 0.569537878036499
vt 0.38865095376968384 0.5772031545639038
vt 0.35028472542762756 0.5772031545639038
vt 0.35028472542762756 0.569537878036499
vt 0.38865095376968384 0.5855205059051514
vt 0.35028472542762756 0.5855205059051514
vt 0.4014815390110016 0.5855205655097961
vt 0.43984779715538025 0.5855205655097961
vt 0.4014815390110016 0.5772033333778381
vt 0.43984779715538025 0.5772033333778381
vt 0.4014815390110016 0.5695379972457886
vt 0.43984779715538025 0.5695379972457886
vt 0.5320516228675842 0.569537878036499
vt 0.5320516228675842 0.5750517249107361
vt 0.49368542432785034 0.5750517249107361
vt 0.49368542432785034 0.569537878036499
vt 0.5320516228675842 0.5817704796791077
vt 0.49368542432785034 0.5817704796791077
vt 0.5320516228675842 0.5894356966018677
vt 0.49368542432785034 0.5894356966018677
vt 0.5320516228675842 0.5977530479431152
vt 0.49368542432785034 0.5977530479431152
vt 0.4842514395713806 0.9697929620742798
vt 0.44588524103164673 0.9697929620742798
vt 0.4842514395713806 0.9781101942062378
vt 0.44588524103164673 0.9781101942062378
vt 0.4842514395713806 0.9857755303382874
vt 0.44588524103164673 0.9857755303382874
vt 0.4842514395713806 0.9924941658973694
vt 0.44588524103164673 0.9924941658973694
vt 0.4842514395713806 0.9980080723762512
vt 0.44588524103164673 0.9980080723762512
vt 0.4014815390110016 0.973543107509613
vt 0.4014815390110016 0.9658777713775635
vt 0.43984779715538025 0.9658777713775635
vt 0.43984779715538025 0.973543107509613
vt 0.4014815390110016 0.9575604796409607
vt 0.43984779715538025 0.9575604796409607
vt 0.38865095376968384 0.9575603604316711
vt 0.35028472542762756 0.9575603604316711
vt 0.38865095376968384 0.9658776521682739
vt 0.35028472542762756 0.9658776521682739
vt 0.38865095376968384 0.9735429286956787
vt 0.35028472542762756 0.9735429286956787
vt 0.4842514395713806 0.569537878036499
vt 0.4842514395713806 0.5750517845153809
vt 0.44588524103164673 0.5750517845153809
vt 0.44588524103164673 0.569537878036499
vt 0.4842514395713806 0.5817704200744629
vt 0.44588524103164673 0.5817704200744629
vt 0.4842514395713806 0.5894356966018677
vt 0.44588524103164673 0.5894356966018677
vt 0.4842514395713806 0.5977529883384705
vt 0.44588524103164673 0.5977529883384705
vt 0.5354482531547546 0.9695170521736145
vt 0.5760422945022583 0.5581358075141907
vt 0.39808496832847595 0.5857964158058167
vt 0.9812551736831665 0.5918604135513306
vt 0.487648069858551 0.9695170521736145
vt 0.9475307464599609 0.9970731735229492
vt 0.39204755425453186 0.9572845101356506
vt 0.542317807674408 0.9633485674858093
vt 0.5354482531547546 0.9775691032409668
vt 0.5679901838302612 0.5605783462524414
vt 0.5354482531547546 0.9849900603294373
vt 0.5605693459510803 0.5645449161529541
vt 0.5354482531547546 0.9914944171905518
vt 0.5540648698806763 0.5698829293251038
vt 0.5354482531547546 0.9968324899673462
vt 0.5487267971038818 0.576387345790863
vt 0.39204755425453186 0.5703232884407043
vt 0.39204755425453186 0.57774418592453
vt 0.5447603464126587 0.583808183670044
vt 0.39204755425453186 0.5857962965965271
vt 0.5423177480697632 0.5918604135513306
vt 0.39808496832847595 0.5777442455291748
vt 0.978812575340271 0.583808183670044
vt 0.39808496832847595 0.5703234672546387
vt 0.9748460054397583 0.576387345790863
vt 0.5354482531547546 0.5707133412361145
vt 0.5354482531547546 0.5760514140129089
vt 0.9695079326629639 0.5698829293251038
vt 0.5354482531547546 0.5825558304786682
vt 0.9630035161972046 0.5645449161529541
vt 0.5354482531547546 0.5899767279624939
vt 0.9555826187133789 0.5605783462524414
vt 0.5354482531547546 0.598028838634491
vt 0.9475305676460266 0.5581358075141907
vt 0.487648069858551 0.9775692224502563
vt 0.9555829167366028 0.9946306347846985
vt 0.487648069858551 0.9849900603294373
vt 0.9630036950111389 0.9906640648841858
vt 0.487648069858551 0.9914945363998413
vt 0.9695081114768982 0.9853260517120361
vt 0.487648069858551 0.996832549571991
vt 0.9748461842536926 0.9788215756416321
vt 0.39808496832847595 0.9727575778961182
vt 0.39808496832847595 0.965336799621582
vt 0.9788126945495605 0.9714007377624512
vt 0.39808496832847595 0.9572846293449402
vt 0.981255292892456 0.9633485674858093
vt 0.39204755425453186 0.9653366804122925
vt 0.5447604060173035 0.9714007377624512
vt 0.39204755425453186 0.9727575778961182
vt 0.5487269759178162 0.9788216352462769
vt 0.487648069858551 0.5707134008407593
vt 0.487648069858551 0.5760514140129089
vt 0.5540650486946106 0.9853260517120361
vt 0.487648069858551 0.5825558304786682
vt 0.5605694055557251 0.9906640648841858
vt 0.487648069858551 0.5899766683578491
vt 0.5679903030395508 0.9946306347846985
vt 0.487648069858551 0.598028838634491
vt 0.5760423541069031 0.9970731735229492
vt 0.1612771600484848 0.012322401627898216
vt 0.1903906911611557 0.012322401627898216
vt 0.16890296339988708 0.2645876109600067
vt 0.1503227800130844 0.2645915746688843
vt 0.21722185611724854 0.012322401627898216
vt 0.1860266923904419 0.26458215713500977
vt 0.24073950946331024 0.012322401627898216
vt 0.20103582739830017 0.2645762264728546
vt 0.2600400447845459 0.012322401627898216
vt 0.21335366368293762 0.2645708918571472
vt 0.7039252519607544 0.5533757209777832
vt 0.6770941019058228 0.5533757209777832
vt 0.6552435159683228 0.3011314272880554
vt 0.6722029447555542 0.30112725496292114
vt 0.6479806303977966 0.5533757209777832
vt 0.6368411779403687 0.3011336326599121
vt 0.6177035570144653 0.5533757209777832
vt 0.6177035570144653 0.3011336326599121
vt 0.5874265432357788 0.5533757209777832
vt 0.5985658764839172 0.3011314272880554
vt 0.5583130121231079 0.5533757209777832
vt 0.5801637172698975 0.30112743377685547
vt 0.5314818620681763 0.5533757209777832
vt 0.563204288482666 0.30112215876579285
vt 0.26681700348854065 0.012322401627898216
vt 0.28611746430397034 0.012322401627898216
vt 0.3258213996887207 0.26458168029785156
vt 0.3135036528110504 0.26457592844963074
vt 0.309635192155838 0.012322401627898216
vt 0.3408305048942566 0.2645869255065918
vt 0.33646631240844727 0.012322401627898216
vt 0.35795411467552185 0.26459115743637085
vt 0.3655798137187958 0.012322401627898216
vt 0.37653428316116333 0.26459354162216187
vt 0.3958568572998047 0.012322401627898216
vt 0.3958568871021271 0.2645936608314514
vt 0.4261339008808136 0.012322401627898216
vt 0.4151795506477356 0.26459163427352905
vt 0.4552474021911621 0.012322401627898216
vt 0.4337596893310547 0.2645875811576843
vt 0.48207858204841614 0.012322401627898216
vt 0.4508833885192871 0.26458215713500977
vt 0.5055962800979614 0.012322401627898216
vt 0.4658925533294678 0.2645761966705322
vt 0.5248968005180359 0.012322401627898216
vt 0.4782103896141052 0.26457083225250244
vt 0.711760938167572 0.0019920319318771362
vt 0.7385920882225037 0.0019920319318771362
vt 0.7604427933692932 0.2542363405227661
vt 0.743483304977417 0.254240483045578
vt 0.7677056193351746 0.0019920319318771362
vt 0.7788450717926025 0.2542341351509094
vt 0.7979826331138611 0.0019920319318771362
vt 0.7979826927185059 0.2542341351509094
vt 0.8282596468925476 0.0019920319318771362
vt 0.8171203136444092 0.2542363107204437
vt 0.8573732376098633 0.0019920319318771362
vt 0.835522472858429 0.25424033403396606
vt 0.8842043280601501 0.0019920319318771362
vt 0.8524819016456604 0.2542455792427063
vt 0.0019602542743086815 0.012322401627898216
vt 0.021260792389512062 0.012322401627898216
vt 0.06096470355987549 0.26458168029785156
vt 0.048646893352270126 0.26457592844963074
vt 0.04477844014763832 0.012322401627898216
vt 0.07597380131483078 0.2645869851112366
vt 0.07160968333482742 0.012322401627898216
vt 0.09309747815132141 0.2645912170410156
vt 0.10072313249111176 0.012322401627898216
vt 0.11167752742767334 0.26459354162216187
vt 0.13100022077560425 0.012322401627898216
vt 0.13100019097328186 0.2645936608314514
vn 0 0.9999999999825823 -0.000005902139321178606
vn 0 0.99999999998262 0.000005895734091049611
vn 0 0.9999999999999838 1.7998956991504452e-7
vn 0 0.9999999999999972 -7.549789415861595e-8
vn 0 0.9999999999999972 -7.549789415861595e-8
vn 0 0.9999999999943904 -0.000003349519204203035
vn 0 0.9999999999988973 -0.0000014850758702763173
vn 0 0.9999999999989211 0.0000014688765190822497
vn 0 0.9999999999999968 -7.94777910151367e-8
vn 0 0.9999999999954357 0.0000030213952299928314
vn 0 0.9999999999949453 0.0000031795897825590773
vn 0 0.9999999999999972 -7.549789415861595e-8
vn 0 0.9999999999819682 -0.0000060053101264055784
vn 0 0.9999999999784916 -0.00000655872946694983
vn 0 0.9999999999999972 -7.549789415861595e-8
vn 0 0.9999999999257853 -0.000012183158843543513
vn 0 0.9999999999999971 -7.644680366514221e-8
vn 0 0.9999999999275944 0.00001203375739944921
vn 0 0.9999999999999972 -7.549789415861595e-8
vn 0 0.9999999999794652 0.000006408531760236525
vn 0 0.9999999999828575 0.000005855346159830108
vn 0 0.9999999999943904 -0.0000033495014690563506
vn 0 0.9999999999887623 -0.000004740800079565142
vn 0 0.9999999999994773 -0.000001022473099964821
vn 0 0.9999999999998672 5.15431395342511e-7
vn 0 0.9999999999999972 -7.549789415861595e-8
vn 0 0.9999999999999972 -7.549789415861595e-8
vn 0 0.9999999999999972 -7.549789415861595e-8
vn 0 0.9999999999999972 -7.549789415861595e-8
vn 0 0.9999999999999972 -7.549789415861595e-8
vn 0 0.9999999999999972 -7.549789415861595e-8
vn 0 0.9999999999276137 0.000012032153050795635
vn 0 0.9999999999999972 -7.459821343980265e-8
vn 0.00006977617124071713 0.9999999950527371 -0.00007089296052735272
vn 0.000059419723793947176 0.999867874952081 0.01625512559491211
vn 0.019528515421501667 0.9949274027862525 0.09868181327090751
vn 0.04102461040669214 0.9942376979224543 0.09903727263428351
vn 0.061852097443942336 0.9937841951301998 0.09255966481791938
vn 0.07981503823803172 0.9936172180683397 0.07971438784306621
vn 0.09256094565326689 0.9937842192797837 0.061849792645114636
vn 0.09907807666516162 0.9942324298564351 0.04105374704093259
vn 0.09867243675884332 0.9949281880102163 0.019535888174842374
vn 0.016755476343254673 0.999859616096927 -0.00004594580096131452
vn 0.00006979442661844023 0.9999999950657091 0.00007069172425286542
vn 0.016710281683425157 0.9998603727020594 -0.00003982661579759592
vn 0.09872774180382322 0.9949224568487198 -0.019548346641718107
vn 0.09907823263697486 0.994232418736709 -0.041053639917635415
vn 0.09256067255689127 0.9937842375882509 -0.061849907170138906
vn 0.07981504478788144 0.9936171948185939 -0.0797146710859223
vn 0.06185228372099629 0.993784181355547 -0.09255968823404079
vn 0.041044162091776915 0.994232232363466 -0.099084029428273
vn 0.019516512160494742 0.9949331503825833 -0.0986262238092751
vn 0.00010910169652846389 0.9998672587520419 -0.016292727595374902
vn -0.00006978700514164351 0.9999999950647522 0.00007071258442317446
vn -0.00005967267228978873 0.9998678698184451 -0.016255440439959478
vn -0.019528735517758973 0.9949273680890215 -0.09868211953809065
vn -0.04106317037031241 0.9942267338849573 -0.0991313152721619
vn -0.06185204352728573 0.9937841528342595 -0.09256015496417443
vn -0.07981569934248187 0.9936170951067749 -0.07971525857729418
vn -0.09256102790572152 0.9937841739035966 -0.061850398638829164
vn -0.09907821495175385 0.9942324059597416 -0.041053992028516326
vn -0.09867263991029944 0.9949281609991419 -0.01953623771348539
vn -0.016746936256554098 0.9998597517307578 -0.0001303645897690396
vn -0.00006980531145091653 0.9999999950541535 -0.0000708442770952969
vn -0.016710861800151956 0.9998603630124401 0.00003968031787992756
vn -0.09872774180382322 0.9949224598004264 0.019548196412617198
vn -0.09907823263697486 0.9942324249356244 0.041053489792727105
vn -0.09256045639454878 0.9937842662909919 0.06184976947820922
vn -0.07981529882913196 0.9936171893801785 0.07971448451223176
vn -0.061852547162063655 0.9937841783883195 0.09255954404931757
vn -0.041024217128943954 0.9942377367714615 0.09903704553609731
vn -0.01951621892303229 0.9949331839842172 0.09862594286482661
vn -0.00010909331625024673 0.9998672619426158 0.016292531848205914
vn 0.9545926012531079 0.22724381640784824 -0.1926479004225614
vn 0.900836849305487 0.2291399320988075 -0.3687653216493072
vn 0.9037307825031957 0.21991508744817426 -0.36729828078664284
vn 0.9573774753661547 0.22025607191221153 -0.18685725152460805
vn 0.8130111435187307 0.22861601111104266 -0.5354881884580103
vn 0.8159166636822173 0.21940252784305944 -0.5349229184674696
vn 0.6937099781036216 0.22784113477693255 -0.683267797853106
vn 0.6965018480975459 0.21877668015128102 -0.6833900349132164
vn 0.5467094347554905 0.22679841093807868 -0.8060218822992925
vn 0.5493173067809546 0.21815211321097938 -0.8066350798052999
vn 0.5467094347554905 0.22679841093807868 -0.8060218822992925
vn 0.3771061193211214 0.2257090958220446 -0.8982462796103077
vn 0.3796254011134236 0.2175925092170779 -0.8991874413947785
vn 0.5493173067809546 0.21815211321097938 -0.8066350798052999
vn 0.1913263066883203 0.22489542173126628 -0.9554142000479807
vn 0.1939499390258037 0.2172598428080218 -0.9566512331330163
vn -0.0029862021969694883 0.2246822658644714 -0.9744275047444247
vn -4.0058511326292736e-7 0.21709917071031182 -0.9761495531304282
vn -0.19737709829284855 0.22523972377610688 -0.954101329997374
vn -0.1939569419613306 0.21723208126066404 -0.9566561177017421
vn -0.38322037681781207 0.22635077491615715 -0.8954928640064471
vn -0.3796120019686417 0.21761650690785092 -0.8991872907701627
vn -0.5525939500604077 0.22763964589591654 -0.8017606363329502
vn -0.5493288811336435 0.21812995957543552 -0.8066331886849675
vn -0.5525939500604077 0.22763964589591654 -0.8017606363329502
vn -0.6989066132085188 0.22869842555065067 -0.6776625828272145
vn -0.6965171689419299 0.21874409208194698 -0.6833848517112183
vn -0.5493288811336435 0.21812995957543552 -0.8066331886849675
vn -0.8170922697324008 0.22943415696889594 -0.5288858008677539
vn -0.8159135477143293 0.21940164423017305 -0.5349280336319211
vn -0.9035850087195507 0.22975188514975292 -0.36159121019104457
vn -0.9037315702668764 0.2199120809506752 -0.36729814259659593
vn -0.9560708950463084 0.22980582769506328 -0.18198276072952
vn -0.95737854225678 0.22025282326914652 -0.18685561449486285
vn -0.9732573418584587 0.2296869716443961 0.003747209019219705
vn -0.9754142296062743 0.2203794016643528 -0.0000019132183058386257
vn -0.9547040319215262 0.2294806946601825 0.1894170589230584
vn -0.9573781705284259 0.22025645432007737 0.1868532390032132
vn -0.9008366656428317 0.2291402247059858 0.3687655884911108
vn -0.9037302113620026 0.2199152238719215 0.36729960438442183
vn -0.813010939506829 0.2286162059506952 0.5354884150184135
vn -0.8159163318401181 0.21940253878883975 0.5349234201356099
vn -0.6937101912429434 0.2278413786563943 0.6832675001327317
vn -0.6965024602593058 0.21877683310567497 0.6833893620396688
vn -0.5467089125434029 0.22679865775637612 0.8060221670559166
vn -0.5493164085374787 0.2181522123194716 0.8066356647034681
vn -0.5467089125434029 0.22679865775637612 0.8060221670559166
vn -0.3771057648616258 0.2257093645238273 0.8982463609023852
vn -0.37962445623129903 0.21759252863993736 0.8991878356112079
vn -0.5493164085374787 0.2181522123194716 0.8066356647034681
vn -0.19132630540597326 0.22489559428976452 0.9554141596861301
vn -0.1939498188926501 0.21725985211298066 0.9566512553754132
vn 0.0029861202713143916 0.22468237060715446 0.9744274808440465
vn 6.708723870122278e-7 0.21714751055142392 0.9761388009196588
vn 0.19737757900272385 0.22523987226078326 0.9541011954981345
vn 0.1939578883015201 0.2172325900265031 0.9566558103079668
vn 0.3832206670121188 0.22635092311048907 0.8954927023610055
vn 0.3796126069397827 0.21761682224478182 0.8991869590516007
vn 0.5525937786570027 0.2276397253076692 0.801760731921578
vn 0.5493289862875129 0.21813001005356952 0.8066331034233365
vn 0.5525937786570027 0.2276397253076692 0.801760731921578
vn 0.6989078477540955 0.2287453165097531 0.6776454829205246
vn 0.6964940492575945 0.2187861293115707 0.6833949582559271
vn 0.5493289862875129 0.21813001005356952 0.8066331034233365
vn 0.8170925860217814 0.22943418235277233 0.5288853012103405
vn 0.8159154301723288 0.219403388365415 0.5349244469833836
vn 0.9035852353695417 0.2297518625046308 0.36159065820043385
vn 0.9037318562974804 0.21991207349110126 0.36729744328807207
vn 0.9560709171499673 0.22980583068430635 0.1819826408301522
vn 0.9573785502538535 0.22025285332334438 0.18685553809495434
vn 0.9732574131571444 0.22968661537566729 -0.0037505268875158756
vn 0.9754142235021079 0.2203794286529391 -0.000004047722456711492
vn 0.8062079628280645 0.5718295689221097 -0.15178822345286266
vn 0.5151149598040681 0.8516182979199348 -0.09696830840025211
vn 0.5242708965999644 0.8515515399810777 -0.00004164281960933494
vn 0.8203685858812038 0.5718350991904153 -0.000051314342592935476
vn 0.9444272727250557 0.2764633944455089 -0.17783452438933348
vn 0.9610145008132792 0.2764979703274956 -0.00004039033336155976
vn 0.9646204500323461 0.19100646377566796 -0.18172484193227037
vn 0.9816007285903926 0.19094504107931973 -0.000030298965946379023
vn 0.7638905941349431 0.5716881302115269 -0.29940581485237
vn 0.4877175289327022 0.851825801183032 -0.1911136217297569
vn 0.8947621367954601 0.27631721704970363 -0.3507841417725853
vn 0.9137863411157271 0.1911434560874543 -0.3584113586164307
vn 0.4877175289327022 0.851825801183032 -0.1911136217297569
vn 0.7638905941349431 0.5716881302115269 -0.29940581485237
vn 0.6936070472809311 0.5715081589049404 -0.4385062009451105
vn 0.4423443655457162 0.8521536383703385 -0.2795811847785043
vn 0.8123292520071221 0.2761215841461911 -0.5136906239188599
vn 0.6936070472809311 0.5715081589049404 -0.4385062009451105
vn 0.8294437225090168 0.19142366870460545 -0.5247667007824095
vn 0.5962140683203488 0.5712772299851575 -0.5640665840460538
vn 0.3800426044254857 0.8525452684172725 -0.3587954627929603
vn 0.6981298498304231 0.2759026516224148 -0.6606757446762153
vn 0.5962140683203488 0.5712772299851575 -0.5640665840460538
vn 0.7126084515436606 0.19193802013233136 -0.6747955180765705
vn 0.47359059908196655 0.5710501599920046 -0.6705323700122835
vn 0.30118446585105485 0.8529570701871582 -0.42632400113968966
vn 0.5544447676924935 0.2756358575974482 -0.7852489245996687
vn 0.47359059908196655 0.5710501599920046 -0.6705323700122835
vn 0.5658421316176454 0.19217523159386107 -0.801805065117604
vn 0.32935968581261804 0.5708370926570959 -0.7521085101288294
vn 0.2091880282415626 0.8533238370143328 -0.4775759604749215
vn 0.47359059908196655 0.5710501599920046 -0.6705323700122835
vn 0.5544447676924935 0.2756358575974482 -0.7852489245996687
vn 0.385500189072313 0.2754448643026626 -0.8806359809560922
vn 0.32935968581261804 0.5708370926570959 -0.7521085101288294
vn 0.5658421316176454 0.19217523159386107 -0.801805065117604
vn 0.39332718094782665 0.19253093881691485 -0.8990136630362817
vn 0.1690188763521695 0.5707081531185374 -0.8035700488449518
vn 0.10726782428876445 0.8535883438355156 -0.5097848106215961
vn 0.1978042972222627 0.2752976327768296 -0.9407893884328631
vn 0.1690188763521695 0.5707081531185374 -0.8035700488449518
vn 0.2017551017090398 0.19288857094376696 -0.9602545902695006
vn 0.0000975722590181795 0.5706724571791537 -0.8211777743562969
vn 0.00005257728546301404 0.8536770658831186 -0.52080271161047
vn 0.00004627944905096231 0.27526747893102516 -0.9613676783110456
vn 0.0000975722590181795 0.5706724571791537 -0.8211777743562969
vn 0.00004324020819738363 0.19284821967773694 -0.9812285983894944
vn -0.16891866556789295 0.5707039195455132 -0.8035941268066551
vn -0.10716553275396992 0.8535853438197127 -0.5098113468781768
vn -0.19771599791887387 0.2753501811859413 -0.940792571127033
vn -0.16891866556789295 0.5707039195455132 -0.8035941268066551
vn -0.20162815048671837 0.19313583226736228 -0.9602315550041557
vn -0.32927029596597623 0.5708480975306358 -0.7521392967663185
vn -0.2091044377800964 0.8533412013782185 -0.47758154081899884
vn -0.3854432332927551 0.27544491286607137 -0.880660896080341
vn -0.32927029596597623 0.5708480975306358 -0.7521392967663185
vn -0.3932271255041667 0.19268469946740524 -0.8990244904110711
vn -0.47355562041580196 0.5710684934482642 -0.6705414604357697
vn -0.30112855864454663 0.8529843746341521 -0.42630886432097836
vn -0.5544214244277801 0.27563789496993685 -0.7852646910386417
vn -0.47355562041580196 0.5710684934482642 -0.6705414604357697
vn -0.5658202077910514 0.19219445771866886 -0.801815928301202
vn -0.5962136118508599 0.5712928088066405 -0.564051288137499
vn -0.37968233312909394 0.8525697932967111 -0.359118467177129
vn -0.47355562041580196 0.5710684934482642 -0.6705414604357697
vn -0.5544214244277801 0.27563789496993685 -0.7852646910386417
vn -0.6981326311236378 0.27590251821344697 -0.6606728614101427
vn -0.5962136118508599 0.5712928088066405 -0.564051288137499
vn -0.5658202077910514 0.19219445771866886 -0.801815928301202
vn -0.7127216022033652 0.19168717965021842 -0.6747473178238005
vn -0.6936348129926873 0.5715151138767011 -0.4384532139408963
vn -0.4426083299165543 0.8521669999287902 -0.27912232178893187
vn -0.8123486185490945 0.27612323112993253 -0.5136591118356059
vn -0.6936348129926873 0.5715151138767011 -0.4384532139408963
vn -0.8294736656969015 0.19139633007739332 -0.5247293423739997
vn -0.7639167204187327 0.5716967874471717 -0.29932261439335134
vn -0.4877217903042273 0.8518399268595088 -0.19103977143627965
vn -0.8947856886804404 0.2763153305985895 -0.3507255471288943
vn -0.7639167204187327 0.5716967874471717 -0.29932261439335134
vn -0.9138021339938699 0.19115719446870377 -0.3583637633900832
vn -0.4877217903042273 0.8518399268595088 -0.19103977143627965
vn -0.8062259198222971 0.5718317087145344 -0.15168474911904203
vn -0.5151206300815552 0.8516253235628645 -0.09687644053549818
vn -0.9444409517183721 0.2764623425660676 -0.17776349979728104
vn -0.9645681998404336 0.1913037763175806 -0.18168944114399807
vn -0.8203683300561357 0.571835462752529 0.00008111416797842244
vn -0.524270530942627 0.8515517653635739 0.000035934895755721935
vn -0.9610145292524847 0.2764978719596266 0.000036978686229728326
vn -0.9816102092509854 0.1908962967657197 0.00003123092439438158
vn -0.8062086014649553 0.5718301162149937 0.1517827694880668
vn -0.5151152660928683 0.8516190208146243 0.0969603322231008
vn -0.944427784466004 0.27646346131731414 0.17783170269972962
vn -0.9645899366485173 0.19115118540859408 0.18173463740657303
vn -0.7638896299466408 0.5716880333457866 0.29940845978230285
vn -0.4877172050360648 0.851826075320981 0.19111322642628273
vn -0.8947621691198768 0.276317119591899 0.35078413608988784
vn -0.9137858524942295 0.1911435077411251 0.3584125768298494
vn -0.4877172050360648 0.851826075320981 0.19111322642628273
vn -0.7638896299466408 0.5716880333457866 0.29940845978230285
vn -0.693614696294124 0.5715073472123816 0.43849515979891535
vn -0.4423435850939242 0.8521516984776184 0.27958833220999124
vn -0.8123280439546041 0.276121686088886 0.5136924794819534
vn -0.693614696294124 0.5715073472123816 0.43849515979891535
vn -0.8294435866840653 0.19142399513673347 0.5247667963910879
vn -0.5962138097473657 0.5712737195670413 0.5640704126246737
vn -0.37970216133688695 0.8525416166209177 0.3591643921736798
vn -0.6981285347421153 0.2759033757341606 0.6606768319211154
vn -0.5962138097473657 0.5712737195670413 0.5640704126246737
vn -0.7127029868674355 0.19171144619270716 0.6747600861854063
vn -0.4735905381848768 0.5710511537507341 0.6705315667004159
vn -0.3011839901027816 0.8529579125042388 0.42632265199280533
vn -0.5544437850032221 0.2756359615717797 0.78524958195449
vn -0.4735905381848768 0.5710511537507341 0.6705315667004159
vn -0.5658599847783773 0.192129557147135 0.8018034116272269
vn -0.32935995225577575 0.5708401317204711 0.7521060868437566
vn -0.20918927694203945 0.8533288440854145 0.47756646685494697
vn -0.4735905381848768 0.5710511537507341 0.6705315667004159
vn -0.5544437850032221 0.2756359615717797 0.78524958195449
vn -0.3854981050312879 0.2754436789805945 0.8806372639895051
vn -0.32935995225577575 0.5708401317204711 0.7521060868437566
vn -0.5658599847783773 0.192129557147135 0.8018034116272269
vn -0.39327261525270996 0.19266946280440903 0.8990078576936658
vn -0.16903530520482896 0.5707060264328984 0.8035681035154907
vn -0.10726748572947689 0.8535853545321496 0.5097898871432238
vn -0.19780377714957936 0.27529771727042296 0.940789473054973
vn -0.16903530520482896 0.5707060264328984 0.8035681035154907
vn -0.2017661281246654 0.19284068907785884 0.9602618904119634
vn -0.000045740717317839194 0.5706743599966246 0.8211764565245584
vn -0.00005218831312384941 0.8536798918755788 0.5207980793778716
vn -0.00004690840175184223 0.2752671518325326 0.9613677719382979
vn -0.000045740717317839194 0.5706743599966246 0.8211764565245584
vn -0.00004279527710077438 0.19284825306696932 0.9812285918467634
vn 0.16891958833481543 0.5707069485187111 0.8035917816834975
vn 0.10716634540802006 0.85359037229137 0.5098027567043643
vn 0.19771566855225117 0.27530003552890636 0.9408073154725782
vn 0.16891958833481543 0.5707069485187111 0.8035917816834975
vn 0.20170277477476256 0.19280055145476008 0.9602832592557791
vn 0.3292707479804582 0.5708493601587855 0.7521381405903405
vn 0.20910490489861253 0.8533424867332592 0.47757903961882536
vn 0.38544281807959313 0.2754448769763154 0.8806610890338941
vn 0.3292707479804582 0.5708493601587855 0.7521381405903405
vn 0.39324340910194144 0.19263812572491598 0.8990273487025155
vn 0.4735552309201375 0.5710696414244134 0.6705407578302507
vn 0.30153340977109033 0.8529819819515029 0.4260273949617628
vn 0.5544203575125107 0.2756376590500966 0.7852655271238402
vn 0.4735552309201375 0.5710696414244134 0.6705407578302507
vn 0.5657595964271794 0.19233015178226007 0.8018261605647249
vn 0.5962136501387958 0.5712933478960488 0.5640507016553545
vn 0.3796827145845365 0.852570608966104 0.35911612741964655
vn 0.4735552309201375 0.5710696414244134 0.6705407578302507
vn 0.5544203575125107 0.2756376590500966 0.7852655271238402
vn 0.6981327006503478 0.275902562288822 0.6606727695350508
vn 0.5962136501387958 0.5712933478960488 0.5640507016553545
vn 0.5657595964271794 0.19233015178226007 0.8018261605647249
vn 0.7126463436600253 0.19186830565688165 0.674775327166276
vn 0.6936349332804035 0.5715148338358796 0.43845338867277206
vn 0.4427153607925313 0.8521643187022286 0.2789607199035468
vn 0.812349289211039 0.2761233137925189 0.5136580067501703
vn 0.6936349332804035 0.5715148338358796 0.43845338867277206
vn 0.8294740980442246 0.1913963669457082 0.5247286454861255
vn 0.7639167707403766 0.5716964830666273 0.29932306732165553
vn 0.4877214967771132 0.8518396655353951 0.1910416860322328
vn 0.8947860453724411 0.2763151746513572 0.35072475998158126
vn 0.7639167707403766 0.5716964830666273 0.29932306732165553
vn 0.9138023333103888 0.19115711875855865 0.35836329553180435
vn 0.4877214967771132 0.8518396655353951 0.1910416860322328
vn 0.8062260428325235 0.5718315728291158 0.1516846075723883
vn 0.5151207890825042 0.851625245830252 0.09687627841520911
vn 0.9444409464386279 0.27646239766440506 0.17776344215770956
vn 0.9646303785199895 0.1910145805923699 0.181663597997791
vn 0.9461700646517269 0.2705508855309544 -0.17766380355987874
vn 0.8713447986939757 0.4625644528037721 -0.16368374626486853
vn 0.886933121610383 0.46189786490436036 -0.000013684111821518867
vn 0.9628839256216009 0.2699157958206995 -0.00009458337166390217
vn 0.7536218187357926 0.6419250368573294 -0.14137326968374372
vn 0.7671021102065412 0.6415250200193048 0.00003472610649962869
vn 0.6009805161098862 0.7912946203932271 -0.11258438165675315
vn 0.6116304057599617 0.7911436292991822 0.00006759602696442217
vn 0.42045227987861894 0.9038970644718507 -0.07867640805249301
vn 0.4277341493513705 0.9039045808452052 0.00007877635170580506
vn 0.42045227987861894 0.9038970644718507 -0.07867640805249301
vn 0.22034221848272145 0.9745525010183379 -0.04119137668268909
vn 0.22423956385033852 0.9745340499290859 0.00005943924784579578
vn 0.4277341493513705 0.9039045808452052 0.00007877635170580506
vn 0.000625442719556415 0.9999997974003499 -0.0001184088832333256
vn 0.0006522156150502872 0.9999997867519884 -0.00003332820356869924
vn 0.9477998177976514 0.26391324815086253 -0.1789561477938101
vn 0.964713132175357 0.2633031839004112 -0.0000771771873555659
vn 0.8974192549199096 0.26566967128678765 -0.35221911739336986
vn 0.896205246516928 0.27224065380625423 -0.3502872857108514
vn 0.8140528084328119 0.26835082664894444 -0.5150784978228851
vn 0.8133453473441152 0.27487610023569636 -0.5127499151368979
vn 0.698619055254079 0.27160478118558357 -0.6619382588074428
vn 0.6987095338746544 0.278091375469296 -0.6591435156035884
vn 0.554142517372274 0.2749479925798441 -0.7857032975727116
vn 0.5546718902889239 0.2813928166173645 -0.7830435344726743
vn 0.3848217350865461 0.27785798495987596 -0.880174512468418
vn 0.3855343533784562 0.2842847770117889 -0.8778071701258842
vn 0.5546718902889239 0.2813928166173645 -0.7830435344726743
vn 0.554142517372274 0.2749479925798441 -0.7857032975727116
vn 0.19704890198199623 0.2798484442970999 -0.9396044797957185
vn 0.19781013917144055 0.2862850041446254 -0.9375030907911116
vn 0.00009916141373495624 0.2805550551143385 -0.9598379296614634
vn 0.0001249302982747077 0.2869913061212317 -0.95793317856897
vn -0.19687685797467977 0.2798599846156577 -0.9396371064431956
vn -0.19763420750669805 0.2862883213668452 -0.9375391816197087
vn -0.38470732946752223 0.2778777776589228 -0.8802182748257987
vn -0.38543234643340885 0.28431777289810195 -0.8778412785561521
vn -0.5540101552653811 0.27497396022536563 -0.7857875470257895
vn -0.554619298288492 0.28144016200094296 -0.783063770825125
vn -0.6985552899120951 0.2716311905595327 -0.6619947154253119
vn -0.6987050176200313 0.27814153823116883 -0.659127137252739
vn -0.554619298288492 0.28144016200094296 -0.783063770825125
vn -0.5540101552653811 0.27497396022536563 -0.7857875470257895
vn -0.8138731538242249 0.26837789523599237 -0.5153482267679866
vn -0.8133701595353433 0.2749142826449086 -0.5126900825794134
vn -0.8972746497584829 0.2656900547760767 -0.35257197519638034
vn -0.8962366071209252 0.2722607133763898 -0.35019144479577385
vn -0.9478896692437843 0.2639177095272612 -0.17847301627639306
vn -0.9461977328241489 0.27055164668144954 -0.17751522998434988
vn -0.964713193642612 0.26330295953583194 0.00007423977520832412
vn -0.9628837768726396 0.2699163276104167 0.00009124027082542849
vn -0.9478004859741794 0.2639130236445813 0.1789529400090533
vn -0.9461710912297961 0.2705506181366326 0.17765874351380134
vn -0.8972353468561532 0.2656757783163013 0.35268273726955496
vn -0.8962029173769583 0.272239948559563 0.35029379282727174
vn -0.8139454179073874 0.2683542580662683 0.5152463962467582
vn -0.8133435161379051 0.2748758650809837 0.5127529459227027
vn -0.698139282582153 0.27161801820229164 0.6624388230648445
vn -0.6987110188212302 0.27809171135813426 0.6591417998061593
vn -0.5539794942305749 0.2749518045088447 0.7858169158075986
vn -0.5546755272026659 0.28139064016185505 0.7830417403636579
vn -0.38482094662723776 0.2778581212783657 0.88017481415715
vn -0.38553550628343136 0.284278785333568 0.8778086041980049
vn -0.5546755272026659 0.28139064016185505 0.7830417403636579
vn -0.5539794942305749 0.2749518045088447 0.7858169158075986
vn -0.1970489874492736 0.27984882763655416 0.9396043476994252
vn -0.197807837520849 0.2862834883942854 0.9375040392916313
vn -0.00009914198195474548 0.2805553647856222 0.9598378391482979
vn -0.00012692971833210497 0.2869862387974047 0.9579346964327816
vn 0.19687757743788217 0.27986003050932945 0.9396369420289455
vn 0.19763342348731222 0.28628149750620474 0.9375414306078903
vn 0.3848903486058657 0.2778751709809037 0.880139084975999
vn 0.38543236527656066 0.28431795696893836 0.8778412106653031
vn 0.5540913568538467 0.2749720922950406 0.7857309442288439
vn 0.5546160835495165 0.28144278562043534 0.7830651047584776
vn 0.6984869741258852 0.27163295600652965 0.6620660723731578
vn 0.6987033071943713 0.2781434927095935 0.6591281256166788
vn 0.5546160835495165 0.28144278562043534 0.7830651047584776
vn 0.5540913568538467 0.2749720922950406 0.7857309442288439
vn 0.8139269966951138 0.26837630052190276 0.5152640152087564
vn 0.8133703499102141 0.2749140755995698 0.5126898915759603
vn 0.8972746078038206 0.2656898450183787 0.35257224003686094
vn 0.8962367601800133 0.2722606754342972 0.3501910825736339
vn 0.9478247006680379 0.26392040563913405 0.17881374748832654
vn 0.9461979463481017 0.2705514577509489 0.17751437979913423
vn 0.8251685235170122 0.4636630582571156 -0.3226661993522293
vn 0.7135968180745003 0.6427165034580398 -0.2787383673207191
vn 0.569142302699282 0.7916960007310871 -0.22202360618763287
vn 0.6009805161098862 0.7912946203932271 -0.11258438165675315
vn 0.569142302699282 0.7916960007310871 -0.22202360618763287
vn 0.39822167346228765 0.9040646994076256 -0.1551983185150369
vn 0.20878343364186613 0.9745764112301255 -0.08130372999144686
vn 0.0006067343079625383 0.9999997886976916 -0.00023340533805195742
vn 0.7485882689112603 0.46560659727196835 -0.4720445955895075
vn 0.6472505875395356 0.6440670131000508 -0.4077307439550087
vn 0.5162081341693432 0.7924992214583845 -0.3247678343143917
vn 0.5162081341693432 0.7924992214583845 -0.3247678343143917
vn 0.3612214267104381 0.9044161117915137 -0.22704752281669133
vn 0.18957506057884577 0.9746191379679072 -0.11907490211299833
vn 0.0005453936857585927 0.9999997927279637 -0.0003421838061331264
vn 0.6427593988406208 0.4680164575898035 -0.6064824404936515
vn 0.5557207223429208 0.645623854718707 -0.5237788817591067
vn 0.4431897990976221 0.7934047848485646 -0.4172429140862818
vn 0.4431897990976221 0.7934047848485646 -0.4172429140862818
vn 0.3102205973782359 0.9047786916802655 -0.29178536639735325
vn 0.16287096209156332 0.9746988818557984 -0.1530853990961414
vn 0.00044682621589240144 0.9999998129493014 -0.0004176693610402671
vn 0.5099683732210046 0.4705348416174786 -0.7200897313101585
vn 0.44085625346723945 0.6473341351438572 -0.6217751050471415
vn 0.5557207223429208 0.645623854718707 -0.5237788817591067
vn 0.44085625346723945 0.6473341351438572 -0.6217751050471415
vn 0.35152514557792675 0.7944285817982819 -0.49529112696311045
vn 0.24612608805711617 0.9051977227753738 -0.3464664939932553
vn 0.1292353055259371 0.9748071972779283 -0.1817942901764735
vn 0.000363387161618711 0.9999998050903358 -0.0005077096228286677
vn 0.5099683732210046 0.4705348416174786 -0.7200897313101585
vn 0.3543234094841515 0.47273913883293417 -0.8068287476949628
vn 0.5099683732210046 0.4705348416174786 -0.7200897313101585
vn 0.3543234094841515 0.47273913883293417 -0.8068287476949628
vn 0.3061876318613288 0.6489660855928883 -0.6964855733217993
vn 0.24420111328660574 0.7953176225216294 -0.5548294292628368
vn 0.17098209996653316 0.9055971406189948 -0.38814809080264095
vn 0.08993486893733675 0.974824910412831 -0.2040296875159104
vn 0.00025004334619482376 0.9999998160128769 -0.0005526776073378536
vn 0.18165401707759068 0.4744031566855645 -0.8613614009266646
vn 0.18165401707759068 0.4744031566855645 -0.8613614009266646
vn 0.15699387658643618 0.6499598479727965 -0.7435758997826262
vn 0.1251381490251598 0.7960410886007674 -0.5921646974599734
vn 0.08763586514649276 0.9058793844031731 -0.4143699989783935
vn 0.046102898915221506 0.9748804163074871 -0.2179052468660489
vn 0.00012330524572729576 0.9999998170324946 -0.0005922252895489994
vn 0.000005445301215996635 0.4750733310215489 -0.8799462086528008
vn 0.000005445301215996635 0.4750733310215489 -0.8799462086528008
vn -0.00005719422055678308 0.6502723565753454 -0.7597011642763014
vn -0.00009189076098457816 0.796203211454339 -0.6050292865852737
vn -0.00010136968573565406 0.9059821928468198 -0.4233157875258783
vn -0.00007525843157422669 0.9749072346755627 -0.22261149591477913
vn 0.000003241002699428038 0.9999998431667548 -0.0005600499634620135
vn -0.18155274951721728 0.4743456997095203 -0.8614143929084445
vn -0.18155274951721728 0.4743456997095203 -0.8614143929084445
vn -0.15693252426262544 0.649976460087218 -0.7435743299503081
vn -0.12517304272651494 0.7960101231467923 -0.5921989473330852
vn -0.08768716692077377 0.9059459499796079 -0.4142135879868671
vn -0.04618030845283959 0.9749012954746847 -0.21779541591360851
vn -0.00011914596704812944 0.9999998209920767 -0.0005863617082270746
vn -0.35407334028633086 0.4730333004977071 -0.8067661162435654
vn -0.35407334028633086 0.4730333004977071 -0.8067661162435654
vn -0.30603191448700146 0.6491410247272501 -0.6963909802197876
vn -0.24396971001363701 0.7956115934409019 -0.5545096689673595
vn -0.17085101439232697 0.905760516623077 -0.38782446726297415
vn -0.08981876356687753 0.9749084054058721 -0.20368159165790423
vn -0.0002373140327540737 0.9999998305259282 -0.0005316297249742765
vn -0.5097454693070471 0.47092976829562466 -0.7199893817647365
vn -0.5097454693070471 0.47092976829562466 -0.7199893817647365
vn -0.4406312456074713 0.6477482677160713 -0.6215032478316078
vn -0.3513112603204214 0.7947569495675568 -0.49491594183876225
vn -0.24580900215248466 0.9054740395882774 -0.34596921552717125
vn -0.12920049657270824 0.9748350934478778 -0.18166940377464003
vn -0.00036290660583782053 0.999999802849699 -0.0005124444932420471
vn -0.5097454693070471 0.47092976829562466 -0.7199893817647365
vn -0.6424862755402903 0.4685043107620549 -0.6063951653334138
vn -0.4406312456074713 0.6477482677160713 -0.6215032478316078
vn -0.5554226619829076 0.646106678463337 -0.523499595607193
vn -0.5554226619829076 0.646106678463337 -0.523499595607193
vn -0.4427658877573379 0.7938386415144443 -0.41686758074592234
vn -0.30975669407425627 0.9050634541861977 -0.29139480841761073
vn -0.1626607963852405 0.9747656406064482 -0.1528836525349259
vn -0.0004449524263970671 0.9999998125512671 -0.0004206123733262843
vn -0.7484966693298349 0.4658747069158166 -0.4719253049564578
vn -0.647087526409737 0.6443604042793672 -0.4075259532371632
vn -0.4427658877573379 0.7938386415144443 -0.41686758074592234
vn -0.5157873058023982 0.792865732291202 -0.3245418089113316
vn -0.5157873058023982 0.792865732291202 -0.3245418089113316
vn -0.36083161270666925 0.9046184108857042 -0.2268613628587459
vn -0.18925721515708063 0.9747003431507248 -0.11891571625670644
vn -0.0005496255862338946 0.9999997863886486 -0.00035374337064582437
vn -0.8249953308866762 0.464070823978282 -0.322522827637521
vn -0.7135007485289984 0.6429151179911184 -0.27852617993112455
vn -0.5687807766652759 0.792004719519781 -0.2218489403951228
vn -0.5687807766652759 0.792004719519781 -0.2218489403951228
vn -0.3979209643673245 0.904213523833025 -0.15510257713668682
vn -0.2086330812235961 0.9746099600373405 -0.08128753419290123
vn -0.0005946196685065707 0.999999794548319 -0.00023943844653579014
vn -0.8713310068503054 0.4626321811884772 -0.1635657098233762
vn -0.7535551241147529 0.6420202787876298 -0.14129627222914848
vn -0.600819167433864 0.7914186591030057 -0.11257368283785969
vn -0.600819167433864 0.7914186591030057 -0.11257368283785969
vn -0.4203121139442732 0.9039577940072091 -0.07872759062308833
vn -0.22032437686032252 0.9745531348403078 -0.04127173771528764
vn -0.000654477616732661 0.9999997775532282 -0.0001286566877752641
vn -0.8869561720616052 0.4618536010807602 -0.000003249394623669208
vn -0.7671020509913113 0.6415250897005695 -0.00005147426442113076
vn -0.6116299422156127 0.7911439866162662 -0.00007890657304443438
vn -0.4203121139442732 0.9039577940072091 -0.07872759062308833
vn -0.42786973229623404 0.9038404090239739 -0.00008485354644688108
vn -0.22423939395786657 0.9745340886919023 -0.00006461309759821819
vn -0.0006519854430926425 0.9999997874573938 3.859724988884918e-7
vn -0.42786973229623404 0.9038404090239739 -0.00008485354644688108
vn -0.8714672338002711 0.4623435846874484 0.16365595042913558
vn -0.7536881862981706 0.6418483705342594 0.141367560200672
vn -0.6010214744144388 0.7912635179538281 0.1125843348251702
vn -0.4204084230703993 0.9039182026440238 0.07866791429965515
vn -0.22034359118095867 0.9745521638351862 0.04119201123561594
vn -0.0006267540005423584 0.9999997970356862 0.00011449021454711695
vn -0.4204084230703993 0.9039182026440238 0.07866791429965515
vn -0.8250324253077522 0.46387440114041134 0.32271045405662485
vn -0.7136651601320766 0.6426407660086416 0.27873802230317246
vn -0.5690630563866074 0.7917552008204196 0.2220156296969875
vn -0.6010214744144388 0.7912635179538281 0.1125843348251702
vn -0.5690630563866074 0.7917552008204196 0.2220156296969875
vn -0.39822187301317213 0.9040641142692264 0.1552012150225642
vn -0.20873625117417818 0.9745873556205461 0.08129368801021082
vn -0.000606957825431757 0.9999997888512865 0.00023216283236609391
vn -0.7486467546586855 0.4655248921643607 0.4720324263378294
vn -0.6473902050746269 0.6439207689164822 0.4077400712849291
vn -0.5162074755858636 0.7924984911348784 0.3247706632351686
vn -0.5162074755858636 0.7924984911348784 0.3247706632351686
vn -0.36126061142641863 0.9043950476745547 0.22706908282183716
vn -0.18957252226574717 0.9746199641119553 0.11907218128603245
vn -0.0005451403080789451 0.9999997932308153 0.00034111636009346544
vn -0.6426888326570733 0.4680884961284721 0.6065016275081823
vn -0.5557181217004685 0.6456225288108273 0.5237832753206383
vn -0.4431906481342954 0.7934067937892816 0.4172381921340801
vn -0.4431906481342954 0.7934067937892816 0.4172381921340801
vn -0.3101825118166979 0.9047982317246537 0.29176526392122826
vn -0.16286489248919034 0.9746988760642837 0.15309189329780443
vn -0.0004469826521678532 0.9999998146372724 0.00041343914846137724
vn -0.5098999884111717 0.4706100605290794 0.7200890033510464
vn -0.44084907912127713 0.6473269094258216 0.6217877143938566
vn -0.5557181217004685 0.6456225288108273 0.5237832753206383
vn -0.44084907912127713 0.6473269094258216 0.6217877143938566
vn -0.35158655763279 0.7943724929555488 0.49533749598381027
vn -0.24609468548025534 0.9052193305250621 0.3464323446535161
vn -0.12935398623119904 0.9747596668106651 0.1819646619683613
vn -0.00036340578821302406 0.999999805560756 0.0005067688657387632
vn -0.5098999884111717 0.4706100605290794 0.7200890033510464
vn -0.3542719763451002 0.4728204895106575 0.8068036635238087
vn -0.5098999884111717 0.4706100605290794 0.7200890033510464
vn -0.3542719763451002 0.4728204895106575 0.8068036635238087
vn -0.30626126386445107 0.6488566768279375 0.6965551314805989
vn -0.2442233974139125 0.7952905004975999 0.5548584972530233
vn -0.1709815601020895 0.9055955910933323 0.3881519438278951
vn -0.0899143644502295 0.9748340554000922 0.20399502812010245
vn -0.0002500061074039613 0.9999998157348913 0.0005531971888576584
vn -0.18168559594941686 0.4743070844041372 0.8614076467669368
vn -0.18168559594941686 0.4743070844041372 0.8614076467669368
vn -0.15699534290544817 0.6499623692969778 0.7435733862934176
vn -0.12515387308678683 0.7960056152664586 0.5922090581168469
vn -0.08763696008423938 0.9058766424775628 0.4143757616472897
vn -0.04610381750142106 0.9748842309091084 0.21788798575541457
vn -0.00011327537134995173 0.9999998436055921 0.0005476837421904081
vn -0.000003102293794593586 0.4748818385756843 0.8800495664343875
vn -0.000003102293794593586 0.4748818385756843 0.8800495664343875
vn 0.000055804846654457666 0.6503095965376774 0.7596692869511195
vn 0.0000909131165073361 0.7962575750075779 0.604957739001541
vn 0.00010070639063917217 0.9059571843955619 0.4233693067527315
vn 0.00007498345252137792 0.974896793330567 0.22265721800844418
vn -0.0000032447279684620284 0.9999998368102042 0.0005712871753527785
vn 0.18150329936425333 0.47447109755900385 0.8613557510698145
vn 0.18150329936425333 0.47447109755900385 0.8613557510698145
vn 0.15694680842501668 0.6499405482100888 0.7436027051575124
vn 0.12514662616776695 0.7960734138314736 0.5921194488863954
vn 0.08768718701579961 0.9059419956981464 0.41422223221806426
vn 0.04617805116179481 0.9748978762483039 0.21781119915524416
vn 0.0001191254703660053 0.9999998199456044 0.0005881478394907834
vn 0.3540754282425344 0.4730313583396225 0.8067663386273857
vn 0.3540754282425344 0.4730313583396225 0.8067663386273857
vn 0.3059327448055887 0.649290521886147 0.6962951772377384
vn 0.24397459065452795 0.7956134912710977 0.5545047985566675
vn 0.17085607374960582 0.9057605974805005 0.38782204954674226
vn 0.08988632185464375 0.9748762321075553 0.20380574382293418
vn 0.00022753142046089811 0.9999998311441479 0.0005347346332504721
vn 0.5099091032265775 0.47073141124809087 0.720003225625447
vn 0.5099091032265775 0.47073141124809087 0.720003225625447
vn 0.4406290983632601 0.6477457805959245 0.6215073623021345
vn 0.35125502524490926 0.7948198001115236 0.49485492075039117
vn 0.24580769763270077 0.9054745983627417 0.3459686799471051
vn 0.12916604806784296 0.9748453357465617 0.18163893690425753
vn 0.00033476576424471325 0.9999998276569207 0.0004823048953899385
vn 0.5099091032265775 0.47073141124809087 0.720003225625447
vn 0.6424866860169486 0.46850277193280465 0.6063959193317823
vn 0.4406290983632601 0.6477457805959245 0.6215073623021345
vn 0.5555210692218521 0.6459937470720173 0.5235345455597604
vn 0.5555210692218521 0.6459937470720173 0.5235345455597604
vn 0.44270293481017176 0.7939029395348114 0.41681198892119997
vn 0.3096901225996083 0.9051065208071442 0.291331793590446
vn 0.16266326644583629 0.9747638543871013 0.1528924129235094
vn 0.00044496732643033025 0.9999998100826395 0.00042642556584734427
vn 0.7484942706730712 0.46587184854051533 0.4719319310102154
vn 0.6469841685327272 0.6444715060921947 0.4075143721432089
vn 0.44270293481017176 0.7939029395348114 0.41681198892119997
vn 0.5157168718249081 0.792926634368187 0.3245049469956826
vn 0.5157168718249081 0.792926634368187 0.3245049469956826
vn 0.3608400354422008 0.9046184167568546 0.22684794221326499
vn 0.18930505119633378 0.974689368444254 0.1189295280125778
vn 0.0005495995093610381 0.9999997867300675 0.0003528175146362578
vn 0.8251302141555422 0.4638587088173032 0.32248291108518146
vn 0.7133657618785496 0.6430662202037639 0.2785231161183585
vn 0.5687824723000713 0.7920055650632576 0.22184157435667592
vn 0.5687824723000713 0.7920055650632576 0.22184157435667592
vn 0.3978345907623303 0.9042566348075365 0.1550728112839861
vn 0.2085408332543086 0.9746322983804968 0.08125640786515924
vn 0.0005946717999105468 0.9999997947638974 0.0002384064048524699
vn 0.8714532587166732 0.4624102396507658 0.163542007258723
vn 0.7536533849670262 0.6419042863101064 0.14129919513024952
vn 0.6008992701748878 0.7913572755461029 0.11257766005534449
vn 0.6008992701748878 0.7913572755461029 0.11257766005534449
vn 0.4203133542634545 0.9039578365371487 0.07872048012354582
vn 0.22027735182696837 0.9745642472486641 0.04126034726880738
vn 0.0006545558478690939 0.9999997776462696 0.00012753059739496736
vn 0.4203133542634545 0.9039578365371487 0.07872048012354582
vn 0.6744251476850807 0.7260558105147246 -0.13414052403268645
vn 0.3673875596907558 0.9271840158544282 -0.07318593941821543
vn 0.3460364425894249 0.9271750364774655 -0.14354522678607673
vn 0.6355611689847399 0.725771050552483 -0.26328384427969714
vn 0.3673875596907558 0.9271840158544282 -0.07318593941821543
vn 0.001036599381648897 0.9999994507967409 -0.00015449251859736896
vn 0.0008868575114970336 0.9999994656424435 -0.0005312236644465637
vn 0.3460364425894249 0.9271750364774655 -0.14354522678607673
vn 0.6585278401016222 0.7013092909851247 -0.2729585356588691
vn 0.698826743766668 0.7016348867087788 -0.13910308389692444
vn 0.5929918327496754 0.7008212550725941 -0.39649748388943773
vn 0.5723721409489272 0.725317198059449 -0.3824984894933984
vn 0.5046322899569959 0.7002436674894028 -0.5049802551325635
vn 0.48714342547594197 0.7247841714371211 -0.487215750822745
vn 0.3967493493028121 0.6996656906900431 -0.5941867341997967
vn 0.5046322899569959 0.7002436674894028 -0.5049802551325635
vn 0.48714342547594197 0.7247841714371211 -0.487215750822745
vn 0.383051486198631 0.7242486666079301 -0.5733545393887235
vn 0.2734385602535827 0.6991749776272242 -0.6605949624591593
vn 0.2640305174793006 0.7237879785149035 -0.6375098807053285
vn 0.13945012529802361 0.6988462493837357 -0.7015465645818894
vn 0.1346473633652185 0.7234936714016813 -0.6770723705635248
vn 4.351233101888397e-7 0.6987306280659245 -0.7153848680272803
vn -0.000006752073921988424 0.7233695365707355 -0.6904610876188815
vn -0.13944910547226874 0.6988463508558362 -0.7015466662157731
vn -0.1346601543575677 0.7234939409641764 -0.6770695386860353
vn -0.2734376209075609 0.6991753122875257 -0.6605949970746476
vn -0.2640297812123454 0.7237890158931413 -0.6375090078621628
vn -0.39674871911761744 0.6996659144129564 -0.5941868915477786
vn -0.38305064320012544 0.7242494881945779 -0.5733540647748667
vn -0.5046320084888934 0.7002432136245835 -0.5049811657687652
vn -0.48714229161286415 0.7247842733368213 -0.48721673292876855
vn -0.5929920258051967 0.7008203669956865 -0.39649876485996816
vn -0.5046320084888934 0.7002432136245835 -0.5049811657687652
vn -0.48714229161286415 0.7247842733368213 -0.48721673292876855
vn -0.5723707397139695 0.725317711995984 -0.38249961174384767
vn -0.6585274155683807 0.701309342814666 -0.27295942670237766
vn -0.6355579672621489 0.7257707037945875 -0.26329252887826937
vn -0.698826777510797 0.7016351590071961 -0.1391015408930528
vn -0.6744175884243878 0.7260551661954621 -0.13418201095792603
vn -0.7124232552907521 0.7017500305098825 -5.540685108017993e-7
vn -0.6875104449565977 0.7261744887021286 0.000005812307607255602
vn -0.6988263323648117 0.701635807636247 0.13910050552092704
vn -0.6744283411546221 0.726055092966746 0.13412835130752399
vn -0.6585277965033384 0.7013093453746909 0.27295850109967335
vn -0.6355587461322837 0.7257704501063152 0.26329134806756554
vn -0.59299183324101 0.7008211963134403 0.39649758701316795
vn -0.5723721424828615 0.7253171544767627 0.3824985698421767
vn -0.5046322958302135 0.7002436922845087 0.5049802148806288
vn -0.48714332660578696 0.7247839772425303 0.4872161385626989
vn -0.39674940451383556 0.6996656534523348 0.5941867411824623
vn -0.5046322958302135 0.7002436922845087 0.5049802148806288
vn -0.48714332660578696 0.7247839772425303 0.4872161385626989
vn -0.38305138510886844 0.7242482542558794 0.5733551277990704
vn -0.27343860173805323 0.6991748092220088 0.6605951235279486
vn -0.26403025962365995 0.7237878426793604 0.6375101417174632
vn -0.13945005802736085 0.6988462723635265 0.701546555062292
vn -0.1346734256941228 0.7234937747061873 0.6770670767163343
vn -3.417198707012186e-7 0.6987307658800979 0.7153847334214612
vn 0.000006887248923326219 0.7233696408267766 0.6904609783924837
vn 0.13944950574364037 0.6988462676489624 0.7015466695387906
vn 0.1346606429860229 0.7234939668857463 0.6770694138052002
vn 0.2734379758443453 0.6991751667349567 0.6605950042100626
vn 0.2640300261336298 0.7237888098641828 0.637509140338603
vn 0.39674862025244195 0.6996663380327127 0.594186458741427
vn 0.3830507979705929 0.7242494035870243 0.5733540682492203
vn 0.5046321462219565 0.7002436501019511 0.5049804228792616
vn 0.48714283444582274 0.7247841179948313 0.4872164212652773
vn 0.5929922646115299 0.7008204381619255 0.3964982819198794
vn 0.5046321462219565 0.7002436501019511 0.5049804228792616
vn 0.48714283444582274 0.7247841179948313 0.4872164212652773
vn 0.5723716168896584 0.7253169734832517 0.3824996995504888
vn 0.658527788628648 0.7013090428374957 0.2729592974020452
vn 0.6355580502324432 0.7257707106282236 0.26329230976034695
vn 0.6988266012429255 0.7016353613811566 0.13910140565355497
vn 0.6744198773519773 0.7260555102635351 0.13416864405851997
vn 0.7124230778351435 0.7017502106616755 -0.000002048218975236908
vn 0.6875105689932831 0.7261743712385913 -0.000008875178310876314
vn 0.6355611689847399 0.725771050552483 -0.26328384427969714
vn 0.31165851007811735 0.9270227355017182 -0.2085613122292802
vn 0.5723721409489272 0.725317198059449 -0.3824984894933984
vn 0.0007008239084586165 0.9999995053341324 -0.000705816789128893
vn 0.26498498431279705 0.9270101206982212 -0.265396296529955
vn 0.0003834888538680446 0.9999997214115566 -0.0006404007404650158
vn 0.20834437512325105 0.9268591323609315 -0.31228956132673263
vn 0.0001632347677774083 0.9999998056991122 -0.0006016279154056295
vn 0.1435126086989 0.926821457483858 -0.34699584592893024
vn 0.00008534267670974106 0.9999998102795662 -0.000610047095995343
vn 0.07319240212718192 0.9267366771220081 -0.36851323388409235
vn 0.00003112107535274729 0.9999998275489113 -0.0005864585463578633
vn -7.009450646086788e-7 0.9267205299893954 -0.37575132640575293
vn -4.0072595794414476e-7 0.9999998360343915 -0.0005726526252819437
vn -0.07323442843168422 0.9266511734218567 -0.36871984119135875
vn -0.00003167800799841975 0.9999998273172401 -0.0005868236479082577
vn -0.1434639158895504 0.9268734827268454 -0.3468769981642544
vn -0.00008568540128718427 0.9999998110130827 -0.0006087953770646445
vn -0.2083205460164358 0.9268768320658866 -0.3122529235842646
vn -0.0001633390808199168 0.9999998063090685 -0.0006005848569189569
vn -0.26504430491888237 0.9269759119203502 -0.2654565409808198
vn -0.0003183186126257843 0.9999997841657031 -0.0005747536934834265
vn -0.311587235657074 0.927056986441845 -0.20851555928742527
vn -0.5723707397139695 0.725317711995984 -0.38249961174384767
vn -0.000701516853766336 0.999999504695703 -0.0007060328975771013
vn -0.3459197526702667 0.927225624018471 -0.14349971036938958
vn -0.6355579672621489 0.7257707037945875 -0.26329252887826937
vn -0.0008870810282581488 0.9999994649014342 -0.0005322443935961534
vn -0.3459197526702667 0.927225624018471 -0.14349971036938958
vn -0.367346386012375 0.9272009767069858 -0.07317773894606655
vn -0.0010105371888295097 0.9999994488167624 -0.0002849223778765361
vn -0.367346386012375 0.9272009767069858 -0.07317773894606655
vn -0.37457663121398177 0.9271959595184777 -9.969418484033792e-7
vn -0.0010140166472756044 0.9999994858848887 -4.4412638973309645e-7
vn -0.37457663121398177 0.9271959595184777 -9.969418484033792e-7
vn -0.36709929881322045 0.9273028617908702 0.07312665263297756
vn -0.0010109842233777984 0.9999994486081819 0.0002840673022859094
vn -0.36709929881322045 0.9273028617908702 0.07312665263297756
vn -0.34599849771281926 0.9271914915531689 0.14353040643669182
vn -0.0008872821940030019 0.9999994650589076 0.0005316128354804775
vn -0.34599849771281926 0.9271914915531689 0.14353040643669182
vn -0.6355587461322837 0.7257704501063152 0.26329134806756554
vn -0.3114480490364439 0.9271249381027573 0.20842135662966882
vn -0.5723721424828615 0.7253171544767627 0.3824985698421767
vn -0.0007010399751969963 0.9999995053234216 0.0007056173645623792
vn -0.2650748729303505 0.9269587984215543 0.2654857769633368
vn -0.0002848431565221716 0.999999812784854 0.0005415668317058015
vn -0.20834450017072495 0.9268589074644381 0.3122901453815647
vn -0.00016341358169834133 0.9999998057248868 0.0006015365242513621
vn -0.14357725597005083 0.9267531457247051 0.34715152089177687
vn -0.00008536875373941477 0.9999998103648992 0.0006099035508116083
vn -0.07317583708677855 0.9267709154311992 0.3684304102235135
vn -0.000031193718514916053 0.999999827665766 0.0005862553965476673
vn 7.728139019535159e-7 0.9266864815284098 0.3758352896574493
vn 4.081523031283448e-7 0.9999998361379125 0.0005724718171600076
vn 0.07319351277100634 0.9267366795847611 0.3685130070980567
vn 0.00003177672818803845 0.9999998274682639 0.0005865608934796479
vn 0.14351270332261337 0.9268219837773672 0.3469944010672522
vn 0.00008572638672030557 0.9999998106885564 0.0006093224420861931
vn 0.20827349923833807 0.9269107109728321 0.3121837333988703
vn 0.0001630969369114672 0.9999998060498536 0.0006010820614132205
vn 0.2651044233934216 0.9269417641070326 0.2655157446393416
vn 0.00038406996372501674 0.9999997213615545 0.0006401305152988041
vn 0.3114826980329861 0.9271078276271536 0.2084456878387069
vn 0.5723716168896584 0.7253169734832517 0.3824996995504888
vn 0.0007012336900531943 0.9999995050035629 0.0007058781346372672
vn 0.34595847260254353 0.9272087359685897 0.14351548758947788
vn 0.6355580502324432 0.7257707106282236 0.26329230976034695
vn 0.0008870214236777744 0.9999994650544831 0.0005320561450242702
vn 0.34595847260254353 0.9272087359685897 0.14351548758947788
vn 0.36726352430142517 0.9272351284262281 0.07316092078488845
vn 0.0010106712991327716 0.99999944872371 0.0002847732447777057
vn 0.36726352430142517 0.9272351284262281 0.07316092078488845
vn 0.37440774484486655 0.9272641698018559 -0.0000013624796578553289
vn 0.001014068740841099 0.9999994858321479 -1.6899144314158135e-7
vn 0.37440774484486655 0.9272641698018559 -0.0000013624796578553289
vn 0.3827394448921667 0.9238559372231092 0.0008512233820988377
vn 0.3827405104030705 0.9238554897335612 -0.0008577794348674747
vn 0.923902969785182 0.382620749415691 0.0021597543138399036
vn 0.9994372819147117 0.033456849296341476 0.0023997404224140035
vn 0.9994379239305826 0.03343723309376695 -0.002405754010717738
vn 0.923903860738744 0.3826186267166991 -0.00215466968954787
vn 0.0008521539422663092 0.9238537385510501 -0.38274474992990637
vn -0.0008582437522109935 0.9238535091266111 -0.38274529009787767
vn 0.0021588575913695928 0.382624009717075 -0.9239016216686319
vn 0.002400038171971452 0.03345860269905907 -0.9994372225018436
vn -0.002405364066670107 0.03343816428401669 -0.999437893714773
vn -0.002154122969401374 0.38262433559651254 -0.9239014977602105
vn -0.38274250742066784 0.9238546682335885 -0.0008514671726669561
vn -0.38274314487927175 0.9238543983629662 0.0008577140119885106
vn -0.9239055869775692 0.3826144287565962 -0.0021599210395648618
vn -0.9994373274972113 0.03345549072894693 -0.0023996969219983416
vn -0.9994379743544617 0.033435728132610976 0.0024057228628191906
vn -0.9239050467273334 0.3826157634911978 0.0021545671982448394
vn 0.002404958013014743 0.03343830778533661 0.9994378898908169
vn 0.002153262549938211 0.3826244968815516 0.9239014329713591
vn -0.0021587830859128476 0.3826241492838673 0.9239015640426118
vn -0.0023999955618181803 0.03345878338224897 0.9994372165553387
vn 0.000857782576148272 0.9238536269010091 0.38274500685299984
vn -0.0008521315517742563 0.9238538174377307 0.3827445595662345
vn 0.999997231706085 -4.2617869996064865e-9 -0.0023529938730382375
vn 0.9999972315217873 1.7765199562197473e-10 0.0023530721962752954
vn -0.0023525766424684438 -0.00001798169257889994 -0.9999972325260705
vn 0.002354018414687128 -7.549768497620902e-8 -0.9999972292948105
vn -0.9999972315656165 -3.906491416111331e-9 0.0023530535699288514
vn -0.9999972316710225 -1.7764720738256855e-10 -0.002353008774116843
vn 0.0023526101698947035 -0.000017830697207052986 0.9999972324498978
vn -0.002353988520011437 7.549768498152198e-8 0.9999972293651828
vn 0.9802550314907248 0.03287984119889469 0.1949845872879537
vn 0.980785326257019 1.4728891078965314e-8 0.1950900914934246
vn 0.9233834711360683 0.03277577516754196 0.3824770761691116
vn 0.9238798252835234 2.8891739909875947e-8 0.38268272554961974
vn 0.8310227412113971 0.032775444061988235 0.5552719818755805
vn 0.8314695281936011 4.1944392153708635e-8 0.5555703588975105
vn 0.7067263099953274 0.03277444202404601 0.7067274996138192
vn 0.70710639375626 5.3385102175016393e-8 0.7071071686166208
vn 0.5552721040519076 0.0327741687158488 0.8310227098742564
vn 0.555570675068361 6.277418248608307e-8 0.8314693169348353
vn 0.5552721040519076 0.0327741687158488 0.8310227098742564
vn 0.3824778222032688 0.032775637062492674 0.9233831670210327
vn 0.3826836361998656 6.97509527864743e-8 0.9238794480801291
vn 0.555570675068361 6.277418248608307e-8 0.8314693169348353
vn 0.19498209359349855 0.032874986744707485 0.980255690330044
vn 0.19508983348104092 7.404723062876053e-8 0.980785377578772
vn 0.19498589824926452 0.032879980449970536 -0.9802547660529568
vn 0.19509091700813347 -7.404721435692585e-8 -0.9807851620517717
vn 0.38247868050263045 0.03277561516197819 -0.9233828122786999
vn 0.3826836361998656 -6.97509527864743e-8 -0.9238794480801291
vn 0.555271778584459 0.03277380298926368 -0.8310229417683198
vn 0.555570675068361 -6.277418248608307e-8 -0.8314693169348353
vn 0.555271778584459 0.03277380298926368 -0.8310229417683198
vn 0.7067264714643255 0.032773798065022106 -0.7067273680083268
vn 0.7071067513842253 -5.338507517487406e-8 -0.7071068109888666
vn 0.555570675068361 -6.277418248608307e-8 -0.8314693169348353
vn 0.83102279527458 0.03277506197648512 -0.5552719235171725
vn 0.8314696016585884 -4.194438385285839e-8 -0.5555702489494075
vn 0.9233834947904187 0.032775344116088 -0.3824770560003633
vn 0.923879723532193 -2.8891758455924656e-8 -0.3826829711995007
vn 0.9802555414286296 0.03287513735517848 -0.19498281678738327
vn 0.980785346215487 -1.472888350364669e-8 -0.19508999115528
vn -0.9802550589210876 0.03287965049037632 -0.1949844815446754
vn -0.9807853433642777 -1.4728884585835092e-8 -0.19509000548930097
vn -0.9233830656232739 0.03277595624960127 -0.38247803964683874
vn -0.9238794586168483 -2.8891806741546193e-8 -0.3826836107619954
vn -0.8310229767565014 0.0327754793142444 -0.5552716272766735
vn -0.8314697210547753 -4.1944370362210995e-8 -0.5555700702603519
vn -0.7067266163022605 0.03277397806747647 -0.7067272148230817
vn -0.7071060659304362 -5.338512692513713e-8 -0.7071074964419333
vn -0.5552708355047515 0.032774265550527086 -0.8310235536707
vn -0.5555696441412106 -6.277423449230672e-8 -0.8314700057782028
vn -0.5552708355047515 0.032774265550527086 -0.8310235536707
vn -0.38247787210569917 0.0327752274117705 -0.9233831608912971
vn -0.3826841871039753 -6.975093555843706e-8 -0.9238792198878406
vn -0.5555696441412106 -6.277423449230672e-8 -0.8314700057782028
vn -0.19498301104016721 0.032874779341772305 -0.9802555147964941
vn -0.19508983348104092 -7.404723062876053e-8 -0.980785377578772
vn -0.19498501426391784 0.0328803052534614 0.9802549309944525
vn -0.19509091700813347 7.404721435692585e-8 0.9807851620517717
vn -0.38247725309701863 0.032775756026523106 0.9233833985296948
vn -0.38268250097310264 6.975098828753183e-8 0.923879918305927
vn -0.555271270021002 0.032773930115719885 0.831023276565725
vn -0.5555695890737362 6.277423727024048e-8 0.8314700425730537
vn -0.555271270021002 0.032773930115719885 0.831023276565725
vn -0.7067269534787403 0.03277368150052038 0.7067268913997549
vn -0.7071067513842253 5.338507517487406e-8 0.7071068109888666
vn -0.5555695890737362 6.277423727024048e-8 0.8314700425730537
vn -0.8310231796155482 0.03277486140088961 0.5552713601490868
vn -0.8314696016585884 4.194438385285839e-8 0.5555702489494075
vn -0.9233834129331947 0.032775728904218315 0.3824772206480311
vn -0.9238797831367371 2.8891747591903454e-8 0.3826828273011665
vn -0.9802555121489094 0.03287531509909481 0.19498293401940212
vn -0.9807853690251531 1.472887484613913e-8 0.19508987648310724
vn 0.9054842558629606 0.3842627871343431 0.18011211177499176
vn 0.3737849305989338 0.9245306336402765 0.0743500714045306
vn 0.1801138218232152 0.3842633548645435 -0.905483674781871
vn 0.07401702806914545 0.9245301781385392 -0.3738521489398343
vn -0.9054844278503315 0.3842624545102179 -0.18011195677783431
vn -0.37388051038952713 0.9245302599857229 -0.07387260873692249
vn -0.18011201984804484 0.38426358525712684 0.905483935446453
vn -0.07401658676983025 0.9245302131657156 0.37385214968848424
vn 0.8529473209210894 0.38426391748063005 0.35330172580384567
vn 0.3520976218116955 0.9245306544935198 0.14584352442371973
vn 0.7676319697243567 0.3842635352023934 0.5129158747502978
vn 0.3168808242969719 0.924530083711909 0.2117325376613672
vn 0.6528175313415999 0.38426105195782484 0.6528190520514279
vn 0.2694836541931821 0.924530759758922 0.2694836439977019
vn 0.5129165049871572 0.3842611293747213 0.7676327529251363
vn 0.2117318006221102 0.9245305048397487 0.3168800880870843
vn 0.5129165049871572 0.3842611293747213 0.7676327529251363
vn 0.35330230472625906 0.38426364202724445 0.8529472052190987
vn 0.14584465804772503 0.9245298726309205 0.3520992052419265
vn 0.17962058986891044 0.38424888084278896 0.9055877877192299
vn 0.07435537182507254 0.924523149952737 0.37380238613768113
vn 0.35330407711373324 0.3842635557084564 -0.8529465099577508
vn 0.14584484993326607 0.9245299270770168 -0.35209898279732216
vn 0.5129158604917783 0.38426058973872856 -0.7676334536936383
vn 0.21173208504850816 0.9245304626876232 -0.31688002102313273
vn 0.5129158604917783 0.38426058973872856 -0.7676334536936383
vn 0.652817814578019 0.38425999100680974 -0.6528193933095322
vn 0.2694836623526149 0.9245306448166873 -0.26948403017593076
vn 0.767632156360457 0.38426286565821016 -0.5129160970349198
vn 0.31688039222507397 0.9245302146062149 -0.21173261275360802
vn 0.852947636702971 0.38426324333565776 -0.3533016966616177
vn 0.35209786556136485 0.9245306055150867 -0.14584324644301572
vn 0.9054908298342513 0.38424822381556795 -0.18011013181012397
vn 0.3738671693909962 0.9245238484925961 -0.07402022169652896
vn -0.8529466694365148 0.38426451871196615 -0.35330264470594847
vn -0.35209783846933856 0.924530493422373 -0.1458440224260252
vn -0.7676321682883933 0.38426346767559055 -0.5129156281678209
vn -0.31688145261745915 0.9245297609295684 -0.2117330067385907
vn -0.652818517773518 0.3842606395591005 -0.6528183083658256
vn -0.2694847899782623 0.9245300916929167 -0.2694848001736995
vn -0.5129149111739641 0.38426112944415197 -0.7676338178413644
vn -0.21173191740446307 0.9245301429101954 -0.316881066021123
vn -0.5129149111739641 0.38426112944415197 -0.7676338178413644
vn -0.35330207277263304 0.38426316263942417 -0.8529475172675682
vn -0.14584418599211527 0.9245299689855124 -0.35209914776941
vn -0.1801107307273856 0.38424760525314616 -0.905490973193035
vn -0.07435586001634675 0.9245230494069798 -0.3738025377073421
vn -0.35330242245222515 0.3842639112465165 0.852947035168608
vn -0.14584390200073138 0.9245301358494163 0.3520988272565826
vn -0.5129158604917783 0.38426070564814274 0.7676333956718989
vn -0.21173255161076582 0.9245304115264866 0.3168798585443067
vn -0.5129158604917783 0.38426070564814274 0.7676333956718989
vn -0.6528187608590066 0.3842596083907934 0.652818672243576
vn -0.2694841301310194 0.9245305778596707 0.2694837921100094
vn -0.7676330269488225 0.3842623651425509 0.5129151690800744
vn -0.31687996250233913 0.9245303889492921 0.2117324946100315
vn -0.8529471759158076 0.3842639297622417 0.35330206252005847
vn -0.35209786556136485 0.924530627536792 0.14584310684278648
vn -0.9054905996470963 0.3842486166411969 0.18011045100179054
vn -0.37386716939099623 0.9245238596693274 0.07402008209732079
vn 0.9567635654718399 0.22058987674681135 -0.1895879375446628
vn 0.901703180024814 0.22022386094363883 -0.3720656208308085
vn 0.9038726167474888 0.21766658565028438 -0.3682873201528865
vn 0.9580369482500294 0.21888878784846713 -0.18507540177451784
vn 0.8121202786029654 0.21967486471751804 -0.5405586063445683
vn 0.8150020781559462 0.2171518680087684 -0.5372305639311593
vn 0.6912639175877034 0.2190257994099678 -0.688608666394873
vn 0.6947028198526883 0.21655497860303813 -0.6859241454643223
vn 0.5436045664186706 0.21837542437907098 -0.8104358391606518
vn 0.5473119809273645 0.21601803355126434 -0.8085702225001913
vn 0.5436045664186706 0.21837542437907098 -0.8104358391606518
vn 0.3747258432972179 0.21782265951637755 -0.9011846821636513
vn 0.3784405157732284 0.21559157862402872 -0.9001683438378024
vn 0.5473119809273645 0.21601803355126434 -0.8085702225001913
vn 0.1911325401150275 0.2174526244960922 -0.9571743353271329
vn 0.1946745809223914 0.21531792170316466 -0.95694304957825
vn 0.000004009437501018438 0.21732200543944358 -0.9760999671835373
vn 0.003386543217441776 0.2151647571047231 -0.9765718911708969
vn -0.19112465837195608 0.2174513312516757 -0.9571762029527673
vn -0.1877981001368636 0.215113689443821 -0.9583621310333855
vn -0.374720300800131 0.21782035026333915 -0.9011875449535549
vn -0.37145712316918605 0.21520997599868782 -0.9031634801504745
vn -0.5436022725843715 0.2183723372889718 -0.8104382095805073
vn -0.5405838483265346 0.21551930700256472 -0.8132161651354507
vn -0.5436022725843715 0.2183723372889718 -0.8104382095805073
vn -0.6912639333894498 0.21902270099083113 -0.6886096360389008
vn -0.6887244881155818 0.21601861518863863 -0.6920943124762063
vn -0.5405838483265346 0.21551930700256472 -0.8132161651354507
vn -0.8121218230333201 0.21967219475726815 -0.5405573710565433
vn -0.8102849445395025 0.21666664995241083 -0.5445125080758154
vn -0.9017049940053468 0.2202219453492545 -0.37206235844601065
vn -0.9006686743663028 0.2173022174337884 -0.3762654452824564
vn -0.9567653475373196 0.22058899733741974 -0.18957996731053608
vn -0.9565514096365979 0.2178060958818462 -0.19382957802911666
vn -0.9753376265159591 0.22071817844327912 0.0000026260840107918335
vn -0.9759269558512993 0.2180576382229046 -0.004176512356595578
vn -0.9567641584019226 0.2205901132712971 0.18958467006701
vn -0.9581483482588024 0.21799973781353083 0.18554745226534525
vn -0.9017030845036339 0.22022413186946255 0.3720656919671231
vn -0.9038725299878713 0.21766682788844052 0.36828738991487175
vn -0.8121201302753603 0.21967510237599713 0.5405587326069452
vn -0.8150019508406161 0.2171520950000216 0.5372306653227195
vn -0.6912639040510689 0.21902598850487778 0.6886086198382474
vn -0.6947027733216982 0.21655519055817896 0.6859241256738619
vn -0.5436044788986004 0.21837558928390588 0.8104358534309102
vn -0.5473119585077479 0.21601822992313072 0.8085701852129417
vn -0.5436044788986004 0.21837558928390588 0.8104358534309102
vn -0.37472560971488617 0.2178229027108409 0.9011847205087481
vn -0.3784402340482893 0.21559179833634837 0.900168409656535
vn -0.5473119585077479 0.21601822992313072 0.8085701852129417
vn -0.19113230792897806 0.2174528357207942 0.9571743337045386
vn -0.19467434054504476 0.21531812205554662 0.9569430533985942
vn -0.000004023929180852376 0.2173221512728349 0.9760999347146557
vn -0.003344741965698441 0.21519153268173022 0.9765661354784275
vn 0.1911250965285061 0.21745148263374278 0.9571760810725246
vn 0.1878375565591491 0.21514163543010317 0.9583481251874754
vn 0.3747207259123324 0.21782041641340766 0.9011873521999875
vn 0.37145754639503564 0.21521007114143637 0.9031632834130703
vn 0.5436022078716836 0.21837242780743724 0.8104382285964282
vn 0.5405837976568404 0.21551939469268422 0.8132161755783065
vn 0.5436022078716836 0.21837242780743724 0.8104382285964282
vn 0.6912641560402394 0.21902271454927932 0.6886094082173438
vn 0.6887247053270315 0.21601866833684932 0.6920940797335057
vn 0.5405837976568404 0.21551939469268422 0.8132161755783065
vn 0.8121222015545719 0.21967216282131677 0.5405568153520587
vn 0.810285308682682 0.21666665837097904 0.5445119628468821
vn 0.9017051603687453 0.22022198358713865 0.3720619326259021
vn 0.9006688293222627 0.21730226849209605 0.3762650448758876
vn 0.9567653785946689 0.22058898842019467 0.18957982094715503
vn 0.9565514324224531 0.21780610053528882 0.19382946035152843
vn 0.9753376393340981 0.22071812173873553 -0.000005857768704122684
vn 0.975926886050525 0.21805800910413323 0.004173457711208375
f 73/73/73 74/74/74 75/75/75
f 74/74/74 76/76/76 75/75/75
f 76/76/76 77/77/77 75/75/75
f 77/77/77 78/78/78 75/75/75
f 78/78/78 79/79/79 75/75/75
f 79/79/79 80/80/80 75/75/75
f 80/80/80 81/81/81 75/75/75
f 81/81/81 82/82/82 75/75/75
f 82/82/82 83/83/83 75/75/75
f 83/83/83 84/84/84 75/75/75
f 84/84/84 85/85/85 75/75/75
f 85/85/85 86/86/86 75/75/75
f 86/86/86 87/87/87 75/75/75
f 87/87/87 88/88/88 75/75/75
f 88/88/88 89/89/89 75/75/75
f 89/89/89 90/90/90 75/75/75
f 90/90/90 91/91/91 75/75/75
f 91/91/91 92/92/92 75/75/75
f 92/92/92 93/93/93 75/75/75
f 93/93/93 94/94/94 75/75/75
f 94/94/94 95/95/95 75/75/75
f 95/95/95 96/96/96 75/75/75
f 96/96/96 97/97/97 75/75/75
f 97/97/97 98/98/98 75/75/75
f 98/98/98 99/99/99 75/75/75
f 99/99/99 100/100/100 75/75/75
f 100/100/100 101/101/101 75/75/75
f 101/101/101 102/102/102 75/75/75
f 102/102/102 103/103/103 75/75/75
f 103/103/103 104/104/104 75/75/75
f 104/104/104 105/105/105 75/75/75
f 105/105/105 73/73/73 75/75/75
f 106/106/106 107/107/107 108/108/108
f 106/106/106 108/108/108 109/109/109
f 106/106/106 109/109/109 110/110/110
f 106/106/106 110/110/110 111/111/111
f 106/106/106 111/111/111 112/112/112
f 106/106/106 112/112/112 113/113/113
f 106/106/106 113/113/113 114/114/114
f 106/106/106 114/114/114 115/115/115
f 116/116/116 117/117/117 118/118/118
f 116/116/116 118/118/118 119/119/119
f 116/116/116 119/119/119 120/120/120
f 116/116/116 120/120/120 121/121/121
f 116/116/116 121/121/121 122/122/122
f 116/116/116 122/122/122 123/123/123
f 116/116/116 123/123/123 124/124/124
f 116/116/116 124/124/124 125/125/125
f 126/126/126 127/127/127 128/128/128
f 126/126/126 128/128/128 129/129/129
f 126/126/126 129/129/129 130/130/130
f 126/126/126 130/130/130 131/131/131
f 126/126/126 131/131/131 132/132/132
f 126/126/126 132/132/132 133/133/133
f 126/126/126 133/133/133 134/134/134
f 126/126/126 134/134/134 135/135/135
f 136/136/136 137/137/137 138/138/138
f 136/136/136 138/138/138 139/139/139
f 136/136/136 139/139/139 140/140/140
f 136/136/136 140/140/140 141/141/141
f 136/136/136 141/141/141 142/142/142
f 136/136/136 142/142/142 143/143/143
f 136/136/136 143/143/143 144/144/144
f 136/136/136 144/144/144 145/145/145
f 146/146/146 147/147/147 148/148/148
f 146/146/146 148/148/148 149/149/149
f 147/147/147 150/150/150 151/151/151
f 147/147/147 151/151/151 148/148/148
f 150/150/150 152/152/152 153/153/153
f 150/150/150 153/153/153 151/151/151
f 152/152/152 154/154/154 155/155/155
f 152/152/152 155/155/155 153/153/153
f 156/156/156 157/157/157 158/158/158
f 156/156/156 158/158/158 159/159/159
f 157/157/157 160/160/160 161/161/161
f 157/157/157 161/161/161 158/158/158
f 160/160/160 162/162/162 163/163/163
f 160/160/160 163/163/163 161/161/161
f 162/162/162 164/164/164 165/165/165
f 162/162/162 165/165/165 163/163/163
f 164/164/164 166/166/166 167/167/167
f 164/164/164 167/167/167 165/165/165
f 166/166/166 168/168/168 169/169/169
f 166/166/166 169/169/169 167/167/167
f 170/170/170 171/171/171 172/172/172
f 170/170/170 172/172/172 173/173/173
f 171/171/171 174/174/174 175/175/175
f 171/171/171 175/175/175 172/172/172
f 174/174/174 176/176/176 177/177/177
f 174/174/174 177/177/177 175/175/175
f 176/176/176 178/178/178 179/179/179
f 176/176/176 179/179/179 177/177/177
f 178/178/178 180/180/180 181/181/181
f 178/178/178 181/181/181 179/179/179
f 180/180/180 182/182/182 183/183/183
f 180/180/180 183/183/183 181/181/181
f 182/182/182 184/184/184 185/185/185
f 182/182/182 185/185/185 183/183/183
f 184/184/184 186/186/186 187/187/187
f 184/184/184 187/187/187 185/185/185
f 186/186/186 188/188/188 189/189/189
f 186/186/186 189/189/189 187/187/187
f 188/188/188 190/190/190 191/191/191
f 188/188/188 191/191/191 189/189/189
f 192/192/192 193/193/193 194/194/194
f 192/192/192 194/194/194 195/195/195
f 193/193/193 196/196/196 197/197/197
f 193/193/193 197/197/197 194/194/194
f 196/196/196 198/198/198 199/199/199
f 196/196/196 199/199/199 197/197/197
f 198/198/198 200/200/200 201/201/201
f 198/198/198 201/201/201 199/199/199
f 200/200/200 202/202/202 203/203/203
f 200/200/200 203/203/203 201/201/201
f 202/202/202 204/204/204 205/205/205
f 202/202/202 205/205/205 203/203/203
f 206/206/206 207/207/207 208/208/208
f 206/206/206 208/208/208 209/209/209
f 207/207/207 210/210/210 211/211/211
f 207/207/207 211/211/211 208/208/208
f 210/210/210 212/212/212 213/213/213
f 210/210/210 213/213/213 211/211/211
f 212/212/212 214/214/214 215/215/215
f 212/212/212 215/215/215 213/213/213
f 214/214/214 216/216/216 217/217/217
f 214/214/214 217/217/217 215/215/215
f 216/216/216 146/146/146 149/149/149
f 216/216/216 149/149/149 217/217/217
f 218/218/218 219/219/219 220/220/220
f 218/218/218 220/220/220 221/221/221
f 222/222/222 218/218/218 221/221/221
f 222/222/222 221/221/221 223/223/223
f 149/149/149 224/224/224 225/225/225
f 149/149/149 225/225/225 217/217/217
f 224/224/224 222/222/222 223/223/223
f 224/224/224 223/223/223 225/225/225
f 219/219/219 218/218/218 226/226/226
f 219/219/219 226/226/226 227/227/227
f 218/218/218 222/222/222 228/228/228
f 218/218/218 228/228/228 226/226/226
f 222/222/222 224/224/224 229/229/229
f 222/222/222 229/229/229 228/228/228
f 224/224/224 149/149/149 148/148/148
f 224/224/224 148/148/148 229/229/229
f 230/230/230 231/231/231 232/232/232
f 230/230/230 232/232/232 233/233/233
f 226/226/226 228/228/228 234/234/234
f 226/226/226 234/234/234 235/235/235
f 228/228/228 229/229/229 236/236/236
f 228/228/228 236/236/236 234/234/234
f 229/229/229 148/148/148 151/151/151
f 229/229/229 151/151/151 236/236/236
f 233/233/233 232/232/232 237/237/237
f 233/233/233 237/237/237 238/238/238
f 235/235/235 234/234/234 239/239/239
f 235/235/235 239/239/239 240/240/240
f 234/234/234 236/236/236 241/241/241
f 234/234/234 241/241/241 239/239/239
f 236/236/236 151/151/151 153/153/153
f 236/236/236 153/153/153 241/241/241
f 238/238/238 237/237/237 242/242/242
f 238/238/238 242/242/242 243/243/243
f 240/240/240 239/239/239 244/244/244
f 240/240/240 244/244/244 245/245/245
f 239/239/239 241/241/241 246/246/246
f 239/239/239 246/246/246 244/244/244
f 241/241/241 153/153/153 155/155/155
f 241/241/241 155/155/155 246/246/246
f 243/243/243 242/242/242 247/247/247
f 243/243/243 247/247/247 248/248/248
f 249/249/249 250/250/250 251/251/251
f 249/249/249 251/251/251 252/252/252
f 250/250/250 253/253/253 254/254/254
f 250/250/250 254/254/254 251/251/251
f 253/253/253 159/159/159 158/158/158
f 253/253/253 158/158/158 254/254/254
f 248/248/248 247/247/247 255/255/255
f 248/248/248 255/255/255 256/256/256
f 252/252/252 251/251/251 257/257/257
f 252/252/252 257/257/257 258/258/258
f 251/251/251 254/254/254 259/259/259
f 251/251/251 259/259/259 257/257/257
f 254/254/254 158/158/158 161/161/161
f 254/254/254 161/161/161 259/259/259
f 256/256/256 255/255/255 260/260/260
f 256/256/256 260/260/260 261/261/261
f 258/258/258 257/257/257 262/262/262
f 258/258/258 262/262/262 263/263/263
f 257/257/257 259/259/259 264/264/264
f 257/257/257 264/264/264 262/262/262
f 259/259/259 161/161/161 163/163/163
f 259/259/259 163/163/163 264/264/264
f 261/261/261 260/260/260 265/265/265
f 261/261/261 265/265/265 266/266/266
f 263/263/263 262/262/262 267/267/267
f 263/263/263 267/267/267 268/268/268
f 262/262/262 264/264/264 269/269/269
f 262/262/262 269/269/269 267/267/267
f 264/264/264 163/163/163 165/165/165
f 264/264/264 165/165/165 269/269/269
f 266/266/266 265/265/265 270/270/270
f 266/266/266 270/270/270 271/271/271
f 268/268/268 267/267/267 272/272/272
f 268/268/268 272/272/272 273/273/273
f 267/267/267 269/269/269 274/274/274
f 267/267/267 274/274/274 272/272/272
f 269/269/269 165/165/165 167/167/167
f 269/269/269 167/167/167 274/274/274
f 271/271/271 270/270/270 275/275/275
f 271/271/271 275/275/275 276/276/276
f 273/273/273 272/272/272 277/277/277
f 273/273/273 277/277/277 278/278/278
f 272/272/272 274/274/274 279/279/279
f 272/272/272 279/279/279 277/277/277
f 274/274/274 167/167/167 169/169/169
f 274/274/274 169/169/169 279/279/279
f 276/276/276 275/275/275 280/280/280
f 276/276/276 280/280/280 281/281/281
f 282/282/282 283/283/283 284/284/284
f 282/282/282 284/284/284 285/285/285
f 283/283/283 286/286/286 287/287/287
f 283/283/283 287/287/287 284/284/284
f 286/286/286 173/173/173 172/172/172
f 286/286/286 172/172/172 287/287/287
f 281/281/281 280/280/280 288/288/288
f 281/281/281 288/288/288 289/289/289
f 285/285/285 284/284/284 290/290/290
f 285/285/285 290/290/290 291/291/291
f 284/284/284 287/287/287 292/292/292
f 284/284/284 292/292/292 290/290/290
f 287/287/287 172/172/172 175/175/175
f 287/287/287 175/175/175 292/292/292
f 289/289/289 288/288/288 293/293/293
f 289/289/289 293/293/293 294/294/294
f 291/291/291 290/290/290 295/295/295
f 291/291/291 295/295/295 296/296/296
f 290/290/290 292/292/292 297/297/297
f 290/290/290 297/297/297 295/295/295
f 292/292/292 175/175/175 177/177/177
f 292/292/292 177/177/177 297/297/297
f 298/298/298 296/296/296 299/299/299
f 298/298/298 299/299/299 300/300/300
f 296/296/296 295/295/295 301/301/301
f 296/296/296 301/301/301 299/299/299
f 295/295/295 297/297/297 302/302/302
f 295/295/295 302/302/302 301/301/301
f 297/297/297 177/177/177 179/179/179
f 297/297/297 179/179/179 302/302/302
f 300/300/300 299/299/299 303/303/303
f 300/300/300 303/303/303 304/304/304
f 299/299/299 301/301/301 305/305/305
f 299/299/299 305/305/305 303/303/303
f 301/301/301 302/302/302 306/306/306
f 301/301/301 306/306/306 305/305/305
f 302/302/302 179/179/179 181/181/181
f 302/302/302 181/181/181 306/306/306
f 304/304/304 303/303/303 307/307/307
f 304/304/304 307/307/307 308/308/308
f 303/303/303 305/305/305 309/309/309
f 303/303/303 309/309/309 307/307/307
f 305/305/305 306/306/306 310/310/310
f 305/305/305 310/310/310 309/309/309
f 306/306/306 181/181/181 183/183/183
f 306/306/306 183/183/183 310/310/310
f 308/308/308 307/307/307 311/311/311
f 308/308/308 311/311/311 312/312/312
f 307/307/307 309/309/309 313/313/313
f 307/307/307 313/313/313 311/311/311
f 309/309/309 310/310/310 314/314/314
f 309/309/309 314/314/314 313/313/313
f 310/310/310 183/183/183 185/185/185
f 310/310/310 185/185/185 314/314/314
f 315/315/315 316/316/316 317/317/317
f 315/315/315 317/317/317 318/318/318
f 311/311/311 313/313/313 319/319/319
f 311/311/311 319/319/319 320/320/320
f 313/313/313 314/314/314 321/321/321
f 313/313/313 321/321/321 319/319/319
f 314/314/314 185/185/185 187/187/187
f 314/314/314 187/187/187 321/321/321
f 318/318/318 317/317/317 322/322/322
f 318/318/318 322/322/322 323/323/323
f 320/320/320 319/319/319 324/324/324
f 320/320/320 324/324/324 325/325/325
f 319/319/319 321/321/321 326/326/326
f 319/319/319 326/326/326 324/324/324
f 321/321/321 187/187/187 189/189/189
f 321/321/321 189/189/189 326/326/326
f 323/323/323 322/322/322 327/327/327
f 323/323/323 327/327/327 328/328/328
f 325/325/325 324/324/324 329/329/329
f 325/325/325 329/329/329 330/330/330
f 324/324/324 326/326/326 331/331/331
f 324/324/324 331/331/331 329/329/329
f 326/326/326 189/189/189 191/191/191
f 326/326/326 191/191/191 331/331/331
f 328/328/328 327/327/327 332/332/332
f 328/328/328 332/332/332 333/333/333
f 334/334/334 335/335/335 336/336/336
f 334/334/334 336/336/336 337/337/337
f 335/335/335 338/338/338 339/339/339
f 335/335/335 339/339/339 336/336/336
f 338/338/338 195/195/195 194/194/194
f 338/338/338 194/194/194 339/339/339
f 333/333/333 332/332/332 340/340/340
f 333/333/333 340/340/340 341/341/341
f 337/337/337 336/336/336 342/342/342
f 337/337/337 342/342/342 343/343/343
f 336/336/336 339/339/339 344/344/344
f 336/336/336 344/344/344 342/342/342
f 339/339/339 194/194/194 197/197/197
f 339/339/339 197/197/197 344/344/344
f 341/341/341 340/340/340 345/345/345
f 341/341/341 345/345/345 346/346/346
f 343/343/343 342/342/342 347/347/347
f 343/343/343 347/347/347 348/348/348
f 342/342/342 344/344/344 349/349/349
f 342/342/342 349/349/349 347/347/347
f 344/344/344 197/197/197 199/199/199
f 344/344/344 199/199/199 349/349/349
f 346/346/346 345/345/345 350/350/350
f 346/346/346 350/350/350 351/351/351
f 348/348/348 347/347/347 352/352/352
f 348/348/348 352/352/352 353/353/353
f 347/347/347 349/349/349 354/354/354
f 347/347/347 354/354/354 352/352/352
f 349/349/349 199/199/199 201/201/201
f 349/349/349 201/201/201 354/354/354
f 351/351/351 350/350/350 355/355/355
f 351/351/351 355/355/355 356/356/356
f 353/353/353 352/352/352 357/357/357
f 353/353/353 357/357/357 358/358/358
f 352/352/352 354/354/354 359/359/359
f 352/352/352 359/359/359 357/357/357
f 354/354/354 201/201/201 203/203/203
f 354/354/354 203/203/203 359/359/359
f 356/356/356 355/355/355 360/360/360
f 356/356/356 360/360/360 361/361/361
f 358/358/358 357/357/357 362/362/362
f 358/358/358 362/362/362 363/363/363
f 357/357/357 359/359/359 364/364/364
f 357/357/357 364/364/364 362/362/362
f 359/359/359 203/203/203 205/205/205
f 359/359/359 205/205/205 364/364/364
f 361/361/361 360/360/360 365/365/365
f 361/361/361 365/365/365 366/366/366
f 367/367/367 368/368/368 369/369/369
f 367/367/367 369/369/369 370/370/370
f 368/368/368 371/371/371 372/372/372
f 368/368/368 372/372/372 369/369/369
f 371/371/371 209/209/209 208/208/208
f 371/371/371 208/208/208 372/372/372
f 366/366/366 365/365/365 373/373/373
f 366/366/366 373/373/373 374/374/374
f 370/370/370 369/369/369 375/375/375
f 370/370/370 375/375/375 376/376/376
f 369/369/369 372/372/372 377/377/377
f 369/369/369 377/377/377 375/375/375
f 372/372/372 208/208/208 211/211/211
f 372/372/372 211/211/211 377/377/377
f 374/374/374 373/373/373 378/378/378
f 374/374/374 378/378/378 379/379/379
f 376/376/376 375/375/375 380/380/380
f 376/376/376 380/380/380 381/381/381
f 375/375/375 377/377/377 382/382/382
f 375/375/375 382/382/382 380/380/380
f 377/377/377 211/211/211 213/213/213
f 377/377/377 213/213/213 382/382/382
f 383/383/383 381/381/381 384/384/384
f 383/383/383 384/384/384 385/385/385
f 381/381/381 380/380/380 386/386/386
f 381/381/381 386/386/386 384/384/384
f 380/380/380 382/382/382 387/387/387
f 380/380/380 387/387/387 386/386/386
f 382/382/382 213/213/213 215/215/215
f 382/382/382 215/215/215 387/387/387
f 385/385/385 384/384/384 221/221/221
f 385/385/385 221/221/221 220/220/220
f 384/384/384 386/386/386 223/223/223
f 384/384/384 223/223/223 221/221/221
f 386/386/386 387/387/387 225/225/225
f 386/386/386 225/225/225 223/223/223
f 387/387/387 215/215/215 217/217/217
f 387/387/387 217/217/217 225/225/225
f 388/388/388 389/389/389 390/390/390
f 388/388/388 390/390/390 391/391/391
f 389/389/389 392/392/392 393/393/393
f 389/389/389 393/393/393 390/390/390
f 392/392/392 394/394/394 395/395/395
f 392/392/392 395/395/395 393/393/393
f 394/394/394 396/396/396 397/397/397
f 394/394/394 397/397/397 395/395/395
f 398/398/398 399/399/399 400/400/400
f 398/398/398 400/400/400 401/401/401
f 399/399/399 402/402/402 403/403/403
f 399/399/399 403/403/403 400/400/400
f 404/404/404 388/388/388 391/391/391
f 404/404/404 391/391/391 405/405/405
f 406/406/406 407/407/407 388/388/388
f 406/406/406 388/388/388 404/404/404
f 408/408/408 409/409/409 407/407/407
f 408/408/408 407/407/407 406/406/406
f 410/410/410 411/411/411 409/409/409
f 410/410/410 409/409/409 408/408/408
f 412/412/412 413/413/413 411/411/411
f 412/412/412 411/411/411 410/410/410
f 414/414/414 415/415/415 416/416/416
f 414/414/414 416/416/416 417/417/417
f 418/418/418 419/419/419 415/415/415
f 418/418/418 415/415/415 414/414/414
f 420/420/420 421/421/421 419/419/419
f 420/420/420 419/419/419 418/418/418
f 422/422/422 423/423/423 421/421/421
f 422/422/422 421/421/421 420/420/420
f 424/424/424 425/425/425 423/423/423
f 424/424/424 423/423/423 422/422/422
f 426/426/426 427/427/427 425/425/425
f 426/426/426 425/425/425 424/424/424
f 428/428/428 429/429/429 430/430/430
f 428/428/428 430/430/430 431/431/431
f 432/432/432 433/433/433 429/429/429
f 432/432/432 429/429/429 428/428/428
f 434/434/434 435/435/435 433/433/433
f 434/434/434 433/433/433 432/432/432
f 436/436/436 437/437/437 435/435/435
f 436/436/436 435/435/435 434/434/434
f 438/438/438 439/439/439 437/437/437
f 438/438/438 437/437/437 436/436/436
f 440/440/440 441/441/441 439/439/439
f 440/440/440 439/439/439 438/438/438
f 442/442/442 443/443/443 441/441/441
f 442/442/442 441/441/441 440/440/440
f 444/444/444 445/445/445 443/443/443
f 444/444/444 443/443/443 442/442/442
f 446/446/446 447/447/447 445/445/445
f 446/446/446 445/445/445 444/444/444
f 448/448/448 449/449/449 447/447/447
f 448/448/448 447/447/447 446/446/446
f 450/450/450 451/451/451 452/452/452
f 450/450/450 452/452/452 453/453/453
f 454/454/454 455/455/455 451/451/451
f 454/454/454 451/451/451 450/450/450
f 456/456/456 457/457/457 455/455/455
f 456/456/456 455/455/455 454/454/454
f 458/458/458 459/459/459 457/457/457
f 458/458/458 457/457/457 456/456/456
f 460/460/460 461/461/461 459/459/459
f 460/460/460 459/459/459 458/458/458
f 462/462/462 463/463/463 461/461/461
f 462/462/462 461/461/461 460/460/460
f 464/464/464 465/465/465 466/466/466
f 464/464/464 466/466/466 467/467/467
f 468/468/468 469/469/469 465/465/465
f 468/468/468 465/465/465 464/464/464
f 470/470/470 471/471/471 469/469/469
f 470/470/470 469/469/469 468/468/468
f 472/472/472 473/473/473 471/471/471
f 472/472/472 471/471/471 470/470/470
f 405/405/405 391/391/391 473/473/473
f 405/405/405 473/473/473 472/472/472
f 389/389/389 388/388/388 407/407/407
f 389/389/389 407/407/407 474/474/474
f 392/392/392 389/389/389 474/474/474
f 392/392/392 474/474/474 475/475/475
f 394/394/394 392/392/392 475/475/475
f 394/394/394 475/475/475 476/476/476
f 398/398/398 477/477/477 478/478/478
f 398/398/398 478/478/478 479/479/479
f 402/402/402 399/399/399 480/480/480
f 402/402/402 480/480/480 481/481/481
f 399/399/399 398/398/398 479/479/479
f 399/399/399 479/479/479 480/480/480
f 474/474/474 407/407/407 409/409/409
f 474/474/474 409/409/409 482/482/482
f 475/475/475 474/474/474 482/482/482
f 475/475/475 482/482/482 483/483/483
f 476/476/476 475/475/475 483/483/483
f 476/476/476 483/483/483 484/484/484
f 479/479/479 478/478/478 485/485/485
f 479/479/479 485/485/485 486/486/486
f 481/481/481 480/480/480 487/487/487
f 481/481/481 487/487/487 488/488/488
f 480/480/480 479/479/479 486/486/486
f 480/480/480 486/486/486 487/487/487
f 482/482/482 409/409/409 411/411/411
f 482/482/482 411/411/411 489/489/489
f 483/483/483 482/482/482 489/489/489
f 483/483/483 489/489/489 490/490/490
f 484/484/484 483/483/483 490/490/490
f 484/484/484 490/490/490 491/491/491
f 486/486/486 485/485/485 492/492/492
f 486/486/486 492/492/492 493/493/493
f 488/488/488 487/487/487 494/494/494
f 488/488/488 494/494/494 495/495/495
f 487/487/487 486/486/486 493/493/493
f 487/487/487 493/493/493 494/494/494
f 489/489/489 411/411/411 413/413/413
f 489/489/489 413/413/413 496/496/496
f 490/490/490 489/489/489 496/496/496
f 490/490/490 496/496/496 497/497/497
f 492/492/492 498/498/498 499/499/499
f 492/492/492 499/499/499 500/500/500
f 493/493/493 492/492/492 500/500/500
f 493/493/493 500/500/500 501/501/501
f 495/495/495 494/494/494 502/502/502
f 495/495/495 502/502/502 503/503/503
f 494/494/494 493/493/493 501/501/501
f 494/494/494 501/501/501 502/502/502
f 504/504/504 416/416/416 415/415/415
f 504/504/504 415/415/415 505/505/505
f 499/499/499 506/506/506 507/507/507
f 499/499/499 507/507/507 508/508/508
f 500/500/500 499/499/499 508/508/508
f 500/500/500 508/508/508 509/509/509
f 501/501/501 500/500/500 509/509/509
f 501/501/501 509/509/509 510/510/510
f 503/503/503 502/502/502 511/511/511
f 503/503/503 511/511/511 512/512/512
f 502/502/502 501/501/501 510/510/510
f 502/502/502 510/510/510 511/511/511
f 505/505/505 415/415/415 419/419/419
f 505/505/505 419/419/419 513/513/513
f 508/508/508 507/507/507 514/514/514
f 508/508/508 514/514/514 515/515/515
f 509/509/509 508/508/508 515/515/515
f 509/509/509 515/515/515 516/516/516
f 510/510/510 509/509/509 516/516/516
f 510/510/510 516/516/516 517/517/517
f 512/512/512 511/511/511 518/518/518
f 512/512/512 518/518/518 519/519/519
f 511/511/511 510/510/510 517/517/517
f 511/511/511 517/517/517 518/518/518
f 513/513/513 419/419/419 421/421/421
f 513/513/513 421/421/421 520/520/520
f 515/515/515 514/514/514 521/521/521
f 515/515/515 521/521/521 522/522/522
f 516/516/516 515/515/515 522/522/522
f 516/516/516 522/522/522 523/523/523
f 517/517/517 516/516/516 523/523/523
f 517/517/517 523/523/523 524/524/524
f 519/519/519 518/518/518 525/525/525
f 519/519/519 525/525/525 526/526/526
f 518/518/518 517/517/517 524/524/524
f 518/518/518 524/524/524 525/525/525
f 520/520/520 421/421/421 423/423/423
f 520/520/520 423/423/423 527/527/527
f 522/522/522 521/521/521 528/528/528
f 522/522/522 528/528/528 529/529/529
f 523/523/523 522/522/522 529/529/529
f 523/523/523 529/529/529 530/530/530
f 524/524/524 523/523/523 530/530/530
f 524/524/524 530/530/530 531/531/531
f 526/526/526 525/525/525 532/532/532
f 526/526/526 532/532/532 533/533/533
f 525/525/525 524/524/524 531/531/531
f 525/525/525 531/531/531 532/532/532
f 527/527/527 423/423/423 425/425/425
f 527/527/527 425/425/425 534/534/534
f 529/529/529 528/528/528 535/535/535
f 529/529/529 535/535/535 536/536/536
f 530/530/530 529/529/529 536/536/536
f 530/530/530 536/536/536 537/537/537
f 531/531/531 530/530/530 537/537/537
f 531/531/531 537/537/537 538/538/538
f 533/533/533 532/532/532 539/539/539
f 533/533/533 539/539/539 540/540/540
f 532/532/532 531/531/531 538/538/538
f 532/532/532 538/538/538 539/539/539
f 534/534/534 425/425/425 427/427/427
f 534/534/534 427/427/427 541/541/541
f 536/536/536 535/535/535 542/542/542
f 536/536/536 542/542/542 543/543/543
f 537/537/537 536/536/536 543/543/543
f 537/537/537 543/543/543 544/544/544
f 538/538/538 537/537/537 544/544/544
f 538/538/538 544/544/544 545/545/545
f 540/540/540 539/539/539 546/546/546
f 540/540/540 546/546/546 547/547/547
f 539/539/539 538/538/538 545/545/545
f 539/539/539 545/545/545 546/546/546
f 548/548/548 430/430/430 429/429/429
f 548/548/548 429/429/429 549/549/549
f 550/550/550 548/548/548 549/549/549
f 550/550/550 549/549/549 551/551/551
f 544/544/544 543/543/543 552/552/552
f 544/544/544 552/552/552 553/553/553
f 545/545/545 544/544/544 553/553/553
f 545/545/545 553/553/553 554/554/554
f 547/547/547 546/546/546 555/555/555
f 547/547/547 555/555/555 556/556/556
f 546/546/546 545/545/545 554/554/554
f 546/546/546 554/554/554 555/555/555
f 549/549/549 429/429/429 433/433/433
f 549/549/549 433/433/433 557/557/557
f 551/551/551 549/549/549 557/557/557
f 551/551/551 557/557/557 558/558/558
f 559/559/559 551/551/551 558/558/558
f 559/559/559 558/558/558 560/560/560
f 554/554/554 553/553/553 561/561/561
f 554/554/554 561/561/561 562/562/562
f 556/556/556 555/555/555 563/563/563
f 556/556/556 563/563/563 564/564/564
f 555/555/555 554/554/554 562/562/562
f 555/555/555 562/562/562 563/563/563
f 557/557/557 433/433/433 435/435/435
f 557/557/557 435/435/435 565/565/565
f 558/558/558 557/557/557 565/565/565
f 558/558/558 565/565/565 566/566/566
f 560/560/560 558/558/558 566/566/566
f 560/560/560 566/566/566 567/567/567
f 562/562/562 561/561/561 568/568/568
f 562/562/562 568/568/568 569/569/569
f 564/564/564 563/563/563 570/570/570
f 564/564/564 570/570/570 571/571/571
f 563/563/563 562/562/562 569/569/569
f 563/563/563 569/569/569 570/570/570
f 565/565/565 435/435/435 437/437/437
f 565/565/565 437/437/437 572/572/572
f 566/566/566 565/565/565 572/572/572
f 566/566/566 572/572/572 573/573/573
f 567/567/567 566/566/566 573/573/573
f 567/567/567 573/573/573 574/574/574
f 569/569/569 568/568/568 575/575/575
f 569/569/569 575/575/575 576/576/576
f 571/571/571 570/570/570 577/577/577
f 571/571/571 577/577/577 578/578/578
f 570/570/570 569/569/569 576/576/576
f 570/570/570 576/576/576 577/577/577
f 572/572/572 437/437/437 439/439/439
f 572/572/572 439/439/439 579/579/579
f 573/573/573 572/572/572 579/579/579
f 573/573/573 579/579/579 580/580/580
f 574/574/574 573/573/573 580/580/580
f 574/574/574 580/580/580 581/581/581
f 582/582/582 574/574/574 581/581/581
f 582/582/582 581/581/581 583/583/583
f 578/578/578 577/577/577 584/584/584
f 578/578/578 584/584/584 585/585/585
f 577/577/577 576/576/576 586/586/586
f 577/577/577 586/586/586 584/584/584
f 579/579/579 439/439/439 441/441/441
f 579/579/579 441/441/441 587/587/587
f 580/580/580 579/579/579 587/587/587
f 580/580/580 587/587/587 588/588/588
f 581/581/581 580/580/580 588/588/588
f 581/581/581 588/588/588 589/589/589
f 583/583/583 581/581/581 589/589/589
f 583/583/583 589/589/589 590/590/590
f 585/585/585 584/584/584 591/591/591
f 585/585/585 591/591/591 592/592/592
f 584/584/584 586/586/586 593/593/593
f 584/584/584 593/593/593 591/591/591
f 587/587/587 441/441/441 443/443/443
f 587/587/587 443/443/443 594/594/594
f 588/588/588 587/587/587 594/594/594
f 588/588/588 594/594/594 595/595/595
f 589/589/589 588/588/588 595/595/595
f 589/589/589 595/595/595 596/596/596
f 593/593/593 597/597/597 598/598/598
f 593/593/593 598/598/598 599/599/599
f 592/592/592 591/591/591 600/600/600
f 592/592/592 600/600/600 601/601/601
f 591/591/591 593/593/593 599/599/599
f 591/591/591 599/599/599 600/600/600
f 594/594/594 443/443/443 445/445/445
f 594/594/594 445/445/445 602/602/602
f 595/595/595 594/594/594 602/602/602
f 595/595/595 602/602/602 603/603/603
f 596/596/596 595/595/595 603/603/603
f 596/596/596 603/603/603 604/604/604
f 599/599/599 598/598/598 605/605/605
f 599/599/599 605/605/605 606/606/606
f 601/601/601 600/600/600 607/607/607
f 601/601/601 607/607/607 608/608/608
f 600/600/600 599/599/599 606/606/606
f 600/600/600 606/606/606 607/607/607
f 602/602/602 445/445/445 447/447/447
f 602/602/602 447/447/447 609/609/609
f 603/603/603 602/602/602 609/609/609
f 603/603/603 609/609/609 610/610/610
f 604/604/604 603/603/603 610/610/610
f 604/604/604 610/610/610 611/611/611
f 606/606/606 605/605/605 612/612/612
f 606/606/606 612/612/612 613/613/613
f 608/608/608 607/607/607 614/614/614
f 608/608/608 614/614/614 615/615/615
f 607/607/607 606/606/606 613/613/613
f 607/607/607 613/613/613 614/614/614
f 609/609/609 447/447/447 449/449/449
f 609/609/609 449/449/449 616/616/616
f 610/610/610 609/609/609 616/616/616
f 610/610/610 616/616/616 617/617/617
f 612/612/612 618/618/618 619/619/619
f 612/612/612 619/619/619 620/620/620
f 613/613/613 612/612/612 620/620/620
f 613/613/613 620/620/620 621/621/621
f 615/615/615 614/614/614 622/622/622
f 615/615/615 622/622/622 623/623/623
f 614/614/614 613/613/613 621/621/621
f 614/614/614 621/621/621 622/622/622
f 624/624/624 452/452/452 451/451/451
f 624/624/624 451/451/451 625/625/625
f 619/619/619 626/626/626 627/627/627
f 619/619/619 627/627/627 628/628/628
f 620/620/620 619/619/619 628/628/628
f 620/620/620 628/628/628 629/629/629
f 621/621/621 620/620/620 629/629/629
f 621/621/621 629/629/629 630/630/630
f 623/623/623 622/622/622 631/631/631
f 623/623/623 631/631/631 632/632/632
f 622/622/622 621/621/621 630/630/630
f 622/622/622 630/630/630 631/631/631
f 625/625/625 451/451/451 455/455/455
f 625/625/625 455/455/455 633/633/633
f 628/628/628 627/627/627 634/634/634
f 628/628/628 634/634/634 635/635/635
f 629/629/629 628/628/628 635/635/635
f 629/629/629 635/635/635 636/636/636
f 630/630/630 629/629/629 636/636/636
f 630/630/630 636/636/636 637/637/637
f 632/632/632 631/631/631 638/638/638
f 632/632/632 638/638/638 639/639/639
f 631/631/631 630/630/630 637/637/637
f 631/631/631 637/637/637 638/638/638
f 633/633/633 455/455/455 457/457/457
f 633/633/633 457/457/457 640/640/640
f 635/635/635 634/634/634 641/641/641
f 635/635/635 641/641/641 642/642/642
f 636/636/636 635/635/635 642/642/642
f 636/636/636 642/642/642 643/643/643
f 637/637/637 636/636/636 643/643/643
f 637/637/637 643/643/643 644/644/644
f 639/639/639 638/638/638 645/645/645
f 639/639/639 645/645/645 646/646/646
f 638/638/638 637/637/637 644/644/644
f 638/638/638 644/644/644 645/645/645
f 640/640/640 457/457/457 459/459/459
f 640/640/640 459/459/459 647/647/647
f 642/642/642 641/641/641 648/648/648
f 642/642/642 648/648/648 649/649/649
f 643/643/643 642/642/642 649/649/649
f 643/643/643 649/649/649 650/650/650
f 644/644/644 643/643/643 650/650/650
f 644/644/644 650/650/650 651/651/651
f 646/646/646 645/645/645 652/652/652
f 646/646/646 652/652/652 653/653/653
f 645/645/645 644/644/644 651/651/651
f 645/645/645 651/651/651 652/652/652
f 647/647/647 459/459/459 461/461/461
f 647/647/647 461/461/461 654/654/654
f 649/649/649 648/648/648 655/655/655
f 649/649/649 655/655/655 656/656/656
f 650/650/650 649/649/649 656/656/656
f 650/650/650 656/656/656 657/657/657
f 651/651/651 650/650/650 657/657/657
f 651/651/651 657/657/657 658/658/658
f 653/653/653 652/652/652 659/659/659
f 653/653/653 659/659/659 660/660/660
f 652/652/652 651/651/651 658/658/658
f 652/652/652 658/658/658 659/659/659
f 654/654/654 461/461/461 463/463/463
f 654/654/654 463/463/463 661/661/661
f 656/656/656 655/655/655 662/662/662
f 656/656/656 662/662/662 663/663/663
f 657/657/657 656/656/656 663/663/663
f 657/657/657 663/663/663 664/664/664
f 658/658/658 657/657/657 664/664/664
f 658/658/658 664/664/664 665/665/665
f 660/660/660 659/659/659 666/666/666
f 660/660/660 666/666/666 667/667/667
f 659/659/659 658/658/658 665/665/665
f 659/659/659 665/665/665 666/666/666
f 668/668/668 466/466/466 465/465/465
f 668/668/668 465/465/465 669/669/669
f 670/670/670 668/668/668 669/669/669
f 670/670/670 669/669/669 671/671/671
f 664/664/664 663/663/663 672/672/672
f 664/664/664 672/672/672 673/673/673
f 665/665/665 664/664/664 673/673/673
f 665/665/665 673/673/673 674/674/674
f 667/667/667 666/666/666 675/675/675
f 667/667/667 675/675/675 676/676/676
f 666/666/666 665/665/665 674/674/674
f 666/666/666 674/674/674 675/675/675
f 669/669/669 465/465/465 469/469/469
f 669/669/669 469/469/469 677/677/677
f 671/671/671 669/669/669 677/677/677
f 671/671/671 677/677/677 678/678/678
f 679/679/679 671/671/671 678/678/678
f 679/679/679 678/678/678 680/680/680
f 674/674/674 673/673/673 681/681/681
f 674/674/674 681/681/681 682/682/682
f 676/676/676 675/675/675 683/683/683
f 676/676/676 683/683/683 684/684/684
f 675/675/675 674/674/674 682/682/682
f 675/675/675 682/682/682 683/683/683
f 677/677/677 469/469/469 471/471/471
f 677/677/677 471/471/471 685/685/685
f 678/678/678 677/677/677 685/685/685
f 678/678/678 685/685/685 686/686/686
f 680/680/680 678/678/678 686/686/686
f 680/680/680 686/686/686 687/687/687
f 682/682/682 681/681/681 688/688/688
f 682/682/682 688/688/688 689/689/689
f 684/684/684 683/683/683 690/690/690
f 684/684/684 690/690/690 691/691/691
f 683/683/683 682/682/682 689/689/689
f 683/683/683 689/689/689 690/690/690
f 685/685/685 471/471/471 473/473/473
f 685/685/685 473/473/473 692/692/692
f 686/686/686 685/685/685 692/692/692
f 686/686/686 692/692/692 693/693/693
f 687/687/687 686/686/686 693/693/693
f 687/687/687 693/693/693 694/694/694
f 689/689/689 688/688/688 695/695/695
f 689/689/689 695/695/695 696/696/696
f 691/691/691 690/690/690 697/697/697
f 691/691/691 697/697/697 698/698/698
f 690/690/690 689/689/689 696/696/696
f 690/690/690 696/696/696 697/697/697
f 391/391/391 390/390/390 692/692/692
f 391/391/391 692/692/692 473/473/473
f 390/390/390 393/393/393 693/693/693
f 390/390/390 693/693/693 692/692/692
f 393/393/393 395/395/395 694/694/694
f 393/393/393 694/694/694 693/693/693
f 395/395/395 397/397/397 699/699/699
f 395/395/395 699/699/699 694/694/694
f 401/401/401 400/400/400 697/697/697
f 401/401/401 697/697/697 696/696/696
f 400/400/400 403/403/403 698/698/698
f 400/400/400 698/698/698 697/697/697
f 700/700/700 701/701/701 702/702/702
f 700/700/700 702/702/702 703/703/703
f 704/704/704 705/705/705 706/706/706
f 704/704/704 706/706/706 707/707/707
f 708/708/708 709/709/709 700/700/700
f 708/708/708 700/700/700 703/703/703
f 710/710/710 708/708/708 703/703/703
f 710/710/710 703/703/703 711/711/711
f 712/712/712 710/710/710 711/711/711
f 712/712/712 711/711/711 713/713/713
f 714/714/714 715/715/715 716/716/716
f 714/714/714 716/716/716 717/717/717
f 718/718/718 714/714/714 717/717/717
f 718/718/718 717/717/717 719/719/719
f 720/720/720 718/718/718 719/719/719
f 720/720/720 719/719/719 721/721/721
f 722/722/722 720/720/720 721/721/721
f 722/722/722 721/721/721 723/723/723
f 724/724/724 722/722/722 723/723/723
f 724/724/724 723/723/723 725/725/725
f 726/726/726 724/724/724 725/725/725
f 726/726/726 725/725/725 727/727/727
f 728/728/728 726/726/726 727/727/727
f 728/728/728 727/727/727 729/729/729
f 730/730/730 728/728/728 729/729/729
f 730/730/730 729/729/729 731/731/731
f 732/732/732 733/733/733 734/734/734
f 732/732/732 734/734/734 735/735/735
f 736/736/736 732/732/732 735/735/735
f 736/736/736 735/735/735 737/737/737
f 738/738/738 736/736/736 737/737/737
f 738/738/738 737/737/737 739/739/739
f 740/740/740 738/738/738 739/739/739
f 740/740/740 739/739/739 741/741/741
f 742/742/742 740/740/740 741/741/741
f 742/742/742 741/741/741 743/743/743
f 744/744/744 742/742/742 743/743/743
f 744/744/744 743/743/743 745/745/745
f 746/746/746 744/744/744 745/745/745
f 746/746/746 745/745/745 747/747/747
f 748/748/748 746/746/746 747/747/747
f 748/748/748 747/747/747 749/749/749
f 750/750/750 751/751/751 752/752/752
f 750/750/750 752/752/752 753/753/753
f 754/754/754 750/750/750 753/753/753
f 754/754/754 753/753/753 755/755/755
f 756/756/756 754/754/754 755/755/755
f 756/756/756 755/755/755 757/757/757
f 758/758/758 756/756/756 757/757/757
f 758/758/758 757/757/757 759/759/759
f 760/760/760 758/758/758 759/759/759
f 760/760/760 759/759/759 761/761/761
f 762/762/762 760/760/760 761/761/761
f 762/762/762 761/761/761 763/763/763
f 764/764/764 762/762/762 763/763/763
f 764/764/764 763/763/763 765/765/765
f 766/766/766 764/764/764 765/765/765
f 766/766/766 765/765/765 767/767/767
f 768/768/768 769/769/769 770/770/770
f 768/768/768 770/770/770 771/771/771
f 772/772/772 768/768/768 771/771/771
f 772/772/772 771/771/771 773/773/773
f 774/774/774 772/772/772 773/773/773
f 774/774/774 773/773/773 775/775/775
f 776/776/776 774/774/774 775/775/775
f 776/776/776 775/775/775 777/777/777
f 709/709/709 776/776/776 777/777/777
f 709/709/709 777/777/777 700/700/700
f 778/778/778 707/707/707 779/779/779
f 778/778/778 779/779/779 780/780/780
f 707/707/707 706/706/706 781/781/781
f 707/707/707 781/781/781 779/779/779
f 780/780/780 779/779/779 782/782/782
f 780/780/780 782/782/782 716/716/716
f 779/779/779 781/781/781 783/783/783
f 779/779/779 783/783/783 782/782/782
f 716/716/716 782/782/782 784/784/784
f 716/716/716 784/784/784 717/717/717
f 782/782/782 783/783/783 785/785/785
f 782/782/782 785/785/785 784/784/784
f 717/717/717 784/784/784 786/786/786
f 717/717/717 786/786/786 719/719/719
f 784/784/784 785/785/785 787/787/787
f 784/784/784 787/787/787 786/786/786
f 719/719/719 786/786/786 788/788/788
f 719/719/719 788/788/788 721/721/721
f 786/786/786 787/787/787 789/789/789
f 786/786/786 789/789/789 788/788/788
f 721/721/721 788/788/788 790/790/790
f 721/721/721 790/790/790 723/723/723
f 788/788/788 789/789/789 791/791/791
f 788/788/788 791/791/791 790/790/790
f 723/723/723 790/790/790 792/792/792
f 723/723/723 792/792/792 725/725/725
f 790/790/790 791/791/791 793/793/793
f 790/790/790 793/793/793 792/792/792
f 725/725/725 792/792/792 794/794/794
f 725/725/725 794/794/794 727/727/727
f 792/792/792 793/793/793 795/795/795
f 792/792/792 795/795/795 794/794/794
f 727/727/727 794/794/794 796/796/796
f 727/727/727 796/796/796 729/729/729
f 794/794/794 795/795/795 797/797/797
f 794/794/794 797/797/797 796/796/796
f 729/729/729 796/796/796 798/798/798
f 729/729/729 798/798/798 731/731/731
f 796/796/796 797/797/797 799/799/799
f 796/796/796 799/799/799 798/798/798
f 731/731/731 798/798/798 800/800/800
f 731/731/731 800/800/800 801/801/801
f 798/798/798 799/799/799 802/802/802
f 798/798/798 802/802/802 800/800/800
f 801/801/801 800/800/800 803/803/803
f 801/801/801 803/803/803 804/804/804
f 800/800/800 802/802/802 805/805/805
f 800/800/800 805/805/805 803/803/803
f 737/737/737 806/806/806 807/807/807
f 737/737/737 807/807/807 739/739/739
f 803/803/803 805/805/805 808/808/808
f 803/803/803 808/808/808 809/809/809
f 739/739/739 807/807/807 810/810/810
f 739/739/739 810/810/810 741/741/741
f 809/809/809 808/808/808 811/811/811
f 809/809/809 811/811/811 812/812/812
f 741/741/741 810/810/810 813/813/813
f 741/741/741 813/813/813 743/743/743
f 812/812/812 811/811/811 814/814/814
f 812/812/812 814/814/814 815/815/815
f 743/743/743 813/813/813 816/816/816
f 743/743/743 816/816/816 745/745/745
f 815/815/815 814/814/814 817/817/817
f 815/815/815 817/817/817 818/818/818
f 819/819/819 818/818/818 820/820/820
f 819/819/819 820/820/820 821/821/821
f 818/818/818 817/817/817 822/822/822
f 818/818/818 822/822/822 820/820/820
f 821/821/821 820/820/820 823/823/823
f 821/821/821 823/823/823 752/752/752
f 820/820/820 822/822/822 824/824/824
f 820/820/820 824/824/824 823/823/823
f 752/752/752 823/823/823 825/825/825
f 752/752/752 825/825/825 753/753/753
f 823/823/823 824/824/824 826/826/826
f 823/823/823 826/826/826 825/825/825
f 753/753/753 825/825/825 827/827/827
f 753/753/753 827/827/827 755/755/755
f 825/825/825 826/826/826 828/828/828
f 825/825/825 828/828/828 827/827/827
f 755/755/755 827/827/827 829/829/829
f 755/755/755 829/829/829 757/757/757
f 827/827/827 828/828/828 830/830/830
f 827/827/827 830/830/830 829/829/829
f 757/757/757 829/829/829 831/831/831
f 757/757/757 831/831/831 759/759/759
f 829/829/829 830/830/830 832/832/832
f 829/829/829 832/832/832 831/831/831
f 759/759/759 831/831/831 833/833/833
f 759/759/759 833/833/833 761/761/761
f 831/831/831 832/832/832 834/834/834
f 831/831/831 834/834/834 833/833/833
f 761/761/761 833/833/833 835/835/835
f 761/761/761 835/835/835 763/763/763
f 833/833/833 834/834/834 836/836/836
f 833/833/833 836/836/836 835/835/835
f 763/763/763 835/835/835 837/837/837
f 763/763/763 837/837/837 765/765/765
f 835/835/835 836/836/836 838/838/838
f 835/835/835 838/838/838 837/837/837
f 765/765/765 837/837/837 839/839/839
f 765/765/765 839/839/839 767/767/767
f 837/837/837 838/838/838 840/840/840
f 837/837/837 840/840/840 839/839/839
f 767/767/767 839/839/839 841/841/841
f 767/767/767 841/841/841 842/842/842
f 839/839/839 840/840/840 843/843/843
f 839/839/839 843/843/843 841/841/841
f 842/842/842 841/841/841 844/844/844
f 842/842/842 844/844/844 845/845/845
f 841/841/841 843/843/843 846/846/846
f 841/841/841 846/846/846 844/844/844
f 773/773/773 847/847/847 848/848/848
f 773/773/773 848/848/848 775/775/775
f 844/844/844 846/846/846 849/849/849
f 844/844/844 849/849/849 850/850/850
f 775/775/775 848/848/848 851/851/851
f 775/775/775 851/851/851 777/777/777
f 850/850/850 849/849/849 852/852/852
f 850/850/850 852/852/852 853/853/853
f 705/705/705 704/704/704 853/853/853
f 705/705/705 853/853/853 852/852/852
f 701/701/701 700/700/700 777/777/777
f 701/701/701 777/777/777 851/851/851
f 115/115/115 854/854/854 855/855/855
f 115/115/115 855/855/855 117/117/117
f 856/856/856 857/857/857 858/858/858
f 856/856/856 858/858/858 859/859/859
f 125/125/125 860/860/860 861/861/861
f 125/125/125 861/861/861 127/127/127
f 862/862/862 863/863/863 864/864/864
f 862/862/862 864/864/864 865/865/865
f 135/135/135 866/866/866 867/867/867
f 135/135/135 867/867/867 137/137/137
f 868/868/868 869/869/869 870/870/870
f 868/868/868 870/870/870 871/871/871
f 872/872/872 873/873/873 874/874/874
f 872/872/872 874/874/874 875/875/875
f 876/876/876 107/107/107 145/145/145
f 876/876/876 145/145/145 877/877/877
f 878/878/878 858/858/858 857/857/857
f 878/878/878 857/857/857 879/879/879
f 880/880/880 864/864/864 863/863/863
f 880/880/880 863/863/863 881/881/881
f 882/882/882 870/870/870 869/869/869
f 882/882/882 869/869/869 883/883/883
f 884/884/884 872/872/872 875/875/875
f 884/884/884 875/875/875 885/885/885
f 857/857/857 886/886/886 887/887/887
f 857/857/857 887/887/887 879/879/879
f 886/886/886 888/888/888 889/889/889
f 886/886/886 889/889/889 887/887/887
f 888/888/888 890/890/890 891/891/891
f 888/888/888 891/891/891 889/889/889
f 890/890/890 892/892/892 893/893/893
f 890/890/890 893/893/893 891/891/891
f 892/892/892 894/894/894 895/895/895
f 892/892/892 895/895/895 893/893/893
f 896/896/896 897/897/897 898/898/898
f 896/896/896 898/898/898 899/899/899
f 897/897/897 900/900/900 901/901/901
f 897/897/897 901/901/901 898/898/898
f 900/900/900 872/872/872 884/884/884
f 900/900/900 884/884/884 901/901/901
f 863/863/863 902/902/902 903/903/903
f 863/863/863 903/903/903 881/881/881
f 902/902/902 904/904/904 905/905/905
f 902/902/902 905/905/905 903/903/903
f 904/904/904 906/906/906 907/907/907
f 904/904/904 907/907/907 905/905/905
f 908/908/908 909/909/909 910/910/910
f 908/908/908 910/910/910 911/911/911
f 909/909/909 912/912/912 913/913/913
f 909/909/909 913/913/913 910/910/910
f 912/912/912 914/914/914 915/915/915
f 912/912/912 915/915/915 913/913/913
f 914/914/914 916/916/916 917/917/917
f 914/914/914 917/917/917 915/915/915
f 916/916/916 858/858/858 878/878/878
f 916/916/916 878/878/878 917/917/917
f 869/869/869 918/918/918 919/919/919
f 869/869/869 919/919/919 883/883/883
f 918/918/918 920/920/920 921/921/921
f 918/918/918 921/921/921 919/919/919
f 920/920/920 922/922/922 923/923/923
f 920/920/920 923/923/923 921/921/921
f 922/922/922 924/924/924 925/925/925
f 922/922/922 925/925/925 923/923/923
f 924/924/924 926/926/926 927/927/927
f 924/924/924 927/927/927 925/925/925
f 928/928/928 929/929/929 930/930/930
f 928/928/928 930/930/930 931/931/931
f 929/929/929 932/932/932 933/933/933
f 929/929/929 933/933/933 930/930/930
f 932/932/932 864/864/864 880/880/880
f 932/932/932 880/880/880 933/933/933
f 875/875/875 934/934/934 935/935/935
f 875/875/875 935/935/935 885/885/885
f 934/934/934 936/936/936 937/937/937
f 934/934/934 937/937/937 935/935/935
f 936/936/936 938/938/938 939/939/939
f 936/936/936 939/939/939 937/937/937
f 940/940/940 941/941/941 942/942/942
f 940/940/940 942/942/942 943/943/943
f 941/941/941 944/944/944 945/945/945
f 941/941/941 945/945/945 942/942/942
f 944/944/944 946/946/946 947/947/947
f 944/944/944 947/947/947 945/945/945
f 946/946/946 948/948/948 949/949/949
f 946/946/946 949/949/949 947/947/947
f 948/948/948 870/870/870 882/882/882
f 948/948/948 882/882/882 949/949/949
f 857/857/857 856/856/856 950/950/950
f 857/857/857 950/950/950 886/886/886
f 854/854/854 115/115/115 114/114/114
f 854/854/854 114/114/114 951/951/951
f 863/863/863 862/862/862 952/952/952
f 863/863/863 952/952/952 902/902/902
f 860/860/860 125/125/125 124/124/124
f 860/860/860 124/124/124 953/953/953
f 869/869/869 868/868/868 954/954/954
f 869/869/869 954/954/954 918/918/918
f 866/866/866 135/135/135 134/134/134
f 866/866/866 134/134/134 955/955/955
f 875/875/875 874/874/874 956/956/956
f 875/875/875 956/956/956 934/934/934
f 877/877/877 145/145/145 144/144/144
f 877/877/877 144/144/144 957/957/957
f 886/886/886 950/950/950 958/958/958
f 886/886/886 958/958/958 888/888/888
f 951/951/951 114/114/114 113/113/113
f 951/951/951 113/113/113 959/959/959
f 888/888/888 958/958/958 960/960/960
f 888/888/888 960/960/960 890/890/890
f 959/959/959 113/113/113 112/112/112
f 959/959/959 112/112/112 961/961/961
f 890/890/890 960/960/960 962/962/962
f 890/890/890 962/962/962 892/892/892
f 961/961/961 112/112/112 111/111/111
f 961/961/961 111/111/111 963/963/963
f 892/892/892 962/962/962 964/964/964
f 892/892/892 964/964/964 894/894/894
f 963/963/963 111/111/111 110/110/110
f 963/963/963 110/110/110 965/965/965
f 896/896/896 966/966/966 967/967/967
f 896/896/896 967/967/967 897/897/897
f 965/965/965 110/110/110 109/109/109
f 965/965/965 109/109/109 968/968/968
f 897/897/897 967/967/967 969/969/969
f 897/897/897 969/969/969 900/900/900
f 968/968/968 109/109/109 108/108/108
f 968/968/968 108/108/108 970/970/970
f 107/107/107 876/876/876 970/970/970
f 107/107/107 970/970/970 108/108/108
f 873/873/873 872/872/872 900/900/900
f 873/873/873 900/900/900 969/969/969
f 902/902/902 952/952/952 971/971/971
f 902/902/902 971/971/971 904/904/904
f 953/953/953 124/124/124 123/123/123
f 953/953/953 123/123/123 972/972/972
f 904/904/904 971/971/971 973/973/973
f 904/904/904 973/973/973 906/906/906
f 972/972/972 123/123/123 122/122/122
f 972/972/972 122/122/122 974/974/974
f 908/908/908 975/975/975 976/976/976
f 908/908/908 976/976/976 909/909/909
f 974/974/974 122/122/122 121/121/121
f 974/974/974 121/121/121 977/977/977
f 909/909/909 976/976/976 978/978/978
f 909/909/909 978/978/978 912/912/912
f 977/977/977 121/121/121 120/120/120
f 977/977/977 120/120/120 979/979/979
f 912/912/912 978/978/978 980/980/980
f 912/912/912 980/980/980 914/914/914
f 979/979/979 120/120/120 119/119/119
f 979/979/979 119/119/119 981/981/981
f 914/914/914 980/980/980 982/982/982
f 914/914/914 982/982/982 916/916/916
f 981/981/981 119/119/119 118/118/118
f 981/981/981 118/118/118 983/983/983
f 117/117/117 855/855/855 983/983/983
f 117/117/117 983/983/983 118/118/118
f 859/859/859 858/858/858 916/916/916
f 859/859/859 916/916/916 982/982/982
f 918/918/918 954/954/954 984/984/984
f 918/918/918 984/984/984 920/920/920
f 955/955/955 134/134/134 133/133/133
f 955/955/955 133/133/133 985/985/985
f 920/920/920 984/984/984 986/986/986
f 920/920/920 986/986/986 922/922/922
f 985/985/985 133/133/133 132/132/132
f 985/985/985 132/132/132 987/987/987
f 922/922/922 986/986/986 988/988/988
f 922/922/922 988/988/988 924/924/924
f 987/987/987 132/132/132 131/131/131
f 987/987/987 131/131/131 989/989/989
f 924/924/924 988/988/988 990/990/990
f 924/924/924 990/990/990 926/926/926
f 989/989/989 131/131/131 130/130/130
f 989/989/989 130/130/130 991/991/991
f 928/928/928 992/992/992 993/993/993
f 928/928/928 993/993/993 929/929/929
f 991/991/991 130/130/130 129/129/129
f 991/991/991 129/129/129 994/994/994
f 929/929/929 993/993/993 995/995/995
f 929/929/929 995/995/995 932/932/932
f 994/994/994 129/129/129 128/128/128
f 994/994/994 128/128/128 996/996/996
f 127/127/127 861/861/861 996/996/996
f 127/127/127 996/996/996 128/128/128
f 865/865/865 864/864/864 932/932/932
f 865/865/865 932/932/932 995/995/995
f 934/934/934 956/956/956 997/997/997
f 934/934/934 997/997/997 936/936/936
f 957/957/957 144/144/144 143/143/143
f 957/957/957 143/143/143 998/998/998
f 936/936/936 997/997/997 999/999/999
f 936/936/936 999/999/999 938/938/938
f 998/998/998 143/143/143 142/142/142
f 998/998/998 142/142/142 1000/1000/1000
f 940/940/940 1001/1001/1001 1002/1002/1002
f 940/940/940 1002/1002/1002 941/941/941
f 1000/1000/1000 142/142/142 141/141/141
f 1000/1000/1000 141/141/141 1003/1003/1003
f 941/941/941 1002/1002/1002 1004/1004/1004
f 941/941/941 1004/1004/1004 944/944/944
f 1003/1003/1003 141/141/141 140/140/140
f 1003/1003/1003 140/140/140 1005/1005/1005
f 944/944/944 1004/1004/1004 1006/1006/1006
f 944/944/944 1006/1006/1006 946/946/946
f 1005/1005/1005 140/140/140 139/139/139
f 1005/1005/1005 139/139/139 1007/1007/1007
f 946/946/946 1006/1006/1006 1008/1008/1008
f 946/946/946 1008/1008/1008 948/948/948
f 1007/1007/1007 139/139/139 138/138/138
f 1007/1007/1007 138/138/138 1009/1009/1009
f 137/137/137 867/867/867 1009/1009/1009
f 137/137/137 1009/1009/1009 138/138/138
f 871/871/871 870/870/870 948/948/948
f 871/871/871 948/948/948 1008/1008/1008
f 1010/1010/1010 1011/1011/1011 1012/1012/1012
f 1010/1010/1010 1012/1012/1012 1013/1013/1013
f 1011/1011/1011 1014/1014/1014 1015/1015/1015
f 1011/1011/1011 1015/1015/1015 1012/1012/1012
f 1014/1014/1014 1016/1016/1016 1017/1017/1017
f 1014/1014/1014 1017/1017/1017 1015/1015/1015
f 1016/1016/1016 1018/1018/1018 1019/1019/1019
f 1016/1016/1016 1019/1019/1019 1017/1017/1017
f 1020/1020/1020 1021/1021/1021 1022/1022/1022
f 1020/1020/1020 1022/1022/1022 1023/1023/1023
f 1021/1021/1021 1024/1024/1024 1025/1025/1025
f 1021/1021/1021 1025/1025/1025 1022/1022/1022
f 1024/1024/1024 1026/1026/1026 1027/1027/1027
f 1024/1024/1024 1027/1027/1027 1025/1025/1025
f 1026/1026/1026 1028/1028/1028 1029/1029/1029
f 1026/1026/1026 1029/1029/1029 1027/1027/1027
f 1028/1028/1028 1030/1030/1030 1031/1031/1031
f 1028/1028/1028 1031/1031/1031 1029/1029/1029
f 1030/1030/1030 1032/1032/1032 1033/1033/1033
f 1030/1030/1030 1033/1033/1033 1031/1031/1031
f 1034/1034/1034 1035/1035/1035 1036/1036/1036
f 1034/1034/1034 1036/1036/1036 1037/1037/1037
f 1035/1035/1035 1038/1038/1038 1039/1039/1039
f 1035/1035/1035 1039/1039/1039 1036/1036/1036
f 1038/1038/1038 1040/1040/1040 1041/1041/1041
f 1038/1038/1038 1041/1041/1041 1039/1039/1039
f 1040/1040/1040 1042/1042/1042 1043/1043/1043
f 1040/1040/1040 1043/1043/1043 1041/1041/1041
f 1042/1042/1042 1044/1044/1044 1045/1045/1045
f 1042/1042/1042 1045/1045/1045 1043/1043/1043
f 1044/1044/1044 1046/1046/1046 1047/1047/1047
f 1044/1044/1044 1047/1047/1047 1045/1045/1045
f 1046/1046/1046 1048/1048/1048 1049/1049/1049
f 1046/1046/1046 1049/1049/1049 1047/1047/1047
f 1048/1048/1048 1050/1050/1050 1051/1051/1051
f 1048/1048/1048 1051/1051/1051 1049/1049/1049
f 1050/1050/1050 1052/1052/1052 1053/1053/1053
f 1050/1050/1050 1053/1053/1053 1051/1051/1051
f 1052/1052/1052 1054/1054/1054 1055/1055/1055
f 1052/1052/1052 1055/1055/1055 1053/1053/1053
f 1056/1056/1056 1057/1057/1057 1058/1058/1058
f 1056/1056/1056 1058/1058/1058 1059/1059/1059
f 1057/1057/1057 1060/1060/1060 1061/1061/1061
f 1057/1057/1057 1061/1061/1061 1058/1058/1058
f 1060/1060/1060 1062/1062/1062 1063/1063/1063
f 1060/1060/1060 1063/1063/1063 1061/1061/1061
f 1062/1062/1062 1064/1064/1064 1065/1065/1065
f 1062/1062/1062 1065/1065/1065 1063/1063/1063
f 1064/1064/1064 1066/1066/1066 1067/1067/1067
f 1064/1064/1064 1067/1067/1067 1065/1065/1065
f 1066/1066/1066 1068/1068/1068 1069/1069/1069
f 1066/1066/1066 1069/1069/1069 1067/1067/1067
f 1070/1070/1070 1071/1071/1071 1072/1072/1072
f 1070/1070/1070 1072/1072/1072 1073/1073/1073
f 1071/1071/1071 1074/1074/1074 1075/1075/1075
f 1071/1071/1071 1075/1075/1075 1072/1072/1072
f 1074/1074/1074 1076/1076/1076 1077/1077/1077
f 1074/1074/1074 1077/1077/1077 1075/1075/1075
f 1076/1076/1076 1078/1078/1078 1079/1079/1079
f 1076/1076/1076 1079/1079/1079 1077/1077/1077
f 1078/1078/1078 1080/1080/1080 1081/1081/1081
f 1078/1078/1078 1081/1081/1081 1079/1079/1079
f 1080/1080/1080 1010/1010/1010 1013/1013/1013
f 1080/1080/1080 1013/1013/1013 1081/1081/1081
f 533/533/533 519/519/519 526/526/526
f 519/519/519 533/533/533 512/512/512
f 512/512/512 533/533/533 540/540/540
f 512/512/512 540/540/540 503/503/503
f 503/503/503 540/540/540 547/547/547
f 503/503/503 547/547/547 495/495/495
f 495/495/495 547/547/547 556/556/556
f 495/495/495 556/556/556 488/488/488
f 488/488/488 556/556/556 564/564/564
f 488/488/488 564/564/564 481/481/481
f 481/481/481 564/564/564 571/571/571
f 481/481/481 571/571/571 402/402/402
f 402/402/402 571/571/571 578/578/578
f 402/402/402 578/578/578 585/585/585
f 402/402/402 585/585/585 403/403/403
f 403/403/403 585/585/585 592/592/592
f 403/403/403 592/592/592 698/698/698
f 698/698/698 592/592/592 601/601/601
f 698/698/698 601/601/601 691/691/691
f 691/691/691 601/601/601 684/684/684
f 684/684/684 601/601/601 608/608/608
f 684/684/684 608/608/608 676/676/676
f 676/676/676 608/608/608 615/615/615
f 676/676/676 615/615/615 667/667/667
f 667/667/667 615/615/615 623/623/623
f 667/667/667 623/623/623 660/660/660
f 660/660/660 623/623/623 632/632/632
f 660/660/660 632/632/632 653/653/653
f 653/653/653 632/632/632 639/639/639
f 653/653/653 639/639/639 646/646/646
f 783/783/783 117/117/117 116/116/116
f 117/117/117 783/783/783 781/781/781
f 117/117/117 781/781/781 706/706/706
f 117/117/117 706/706/706 705/705/705
f 117/117/117 705/705/705 115/115/115
f 115/115/115 705/705/705 852/852/852
f 115/115/115 852/852/852 849/849/849
f 115/115/115 849/849/849 846/846/846
f 115/115/115 846/846/846 843/843/843
f 115/115/115 843/843/843 840/840/840
f 115/115/115 840/840/840 106/106/106
f 127/127/127 116/116/116 125/125/125
f 116/116/116 127/127/127 126/126/126
f 116/116/116 126/126/126 793/793/793
f 793/793/793 126/126/126 795/795/795
f 795/795/795 126/126/126 797/797/797
f 797/797/797 126/126/126 799/799/799
f 116/116/116 793/793/793 791/791/791
f 116/116/116 785/785/785 783/783/783
f 785/785/785 116/116/116 787/787/787
f 787/787/787 116/116/116 789/789/789
f 789/789/789 116/116/116 791/791/791
f 135/135/135 799/799/799 126/126/126
f 799/799/799 135/135/135 802/802/802
f 802/802/802 135/135/135 805/805/805
f 805/805/805 135/135/135 808/808/808
f 808/808/808 135/135/135 137/137/137
f 808/808/808 137/137/137 811/811/811
f 811/811/811 137/137/137 814/814/814
f 814/814/814 137/137/137 817/817/817
f 817/817/817 137/137/137 822/822/822
f 822/822/822 137/137/137 824/824/824
f 824/824/824 137/137/137 136/136/136
f 136/136/136 826/826/826 824/824/824
f 826/826/826 136/136/136 828/828/828
f 828/828/828 136/136/136 830/830/830
f 830/830/830 136/136/136 832/832/832
f 838/838/838 106/106/106 840/840/840
f 106/106/106 838/838/838 836/836/836
f 106/106/106 836/836/836 834/834/834
f 106/106/106 834/834/834 832/832/832
f 106/106/106 832/832/832 136/136/136
f 106/106/106 136/136/136 145/145/145
f 106/106/106 145/145/145 107/107/107
