o defaultMaterial
usemtl cone
v 1.7084000632166862 0.5000008358820364 7.284100295573546
v 3.857799991965294 0.500001141162826 9.909299702912659
v 7.735200226306915 0.5000011415001224 9.912200213939041
v 3.2005999237298965 0.5000007822264368 6.8226999953091845
v 6.93340003490448 0.49999963795814195 -3.0172000289261254
v 9.891100227832794 0.499999388344622 -5.163700191706424
v 9.892299771308899 0.4999990862384733 -7.761599926680348
v 6.249099969863892 0.49999948915521925 -4.296800179809331
v -3.857799991965294 0.4999988364854384 -9.909299819201266
v -7.735200226306915 0.499998836148142 -9.912200330227648
v -3.2005999237298965 0.4999991954218276 -6.822700111597792
v -1.7084000632166862 0.49999914176622806 -7.284100411862153
v -9.892299771308899 0.4999990862384733 -7.761599926680348
v -9.891100227832794 0.499999388344622 -5.163700191706424
v -6.93340003490448 0.49999963795814195 -3.0172000289261254
v -6.249099969863892 0.49999948915521925 -4.296800179809331
v 9.603899717330933 0.4999989608212246 -8.840099780291347
v 5.404600128531456 0.49999936900583325 -5.330000130862004
v -9.713800251483917 0.09689895991729165 -8.931999664846225
v -9.713800251483917 0.38489895846256755 -8.931999698337345
v -8.931999653577805 0.38489886754806285 -9.713800296243463
v -8.931999653577805 0.09689886900278694 -9.713800262752343
v 9.713800251483917 0.38489895846256755 -8.931999698337345
v 9.713800251483917 0.09689895991729165 -8.931999664846225
v 8.931999653577805 0.09689886900278694 -9.713800262752343
v 8.931999653577805 0.38489886754806285 -9.713800296243463
v 9.603899717330933 0.4999989608212246 -8.840099780291347
v 8.817200362682343 0.49999886952298345 -9.625200240343842
v 4.366999864578247 0.4999992690674153 -6.189400015801203
v 5.404600128531456 0.49999936900583325 -5.330000130862004
v 3.869500011205673 -0.0000011540016092421463 -9.923599660396638
v 7.755599915981293 -0.0000011542923790089134 -9.926100075244966
v 2.6788000017404556 -7.520617058515712e-7 -6.467200070619624
v 1.3655999675393105 -7.983794409070624e-7 -6.865499913692517
v 9.892299771308899 0.5000008914097912 7.761599810391741
v 9.891100227832794 0.5000005893036424 5.163700075417816
v 6.93340003490448 0.5000003396784908 3.0170998885930045
v 6.249099969863892 0.5000004884930451 4.296800063520724
v -8.817200362682343 0.49999886952298345 -9.625200240343842
v -4.366999864578247 0.4999992690674153 -6.189400015801203
v 9.713800251483917 0.09690103729693748 8.931999642309494
v 9.713800251483917 0.3849010358422134 8.931999608818375
v 8.931999653577805 0.3849011267567181 9.713800206724493
v 8.931999653577805 0.0969011282114422 9.713800240215612
v -9.713800251483917 0.3849010358422134 8.931999608818375
v -9.713800251483917 0.09690103729693748 8.931999642309494
v -8.931999653577805 0.0969011282114422 9.713800240215612
v -8.931999653577805 0.3849011267567181 9.713800206724493
v -9.603899717330933 0.5000010168270399 8.84009966400274
v -8.817200362682343 0.500001108125281 9.625200124055235
v -4.366999864578247 0.5000007085808491 6.189399899512596
v -5.404600128531456 0.5000006086424312 5.330000014573397
v -3.869500011205673 0.0000011540016092421463 9.923599660396638
v -7.755599915981293 0.0000011542923790089134 9.926100075244966
v -2.6788000017404556 7.520617058515712e-7 6.467200070619624
v -1.3655999675393105 7.983794409070624e-7 6.865499913692517
v -9.891100227832794 0.5000005893036424 5.163700075417816
v -9.892299771308899 0.5000008914097912 7.761599810391741
v -6.249099969863892 0.5000004884930451 4.296800063520724
v -6.93340003490448 0.5000003396901225 3.017199912637518
v 7.735200226306915 0.499998836148142 -9.912200330227648
v 3.857799991965294 0.4999988364854384 -9.909299819201266
v 1.7084000632166862 0.49999914176622806 -7.284100411862153
v 3.2005999237298965 0.4999991954218276 -6.822700111597792
v 0 0.5000008558836346 7.456099928885772
v 0 0.5000011410581627 9.90839967277655
v 3.857799991965294 0.500001141162826 9.909299702912659
v 1.7084000632166862 0.5000008358820364 7.284100295573546
v 3.857799991965294 0.4999988364854384 -9.909299819201266
v 0 0.49999883659010164 -9.908399789065157
v 0 0.4999991217646298 -7.456100045174379
v 1.7084000632166862 0.49999914176622806 -7.284100411862153
v -7.735200226306915 0.5000011415001224 9.912200213939041
v -3.857799991965294 0.500001141162826 9.909299702912659
v -1.7084000632166862 0.5000008358820364 7.284100295573546
v -3.2005999237298965 0.5000007822264368 6.8226999953091845
v -9.890499711036682 0.5000002885580294 2.5774999871552424
v -9.891100227832794 0.5000005893036424 5.163700075417816
v -6.93340003490448 0.5000003396901225 3.017199912637518
v -7.373999804258347 0.5000001713158428 1.5692999005020036
v -3.857799991965294 0.500001141162826 9.909299702912659
v 0 0.5000011410581627 9.90839967277655
v -1.7084000632166862 0.5000008358820364 7.284100295573546
v -7.864099740982056 0.38489883426627464 -10.00000019377116
v -7.864099740982056 0.09689883572099871 -10.00000016028004
v 7.373999804258347 0.49999980632078994 -1.5694000408351245
v 9.890499711036682 0.49999968909023507 -2.5775001034438496
v 9.891100227832794 0.499999388344622 -5.163700191706424
v 6.93340003490448 0.49999963795814195 -3.0172000289261254
v -9.891100227832794 0.499999388344622 -5.163700191706424
v -9.890499711036682 0.49999968909023507 -2.5775001034438496
v -7.373999804258347 0.4999998063324216 -1.5693000167906108
v -6.93340003490448 0.49999963795814195 -3.0172000289261254
v -9.890499711036682 0.49999968909023507 -2.5775001034438496
v -9.890300035476685 0.4999999888241322 -5.814430362671861e-8
v -7.529299706220627 0.4999999888241322 -5.814430362671861e-8
v -7.373999804258347 0.4999998063324216 -1.5693000167906108
v -9.890499711036682 0.5000002885580294 2.5774999871552424
v -7.373999804258347 0.5000001713158428 1.5692999005020036
v 7.864099740982056 0.38490116003850633 10.000000104252189
v 7.864099740982056 0.09690116149323043 10.000000137743308
v 6.93340003490448 0.5000003396784908 3.0170998885930045
v 9.891100227832794 0.5000005893036424 5.163700075417816
v 9.890499711036682 0.5000002885580294 2.5774999871552424
v 7.373999804258347 0.5000001713158428 1.5692999005020036
v 9.890300035476685 0.4999999888241322 -5.814430362671861e-8
v 7.529299706220627 0.4999999888241322 -5.814430362671861e-8
v 5.279700085520744 0.6921993991832485 -5.242100065975318
v 6.154799833893776 0.6921995234259815 -4.173700219421509
v 6.249099969863892 0.49999948915521925 -4.296800179809331
v 5.404600128531456 0.49999936900583325 -5.330000130862004
v 4.20910008251667 0.6922992740369309 -6.124600103537876
v 4.366999864578247 0.4999992690674153 -6.189400015801203
v 2.9962999746203423 0.6922991980772282 -6.7777999550507895
v 3.2005999237298965 0.4999991954218276 -6.822700111597792
v 6.833700090646744 0.6921996710892833 -2.903900003461952
v 6.93340003490448 0.49999963795814195 -3.0172000289261254
v 7.261499762535095 0.6921998347887522 -1.4962000645984272
v 7.373999804258347 0.49999980632078994 -1.5694000408351245
v 7.409200072288513 0.6922000087797685 -8.049497676101872e-8
v 7.529299706220627 0.4999999888241322 -5.814430362671861e-8
v 7.261499762535095 0.6922001827591531 1.4960998795639602
v 7.373999804258347 0.5000001713158428 1.5692999005020036
v 6.833700090646744 0.6922003464702537 2.9038998424719984
v 6.93340003490448 0.5000003396784908 3.0170998885930045
v 6.154799833893776 0.6922004941335556 4.173700058431555
v 6.249099969863892 0.5000004884930451 4.296800063520724
v 5.279700085520744 0.6922006183762885 5.2420999049853645
v 5.404600128531456 0.5000006086424312 5.330000014573397
v 4.20910008251667 0.692300698479376 6.12459994252467
v 4.366999864578247 0.5000007085808491 6.189399899512596
v 2.9962999746203423 0.6923007744390788 6.777799794037583
v 3.2005999237298965 0.5000007822264368 6.8226999953091845
v 1.566299982368946 0.6922008479299653 7.216099569172808
v 1.7084000632166862 0.5000008358820364 7.284100295573546
v 0 0.6922008660826283 7.372199663491199
v 0 0.5000008558836346 7.456099928885772
v -1.566299982368946 0.6922008479299653 7.216099569172808
v -1.7084000632166862 0.5000008358820364 7.284100295573546
v -2.9962999746203423 0.6923007744390788 6.777799794037583
v -3.2005999237298965 0.5000007822264368 6.8226999953091845
v -4.20910008251667 0.692300698479376 6.12459994252467
v -4.366999864578247 0.5000007085808491 6.189399899512596
v -5.279700085520744 0.6922006183762885 5.2420999049853645
v -5.404600128531456 0.5000006086424312 5.330000014573397
v -6.154799833893776 0.6922004941335556 4.173700058431555
v -6.249099969863892 0.5000004884930451 4.296800063520724
v -6.833700090646744 0.6922003464702537 2.9038998424719984
v -6.93340003490448 0.5000003396901225 3.017199912637518
v -7.261499762535095 0.6922001827591531 1.4960998795639602
v -7.373999804258347 0.5000001713158428 1.5692999005020036
v -7.409200072288513 0.6922000087797685 -8.049497676101872e-8
v -7.529299706220627 0.4999999888241322 -5.814430362671861e-8
v -7.261499762535095 0.6921998348003839 -1.4961000405539135
v -7.373999804258347 0.4999998063324216 -1.5693000167906108
v -6.833700090646744 0.6921996710892833 -2.903900003461952
v -6.93340003490448 0.49999963795814195 -3.0172000289261254
v -6.154799833893776 0.6921995234259815 -4.173700219421509
v -6.249099969863892 0.49999948915521925 -4.296800179809331
v -5.279700085520744 0.6921993991832485 -5.242100065975318
v -5.404600128531456 0.49999936900583325 -5.330000130862004
v -4.20910008251667 0.6922992740369309 -6.124600103537876
v -2.9962999746203423 0.6922991980772282 -6.7777999550507895
v -3.2005999237298965 0.4999991954218276 -6.822700111597792
v -4.366999864578247 0.4999992690674153 -6.189400015801203
v 3.9319999516010284 0.09689883572099871 -10.00000016028004
v 0 0.09689883572099871 -10.00000016028004
v 0 0.38489883426627464 -10.00000019377116
v 3.9319999516010284 0.38489883426627464 -10.00000019377116
v 1.5661999583244324 0.6921991696295717 -7.216099730162762
v 1.7084000632166862 0.49999914176622806 -7.284100411862153
v -4.949700087308884 -5.755937423408894e-7 -4.949700087308915
v -3.889000043272972 -6.768346026157434e-7 -5.8203000575304396
v -3.6375999450683594 -6.330868356239721e-7 -5.444100126624141
v -4.629800096154213 -5.383930170776248e-7 -4.629800096154242
v -1.1641999706625938 29.483300537925082 0.7778965575609613
v -0.9901000186800957 29.483300562601528 0.9900965901080789
v -0.9283999912440777 29.48159884281818 0.9283965628699503
v -1.0916000232100487 29.48159881967675 0.7293965842680166
v 2.6788000017404556 -7.520617058515712e-7 -6.467200070619624
v 3.889000043272972 -6.768346026157434e-7 -5.8203000575304396
v 3.6375999450683594 -6.330868356239721e-7 -5.444100126624141
v 2.505600079894066 -7.034414225431844e-7 -6.049099937081375
v -2.6788000017404556 -7.520617058515712e-7 -6.467200070619624
v -2.505600079894066 -7.034414225431844e-7 -6.049099937081375
v -1.1535000056028366 29.189598649968694 0.7707966075014356
v -1.2817000038921833 29.189598622071056 0.5308966201465596
v -1.183599978685379 29.432201442502908 0.49019658470457056
v -1.0652000084519386 29.432201468260835 0.7116965716511547
v 4.949700087308884 -5.756053523375361e-7 -4.9497999250889135
v 4.629800096154213 -5.383930170776248e-7 -4.629800096154242
v -1.3655999675393105 -7.983794409070624e-7 -6.865499913692517
v -1.2773999944329262 -7.467705798424243e-7 -6.421700119972269
v -1.2935999780893326 29.48330050977161 0.5357965534541997
v -1.2129999697208405 29.481598793279236 0.5023965787247832
v 5.820300057530403 -4.5224640874926595e-7 -3.8890000432729965
v 5.444100126624107 -4.230114408122217e-7 -3.637599945068382
v 0 -8.14020272434502e-7 -7.000000029802366
v 0 -7.613996954680348e-7 -6.54750019311909
v -1.387299969792366 29.189598560333433 -0.000003394417838739241
v -1.360700000077486 29.18959852885411 -0.2707033834684672
v -1.2564999982714653 29.43220135643771 -0.2499034162804008
v -1.281100045889616 29.43220138549823 -0.00000342262978402399
v 6.467200070619583 -3.1151392827578167e-7 -2.6788000017404725
v 6.049099937081337 -2.913727501376704e-7 -2.5056000798940814
v -1.37320002540946 29.483300479234224 0.273196579514839
v -1.287699956446886 29.481598764637347 0.2560965659202139
v 6.865499913692474 -1.5880372184002528e-7 -1.365599967539319
v 6.421700119972229 -1.4854706957843917e-7 -1.2773999944329342
v -1.2817000038921833 29.18959849859581 -0.530903408982237
v -1.183599978685379 29.432201328493555 -0.4902034299641386
v 7.000000029802322 0 0
v 6.547500193119049 0 0
v -1.4000999741256237 29.483300447464174 -0.0000034285720229047862
v -1.312899962067604 29.481598734855837 -0.0000034283741331111936
v -1.1535000056028366 29.189598470698172 -0.770803396337113
v -1.0652000084519386 29.432201302735628 -0.7117034169107228
v 7.000000029802322 0 0
v 6.865499913692474 1.5880372184002528e-7 1.365599967539319
v 6.421700119972229 1.4854706957843917e-7 1.2773999944329342
v 6.547500193119049 0 0
v -1.37320002540946 29.483300415694124 -0.2732034366588848
v -1.287699956446886 29.481598705074326 -0.2561034226684801
v -0.9809999726712704 29.18959844625431 -0.9810033670891152
v -0.9058999828994274 29.43220128015238 -0.9059034055292171
v 6.467200070619583 3.1151392827578167e-7 2.6788000017404725
v 6.049099937081337 2.913727501376704e-7 2.5056000798940814
v -1.154400035738945 21.119399044678385 -2.7869023727732896
v -1.6759000718593597 21.119399077088016 -2.5082024159389715
v -0.863299984484911 29.35869976754858 -1.2920033799885517
v -0.5946999881416559 29.358699750849528 -1.4356034489749685
v -1.2935999780893326 29.48330038515674 -0.5358034105982457
v -1.2129999697208405 29.481598676432437 -0.5024034354730494
v 5.820300057530403 4.5224640874926595e-7 3.8890000432729965
v 5.444100126624107 4.230114408122217e-7 3.637599945068382
v 0.27069998905062675 29.18959840209952 -1.3607033944953333
v 0.530900014564395 29.189598411286322 -1.28170339831003
v 0.49020000733435154 29.432201247859034 -1.1836034013151704
v 0.24989999365061522 29.432201239381595 -1.256503420901257
v 0 29.189598398994615 -1.3874033882547272
v 0 29.43220123652089 -1.281103468519408
v 4.9497999250888824 5.755937423408894e-7 4.949700087308915
v 4.629800096154213 5.383930170776248e-7 4.629800096154242
v -1.1641999706625938 29.483300357003266 -0.7779034147050072
v -1.0916000232100487 29.481598650034922 -0.7294034410162828
v 0.2732000080868602 29.48330028777665 -1.3732034539814917
v 0 29.483300284648493 -1.4001034026976553
v 0 29.481598582180524 -1.3129033904417453
v 0.2560999942943454 29.481598585110998 -1.287703384821027
v 3.889000043272972 6.768346026157434e-7 5.8203000575304396
v 3.6375999450683594 6.330868356239721e-7 5.444100126624141
v 0.7708000019192696 29.18959842619452 -1.1535034000206825
v 0.7116999942809343 29.432201261627604 -1.0652034310817293
v 9.9092997610569 9.044695108634722e-7 7.777799665927936
v 9.621299803256989 0.0000010297007396945769 8.854699879884775
v 4.9497999250888824 5.755937423408894e-7 4.949700087308915
v 5.820300057530403 4.5224640874926595e-7 3.8890000432729965
v -7.864099740982056 0.09690116149323043 10.000000137743308
v -3.9319999516010284 0.09690116149323043 10.000000137743308
v -3.9319999516010284 0.38490116003850633 10.000000104252189
v -7.864099740982056 0.38490116003850633 10.000000104252189
v -10.000000149011612 0.3849009116576171 7.864099696222619
v -10.000000149011612 0.09690091311234118 7.864099729713739
v -10.000000149011612 0.0968993889408046 -5.242700141015789
v -10.000000149011612 0.09689969376815459 -2.6213999950320774
v -10.000000149011612 0.3848996923134305 -2.6214000285231966
v -10.000000149011612 0.38489938748608055 -5.2427001745069095
v 0 0.09690116149323043 10.000000137743308
v 0 0.38490116003850633 10.000000104252189
v 8.835399895906448 0.0000011209291475253755 9.639199823141158
v 7.755599915981293 0.0000011542923790089134 9.926100075244966
v 2.6788000017404556 7.520617058515712e-7 6.467200070619624
v 3.889000043272972 6.768346026157434e-7 5.8203000575304396
v 3.9319999516010284 0.09690116149323043 10.000000137743308
v 3.9319999516010284 0.38490116003850633 10.000000104252189
v -9.9092997610569 -9.044695108634722e-7 -7.777799665927936
v -9.621299803256989 -0.0000010297007396945769 -8.854699879884775
v -4.949700087308884 -5.755937423408894e-7 -4.949700087308915
v -5.820300057530403 -4.5224640874926595e-7 -3.8890000432729965
v 10.000000149011612 0.09690091311234118 7.864099729713739
v 10.000000149011612 0.09690060827342453 5.242700118479058
v 10.000000149011612 0.3849006068187004 5.242700084987938
v 10.000000149011612 0.3849009116576171 7.864099696222619
v 10.000000149011612 0.09690030344607455 2.621399972495345
v 10.000000149011612 0.38490030199135045 2.6213999390042257
v 10.000000149011612 0.09689999860711457 -1.1268366132748899e-8
v 10.000000149011612 0.3848999971523905 -4.4759485601155624e-8
v 10.000000149011612 0.09689969376815459 -2.6213999950320774
v 10.000000149011612 0.3848996923134305 -2.6214000285231966
v 9.621299803256989 -0.0000010297007396945769 -8.854699879884775
v 9.9092997610569 -9.044695108634722e-7 -7.777799665927936
v 5.820300057530403 -4.5224640874926595e-7 -3.8890000432729965
v 4.949700087308884 -5.756053523375361e-7 -4.9497999250889135
v 10.000000149011612 0.0968993889408046 -5.242700141015789
v 10.000000149011612 0.09689908410188795 -7.86409975225047
v 10.000000149011612 0.3848990826471639 -7.86409978574159
v 10.000000149011612 0.38489938748608055 -5.2427001745069095
v -3.869500011205673 -0.0000011540016092421463 -9.923599660396638
v 0 -0.0000011539086426272055 -9.922800213098588
v 0 -8.14020272434502e-7 -7.000000029802366
v -1.3655999675393105 -7.983794409070624e-7 -6.865499913692517
v 7.864099740982056 0.09689883572099871 -10.00000016028004
v 7.864099740982056 0.38489883426627464 -10.00000019377116
v 0 0.09689883572099871 -10.00000016028004
v -3.9319999516010284 0.09689883572099871 -10.00000016028004
v -3.9319999516010284 0.38489883426627464 -10.00000019377116
v 0 0.38489883426627464 -10.00000019377116
v -8.835399895906448 -0.0000011209291475253755 -9.639199823141158
v -7.755599915981293 -0.0000011542923790089134 -9.926100075244966
v -2.6788000017404556 -7.520617058515712e-7 -6.467200070619624
v -3.889000043272972 -6.768346026157434e-7 -5.8203000575304396
v -10.000000149011612 0.09689908410188795 -7.86409975225047
v -10.000000149011612 0.3848990826471639 -7.86409978574159
v -10.000000149011612 0.09689999860711457 -1.1268366132748899e-8
v -10.000000149011612 0.3848999971523905 -4.4759485601155624e-8
v -10.000000149011612 0.09690030344607455 2.621399972495345
v -10.000000149011612 0.38490030199135045 2.6213999390042257
v -10.000000149011612 0.09690060827342453 5.242700118479058
v -10.000000149011612 0.3849006068187004 5.242700084987938
v -9.621299803256989 0.0000010297007396945769 8.854699879884775
v -9.9092997610569 9.044695108634722e-7 7.777799665927936
v -5.820300057530403 4.5224640874926595e-7 3.8890000432729965
v -4.949700087308884 5.755937423408894e-7 4.949700087308915
v -2.505600079894066 0.46769929554828166 -6.049099991469558
v -3.6375999450683594 0.4676993659028686 -5.444100181012324
v -3.6375999450683594 -6.330868356239721e-7 -5.444100126624141
v -2.505600079894066 -7.034414225431844e-7 -6.049099937081375
v -1.2773999944329262 0.4676992522191244 -6.421700174360452
v -1.2773999944329262 -7.467705798424243e-7 -6.421700119972269
v 0 0.46769923759000875 -6.547500247507273
v 0 -7.613996954680348e-7 -6.54750019311909
v 1.2772999703884125 0.4676992522191244 -6.421700174360452
v 0 0.46769923759000875 -6.547500247507273
v 0 -7.613996954680348e-7 -6.54750019311909
v 1.2772999703884125 -7.467705798424243e-7 -6.421700119972269
v 2.505600079894066 0.46769929554828166 -6.049099991469558
v 2.505600079894066 -7.034414225431844e-7 -6.049099937081375
v 3.6375999450683594 0.4676993659028686 -5.444100181012324
v 3.6375999450683594 -6.330868356239721e-7 -5.444100126624141
v 4.629800096154213 0.46769946059668716 -4.629800150542425
v 4.629800096154213 -5.383930170776248e-7 -4.629800096154242
v 5.444100126624107 0.4676995759782634 -3.637599999456565
v 5.444100126624107 -4.230114408122217e-7 -3.637599945068382
v 6.049099937081337 0.46769970761695406 -2.5056001342822642
v 6.049099937081337 -2.913727501376704e-7 -2.5056000798940814
v 6.421700119972229 0.4676998504426346 -1.2774000488211168
v 6.421700119972229 -1.4854706957843917e-7 -1.2773999944329342
v 6.547500193119049 0.4676999989897042 -5.438818271061697e-8
v 6.547500193119049 0 0
v 6.421700119972229 0.4677001475367738 1.2773999400447515
v 6.421700119972229 1.4854706957843917e-7 1.2773999944329342
v 6.049099937081337 0.46770029036245436 2.5056000255058986
v 6.049099937081337 2.913727501376704e-7 2.5056000798940814
v 5.444100126624107 0.46770042200114503 3.637599890680199
v 5.444100126624107 4.230114408122217e-7 3.637599945068382
v 4.629800096154213 0.46770053738272127 4.629800041766059
v 4.629800096154213 5.383930170776248e-7 4.629800096154242
v 3.6375999450683594 0.46770063207653984 5.444100072235958
v 3.6375999450683594 6.330868356239721e-7 5.444100126624141
v 2.505600079894066 0.46770070243112677 6.049099882693192
v 2.505600079894066 7.034414225431844e-7 6.049099937081375
v 1.2773999944329262 0.46770074576028403 6.421700065584086
v 1.2773999944329262 7.467705798424243e-7 6.421700119972269
v 0 0.4677007603893997 6.547500138730907
v 0 7.613996954680348e-7 6.54750019311909
v -1.2773999944329262 0.46770074576028403 6.421700065584086
v -1.2773999944329262 7.467705798424243e-7 6.421700119972269
v -2.505600079894066 0.46770070243112677 6.049099882693192
v -2.505600079894066 7.034414225431844e-7 6.049099937081375
v -3.6375999450683594 0.46770063207653984 5.444100072235958
v -3.6375999450683594 6.330868356239721e-7 5.444100126624141
v -4.629800096154213 0.46770053738272127 4.629800041766059
v -4.629800096154213 5.383930170776248e-7 4.629800096154242
v -5.444100126624107 0.46770042200114503 3.637599890680199
v -5.444100126624107 4.230114408122217e-7 3.637599945068382
v -6.049099937081337 0.46770029036245436 2.5056000255058986
v -6.049099937081337 2.913727501376704e-7 2.5056000798940814
v -6.421700119972229 0.4677001475367738 1.2773999400447515
v -6.421700119972229 1.4854706957843917e-7 1.2773999944329342
v -6.547500193119049 0.4676999989897042 -5.438818271061697e-8
v -6.547500193119049 0 0
v -6.421700119972229 0.4676998504426346 -1.2774000488211168
v -6.421700119972229 -1.4854706957843917e-7 -1.2773999944329342
v -6.049099937081337 0.46769970761695406 -2.5056001342822642
v -6.049099937081337 -2.913727501376704e-7 -2.5056000798940814
v -5.444100126624107 0.4676995759782634 -3.637599999456565
v -5.444100126624107 -4.230114408122217e-7 -3.637599945068382
v -4.629800096154213 0.46769946059668716 -4.629800150542425
v -4.629800096154213 -5.383930170776248e-7 -4.629800096154242
v 1.3655999675393105 -7.983794409070624e-7 -6.865499913692517
v 1.2772999703884125 -7.467705798424243e-7 -6.421700119972269
v -0.7708000019192696 29.18959842619452 -1.1535034000206825
v -0.530900014564395 29.189598411286322 -1.28170339831003
v -0.49020000733435154 29.432201247859034 -1.1836034013151704
v -0.7116999942809343 29.432201261627604 -1.0652034310817293
v -5.820300057530403 -4.5224640874926595e-7 -3.8890000432729965
v -5.444100126624107 -4.230114408122217e-7 -3.637599945068382
v 0 -8.14020272434502e-7 -7.000000029802366
v 0 -7.613996954680348e-7 -6.54750019311909
v -0.9901000186800957 29.48330033232682 -0.9901034472521248
v -0.9283999912440777 29.481598626893494 -0.9284034196182166
v -6.467200070619583 -3.1151392827578167e-7 -2.6788000017404725
v -6.049099937081337 -2.913727501376704e-7 -2.5056000798940814
v 0.5357999820262194 29.48330029703323 -1.2936034066613635
v 0.5024000070989132 29.481598593797756 -1.213003398094981
v -6.865499913692474 -1.5880372184002528e-7 -1.365599967539319
v -6.421700119972229 -1.4854706957843917e-7 -1.2773999944329342
v 0.9809999726712704 29.18959844625431 -0.9810033670891152
v 0.9058999828994274 29.43220128015238 -0.9059034055292171
v -7.000000029802322 0 0
v -6.547500193119049 0 0
v -0.27069998905062675 29.18959840209952 -1.3607033944953333
v -0.24989999365061522 29.432201239381595 -1.256503420901257
v -6.865499913692474 1.5880372184002528e-7 1.365599967539319
v -7.000000029802322 0 0
v -6.547500193119049 0 0
v -6.421700119972229 1.4854706957843917e-7 1.2773999944329342
v -0.7778999861329794 29.483300312080978 -1.1642033992346241
v -0.7294000126421452 29.48159860791519 -1.0916034515841886
v -6.467200070619583 3.1151392827578167e-7 2.6788000017404725
v -6.049099937081337 2.913727501376704e-7 2.5056000798940814
v 0.7778999861329794 29.483300312080978 -1.1642033992346241
v 0.7294000126421452 29.48159860791519 -1.0916034515841886
v -5.444100126624107 4.230114408122217e-7 3.637599945068382
v -4.629800096154213 5.383930170776248e-7 4.629800096154242
v 0 29.189598398994615 -1.3874033882547272
v 0 29.43220123652089 -1.281103468519408
v -3.889000043272972 6.768346026157434e-7 5.8203000575304396
v -3.6375999450683594 6.330868356239721e-7 5.444100126624141
v -0.5357999820262194 29.48330029703323 -1.2936034066613635
v -0.5024000070989132 29.481598593797756 -1.213003398094981
v -2.505600079894066 7.034414225431844e-7 6.049099937081375
v 0.9901000186800957 29.48330033232682 -0.9901034472521248
v 0.9283999912440777 29.481598626893494 -0.9284034196182166
v -1.2773999944329262 7.467705798424243e-7 6.421700119972269
v 1.1535000056028366 29.189598470698172 -0.770803396337113
v 1.0652000084519386 29.432201302735628 -0.7117034169107228
v 0 8.14020272434502e-7 7.000000029802366
v 0 7.613996954680348e-7 6.54750019311909
v 2.5081999599933624 21.119399173875014 -1.6759025278049637
v 2.1330000832676888 21.119399120719486 -2.1330025392132956
v 1.0987999849021435 29.358699790015535 -1.098803398984551
v 1.2919999659061432 29.358699817401504 -0.863303398567317
v 1.3655999675393105 7.983794409070624e-7 6.865499913692517
v 0 8.14020272434502e-7 7.000000029802366
v 0 7.613996954680348e-7 6.54750019311909
v 1.2773999944329262 7.467705798424243e-7 6.421700119972269
v -0.2732000080868602 29.48330028777665 -1.3732034539814917
v -0.2560999942943454 29.481598585110998 -1.287703384821027
v 2.6788000017404556 7.520617058515712e-7 6.467200070619624
v 2.505600079894066 7.034414225431844e-7 6.049099937081375
v 1.1641999706625938 29.483300357003266 -0.7779034147050072
v 1.0916000232100487 29.481598650034922 -0.7294034410162828
v -2.5081999599933624 21.11939956365119 1.6758976159137766
v -2.1330000832676888 21.119399616806717 2.1329976273221085
v -1.0987999849021435 29.358700045571382 1.0987965708197498
v -1.2919999659061432 29.358700018185413 0.8632965704025158
v -2.7868999168276787 21.119399503006676 1.1543975797933588
v -1.435600034892559 29.358699986950292 0.594696574059259
v -2.9586000367999077 21.119399437198947 0.5884975315523359
v -1.524099987000227 29.358699953052167 0.303196589608619
v -3.016499988734722 21.1193993687631 -0.0000024559455935172286
v -1.5538999810814857 29.35869991779346 -0.0000034140824005224696
v -2.9586000367999077 21.119399300327256 -0.588502443443523
v -1.524099987000227 29.35869988253475 -0.30320341777342
v -2.7868999168276787 21.119399234519527 -1.154402491684546
v -1.435600034892559 29.358699848636626 -0.5947034022240602
v 0.5884999874979258 21.119399024711615 -2.95860249274552
v 0 21.119399017978512 -3.0165024446803343
v 0 29.35869973709259 -1.553903395163896
v 0.3032000036910176 29.35869974055799 -1.524103401082637
v -2.5081999599933624 21.119399173875014 -1.6759025278049637
v -1.2919999659061432 29.358699817401504 -0.863303398567317
v -2.1330000832676888 21.119399120719486 -2.1330025392132956
v -1.0987999849021435 29.358699790015535 -1.098803398984551
v 1.154400035738945 21.119399044678385 -2.7869023727732896
v 0.5946999881416559 29.358699750849528 -1.4356034489749685
v 1.6759000718593597 21.119399077088016 -2.5082024159389715
v 0.863299984484911 29.35869976754858 -1.2920033799885517
v 1.2817000038921833 29.18959849859581 -0.530903408982237
v 1.183599978685379 29.432201328493555 -0.4902034299641386
v -0.5884999874979258 21.119399024711615 -2.95860249274552
v -0.3032000036910176 29.35869974055799 -1.524103401082637
v 2.7868999168276787 21.119399234519527 -1.154402491684546
v 1.435600034892559 29.358699848636626 -0.5947034022240602
v -1.6759000718593597 21.119399660438187 2.5081975040477844
v -0.863299984484911 29.35870006803834 1.2919965518237506
v -1.154400035738945 21.119399692847818 2.7868974608821024
v -0.5946999881416559 29.35870008473739 1.4355966208101674
v -0.5884999874979258 21.119399712814587 2.9585975808543328
v -0.3032000036910176 29.358700095028926 1.524096572917836
v 0 21.11939971954769 3.0164975327891472
v 0 29.358700098494328 1.553896566999095
v 0.5884999874979258 21.119399712814587 2.9585975808543328
v 0.3032000036910176 29.358700095028926 1.524096572917836
v 1.154400035738945 21.119399692847818 2.7868974608821024
v 0.5946999881416559 29.35870008473739 1.4355966208101674
v 1.6759000718593597 21.119399660438187 2.5081975040477844
v 0.863299984484911 29.35870006803834 1.2919965518237506
v 2.1330000832676888 21.119399616806717 2.1329976273221085
v 1.0987999849021435 29.358700045571382 1.0987965708197498
v 2.5081999599933624 21.11939956365119 1.6758976159137766
v 1.2919999659061432 29.358700018185413 0.8632965704025158
v 2.7868999168276787 21.119399503006676 1.1543975797933588
v 1.435600034892559 29.358699986950292 0.594696574059259
v 2.9586000367999077 21.119399437198947 0.5884975315523359
v 1.524099987000227 29.358699953052167 0.303196589608619
v 3.016499988734722 21.1193993687631 -0.0000024559455935172286
v 1.5538999810814857 29.35869991779346 -0.0000034140824005224696
v 2.9586000367999077 21.119399300327256 -0.588502443443523
v 1.524099987000227 29.35869988253475 -0.30320341777342
v 1.360700000077486 29.18959852885411 -0.2707033834684672
v 1.2564999982714653 29.43220135643771 -0.2499034162804008
v -1.360700000077486 29.189598591812757 0.27069659463278967
v -1.2564999982714653 29.432201414558754 0.24989657102083274
v -0.7778999861329794 29.48330058284737 1.1641965420905782
v -0.5357999820262194 29.483300597895116 1.2935965495173176
v -0.5024000070989132 29.481598875913917 1.212996541346715
v -0.7294000126421452 29.481598861796485 1.0915965948359225
v -0.27069998905062675 29.189598718567346 1.3606966056596557
v -0.530900014564395 29.189598709380544 1.2816966094743525
v -0.49020000733435154 29.43220152313743 1.1835965560556023
v -0.24989999365061522 29.43220153161487 1.256496575641689
v -0.7708000019192696 29.189598694472345 1.153496611185005
v -0.9809999726712704 29.189598674412558 0.9809965782534378
v -0.9058999828994274 29.432201490844083 0.905896560269649
v -0.7116999942809343 29.43220150936886 1.0651965858221613
v -0.2732000080868602 29.483300607151698 1.3731965968374458
v -0.2560999942943454 29.481598884600675 1.287696528072761
v 0 29.483300610279855 1.4000965455536094
v 0.2732000080868602 29.483300607151698 1.3731965968374458
v 0.2560999942943454 29.481598884600675 1.287696528072761
v 0 29.48159888753115 1.3128965336934793
v 0.530900014564395 29.189598709380544 1.2816966094743525
v 0.27069998905062675 29.189598718567346 1.3606966056596557
v 0.24989999365061522 29.43220153161487 1.256496575641689
v 0.49020000733435154 29.43220152313743 1.1835965560556023
v 0 29.18959872166062 1.3872965753745359
v 0 29.432201534475574 1.28109662325984
v 0.5357999820262194 29.483300597895116 1.2935965495173176
v 0.5024000070989132 29.481598875913917 1.212996541346715
v 0.7778999861329794 29.48330058284737 1.1641965420905782
v 0.9901000186800957 29.483300562601528 0.9900965901080789
v 0.9283999912440777 29.48159884281818 0.9283965628699503
v 0.7294000126421452 29.481598861796485 1.0915965948359225
v 1.1535000056028366 29.189598649968694 0.7707966075014356
v 0.9809999726712704 29.189598674412558 0.9809965782534378
v 0.9058999828994274 29.432201490844083 0.905896560269649
v 1.0652000084519386 29.432201468260835 0.7116965716511547
v 0.7708000019192696 29.189598694472345 1.153496611185005
v 0.7116999942809343 29.43220150936886 1.0651965858221613
v 1.1641999706625938 29.483300537925082 0.7778965575609613
v 1.0916000232100487 29.48159881967675 0.7293965842680166
v 1.2935999780893326 29.48330050977161 0.5357965534541997
v 1.37320002540946 29.483300479234224 0.273196579514839
v 1.287699956446886 29.481598764637347 0.2560965659202139
v 1.2129999697208405 29.481598793279236 0.5023965787247832
v 1.387299969792366 29.189598560333433 -0.000003394417838739241
v 1.360700000077486 29.189598591812757 0.27069659463278967
v 1.2564999982714653 29.432201414558754 0.24989657102083274
v 1.281100045889616 29.43220138549823 -0.00000342262978402399
v 1.2817000038921833 29.189598622071056 0.5308966201465596
v 1.183599978685379 29.432201442502908 0.49019658470457056
v 1.4000999741256237 29.483300447464174 -0.0000034285720229047862
v 1.312899962067604 29.481598734855837 -0.0000034283741331111936
v 1.37320002540946 29.483300415694124 -0.2732034366588848
v 1.287699956446886 29.481598705074326 -0.2561034226684801
v 1.2935999780893326 29.48330038515674 -0.5358034105982457
v 1.2129999697208405 29.481598676432437 -0.5024034354730494
v 0 29.483300284648493 -1.4001034026976553
v 0 29.481598582180524 -1.3129033904417453
v 3.5190999507904053 18.161299743312746 -0.7000021335589978
v 3.3149000257253647 18.161299665038882 -1.3731021133172647
v 2.7868999168276787 21.119399234519527 -1.154402491684546
v 2.9586000367999077 21.119399300327256 -0.588502443443523
v 3.587999939918518 18.161299824714774 -0.000002111952309733974
v 3.016499988734722 21.1193993687631 -0.0000024559455935172286
v 3.5190999507904053 18.161299906116803 0.6999979096543784
v 2.9586000367999077 21.119399437198947 0.5884975315523359
v 3.3149000257253647 18.161299984390666 1.3730978894126453
v 2.7868999168276787 21.119399503006676 1.1543975797933588
v 2.9833000153303146 18.161300056524496 1.993397932786949
v 2.5081999599933624 21.11939956365119 1.6758976159137766
v 2.5371000170707703 18.16130011975061 2.5370979051184763
v 2.1330000832676888 21.119399616806717 2.1329976273221085
v 1.9934000447392464 18.161300171638587 2.9832979033780234
v 1.6759000718593597 21.119399660438187 2.5081975040477844
v 1.3731000013649464 18.16130021019989 3.3148979137730756
v 1.154400035738945 21.119399692847818 2.7868974608821024
v 0.7000000216066837 18.161300233946015 3.5190978388381176
v 0.5884999874979258 21.119399712814587 2.9585975808543328
v 0 18.1613002419583 3.587997827966231
v 0 21.11939971954769 3.0164975327891472
v -0.7000000216066837 18.161300233946015 3.5190978388381176
v -0.5884999874979258 21.119399712814587 2.9585975808543328
v -1.3731000013649464 18.16130021019989 3.3148979137730756
v -1.154400035738945 21.119399692847818 2.7868974608821024
v -1.9934000447392464 18.161300171638587 2.9832979033780234
v -1.6759000718593597 21.119399660438187 2.5081975040477844
v -2.5371000170707703 18.16130011975061 2.5370979051184763
v -2.1330000832676888 21.119399616806717 2.1329976273221085
v -2.9833000153303146 18.161300056524496 1.993397932786949
v -2.5081999599933624 21.11939956365119 1.6758976159137766
v -3.3149000257253647 18.161299984390666 1.3730978894126453
v -2.7868999168276787 21.119399503006676 1.1543975797933588
v 2.9833000153303146 18.161299592905053 -1.9934021566915685
v 2.5081999599933624 21.119399173875014 -1.6759025278049637
v 0 18.161299407471247 -3.5880020518708506
v -0.7000000216066837 18.161299415483533 -3.5191020627427374
v -0.5884999874979258 21.119399024711615 -2.95860249274552
v 0 21.119399017978512 -3.0165024446803343
v 2.5371000170707703 18.16129952967894 -2.537102129023096
v 2.1330000832676888 21.119399120719486 -2.1330025392132956
v -1.3731000013649464 18.16129943922966 -3.3149021376776955
v -1.154400035738945 21.119399044678385 -2.7869023727732896
v 1.9934000447392464 18.161299477790962 -2.983302127282643
v 1.6759000718593597 21.119399077088016 -2.5082024159389715
v -1.9934000447392464 18.161299477790962 -2.983302127282643
v -1.6759000718593597 21.119399077088016 -2.5082024159389715
v 1.3731000013649464 18.16129943922966 -3.3149021376776955
v 1.154400035738945 21.119399044678385 -2.7869023727732896
v -2.5371000170707703 18.16129952967894 -2.537102129023096
v -2.1330000832676888 21.119399120719486 -2.1330025392132956
v 0.7000000216066837 18.161299415483533 -3.5191020627427374
v 0.5884999874979258 21.119399024711615 -2.95860249274552
v -2.9833000153303146 18.161299592905053 -1.9934021566915685
v -2.5081999599933624 21.119399173875014 -1.6759025278049637
v 0 18.161299407471247 -3.5880020518708506
v 0 21.119399017978512 -3.0165024446803343
v -3.3149000257253647 18.161299665038882 -1.3731021133172647
v -2.7868999168276787 21.119399234519527 -1.154402491684546
v -3.5190999507904053 18.161299743312746 -0.7000021335589978
v -2.9586000367999077 21.119399300327256 -0.588502443443523
v -3.587999939918518 18.161299824714774 -0.000002111952309733974
v -3.016499988734722 21.1193993687631 -0.0000024559455935172286
v -3.5190999507904053 18.161299906116803 0.6999979096543784
v -2.9586000367999077 21.119399437198947 0.5884975315523359
v -4.198300093412399 14.576600589113289 0.8350983074942392
v -3.954700008034706 14.576600682493034 1.6380982286372991
v -3.3149000257253647 18.161299984390666 1.3730978894126453
v -3.5190999507904053 18.161299906116803 0.6999979096543784
v -4.280500113964081 14.57660049200067 -0.0000016950926075927874
v -3.587999939918518 18.161299824714774 -0.000002111952309733974
v -4.198300093412399 14.576600394888052 -0.8351016976794544
v -3.5190999507904053 18.161299743312746 -0.7000021335589978
v -3.954700008034706 14.576600301508307 -1.6381016188225144
v -3.3149000257253647 18.161299665038882 -1.3731021133172647
v -3.5590998828411102 14.57660021545473 -2.378101665612165
v -2.9833000153303146 18.161299592905053 -1.9934021566915685
v 0.8351000025868416 14.576600003786188 -4.1983017885050335
v 0 14.576599994227262 -4.280501809056715
v 0 18.161299407471247 -3.5880020518708506
v 0.7000000216066837 18.161299415483533 -3.5191020627427374
v -3.0268000438809395 14.576600140018302 -3.026801738973566
v -2.5371000170707703 18.16129952967894 -2.537102129023096
v 1.6380999237298965 14.576600032114104 -3.9547017031273386
v 1.3731000013649464 18.16129943922966 -3.3149021376776955
v -2.3780999705195427 14.576600078117893 -3.55910157793374
v -1.9934000447392464 18.161299477790962 -2.983302127282643
v 2.3780999705195427 14.576600078117893 -3.55910157793374
v 1.9934000447392464 18.161299477790962 -2.983302127282643
v -1.6380999237298965 14.576600032114104 -3.9547017031273386
v -1.3731000013649464 18.16129943922966 -3.3149021376776955
v 3.0268000438809395 14.576600140018302 -3.026801738973566
v 2.5371000170707703 18.16129952967894 -2.537102129023096
v -0.8351000025868416 14.576600003786188 -4.1983017885050335
v -0.7000000216066837 18.161299415483533 -3.5191020627427374
v 3.5590998828411102 14.57660021545473 -2.378101665612165
v 2.9833000153303146 18.161299592905053 -1.9934021566915685
v 0 14.576599994227262 -4.280501809056715
v 0 18.161299407471247 -3.5880020518708506
v 3.954700008034706 14.576600301508307 -1.6381016188225144
v 3.3149000257253647 18.161299665038882 -1.3731021133172647
v -3.5590998828411102 14.57660076854661 2.3780982754269497
v -2.9833000153303146 18.161300056524496 1.993397932786949
v -3.0268000438809395 14.576600843983039 3.026798348788351
v -2.5371000170707703 18.16130011975061 2.5370979051184763
v -2.3780999705195427 14.576600905883447 3.559098187748525
v -1.9934000447392464 18.161300171638587 2.9832979033780234
v -1.6380999237298965 14.576600951887237 3.9546983129421234
v -1.3731000013649464 18.16130021019989 3.3148979137730756
v -0.8351000025868416 14.576600980215153 4.198298398319818
v -0.7000000216066837 18.161300233946015 3.5190978388381176
v 0 14.576600989774079 4.2804984188715
v 0 18.1613002419583 3.587997827966231
v 0.8351000025868416 14.576600980215153 4.198298398319818
v 0.7000000216066837 18.161300233946015 3.5190978388381176
v 1.6380999237298965 14.576600951887237 3.9546983129421234
v 1.3731000013649464 18.16130021019989 3.3148979137730756
v 2.3780999705195427 14.576600905883447 3.559098187748525
v 1.9934000447392464 18.161300171638587 2.9832979033780234
v 3.0268000438809395 14.576600843983039 3.026798348788351
v 2.5371000170707703 18.16130011975061 2.5370979051184763
v 3.5590998828411102 14.57660076854661 2.3780982754269497
v 2.9833000153303146 18.161300056524496 1.993397932786949
v 3.954700008034706 14.576600682493034 1.6380982286372991
v 3.3149000257253647 18.161299984390666 1.3730978894126453
v 4.198300093412399 14.576600589113289 0.8350983074942392
v 3.5190999507904053 18.161299906116803 0.6999979096543784
v 4.280500113964081 14.57660049200067 -0.0000016950926075927874
v 3.587999939918518 18.161299824714774 -0.000002111952309733974
v 4.198300093412399 14.576600394888052 -0.8351016976794544
v 3.5190999507904053 18.161299743312746 -0.7000021335589978
v 4.983599856495857 10.43220001852367 -0.9913012409635452
v 4.694399982690811 10.432199907677369 -1.9445012347825494
v 3.954700008034706 14.576600301508307 -1.6381016188225144
v 4.198300093412399 14.576600394888052 -0.8351016976794544
v 5.0811998546123505 10.432200133800572 -0.0000012131460512647096
v 4.280500113964081 14.57660049200067 -0.0000016950926075927874
v 4.983599856495857 10.432200249077475 0.9912988146714427
v 4.198300093412399 14.576600589113289 0.8350983074942392
v 4.694399982690811 10.432200359923776 1.944498808490447
v 3.954700008034706 14.576600682493034 1.6380982286372991
v 4.224900156259537 10.43220046208332 2.8229988155834054
v 3.5590998828411102 14.57660076854661 2.3780982754269497
v 3.5930000245571136 10.43220055162555 3.592998811411085
v 3.0268000438809395 14.576600843983039 3.026798348788351
v 2.823000028729439 10.432200625108338 4.224898943113512
v 2.3780999705195427 14.576600905883447 3.559098187748525
v 1.944500021636486 10.43220067970582 4.694398769544789
v 1.6380999237298965 14.576600951887237 3.9546983129421234
v 0.9913000278174877 10.432200713336472 4.983598643349837
v 0.8351000025868416 14.576600980215153 4.198298398319818
v 0 10.43220072468624 5.081198641466331
v 0 14.576600989774079 4.2804984188715
v -0.9913000278174877 10.432200713336472 4.983598643349837
v -0.8351000025868416 14.576600980215153 4.198298398319818
v -1.944500021636486 10.43220067970582 4.694398769544789
v -1.6380999237298965 14.576600951887237 3.9546983129421234
v -2.823000028729439 10.432200625108338 4.224898943113512
v -2.3780999705195427 14.576600905883447 3.559098187748525
v -3.5930000245571136 10.43220055162555 3.592998811411085
v -3.0268000438809395 14.576600843983039 3.026798348788351
v -4.224900156259537 10.43220046208332 2.8229988155834054
v -3.5590998828411102 14.57660076854661 2.3780982754269497
v -4.694399982690811 10.432200359923776 1.944498808490447
v -3.954700008034706 14.576600682493034 1.6380982286372991
v 4.224900156259537 10.432199805517824 -2.8230012418755077
v 3.5590998828411102 14.57660021545473 -2.378101665612165
v 0 10.432199542914905 -5.081201067758434
v -0.9913000278174877 10.432199554264672 -4.9836010696419395
v -0.8351000025868416 14.576600003786188 -4.1983017885050335
v 0 14.576599994227262 -4.280501809056715
v 3.5930000245571136 10.432199715975594 -3.5930012377031875
v 3.0268000438809395 14.576600140018302 -3.026801738973566
v -1.944500021636486 10.432199587895324 -4.694401195836892
v -1.6380999237298965 14.576600032114104 -3.9547017031273386
v 2.823000028729439 10.432199642492806 -4.224901369405615
v 2.3780999705195427 14.576600078117893 -3.55910157793374
v -2.823000028729439 10.432199642492806 -4.224901369405615
v -2.3780999705195427 14.576600078117893 -3.55910157793374
v 1.944500021636486 10.432199587895324 -4.694401195836892
v 1.6380999237298965 14.576600032114104 -3.9547017031273386
v -3.5930000245571136 10.432199715975594 -3.5930012377031875
v -3.0268000438809395 14.576600140018302 -3.026801738973566
v 0.9913000278174877 10.432199554264672 -4.9836010696419395
v 0.8351000025868416 14.576600003786188 -4.1983017885050335
v -4.224900156259537 10.432199805517824 -2.8230012418755077
v -3.5590998828411102 14.57660021545473 -2.378101665612165
v 0 10.432199542914905 -5.081201067758434
v 0 14.576599994227262 -4.280501809056715
v -4.694399982690811 10.432199907677369 -1.9445012347825494
v -3.954700008034706 14.576600301508307 -1.6381016188225144
v -4.983599856495857 10.43220001852367 -0.9913012409635452
v -4.198300093412399 14.576600394888052 -0.8351016976794544
v -5.0811998546123505 10.432200133800572 -0.0000012131460512647096
v -4.280500113964081 14.57660049200067 -0.0000016950926075927874
v -4.983599856495857 10.432200249077475 0.9912988146714427
v -4.198300093412399 14.576600589113289 0.8350983074942392
v -9.908299893140793 6.01933099136623e-7 5.176199972629579
v -9.90779995918274 3.005362865582504e-7 2.584400027990357
v -9.907600283622742 0 0
v -9.90779995918274 -3.005362865582504e-7 -2.584400027990357
v -6.865499913692474 -1.5880372184002528e-7 -1.365599967539319
v -9.908299893140793 -6.01933099136623e-7 -5.176199972629579
v -6.467200070619583 -3.1151392827578167e-7 -2.6788000017404725
v -9.603899717330933 0.4999989608212246 -8.840099780291347
v -9.892299771308899 0.4999990862384733 -7.761599926680348
v -6.249099969863892 0.49999948915521925 -4.296800179809331
v -5.404600128531456 0.49999936900583325 -5.330000130862004
v -9.603899717330933 0.4999989608212246 -8.840099780291347
v -5.404600128531456 0.49999936900583325 -5.330000130862004
v 8.835399895906448 -0.0000011209291475253755 -9.639199823141158
v 3.889000043272972 -6.768346026157434e-7 -5.8203000575304396
v 0 0.49999883659010164 -9.908399789065157
v -3.857799991965294 0.4999988364854384 -9.909299819201266
v -1.7084000632166862 0.49999914176622806 -7.284100411862153
v 0 0.4999991217646298 -7.456100045174379
v 9.908299893140793 -6.01933099136623e-7 -5.176199972629579
v 6.467200070619583 -3.1151392827578167e-7 -2.6788000017404725
v 0 -0.0000011539086426272055 -9.922800213098588
v 0 -8.14020272434502e-7 -7.000000029802366
v -8.817200362682343 0.500001108125281 9.625200124055235
v -4.366999864578247 0.5000007085808491 6.189399899512596
v 8.817200362682343 0.500001108125281 9.625200124055235
v 4.366999864578247 0.5000007085808491 6.189399899512596
v -8.835399895906448 0.0000011209291475253755 9.639199823141158
v 0 0.0000011539086426272055 9.922800213098588
v 3.869500011205673 0.0000011540016092421463 9.923599660396638
v 1.3655999675393105 7.983794409070624e-7 6.865499913692517
v 9.908299893140793 6.01933099136623e-7 5.176199972629579
v 6.467200070619583 3.1151392827578167e-7 2.6788000017404725
v 9.603899717330933 0.5000010168270399 8.84009966400274
v 5.404600128531456 0.5000006086424312 5.330000014573397
v 9.603899717330933 0.5000010168270399 8.84009966400274
v 5.404600128531456 0.5000006086424312 5.330000014573397
v 9.90779995918274 3.005362865582504e-7 2.584400027990357
v 6.865499913692474 1.5880372184002528e-7 1.365599967539319
v 9.907600283622742 0 0
v 7.000000029802322 0 0
v 9.90779995918274 -3.005362865582504e-7 -2.584400027990357
v 6.865499913692474 -1.5880372184002528e-7 -1.365599967539319
v 0 29.467999764357252 -1.4687034110452095
v -0.2864999929443002 29.467999767636588 -1.4405034291471401
v 0 29.422399224324785 -1.5250034386262699
v -0.29750000685453415 29.42239922773205 -1.4957033785030645
v 0 29.35869973709259 -1.553903395163896
v -0.5619999952614307 29.467999777358315 -1.356903444501296
v -0.5836000200361013 29.422399237825893 -1.4089034626230992
v -0.81599997356534 29.46799979313868 -1.2212034123863125
v -0.8472000248730183 29.422399254210966 -1.2680033909127502
v -1.038500014692545 29.46799981438461 -1.038503441485299
v -1.07829999178648 29.422399276270912 -1.0783034132764115
v -1.2211999855935574 29.46799984025883 -0.8160034003580927
v -1.2679999694228172 29.422399303145205 -0.8472034463629485
v -1.35690001770854 29.467999869796135 -0.5620034220541819
v -1.4089000411331654 29.422399333798882 -0.5836034415260299
v -1.4405000023543835 29.467999901833647 -0.28650341973704957
v -1.4956999570131302 29.422399367069055 -0.297503428344461
v -1.4686999842524529 29.46799993515033 -0.0000034267927475977753
v -1.5250000171363354 29.42239940166492 -0.0000034214899249502156
v -1.4405000023543835 29.467999968467016 0.28649656615155433
v -1.4956999570131302 29.422399436260783 0.2974965853646111
v -1.35690001770854 29.468000000504528 0.5619965684686867
v -1.4089000411331654 29.422399469530955 0.5835965985461801
v -1.2211999855935574 29.468000030041832 0.8159965467725976
v -1.2679999694228172 29.422399500184632 0.8471966033830987
v -1.038500014692545 29.468000055916054 1.0384965878998038
v -1.07829999178648 29.422399527058925 1.0782965702965617
v -0.81599997356534 29.46800007716198 1.2211965588008173
v -0.8472000248730183 29.42239954911887 1.2679965479329003
v -0.5619999952614307 29.468000092942347 1.3568965909158008
v -0.5836000200361013 29.422399565503945 1.4088966196432493
v -0.2864999929443002 29.468000102664075 1.440496575561645
v -0.29750000685453415 29.422399575597787 1.4956965355232146
v 0 29.46800010594341 1.4686965574597144
v 0 29.422399579005052 1.52499659564642
v 0.2864999929443002 29.468000102664075 1.440496575561645
v 0.29750000685453415 29.422399575597787 1.4956965355232146
v 0.5619999952614307 29.468000092942347 1.3568965909158008
v 0.5836000200361013 29.422399565503945 1.4088966196432493
v 0.81599997356534 29.46800007716198 1.2211965588008173
v 0.8472000248730183 29.42239954911887 1.2679965479329003
v 1.038500014692545 29.468000055916054 1.0384965878998038
v 1.07829999178648 29.422399527058925 1.0782965702965617
v 1.2211999855935574 29.468000030041832 0.8159965467725976
v 1.2679999694228172 29.422399500184632 0.8471966033830987
v 1.35690001770854 29.468000000504528 0.5619965684686867
v 1.4089000411331654 29.422399469530955 0.5835965985461801
v 1.4405000023543835 29.467999968467016 0.28649656615155433
v 1.4956999570131302 29.422399436260783 0.2974965853646111
v 1.4686999842524529 29.46799993515033 -0.0000034267927475977753
v 1.5250000171363354 29.42239940166492 -0.0000034214899249502156
v 1.4405000023543835 29.467999901833647 -0.28650341973704957
v 1.4956999570131302 29.422399367069055 -0.297503428344461
v 1.35690001770854 29.467999869796135 -0.5620034220541819
v 1.4089000411331654 29.422399333798882 -0.5836034415260299
v 1.2211999855935574 29.46799984025883 -0.8160034003580927
v 1.2679999694228172 29.422399303145205 -0.8472034463629485
v 1.038500014692545 29.46799981438461 -1.038503441485299
v 1.07829999178648 29.422399276270912 -1.0783034132764115
v 0.81599997356534 29.46799979313868 -1.2212034123863125
v 0.8472000248730183 29.422399254210966 -1.2680033909127502
v 0.5619999952614307 29.467999777358315 -1.356903444501296
v 0.5836000200361013 29.422399237825893 -1.4089034626230992
v 0.2864999929443002 29.467999767636588 -1.4405034291471401
v 0.29750000685453415 29.42239922773205 -1.4957033785030645
v 0 29.467999764357252 -1.4687034110452095
v 0 29.422399224324785 -1.5250034386262699
v 0 21.119399017978512 -3.0165024446803343
v 0 29.466700404835485 -1.2818034545783494
v -0.2500999951735139 29.466700407707823 -1.2571033829156848
v -0.2500999951735139 29.466700407707823 -1.2571033829156848
v 0 29.466700404835485 -1.2818034545783494
v -0.4904999863356352 29.46670041618525 -1.1842034564618555
v -0.4904999863356352 29.46670041618525 -1.1842034564618555
v -0.7120999973267317 29.466700429953832 -1.065803393096157
v -0.7120999973267317 29.466700429953832 -1.065803393096157
v -0.9062999859452248 29.46670044850186 -0.9063034125868747
v -0.9062999859452248 29.46670044850186 -0.9063034125868747
v -1.065799966454506 29.466700471085108 -0.7121034239683804
v -1.065799966454506 29.466700471085108 -0.7121034239683804
v -1.1842000298202038 29.466700496854667 -0.4905034129772826
v -1.1842000298202038 29.466700496854667 -0.4905034129772826
v -1.2570999562740326 29.466700524810445 -0.2501034218151598
v -1.2570999562740326 29.466700524810445 -0.2501034218151598
v -1.281800027936697 29.466700553894228 -0.0000034266416443578344
v -1.281800027936697 29.466700553894228 -0.0000034266416443578344
v -1.2570999562740326 29.46670058297801 0.25009656853187107
v -1.2570999562740326 29.46670058297801 0.25009656853187107
v -1.1842000298202038 29.46670061093379 0.49049655969399386
v -1.1842000298202038 29.46670061093379 0.49049655969399386
v -1.065799966454506 29.466700636703347 0.7120965706850918
v -1.065799966454506 29.466700636703347 0.7120965706850918
v -0.9062999859452248 29.466700659286595 0.9062965593035861
v -0.9062999859452248 29.466700659286595 0.9062965593035861
v -0.7120999973267317 29.466700677834623 1.0657965398128681
v -0.7120999973267317 29.466700677834623 1.0657965398128681
v -0.4904999863356352 29.466700691603204 1.1841966031785667
v -0.4904999863356352 29.466700691603204 1.1841966031785667
v -0.2500999951735139 29.466700700080633 1.257096529632396
v -0.2500999951735139 29.466700700080633 1.257096529632396
v 0 29.46670070295297 1.2817966012950606
v 0 29.46670070295297 1.2817966012950606
v 0.2500999951735139 29.466700700080633 1.257096529632396
v 0.2500999951735139 29.466700700080633 1.257096529632396
v 0.4904999863356352 29.466700691603204 1.1841966031785667
v 0.4904999863356352 29.466700691603204 1.1841966031785667
v 0.7120999973267317 29.466700677834623 1.0657965398128681
v 0.7120999973267317 29.466700677834623 1.0657965398128681
v 0.9062999859452248 29.466700659286595 0.9062965593035861
v 0.9062999859452248 29.466700659286595 0.9062965593035861
v 1.065799966454506 29.466700636703347 0.7120965706850918
v 1.065799966454506 29.466700636703347 0.7120965706850918
v 1.1842000298202038 29.46670061093379 0.49049655969399386
v 1.1842000298202038 29.46670061093379 0.49049655969399386
v 1.2570999562740326 29.46670058297801 0.25009656853187107
v 1.2570999562740326 29.46670058297801 0.25009656853187107
v 1.281800027936697 29.466700553894228 -0.0000034266416443578344
v 1.281800027936697 29.466700553894228 -0.0000034266416443578344
v 1.2570999562740326 29.466700524810445 -0.2501034218151598
v 1.2570999562740326 29.466700524810445 -0.2501034218151598
v 1.1842000298202038 29.466700496854667 -0.4905034129772826
v 1.1842000298202038 29.466700496854667 -0.4905034129772826
v 1.065799966454506 29.466700471085108 -0.7121034239683804
v 1.065799966454506 29.466700471085108 -0.7121034239683804
v 0.9062999859452248 29.46670044849023 -0.9064034366313884
v 0.9062999859452248 29.46670044849023 -0.9064034366313884
v 0.7120999973267317 29.466700429953832 -1.065803393096157
v 0.7120999973267317 29.466700429953832 -1.065803393096157
v 0.4904999863356352 29.46670041618525 -1.1842034564618555
v 0.4904999863356352 29.46670041618525 -1.1842034564618555
v 0.2500999951735139 29.466700407707823 -1.2571033829156848
v 0.2500999951735139 29.466700407707823 -1.2571033829156848
v 0 29.466700404835485 -1.2818034545783494
v 0 29.466700404835485 -1.2818034545783494
v -1.566299982368946 0.6921991696295717 -7.216099730162762
v -1.7084000632166862 0.49999914176622806 -7.284100411862153
v 0 0.6921991514769087 -7.372199824481153
v 0 0.4999991217646298 -7.456100045174379
v -1.3412999920547009 1.1443991754134302 -6.743399931950809
v -2.631100080907345 1.1443992209171658 -6.352099909348726
v -1.944500021636486 10.432199587895324 -4.694401195836892
v -0.9913000278174877 10.432199554264672 -4.9836010696419395
v -2.696399949491024 0.9795992582132407 -6.452600026798215
v -1.3794999569654465 0.9795992116861791 -6.852699930143325
v -1.4797000214457512 0.8170991314275944 -7.113599872241142
v -2.865000069141388 0.8170991805478439 -6.6912003811694385
v -3.819800168275833 1.1443992947953001 -5.716800077719922
v -2.823000028729439 10.432199642492806 -4.224901369405615
v -3.8968998938798904 0.9795993329054177 -5.810300002169572
v -4.089599847793579 0.8169993260372501 -6.034199988482413
v -4.861700162291527 1.144399394233665 -4.861700295372238
v -3.5930000245571136 10.432199715975594 -3.5930012377031875
v -4.9501001834869385 0.9796994575279389 -4.945400098645355
v -5.166900157928467 0.8169994290689523 -5.148200040696077
v -5.716799944639206 1.144399515394767 -3.8198003013565374
v -4.224900156259537 10.432199805517824 -2.8230012418755077
v -5.813999846577644 0.9796995799798297 -3.892400229656358
v -6.049200147390366 0.8169995541954745 -4.072200229404376
v -6.352099776268005 1.1443996536270475 -2.6311002139880415
v -4.694399982690811 10.432199907677369 -1.9445012347825494
v -6.459499895572662 0.9796997204099738 -2.6848000682231303
v -6.718900054693222 0.8169996998934813 -2.819300165412822
v -6.743399798870087 1.144399803616107 -1.3413001251353898
v -4.983599856495857 10.43220001852367 -0.9913012409635452
v -6.858199834823608 0.9796998732248327 -1.3707000970181258
v -7.13609978556633 0.8169998597089299 -1.445000061778217
v -6.8755000829696655 1.1443999595940184 -1.330806804166624e-7
v -5.0811998546123505 10.432200133800572 -0.0000012131460512647096
v -6.993299722671509 0.9797000326216282 -1.1392795486620366e-7
v -7.278600335121155 0.8170000277459672 -9.500779747618725e-8
v -6.743399798870087 1.1444001155719299 1.3412998589740288
v -4.983599856495857 10.432200249077475 0.9912988146714427
v -6.858199834823608 0.9797001920184237 1.370699869162216
v -7.13609978556633 0.8170001957830046 1.4449998717626222
v -6.352099776268005 1.1444002655609893 2.631099947826681
v -4.694399982690811 10.432200359923776 1.944498808490447
v -6.459499895572662 0.9797003448332826 2.68479984036722
v -6.718900054693222 0.8170003555984532 2.8192999753972265
v -5.716799944639206 1.1444004037932698 3.819800035195177
v -4.224900156259537 10.43220046208332 2.8229988155834054
v -5.813999846577644 0.9797004852634267 3.8924000018004477
v -6.049200147390366 0.81700050129646 4.072200039388782
v -4.861700162291527 1.1444005249543718 4.861700029210876
v -3.5930000245571136 10.43220055162555 3.592998811411085
v -4.9501001834869385 0.9797006077153175 4.945399870789445
v -5.166900157928467 0.8170006264229822 5.1481998506804825
v -3.819800168275833 1.1444006243927367 5.716799811558561
v -2.823000028729439 10.432200625108338 4.224898943113512
v -3.8968998938798904 0.9796006842488113 5.810299774336925
v -4.089599847793579 0.8170007294546844 6.034199798466819
v -2.631100080907345 1.144400698270871 6.352099643187365
v -1.944500021636486 10.43220067970582 4.694398769544789
v -2.696399949491024 0.9796007589409883 6.452599798965568
v -2.865000069141388 0.8171007367686031 6.691200191130602
v -1.3412999920547009 1.1444007437746067 6.743399665789448
v -0.9913000278174877 10.432200713336472 4.983598643349837
v -1.3794999569654465 0.9796008054680498 6.852699702310678
v -1.4797000214457512 0.8171007858888526 7.113599682202306
v 0 1.1444007591363652 6.8754999498890275
v 0 10.43220072468624 5.081198641466331
v 0 0.9796008212949879 6.9888002031327465
v 0 0.8171008029484431 7.260300124039618
v 1.3412999920547009 1.1444007437746067 6.743399665789448
v 0.9913000278174877 10.432200713336472 4.983598643349837
v 1.3794999569654465 0.9796008054680498 6.852699702310678
v 1.4797000214457512 0.8171007858888526 7.113599682202306
v 2.631100080907345 1.144400698270871 6.352099643187365
v 1.944500021636486 10.43220067970582 4.694398769544789
v 2.696399949491024 0.9796007589409883 6.452599798965568
v 2.865000069141388 0.8171007367686031 6.691200191130602
v 3.819800168275833 1.1444006243927367 5.716799811558561
v 2.823000028729439 10.432200625108338 4.224898943113512
v 3.8968998938798904 0.9796006842488113 5.810299774336925
v 4.089599847793579 0.8170007294546844 6.034199798466819
v 4.861700162291527 1.1444005249543718 4.861700029210876
v 3.5930000245571136 10.43220055162555 3.592998811411085
v 4.9501001834869385 0.9797006077153175 4.945399870789445
v 5.166900157928467 0.8170006264229822 5.1481998506804825
v 5.716799944639206 1.1444004037932698 3.819800035195177
v 4.224900156259537 10.43220046208332 2.8229988155834054
v 5.813999846577644 0.9797004852634267 3.8924000018004477
v 6.049200147390366 0.81700050129646 4.072200039388782
v 6.352200359106064 1.1444002655609893 2.631099947826681
v 4.694399982690811 10.432200359923776 1.944498808490447
v 6.459499895572662 0.9797003448332826 2.68479984036722
v 6.718900054693222 0.8170003555984532 2.8192999753972265
v 6.743399798870087 1.1444001155719299 1.3412998589740288
v 4.983599856495857 10.432200249077475 0.9912988146714427
v 6.858199834823608 0.9797001920067921 1.3705998451177024
v 7.13609978556633 0.8170001957830046 1.4449998717626222
v 6.8755000829696655 1.1443999595940184 -1.330806804166624e-7
v 5.0811998546123505 10.432200133800572 -0.0000012131460512647096
v 6.993299722671509 0.9797000326216282 -1.1392795486620366e-7
v 7.278700172901154 0.8170000277459672 -9.500779747618725e-8
v 6.743399798870087 1.1443998036044754 -1.3414001491799035
v 4.983599856495857 10.43220001852367 -0.9913012409635452
v 6.858199834823608 0.9796998732248327 -1.3707000970181258
v 7.13609978556633 0.8169998597089299 -1.445000061778217
v 6.352099776268005 1.1443996536154377 -2.6312000517680403
v 4.694399982690811 10.432199907677369 -1.9445012347825494
v 6.459499895572662 0.9796997204099738 -2.6848000682231303
v 6.718900054693222 0.8169996998934813 -2.819300165412822
v 5.716799944639206 1.144399515394767 -3.8198003013565374
v 4.224900156259537 10.432199805517824 -2.8230012418755077
v 5.813999846577644 0.9796995799682198 -3.8925000674363566
v 6.049200147390366 0.8169995541954745 -4.072200229404376
v 4.861700162291527 1.144399394233665 -4.861700295372238
v 3.5930000245571136 10.432199715975594 -3.5930012377031875
v 4.9501001834869385 0.9796994575279389 -4.945400098645355
v 5.166799947619438 0.8169994290689523 -5.148200040696077
v 3.819800168275833 1.1443992947953001 -5.716800077719922
v 2.823000028729439 10.432199642492806 -4.224901369405615
v 3.8968998938798904 0.9795993329054177 -5.810300002169572
v 4.089599847793579 0.8169993260372501 -6.034199988482413
v 2.631100080907345 1.1443992209054692 -6.3522004921867845
v 1.944500021636486 10.432199587895324 -4.694401195836892
v 2.696399949491024 0.9795992582132407 -6.452600026798215
v 2.865000069141388 0.8170991805478439 -6.6912003811694385
v 1.3412999920547009 1.1443991754134302 -6.743399931950809
v 0.9913000278174877 10.432199554264672 -4.9836010696419395
v 1.3794999569654465 0.9795992116861791 -6.852699930143325
v 1.4797000214457512 0.8170991314275944 -7.113599872241142
v 0 1.1443991600516716 -6.875500216050389
v 0 10.432199542914905 -5.081201067758434
v 0 0.979599195859241 -6.9888004309653935
v 0 0.8170991143680039 -7.260300314078454
v 0 0.6921991514769087 -7.372199824481153
v 0 0.4999991217646298 -7.456100045174379
v 0 1.1443991600516716 -6.875500216050389
v 0 0.979599195859241 -6.9888004309653935
v 0 10.432199542914905 -5.081201067758434
v 0 0.8170991143680039 -7.260300314078454
v -9.892299771308899 0.4999990862384733 -7.761599926680348
v -9.603899717330933 0.4999989608212246 -8.840099780291347
v -9.681600332260132 0.4662989527677049 -8.905100131616104
v -9.968499839305878 0.46629907731281756 -7.834100032433968
v -9.968499839305878 0.46629907731281756 -7.834100032433968
v -9.681600332260132 0.4662989527677049 -8.905100131616104
v -8.817200362682343 0.49999886952298345 -9.625200240343842
v -8.898399770259857 0.46629886173701357 -9.68789985238027
v -8.898399770259857 0.46629886173701357 -9.68789985238027
v -7.735200226306915 0.499998836148142 -9.912200330227648
v -7.826299965381622 0.4662988284319187 -9.974300170526023
v -7.826299965381622 0.4662988284319187 -9.974300170526023
v 9.603899717330933 0.4999989608212246 -8.840099780291347
v 9.892299771308899 0.4999990862384733 -7.761599926680348
v 9.968499839305878 0.46629907731281756 -7.834100032433968
v 9.681600332260132 0.4662989527677049 -8.905100131616104
v 9.681600332260132 0.4662989527677049 -8.905100131616104
v 9.968499839305878 0.46629907731281756 -7.834100032433968
v 8.817200362682343 0.49999886952298345 -9.625200240343842
v 8.898399770259857 0.46629886173701357 -9.68789985238027
v 8.898399770259857 0.46629886173701357 -9.68789985238027
v 7.735200226306915 0.499998836148142 -9.912200330227648
v 7.826299965381622 0.4662988284319187 -9.974300170526023
v 7.826299965381622 0.4662988284319187 -9.974300170526023
v 9.892299771308899 0.5000008914097912 7.761599810391741
v 9.603899717330933 0.5000010168270399 8.84009966400274
v 9.681600332260132 0.4663010238911221 8.905100023165348
v 9.968499839305878 0.46630089934600943 7.834099923983214
v 9.968499839305878 0.46630089934600943 7.834099923983214
v 9.681600332260132 0.4663010238911221 8.905100023165348
v 8.817200362682343 0.500001108125281 9.625200124055235
v 8.898399770259857 0.4663011149218134 9.687899743929513
v 8.898399770259857 0.4663011149218134 9.687899743929513
v 7.735200226306915 0.5000011415001224 9.912200213939041
v 7.826299965381622 0.46630114822690827 9.974300062075267
v 7.826299965381622 0.46630114822690827 9.974300062075267
v -9.603899717330933 0.5000010168270399 8.84009966400274
v -9.892299771308899 0.5000008914097912 7.761599810391741
v -9.968499839305878 0.46630089934600943 7.834099923983214
v -9.681600332260132 0.4663010238911221 8.905100023165348
v -9.681600332260132 0.4663010238911221 8.905100023165348
v -9.968499839305878 0.46630089934600943 7.834099923983214
v -8.817200362682343 0.500001108125281 9.625200124055235
v -8.898399770259857 0.4663011149218134 9.687899743929513
v -8.898399770259857 0.4663011149218134 9.687899743929513
v -7.735200226306915 0.5000011415001224 9.912200213939041
v -7.826299965381622 0.46630114822690827 9.974300062075267
v -7.826299965381622 0.46630114822690827 9.974300062075267
v -9.891100227832794 0.499999388344622 -5.163700191706424
v -9.968099743127823 0.46629938134938814 -5.219600031361068
v -9.968099743127823 0.46629938134938814 -5.219600031361068
v -3.857799991965294 0.500001141162826 9.909299702912659
v -3.910300135612488 0.46630114812224505 9.973400031939159
v -3.910300135612488 0.46630114812224505 9.973400031939159
v 9.891100227832794 0.5000005893036424 5.163700075417816
v 9.968099743127823 0.46630059530943885 5.219599922910314
v 9.968099743127823 0.46630059530943885 5.219599922910314
v 3.857799991965294 0.4999988364854384 -9.909299819201266
v 3.910300135612488 0.46629882853658194 -9.973400140389915
v 3.910300135612488 0.46629882853658194 -9.973400140389915
v -3.857799991965294 0.4999988364854384 -9.909299819201266
v -3.910300135612488 0.46629882853658194 -9.973400140389915
v -3.910300135612488 0.46629882853658194 -9.973400140389915
v 0 0.49999883659010164 -9.908399789065157
v 0 0.4662988285598886 -9.973199719771857
v 0 0.4662988285598886 -9.973199719771857
v 0 0.49999883659010164 -9.908399789065157
v 0 0.4662988285598886 -9.973199719771857
v 0 0.4662988285598886 -9.973199719771857
v 3.857799991965294 0.500001141162826 9.909299702912659
v 3.910300135612488 0.46630114812224505 9.973400031939159
v 3.910300135612488 0.46630114812224505 9.973400031939159
v 0 0.5000011410581627 9.90839967277655
v 0 0.4663011480989384 9.973199611321101
v 0 0.4663011480989384 9.973199611321101
v -9.891100227832794 0.5000005893036424 5.163700075417816
v -9.968099743127823 0.46630059530943885 5.219599922910314
v -9.968099743127823 0.46630059530943885 5.219599922910314
v -9.890499711036682 0.5000002885580294 2.5774999871552424
v -9.967900067567825 0.4663002916682579 2.6084999942928198
v -9.967900067567825 0.4663002916682579 2.6084999942928198
v -9.890300035476685 0.4999999888241322 -5.814430362671861e-8
v -9.967900067567825 0.4662999883294135 -5.4225377417152816e-8
v -9.967900067567825 0.4662999883294135 -5.4225377417152816e-8
v -9.890499711036682 0.49999968909023507 -2.5775001034438496
v -9.967900067567825 0.46629968499056906 -2.608500102743575
v -9.967900067567825 0.46629968499056906 -2.608500102743575
v 9.891100227832794 0.499999388344622 -5.163700191706424
v 9.968099743127823 0.46629938134938814 -5.219600031361068
v 9.968099743127823 0.46629938134938814 -5.219600031361068
v 9.890499711036682 0.49999968909023507 -2.5775001034438496
v 9.967900067567825 0.46629968499056906 -2.608500102743575
v 9.967900067567825 0.46629968499056906 -2.608500102743575
v 9.890300035476685 0.4999999888241322 -5.814430362671861e-8
v 9.967900067567825 0.4662999883294135 -5.4225377417152816e-8
v 9.967900067567825 0.4662999883294135 -5.4225377417152816e-8
v 9.890499711036682 0.5000002885580294 2.5774999871552424
v 9.967900067567825 0.4663002916682579 2.6084999942928198
v 9.967900067567825 0.4663002916682579 2.6084999942928198
v -9.603899717330933 0.5000010168270399 8.84009966400274
v -5.404600128531456 0.5000006086424312 5.330000014573397
v -9.621299803256989 -0.0000010297007396945769 -8.854699879884775
v -9.9092997610569 -9.044695108634722e-7 -7.777799665927936
v -9.973400086164474 0.028399089320134335 -7.838799807751727
v -9.686700254678726 0.028398964821548276 -8.909399810755808
v -9.686700254678726 0.028398964821548276 -8.909399810755808
v -9.973400086164474 0.028399089320134335 -7.838799807751727
v -8.835399895906448 -0.0000011209291475253755 -9.639199823141158
v -8.903700113296509 0.02839887381407695 -9.691999855959976
v -8.903700113296509 0.02839887381407695 -9.691999855959976
v -7.755599915981293 -0.0000011542923790089134 -9.926100075244966
v -7.832299917936325 0.02839884052059209 -9.97830033632573
v -7.832299917936325 0.02839884052059209 -9.97830033632573
v 9.9092997610569 -9.044695108634722e-7 -7.777799665927936
v 9.621299803256989 -0.0000010297007396945769 -8.854699879884775
v 9.686700254678726 0.028398964821548276 -8.909399810755808
v 9.973400086164474 0.028399089320134335 -7.838799807751727
v 9.973400086164474 0.028399089320134335 -7.838799807751727
v 9.686700254678726 0.028398964821548276 -8.909399810755808
v 8.835399895906448 -0.0000011209291475253755 -9.639199823141158
v 8.903700113296509 0.02839887381407695 -9.691999855959976
v 8.903700113296509 0.02839887381407695 -9.691999855959976
v 7.755599915981293 -0.0000011542923790089134 -9.926100075244966
v 7.832299917936325 0.02839884052059209 -9.97830033632573
v 7.832299917936325 0.02839884052059209 -9.97830033632573
v 9.621299803256989 0.0000010297007396945769 8.854699879884775
v 9.9092997610569 9.044695108634722e-7 7.777799665927936
v 9.973400086164474 0.02840091244639868 7.838799801146534
v 9.686700254678726 0.028401036944984737 8.909399804150613
v 9.686700254678726 0.028401036944984737 8.909399804150613
v 9.973400086164474 0.02840091244639868 7.838799801146534
v 8.835399895906448 0.0000011209291475253755 9.639199823141158
v 8.903700113296509 0.028401127952456064 9.691999849354781
v 8.903700113296509 0.028401127952456064 9.691999849354781
v 7.755599915981293 0.0000011542923790089134 9.926100075244966
v 7.832299917936325 0.028401161245940925 9.978300329720536
v 7.832299917936325 0.028401161245940925 9.978300329720536
v -9.9092997610569 9.044695108634722e-7 7.777799665927936
v -9.621299803256989 0.0000010297007396945769 8.854699879884775
v -9.686700254678726 0.028401036944984737 8.909399804150613
v -9.973400086164474 0.02840091244639868 7.838799801146534
v -9.973400086164474 0.02840091244639868 7.838799801146534
v -9.686700254678726 0.028401036944984737 8.909399804150613
v -8.835399895906448 0.0000011209291475253755 9.639199823141158
v -8.903700113296509 0.028401127952456064 9.691999849354781
v -8.903700113296509 0.028401127952456064 9.691999849354781
v -7.755599915981293 0.0000011542923790089134 9.926100075244966
v -7.832299917936325 0.028401161245940925 9.978300329720536
v -7.832299917936325 0.028401161245940925 9.978300329720536
v -9.908299893140793 6.01933099136623e-7 5.176199972629579
v -9.973199665546417 0.028400608281944847 5.223200094377528
v -9.973199665546417 0.028400608281944847 5.223200094377528
v -3.897799924015999 0.028401161164497667 9.977599975144425
v -3.897799924015999 0.028401161164497667 9.977599975144425
v -3.869500011205673 0.0000011540016092421463 9.923599660396638
v 3.897799924015999 0.028398840602035347 -9.97759998174962
v 3.897799924015999 0.028398840602035347 -9.97759998174962
v 3.869500011205673 -0.0000011540016092421463 -9.923599660396638
v 9.973199665546417 0.028400608281944847 5.223200094377528
v 9.973199665546417 0.028400608281944847 5.223200094377528
v 9.908299893140793 6.01933099136623e-7 5.176199972629579
v -3.897799924015999 0.028398840602035347 -9.97759998174962
v -3.897799924015999 0.028398840602035347 -9.97759998174962
v -3.869500011205673 -0.0000011540016092421463 -9.923599660396638
v 0 0.02839884062525534 -9.977400306189622
v 0 0.02839884062525534 -9.977400306189622
v 0 -0.0000011539086426272055 -9.922800213098588
v 0 0.02839884062525534 -9.977400306189622
v 0 0.02839884062525534 -9.977400306189622
v 0 -0.0000011539086426272055 -9.922800213098588
v 3.897799924015999 0.028401161164497667 9.977599975144425
v 3.897799924015999 0.028401161164497667 9.977599975144425
v 3.869500011205673 0.0000011540016092421463 9.923599660396638
v 0 0.028401161141277675 9.977400299584428
v 0 0.028401161141277675 9.977400299584428
v 0 0.0000011539086426272055 9.922800213098588
v -9.908299893140793 -6.01933099136623e-7 -5.176199972629579
v -9.973199665546417 0.028399393484588167 -5.223200100982721
v -9.973199665546417 0.028399393484588167 -5.223200100982721
v -9.90779995918274 -3.005362865582504e-7 -2.584400027990357
v -9.97299998998642 0.028399698242169865 -2.602499913001576
v -9.97299998998642 0.028399698242169865 -2.602499913001576
v -9.907600283622742 0 0
v -9.972900152206421 0.028400000883266507 -3.302596622530215e-9
v -9.972900152206421 0.028400000883266507 -3.302596622530215e-9
v -9.90779995918274 3.005362865582504e-7 2.584400027990357
v -9.97299998998642 0.02840030352436315 2.602499906396383
v -9.97299998998642 0.02840030352436315 2.602499906396383
v 9.973199665546417 0.028399393484588167 -5.223200100982721
v 9.973199665546417 0.028399393484588167 -5.223200100982721
v 9.908299893140793 -6.01933099136623e-7 -5.176199972629579
v 9.97299998998642 0.028399698242169865 -2.602499913001576
v 9.97299998998642 0.028399698242169865 -2.602499913001576
v 9.90779995918274 -3.005362865582504e-7 -2.584400027990357
v 9.972900152206421 0.028400000883266507 -3.302596622530215e-9
v 9.972900152206421 0.028400000883266507 -3.302596622530215e-9
v 9.907600283622742 0 0
v 9.97299998998642 0.02840030352436315 2.602499906396383
v 9.97299998998642 0.02840030352436315 2.602499906396383
v 9.90779995918274 3.005362865582504e-7 2.584400027990357
vt 0.5754370093345642 0.18034300208091736
vt 0.5354520082473755 0.15013299882411957
vt 0.5366020202636719 0.09791000187397003
vt 0.5822219848632812 0.1576250046491623
vt 0.7186819911003113 0.07036100327968597
vt 0.7349799871444702 0.019842000678181648
vt 0.7686629891395569 0.012171999551355839
vt 0.7404220104217529 0.07462199777364731
vt 0.8285449743270874 0.34629499912261963
vt 0.8004260063171387 0.39054200053215027
vt 0.7921239733695984 0.315328985452652
vt 0.8098790049552917 0.2992100119590759
vt 0.7649400234222412 0.4048900008201599
vt 0.7313200235366821 0.3962779939174652
vt 0.7161409854888916 0.34500598907470703
vt 0.7381190061569214 0.34122198820114136
vt 0.7822790145874023 0.012299000285565853
vt 0.7592700123786926 0.08116000145673752
vt 0.7799990177154541 0.4110240042209625
vt 0.7793269753456116 0.40739700198173523
vt 0.7913830280303955 0.4025479853153229
vt 0.7933229804039001 0.4057050049304962
vt 0.7830629944801331 0.01003399956971407
vt 0.7839400172233582 0.006463999859988689
vt 0.7969740033149719 0.012171999551355839
vt 0.7948840260505676 0.015174999833106995
vt 0.7822790145874023 0.012299000285565853
vt 0.794107973575592 0.0174189992249012
vt 0.7772079706192017 0.09010899811983109
vt 0.7592700123786926 0.08116000145673752
vt 0.09219799935817719 0.5937299728393555
vt 0.05527700111269951 0.5752429962158203
vt 0.12796899676322937 0.5631870031356812
vt 0.13824999332427979 0.578125
vt 0.5594339966773987 0.06745799630880356
vt 0.5924749970436096 0.057541001588106155
vt 0.6316959857940674 0.09340800344944
vt 0.6149240136146545 0.10790199786424637
vt 0.7906579971313477 0.40025800466537476
vt 0.7755730152130127 0.32642701268196106
vt 0.5434629917144775 0.06996399909257889
vt 0.5458980202674866 0.07270800322294235
vt 0.5381240248680115 0.08303099870681763
vt 0.5348479747772217 0.0813400000333786
vt 0.5424190163612366 0.3382599949836731
vt 0.5398079752922058 0.34088200330734253
vt 0.5315399765968323 0.32918399572372437
vt 0.5349050164222717 0.3276830017566681
vt 0.5442720055580139 0.3367159962654114
vt 0.5367410182952881 0.3261519968509674
vt 0.5890300273895264 0.27231401205062866
vt 0.5998439788818359 0.28933200240135193
vt 0.02224300056695938 0.2700349986553192
vt 0.005535999778658152 0.2377849966287613
vt 0.06932900100946426 0.2695539891719818
vt 0.06849099695682526 0.28847700357437134
vt 0.5889459848403931 0.354779988527298
vt 0.5559390187263489 0.3438990116119385
vt 0.6126940250396729 0.304749995470047
vt 0.6292150020599365 0.319707989692688
vt 0.8034949898719788 0.027249999344348907
vt 0.8300750255584717 0.0716790035367012
vt 0.8104649782180786 0.11779800057411194
vt 0.7932959794998169 0.101453997194767
vt 0.572405993938446 0.20580099523067474
vt 0.5353090167045593 0.20535099506378174
vt 0.5354520082473755 0.15013299882411957
vt 0.5754370093345642 0.18034300208091736
vt 0.8300750255584717 0.0716790035367012
vt 0.8571490049362183 0.11903099715709686
vt 0.8259819746017456 0.13816900551319122
vt 0.8104649782180786 0.11779800057411194
vt 0.5337709784507751 0.3127880096435547
vt 0.5340269804000854 0.26057499647140503
vt 0.5748109817504883 0.23131699860095978
vt 0.5810570120811462 0.2542029917240143
vt 0.624206006526947 0.36469700932502747
vt 0.5889459848403931 0.354779988527298
vt 0.6292150020599365 0.319707989692688
vt 0.6485220193862915 0.33222800493240356
vt 0.5340269804000854 0.26057499647140503
vt 0.5353090167045593 0.20535099506378174
vt 0.5748109817504883 0.23131699860095978
vt 0.8012040257453918 0.39306798577308655
vt 0.804190993309021 0.39563900232315063
vt 0.6958230137825012 0.06960400193929672
vt 0.6998710036277771 0.02948700077831745
vt 0.7349799871444702 0.019842000678181648
vt 0.7186819911003113 0.07036100327968597
vt 0.7313200235366821 0.3962779939174652
vt 0.6962379813194275 0.3856860101222992
vt 0.6931350231170654 0.34521999955177307
vt 0.7161409854888916 0.34500598907470703
vt 0.6962379813194275 0.3856860101222992
vt 0.6602979898452759 0.374906986951828
vt 0.6701620221138 0.34102100133895874
vt 0.6931350231170654 0.34521999955177307
vt 0.624206006526947 0.36469700932502747
vt 0.6485220193862915 0.33222800493240356
vt 0.5346369743347168 0.09615900367498398
vt 0.5307679772377014 0.09550700336694717
vt 0.6316959857940674 0.09340800344944
vt 0.5924749970436096 0.057541001588106155
vt 0.627776026725769 0.04856500029563904
vt 0.651174008846283 0.08142700046300888
vt 0.6639040112495422 0.039305999875068665
vt 0.6728870272636414 0.0732169970870018
vt 0.5792369842529297 0.47405698895454407
vt 0.5700820088386536 0.4908269941806793
vt 0.5674359798431396 0.48868900537490845
vt 0.5761510133743286 0.4726710021495819
vt 0.5893509984016418 0.45769500732421875
vt 0.5858659744262695 0.4569700062274933
vt 0.6003450155258179 0.4420219957828522
vt 0.5963910222053528 0.4420030117034912
vt 0.5613610148429871 0.5087670087814331
vt 0.5587900280952454 0.5065829753875732
vt 0.553276002407074 0.527521014213562
vt 0.5506010055541992 0.5256940126419067
vt 0.5458449721336365 0.5470100045204163
vt 0.5428959727287292 0.5459480285644531
vt 0.5391579866409302 0.566756010055542
vt 0.5359349846839905 0.5664590001106262
vt 0.5334330201148987 0.5863320231437683
vt 0.5300670266151428 0.5863720178604126
vt 0.5286880135536194 0.6056579947471619
vt 0.525297999382019 0.6056069731712341
vt 0.5249590277671814 0.6243320107460022
vt 0.5217189788818359 0.6234080195426941
vt 0.5221009850502014 0.6432750225067139
vt 0.5189999938011169 0.6415640115737915
vt 0.5201129913330078 0.6622470021247864
vt 0.5171539783477783 0.6596429944038391
vt 0.5190280079841614 0.6831250190734863
vt 0.5160859823226929 0.6812840104103088
vt 0.5188239812850952 0.7051810026168823
vt 0.5158849954605103 0.7051960229873657
vt 0.5192549824714661 0.7272239923477173
vt 0.5163350105285645 0.7290930151939392
vt 0.5205489993095398 0.7480599880218506
vt 0.5176209807395935 0.7506890296936035
vt 0.5227190256118774 0.766972005367279
vt 0.519644021987915 0.7687090039253235
vt 0.5257539749145508 0.7858309745788574
vt 0.5225340127944946 0.7867839932441711
vt 0.529649019241333 0.8043980002403259
vt 0.5262740254402161 0.8044819831848145
vt 0.5345609784126282 0.8235899806022644
vt 0.5312110185623169 0.8235830068588257
vt 0.5404459834098816 0.8430039882659912
vt 0.5372440218925476 0.843330979347229
vt 0.5472850203514099 0.8625630140304565
vt 0.5443649888038635 0.8636459708213806
vt 0.55485600233078 0.8818439841270447
vt 0.5522180199623108 0.883683979511261
vt 0.5630630254745483 0.90037602186203
vt 0.5605340003967285 0.902567982673645
vt 0.5718889832496643 0.9180840253829956
vt 0.5692859888076782 0.9202309846878052
vt 0.5811330080032349 0.9346230030059814
vt 0.5780860185623169 0.936028003692627
vt 0.591323971748352 0.9507439732551575
vt 0.602387011051178 0.9661790132522583
vt 0.5984629988670349 0.9662380218505859
vt 0.5878750085830688 0.9514989852905273
vt 0.8349210023880005 0.06766200065612793
vt 0.8626260161399841 0.11587700247764587
vt 0.8590970039367676 0.11791200190782547
vt 0.8314470052719116 0.06968999654054642
vt 0.6135650277137756 0.4258430004119873
vt 0.6101610064506531 0.42515701055526733
vt 0.11256600171327591 0.0862400010228157
vt 0.12122400104999542 0.06960400193929672
vt 0.12658900022506714 0.07275400310754776
vt 0.11824300140142441 0.08900299668312073
vt 0.31295299530029297 0.8197749853134155
vt 0.31197699904441833 0.8137879967689514
vt 0.31393200159072876 0.8135150074958801
vt 0.31489598751068115 0.8194310069084167
vt 0.12796899676322937 0.5631870031356812
vt 0.11842100322246552 0.5475829839706421
vt 0.12391199916601181 0.5445780158042908
vt 0.1331229954957962 0.5599719882011414
vt 0.13087600469589233 0.054235998541116714
vt 0.13588599860668182 0.05755700170993805
vt 0.4862779974937439 0.2737230062484741
vt 0.48737800121307373 0.2668519914150238
vt 0.49422600865364075 0.2680639922618866
vt 0.493164986371994 0.2747420072555542
vt 0.10989200323820114 0.5307040214538574
vt 0.11569300293922424 0.5280910134315491
vt 0.14123299717903137 0.03957600146532059
vt 0.14582400023937225 0.04311000183224678
vt 0.3141480088233948 0.8257219791412354
vt 0.31607699394226074 0.8253070116043091
vt 0.10257499665021896 0.5131049752235413
vt 0.10856500267982483 0.5108370184898376
vt 0.1521349996328354 0.026618000119924545
vt 0.15587100386619568 0.030230000615119934
vt 0.49015799164772034 0.2532399892807007
vt 0.49183499813079834 0.24651400744915009
vt 0.49852699041366577 0.24829700589179993
vt 0.4969089925289154 0.25483599305152893
vt 0.09621000289916992 0.4949359893798828
vt 0.10232599824666977 0.4929650127887726
vt 0.31556200981140137 0.8316180109977722
vt 0.31747299432754517 0.8311319947242737
vt 0.09059099853038788 0.4764760136604309
vt 0.09676200151443481 0.4747380018234253
vt 0.4937019944190979 0.2398499995470047
vt 0.500324010848999 0.24181799590587616
vt 0.08535800129175186 0.45795199275016785
vt 0.09165800362825394 0.45641300082206726
vt 0.31719401478767395 0.8374549746513367
vt 0.3190839886665344 0.8368980288505554
vt 0.49575498700141907 0.23325900733470917
vt 0.5022979974746704 0.2354079931974411
vt 0.08535800129175186 0.45795199275016785
vt 0.08113999664783478 0.4392229914665222
vt 0.08737599849700928 0.4378870129585266
vt 0.09165800362825394 0.45641300082206726
vt 0.31904399394989014 0.8432199954986572
vt 0.3209089934825897 0.8425909876823425
vt 0.49799099564552307 0.22675000131130219
vt 0.5044419765472412 0.22907699644565582
vt 0.0771770030260086 0.4204829931259155
vt 0.08344600349664688 0.4193269908428192
vt 0.17603799700737 0.9578740000724792
vt 0.1701519936323166 0.9467700123786926
vt 0.3248949944972992 0.8674619793891907
vt 0.32818400859832764 0.872859001159668
vt 0.32111701369285583 0.8488990068435669
vt 0.32295000553131104 0.8481969833374023
vt 0.07376299798488617 0.40174800157546997
vt 0.08004599809646606 0.40082401037216187
vt 0.5055570006370544 0.4097000062465668
vt 0.5027449727058411 0.40339601039886475
vt 0.5090770125389099 0.4006980061531067
vt 0.5117959976196289 0.40675899386405945
vt 0.5086110234260559 0.41593798995018005
vt 0.5146750211715698 0.412649005651474
vt 0.0711119994521141 0.38312000036239624
vt 0.07740599662065506 0.3824569880962372
vt 0.3234190046787262 0.8544759750366211
vt 0.32521501183509827 0.8536970019340515
vt 0.33572301268577576 0.7046989798545837
vt 0.339805006980896 0.7003399729728699
vt 0.34107500314712524 0.7017970085144043
vt 0.3371730148792267 0.70591801404953
vt 0.06944499909877777 0.3643850088119507
vt 0.07574599981307983 0.3640579879283905
vt 0.5001339912414551 0.3970029950141907
vt 0.50655597448349 0.3945170044898987
vt 0.008944000117480755 0.4078510105609894
vt 0.002742999931797385 0.39892199635505676
vt 0.0711119994521141 0.38312000036239624
vt 0.07376299798488617 0.40174800157546997
vt 0.5279399752616882 0.3150170147418976
vt 0.5277389883995056 0.2615180015563965
vt 0.5318019986152649 0.2615790069103241
vt 0.5317630171775818 0.31448599696159363
vt 0.553945004940033 0.34554898738861084
vt 0.5521680116653442 0.3490619957447052
vt 0.7306540012359619 0.4027650058269501
vt 0.6949459910392761 0.3922010064125061
vt 0.6961320042610168 0.3882339894771576
vt 0.7317339777946472 0.39886099100112915
vt 0.5289099812507629 0.205268993973732
vt 0.5330349802970886 0.2053219974040985
vt 0.0010819999733939767 0.387939989566803
vt 0.00447099981829524 0.3769659996032715
vt 0.06878700107336044 0.345986008644104
vt 0.06944499909877777 0.3643850088119507
vt 0.529187023639679 0.14902399480342865
vt 0.5332540273666382 0.14907099306583405
vt 0.04457699880003929 0.07205100357532501
vt 0.04404599964618683 0.06006700173020363
vt 0.11256600171327591 0.0862400010228157
vt 0.10509800165891647 0.10359399765729904
vt 0.5558670163154602 0.06230200082063675
vt 0.5897150039672852 0.051676999777555466
vt 0.590798020362854 0.05555500090122223
vt 0.5574979782104492 0.06577099859714508
vt 0.6255350112915039 0.0423550009727478
vt 0.6265599727630615 0.04634099826216698
vt 0.662202000617981 0.03287399932742119
vt 0.6632670164108276 0.03689900040626526
vt 0.6987490057945251 0.022981999441981316
vt 0.6998289823532104 0.02695300057530403
vt 0.04041299968957901 0.5562059879302979
vt 0.04111799970269203 0.5441129803657532
vt 0.10257499665021896 0.5131049752235413
vt 0.10989200323820114 0.5307040214538574
vt 0.7344859838485718 0.013369999825954437
vt 0.7692239880561829 0.005843000020831823
vt 0.7695140242576599 0.009743999689817429
vt 0.7354580163955688 0.01728600077331066
vt 0.09585999697446823 0.023610999807715416
vt 0.13219399750232697 0.000838999985717237
vt 0.1521349996328354 0.026618000119924545
vt 0.14123299717903137 0.03957600146532059
vt 0.8073019981384277 0.022363999858498573
vt 0.804328978061676 0.0247770007699728
vt 0.8626300096511841 0.30244600772857666
vt 0.8333439826965332 0.350492000579834
vt 0.8298799991607666 0.34834399819374084
vt 0.859112024307251 0.30029600858688354
vt 0.04913200065493584 0.04903800040483475
vt 0.05903499945998192 0.04141100123524666
vt 0.13087600469589233 0.054235998541116714
vt 0.12122400104999542 0.06960400193929672
vt 0.7653359770774841 0.41118401288986206
vt 0.7657319903373718 0.40734899044036865
vt 0.6584259867668152 0.38133400678634644
vt 0.6595969796180725 0.3773129880428314
vt 0.6217960119247437 0.3708840012550354
vt 0.6229270100593567 0.3669019937515259
vt 0.5860120058059692 0.36061400175094604
vt 0.587207019329071 0.3567349910736084
vt 0.004112000111490488 0.21585799753665924
vt 0.010421999730169773 0.2070319950580597
vt 0.07497300207614899 0.21399599313735962
vt 0.07209400087594986 0.2325579971075058
vt 0.14120900630950928 0.06101299822330475
vt 0.13224400579929352 0.07596799731254578
vt 0.12658900022506714 0.07275400310754776
vt 0.13588599860668182 0.05755700170993805
vt 0.15082299709320068 0.046755000948905945
vt 0.14582400023937225 0.04311000183224678
vt 0.1604350060224533 0.03347700089216232
vt 0.15587100386619568 0.030230000615119934
vt 0.1480419933795929 0.5710800290107727
vt 0.1575700044631958 0.5843740105628967
vt 0.15316100418567657 0.5876150131225586
vt 0.14303100109100342 0.5746129751205444
vt 0.13854800164699554 0.5566020011901855
vt 0.1331229954957962 0.5599719882011414
vt 0.1296740025281906 0.541458010673523
vt 0.12391199916601181 0.5445780158042908
vt 0.12177400290966034 0.5253540277481079
vt 0.11569300293922424 0.5280910134315491
vt 0.11488000303506851 0.508446991443634
vt 0.10856500267982483 0.5108370184898376
vt 0.10880299657583237 0.49086299538612366
vt 0.10232599824666977 0.4929650127887726
vt 0.10331899672746658 0.47286298871040344
vt 0.09676200151443481 0.4747380018234253
vt 0.09830600023269653 0.4547480046749115
vt 0.09165800362825394 0.45641300082206726
vt 0.09401900321245193 0.43643200397491455
vt 0.08737599849700928 0.4378870129585266
vt 0.09009899944067001 0.41805100440979004
vt 0.08344600349664688 0.4193269908428192
vt 0.08668199926614761 0.3997870087623596
vt 0.08004599809646606 0.40082401037216187
vt 0.08403799682855606 0.38171499967575073
vt 0.07740599662065506 0.3824569880962372
vt 0.08238600194454193 0.3636539876461029
vt 0.07574599981307983 0.3640579879283905
vt 0.08166299760341644 0.3454979956150055
vt 0.07500600069761276 0.3457370102405548
vt 0.08130200207233429 0.32681500911712646
vt 0.07453499734401703 0.3269200026988983
vt 0.0811149999499321 0.3079349994659424
vt 0.07424499839544296 0.3078579902648926
vt 0.08157999813556671 0.2890219986438751
vt 0.07481399923563004 0.28876999020576477
vt 0.08219300210475922 0.2703559994697571
vt 0.07555200159549713 0.26998499035835266
vt 0.0830800011754036 0.2522830069065094
vt 0.07646799832582474 0.2517479956150055
vt 0.08494800329208374 0.23428699374198914
vt 0.07834900170564651 0.23341000080108643
vt 0.08779899775981903 0.21627399325370789
vt 0.08120100200176239 0.21510300040245056
vt 0.09144099801778793 0.1980929970741272
vt 0.08483599871397018 0.19668400287628174
vt 0.09558500349521637 0.17982199788093567
vt 0.08900199830532074 0.17823700606822968
vt 0.10006800293922424 0.16166900098323822
vt 0.09349100291728973 0.1598760038614273
vt 0.10528100281953812 0.14369399845600128
vt 0.09880399703979492 0.1416960060596466
vt 0.1109509989619255 0.12589000165462494
vt 0.10456600040197372 0.12367100268602371
vt 0.11719100177288055 0.10852400213479996
vt 0.11097799986600876 0.10602399706840515
vt 0.12421700358390808 0.09184599667787552
vt 0.11824300140142441 0.08900299668312073
vt 0.13824999332427979 0.578125
vt 0.14303100109100342 0.5746129751205444
vt 0.5004090070724487 0.22033600509166718
vt 0.503009021282196 0.21402600407600403
vt 0.5092340111732483 0.216716006398201
vt 0.5067539811134338 0.22284099459648132
vt 0.10509800165891647 0.10359399765729904
vt 0.11097799986600876 0.10602399706840515
vt 0.1492840051651001 0.5914329886436462
vt 0.15316100418567657 0.5876150131225586
vt 0.3259679973125458 0.8599280118942261
vt 0.32771700620651245 0.8590649962425232
vt 0.09854999929666519 0.12153399735689163
vt 0.10456600040197372 0.12367100268602371
vt 0.3322190046310425 0.7094209790229797
vt 0.33378198742866516 0.7104910016059875
vt 0.0927250012755394 0.13979299366474152
vt 0.09880399703979492 0.1416960060596466
vt 0.4977239966392517 0.3905250132083893
vt 0.5042240023612976 0.3882420063018799
vt 0.08727599680423737 0.15814900398254395
vt 0.09349100291728973 0.1598760038614273
vt 0.5058000087738037 0.2078229933977127
vt 0.5118839740753174 0.2107129991054535
vt 0.08283200114965439 0.1767279952764511
vt 0.08727599680423737 0.15814900398254395
vt 0.09349100291728973 0.1598760038614273
vt 0.08900199830532074 0.17823700606822968
vt 0.3287929892539978 0.865227997303009
vt 0.33048298954963684 0.8642680048942566
vt 0.07862900197505951 0.19534799456596375
vt 0.08483599871397018 0.19668400287628174
vt 0.3291110098361969 0.7144129872322083
vt 0.3307589888572693 0.7153720259666443
vt 0.08120100200176239 0.21510300040245056
vt 0.07834900170564651 0.23341000080108643
vt 0.5087929964065552 0.20172500610351562
vt 0.5146750211715698 0.20488899946212769
vt 0.07020299881696701 0.251226007938385
vt 0.07646799832582474 0.2517479956150055
vt 0.33194801211357117 0.8703410029411316
vt 0.3335619866847992 0.8692600131034851
vt 0.07555200159549713 0.26998499035835266
vt 0.32631000876426697 0.7196189761161804
vt 0.3280239999294281 0.7204899787902832
vt 0.07481399923563004 0.28876999020576477
vt 0.4955199956893921 0.3839690089225769
vt 0.5020769834518433 0.381879985332489
vt 0.0677419975399971 0.30775099992752075
vt 0.07424499839544296 0.3078579902648926
vt 0.16097399592399597 0.6548230051994324
vt 0.16615399718284607 0.6433960199356079
vt 0.32236701250076294 0.7176229953765869
vt 0.3197169899940491 0.7231879830360413
vt 0.06820899993181229 0.3270280063152313
vt 0.0677419975399971 0.30775099992752075
vt 0.07424499839544296 0.3078579902648926
vt 0.07453499734401703 0.3269200026988983
vt 0.3355239927768707 0.8752170205116272
vt 0.33703699707984924 0.8739740252494812
vt 0.06878700107336044 0.345986008644104
vt 0.07500600069761276 0.3457370102405548
vt 0.3237670063972473 0.7249979972839355
vt 0.32553398609161377 0.7257919907569885
vt 0.1382180005311966 0.8516690135002136
vt 0.13621899485588074 0.8392500281333923
vt 0.30752500891685486 0.8144279718399048
vt 0.30852699279785156 0.8205789923667908
vt 0.14067000150680542 0.8640080094337463
vt 0.30975601077079773 0.8266879916191101
vt 0.14357200264930725 0.8762509822845459
vt 0.3112100064754486 0.8327469825744629
vt 0.14692099392414093 0.8883820176124573
vt 0.3128899931907654 0.8387460112571716
vt 0.15071099996566772 0.9003829956054688
vt 0.3147970139980316 0.8446760177612305
vt 0.1549369990825653 0.9122390151023865
vt 0.31693699955940247 0.8505240082740784
vt 0.18408900499343872 0.6103670001029968
vt 0.19082200527191162 0.5998340249061584
vt 0.33654698729515076 0.6969349980354309
vt 0.3322499990463257 0.701865017414093
vt 0.15959100425243378 0.9239339828491211
vt 0.3193179965019226 0.8562800288200378
vt 0.16466599702835083 0.93545001745224
vt 0.3219600021839142 0.8619310259819031
vt 0.17772400379180908 0.6211519837379456
vt 0.32855701446533203 0.7069429755210876
vt 0.1717420071363449 0.6321679949760437
vt 0.32529500126838684 0.7122009992599487
vt 0.4934450089931488 0.37734198570251465
vt 0.5001760125160217 0.37539899349212646
vt 0.18231500685214996 0.9687399864196777
vt 0.3319239914417267 0.8781099915504456
vt 0.15620900690555573 0.6664310097694397
vt 0.31731700897216797 0.7288770079612732
vt 0.13467800617218018 0.8267689943313599
vt 0.30674898624420166 0.8082460165023804
vt 0.13359400629997253 0.8142420053482056
vt 0.3061999976634979 0.8020390272140503
vt 0.13297100365161896 0.8016849756240845
vt 0.30587899684906006 0.7958170175552368
vt 0.13280799984931946 0.7891160249710083
vt 0.30578699707984924 0.789588987827301
vt 0.13310599327087402 0.7765510082244873
vt 0.3059230148792267 0.7833619713783264
vt 0.13386400043964386 0.7640079855918884
vt 0.3062860071659088 0.7771459817886353
vt 0.1350799947977066 0.7515040040016174
vt 0.3068769872188568 0.7709490060806274
vt 0.13675400614738464 0.7390540242195129
vt 0.3076950013637543 0.7647789716720581
vt 0.13888199627399445 0.7266759872436523
vt 0.30873799324035645 0.7586460113525391
vt 0.14146199822425842 0.714385986328125
vt 0.3100059926509857 0.7525590062141418
vt 0.14449000358581543 0.7021999955177307
vt 0.3114979863166809 0.7465270161628723
vt 0.14796000719070435 0.6901350021362305
vt 0.3132129907608032 0.7405620217323303
vt 0.151868999004364 0.6782069802284241
vt 0.31515198945999146 0.7346739768981934
vt 0.4916040003299713 0.370606005191803
vt 0.4983780086040497 0.36886700987815857
vt 0.4886710047721863 0.26002201437950134
vt 0.4954740107059479 0.26142698526382446
vt 0.31122100353240967 0.8077690005302429
vt 0.31068599224090576 0.8017259836196899
vt 0.3126559853553772 0.8015980124473572
vt 0.3131850063800812 0.8075680136680603
vt 0.48384198546409607 0.30148398876190186
vt 0.48415499925613403 0.29451900720596313
vt 0.4911139905452728 0.2949489951133728
vt 0.49081099033355713 0.30171701312065125
vt 0.48466598987579346 0.2875640094280243
vt 0.48537400364875793 0.2806299924850464
vt 0.49229198694229126 0.2814539968967438
vt 0.49160799384117126 0.2881920039653778
vt 0.3103730082511902 0.7956690192222595
vt 0.3123460114002228 0.7956129908561707
vt 0.31028300523757935 0.7896050214767456
vt 0.31041398644447327 0.7835440039634705
vt 0.3123849928379059 0.7836319804191589
vt 0.31225600838661194 0.7896209955215454
vt 0.4840959906578064 0.3224000036716461
vt 0.48381200432777405 0.3154299855232239
vt 0.49078500270843506 0.3152649998664856
vt 0.4910629987716675 0.322037011384964
vt 0.48372700810432434 0.3084560036659241
vt 0.49070098996162415 0.30849000811576843
vt 0.3107669949531555 0.7774919867515564
vt 0.312732994556427 0.7776520252227783
vt 0.31134098768234253 0.7714580297470093
vt 0.3121350109577179 0.7654520273208618
vt 0.3140830099582672 0.7657549977302551
vt 0.3132990002632141 0.7716900110244751
vt 0.4861370027065277 0.3432390093803406
vt 0.4852589964866638 0.336311012506485
vt 0.49219799041748047 0.335550993680954
vt 0.49305200576782227 0.3422810137271881
vt 0.484578013420105 0.32936200499534607
vt 0.4915350079536438 0.3287999927997589
vt 0.31314900517463684 0.7594810128211975
vt 0.31508299708366394 0.7598549723625183
vt 0.3143799901008606 0.7535549998283386
vt 0.31582799553871155 0.7476829886436462
vt 0.3177250027656555 0.7481979727745056
vt 0.3162980079650879 0.7540000081062317
vt 0.48994898796081543 0.3638260066509247
vt 0.4884830117225647 0.35700199007987976
vt 0.4953329861164093 0.35565099120140076
vt 0.4967600107192993 0.362280011177063
vt 0.48721200227737427 0.35013800859451294
vt 0.4940969944000244 0.3489829897880554
vt 0.31749001145362854 0.7418779730796814
vt 0.319362998008728 0.7424610257148743
vt 0.319364994764328 0.7361500263214111
vt 0.3212110102176666 0.7368019819259644
vt 0.3214559853076935 0.7305170297622681
vt 0.32326599955558777 0.7312390208244324
vt 0.339709997177124 0.8797810077667236
vt 0.3410530090332031 0.8782809972763062
vt 0.4041000008583069 0.5626639723777771
vt 0.4100629985332489 0.5464919805526733
vt 0.47884899377822876 0.5733190178871155
vt 0.4738360047340393 0.5869160294532776
vt 0.3987419903278351 0.5790479779243469
vt 0.4693309962749481 0.6006900072097778
vt 0.393996000289917 0.5956190228462219
vt 0.4653410017490387 0.6146219968795776
vt 0.3898699879646301 0.6123549938201904
vt 0.46187299489974976 0.6286919713020325
vt 0.386368989944458 0.6292330026626587
vt 0.45892900228500366 0.6428819894790649
vt 0.38349801301956177 0.6462299823760986
vt 0.45651599764823914 0.6571710109710693
vt 0.3812609910964966 0.6633210182189941
vt 0.45463499426841736 0.6715409755706787
vt 0.3796609938144684 0.6804839968681335
vt 0.4532890021800995 0.6859700083732605
vt 0.37869998812675476 0.6976940035820007
vt 0.4524810016155243 0.7004389762878418
vt 0.3783789873123169 0.7149289846420288
vt 0.45221200585365295 0.7149289846420288
vt 0.37869998812675476 0.7321630120277405
vt 0.4524810016155243 0.7294179797172546
vt 0.3796609938144684 0.7493730187416077
vt 0.4532890021800995 0.7438870072364807
vt 0.3812609910964966 0.7665359973907471
vt 0.45463499426841736 0.7583169937133789
vt 0.38349801301956177 0.783627986907959
vt 0.45651501417160034 0.7726860046386719
vt 0.386368989944458 0.8006240129470825
vt 0.45892900228500366 0.7869750261306763
vt 0.3898699879646301 0.8175020217895508
vt 0.46187299489974976 0.801164984703064
vt 0.4166240096092224 0.5305520296096802
vt 0.48436498641967773 0.5599179863929749
vt 0.45803898572921753 0.9747530221939087
vt 0.4486440122127533 0.9603009819984436
vt 0.5112860202789307 0.9212200045585632
vt 0.5191839933395386 0.9333710074424744
vt 0.42377299070358276 0.5148670077323914
vt 0.49037501215934753 0.5467309951782227
vt 0.43979400396347046 0.9455090165138245
vt 0.5038449764251709 0.9087839722633362
vt 0.43149998784065247 0.499457985162735
vt 0.4968720078468323 0.5337769985198975
vt 0.43149998784065247 0.9303990006446838
vt 0.4968720078468323 0.8960809707641602
vt 0.43979400396347046 0.48434799909591675
vt 0.5038449764251709 0.5210729837417603
vt 0.42377299070358276 0.9149900078773499
vt 0.49037501215934753 0.8831260204315186
vt 0.4486440122127533 0.4695560038089752
vt 0.5112860202789307 0.508637011051178
vt 0.4166240096092224 0.899304986000061
vt 0.48436498641967773 0.8699399828910828
vt 0.45803898572921753 0.4551039934158325
vt 0.5191839933395386 0.49648699164390564
vt 0.4100629985332489 0.8833659887313843
vt 0.47884899377822876 0.8565379977226257
vt 0.4041000008583069 0.8671929836273193
vt 0.4738360047340393 0.8429409861564636
vt 0.3987410068511963 0.8508089780807495
vt 0.4693309962749481 0.8291680216789246
vt 0.393996000289917 0.8342379927635193
vt 0.4653410017490387 0.81523597240448
vt 0.8841559886932373 0.31580498814582825
vt 0.8809620141983032 0.30285000801086426
vt 0.9375770092010498 0.2900039851665497
vt 0.9402539730072021 0.30086299777030945
vt 0.8878290057182312 0.3286319971084595
vt 0.9433330297470093 0.311614990234375
vt 0.8919770121574402 0.3413139879703522
vt 0.9468100070953369 0.3222450017929077
vt 0.8965929746627808 0.35383298993110657
vt 0.9506790041923523 0.332738995552063
vt 0.9016720056533813 0.3661719858646393
vt 0.9549360275268555 0.343080997467041
vt 0.9264580011367798 0.03351199999451637
vt 0.9337300062179565 0.022324999794363976
vt 0.9818080067634583 0.05486400052905083
vt 0.9757130146026611 0.06424099951982498
vt 0.9072049856185913 0.37831300497055054
vt 0.9595749974250793 0.35325801372528076
vt 0.9196069836616516 0.04496200010180473
vt 0.9699699878692627 0.07383900135755539
vt 0.9131870269775391 0.39024001359939575
vt 0.9645879864692688 0.3632560074329376
vt 0.9131870269775391 0.05665900185704231
vt 0.9645879864692688 0.08364299684762955
vt 0.9196069836616516 0.40193700790405273
vt 0.9699699878692627 0.3730599880218506
vt 0.9072049856185913 0.06858599931001663
vt 0.9595749974250793 0.093640998005867
vt 0.9264580011367798 0.4133870005607605
vt 0.9757130146026611 0.3826580047607422
vt 0.9016709923744202 0.0807270035147667
vt 0.9549360275268555 0.10381799936294556
vt 0.9337300062179565 0.42457398772239685
vt 0.9818080067634583 0.39203500747680664
vt 0.8965929746627808 0.09306599944829941
vt 0.9506790041923523 0.11416000127792358
vt 0.8782520294189453 0.2897849977016449
vt 0.9353049993515015 0.2790530025959015
vt 0.8760290145874023 0.2766279876232147
vt 0.9334419965744019 0.2680250108242035
vt 0.8742979764938354 0.2633979916572571
vt 0.9319909811019897 0.2569350004196167
vt 0.8730589747428894 0.25011301040649414
vt 0.9309530258178711 0.2457990050315857
vt 0.872314989566803 0.2367900013923645
vt 0.9303290247917175 0.2346320003271103
vt 0.8720669746398926 0.22345000505447388
vt 0.9301210045814514 0.22345000505447388
vt 0.872314989566803 0.21010899543762207
vt 0.9303290247917175 0.21226699650287628
vt 0.8730589747428894 0.1967869997024536
vt 0.9309530258178711 0.20110000669956207
vt 0.8742979764938354 0.1835010051727295
vt 0.9319909811019897 0.18996399641036987
vt 0.8760290145874023 0.17027099430561066
vt 0.9334419965744019 0.17887499928474426
vt 0.8782520294189453 0.15711499750614166
vt 0.9353049993515015 0.16784699261188507
vt 0.8809620141983032 0.1440500020980835
vt 0.9375770092010498 0.15689599514007568
vt 0.8841559886932373 0.1310950070619583
vt 0.9402539730072021 0.14603599905967712
vt 0.8878290057182312 0.1182669997215271
vt 0.9433330297470093 0.13528400659561157
vt 0.8919770121574402 0.1055850014090538
vt 0.9468100070953369 0.12465400248765945
vt 0.808758020401001 0.5471600294113159
vt 0.8148829936981201 0.5305479764938354
vt 0.8847830295562744 0.5578100085258484
vt 0.8796229958534241 0.5718039870262146
vt 0.8032540082931519 0.5639879703521729
vt 0.8749859929084778 0.585981011390686
vt 0.7983800172805786 0.5810089707374573
vt 0.8708800077438354 0.6003199815750122
vt 0.7941420078277588 0.5982000231742859
vt 0.8673099875450134 0.6148009896278381
vt 0.7905460000038147 0.6155359745025635
vt 0.8642809987068176 0.6294059753417969
vt 0.7875970005989075 0.6329939961433411
vt 0.8617960214614868 0.6441130042076111
vt 0.7852990031242371 0.6505500078201294
vt 0.8598610162734985 0.6589019894599915
vt 0.7836549878120422 0.6681780219078064
vt 0.8584759831428528 0.673753023147583
vt 0.7826679944992065 0.6858559846878052
vt 0.8576440215110779 0.6886460185050964
vt 0.7823389768600464 0.7035580277442932
vt 0.8573669791221619 0.7035580277442932
vt 0.7826679944992065 0.7212610244750977
vt 0.8576440215110779 0.7184709906578064
vt 0.7836549878120422 0.7389379739761353
vt 0.8584759831428528 0.7333629727363586
vt 0.7852990031242371 0.7565670013427734
vt 0.8598610162734985 0.7482140064239502
vt 0.7875970005989075 0.7741230130195618
vt 0.8617960214614868 0.7630040049552917
vt 0.7905460000038147 0.7915809750556946
vt 0.8642809987068176 0.7777109742164612
vt 0.7941420078277588 0.8089169859886169
vt 0.8673099875450134 0.7923150062561035
vt 0.8216220140457153 0.5141749978065491
vt 0.8904600143432617 0.5440170168876648
vt 0.8641610145568848 0.9704369902610779
vt 0.8545119762420654 0.9555929899215698
vt 0.9181680083274841 0.9158790111541748
vt 0.9262959957122803 0.9283850193023682
vt 0.8289650082588196 0.4980649948120117
vt 0.8966460227966309 0.5304449796676636
vt 0.8454210162162781 0.9403989911079407
vt 0.9105089902877808 0.9030799865722656
vt 0.8369020223617554 0.4822379946708679
vt 0.903331995010376 0.5171120166778564
vt 0.8369010090827942 0.9248790144920349
vt 0.903331995010376 0.8900049924850464
vt 0.8454210162162781 0.466717004776001
vt 0.9105089902877808 0.5040370225906372
vt 0.8289650082588196 0.9090520143508911
vt 0.8966460227966309 0.8766720294952393
vt 0.8545119762420654 0.4515239894390106
vt 0.9181680083274841 0.491237998008728
vt 0.8216220140457153 0.8929409980773926
vt 0.8904600143432617 0.863099992275238
vt 0.8641610145568848 0.43667900562286377
vt 0.9262959957122803 0.47873198986053467
vt 0.8148829936981201 0.8765680193901062
vt 0.8847830295562744 0.8493070006370544
vt 0.808758020401001 0.8599569797515869
vt 0.8796229958534241 0.8353130221366882
vt 0.8032540082931519 0.8431280255317688
vt 0.8749859929084778 0.8211359977722168
vt 0.7983800172805786 0.8261070251464844
vt 0.8708800077438354 0.8067970275878906
vt 0.027905000373721123 0.19068500399589539
vt 0.043035998940467834 0.17167699337005615
vt 0.052664998918771744 0.14893899857997894
vt 0.05515199899673462 0.1237419992685318
vt 0.0927250012755394 0.13979299366474152
vt 0.05139400064945221 0.09786800295114517
vt 0.09854999929666519 0.12153399735689163
vt 0.7785980105400085 0.4051010012626648
vt 0.7649400234222412 0.4048900008201599
vt 0.7381190061569214 0.34122198820114136
vt 0.7572559714317322 0.3350659906864166
vt 0.7785980105400085 0.4051010012626648
vt 0.7572559714317322 0.3350659906864166
vt 0.0453919991850853 0.5674099922180176
vt 0.11842100322246552 0.5475829839706421
vt 0.8571709990501404 0.299113005399704
vt 0.8285449743270874 0.34629499912261963
vt 0.8098790049552917 0.2992100119590759
vt 0.8260899782180786 0.27897000312805176
vt 0.04837299883365631 0.518140971660614
vt 0.09621000289916992 0.4949359893798828
vt 0.12869900465011597 0.6173949837684631
vt 0.1492840051651001 0.5914329886436462
vt 0.5367410182952881 0.3261519968509674
vt 0.5890300273895264 0.27231401205062866
vt 0.5399190187454224 0.08460800349712372
vt 0.5906209945678711 0.13970300555229187
vt 0.002305000089108944 0.22679199278354645
vt 0.030350999906659126 0.3074829876422882
vt 0.021671000868082047 0.3448539972305298
vt 0.06820899993181229 0.3270280063152313
vt 0.026233000680804253 0.424470990896225
vt 0.0771770030260086 0.4204829931259155
vt 0.5476980209350586 0.0742890015244484
vt 0.6017869710922241 0.12295900285243988
vt 0.5476980209350586 0.0742890015244484
vt 0.6017869710922241 0.12295900285243988
vt 0.04112600162625313 0.4437420070171356
vt 0.08113999664783478 0.4392229914665222
vt 0.05044500157237053 0.4667209982872009
vt 0.08535800129175186 0.45795199275016785
vt 0.05255400016903877 0.49210798740386963
vt 0.09059099853038788 0.4764760136604309
vt 0.3386160135269165 0.8809689879417419
vt 0.3343279957771301 0.8761919736862183
vt 0.337444007396698 0.8821539878845215
vt 0.33310601115226746 0.877174973487854
vt 0.33626601099967957 0.883230984210968
vt 0.3306869864463806 0.8711860179901123
vt 0.32940998673439026 0.8720420002937317
vt 0.3274810016155243 0.8659780025482178
vt 0.32615798711776733 0.8667370080947876
vt 0.3246150016784668 0.860601007938385
vt 0.3232550024986267 0.8612809777259827
vt 0.32203298807144165 0.8550819754600525
vt 0.32064101099967957 0.8556950092315674
vt 0.31970199942588806 0.8494449853897095
vt 0.3182840049266815 0.8499969840049744
vt 0.31760698556900024 0.8437089920043945
vt 0.3161650002002716 0.844202995300293
vt 0.31573599576950073 0.8378890156745911
vt 0.3142760097980499 0.8383269906044006
vt 0.31408798694610596 0.8319969773292542
vt 0.31261101365089417 0.832381010055542
vt 0.31266099214553833 0.8260449767112732
vt 0.3111700117588043 0.8263739943504333
vt 0.31145399808883667 0.8200439810752869
vt 0.3099519908428192 0.8203169703483582
vt 0.31046900153160095 0.8140010237693787
vt 0.3089579939842224 0.8142189979553223
vt 0.30970698595046997 0.8079270124435425
vt 0.3081890046596527 0.808089017868042
vt 0.3091680109500885 0.8018289804458618
vt 0.3076449930667877 0.8019350171089172
vt 0.3088519871234894 0.7957159876823425
vt 0.307327002286911 0.7957670092582703
vt 0.30876100063323975 0.7895969748497009
vt 0.3072350025177002 0.7895910143852234
vt 0.30889400839805603 0.7834789752960205
vt 0.3073689937591553 0.7834179997444153
vt 0.30924999713897705 0.7773709893226624
vt 0.3077299892902374 0.7772539854049683
vt 0.3098300099372864 0.7712820172309875
vt 0.3083159923553467 0.7711099982261658
vt 0.31063300371170044 0.7652209997177124
vt 0.30912598967552185 0.7649930119514465
vt 0.31165701150894165 0.7591950297355652
vt 0.3101600110530853 0.7589120268821716
vt 0.31290000677108765 0.7532150149345398
vt 0.31141600012779236 0.7528769969940186
vt 0.3143630027770996 0.7472890019416809
vt 0.31289398670196533 0.7468969821929932
vt 0.3160429894924164 0.7414299845695496
vt 0.31459200382232666 0.7409830093383789
vt 0.31794100999832153 0.735647976398468
vt 0.31650999188423157 0.735148012638092
vt 0.3200570046901703 0.7299609780311584
vt 0.3186529874801636 0.7294049859046936
vt 0.32239899039268494 0.7243850231170654
vt 0.321025013923645 0.7237709760665894
vt 0.3249810039997101 0.7189440131187439
vt 0.32364198565483093 0.718267023563385
vt 0.3278290033340454 0.7136660218238831
vt 0.3265340030193329 0.7129160165786743
vt 0.33099600672721863 0.7085859775543213
vt 0.32975199818611145 0.7077450156211853
vt 0.33457401394844055 0.7037450075149536
vt 0.33339598774909973 0.70278400182724
vt 0.3387739956378937 0.699180006980896
vt 0.3376710116863251 0.6980119943618774
vt 0.1889220029115677 0.9792670011520386
vt 0.5154740214347839 0.205268993973732
vt 0.5126950144767761 0.21108700335025787
vt 0.33764299750328064 0.8734719753265381
vt 0.34158098697662354 0.8776929974555969
vt 0.5100600123405457 0.21706600487232208
vt 0.334214985370636 0.8688210248947144
vt 0.5075960159301758 0.2231680005788803
vt 0.3311690092086792 0.8638759851455688
vt 0.5052980184555054 0.2293809950351715
vt 0.3284290134906769 0.8587120175361633
vt 0.5031660199165344 0.23568899929523468
vt 0.32594698667526245 0.8533769845962524
vt 0.5012030005455017 0.24207499623298645
vt 0.3236989974975586 0.8479089736938477
vt 0.49941399693489075 0.24853000044822693
vt 0.3216699957847595 0.8423320055007935
vt 0.4978030025959015 0.25504401326179504
vt 0.3198559880256653 0.8366680145263672
vt 0.49637600779533386 0.2616100013256073
vt 0.3182539939880371 0.8309310078620911
vt 0.49513301253318787 0.26822200417518616
vt 0.316866010427475 0.8251339793205261
vt 0.49407699704170227 0.2748740017414093
vt 0.3156909942626953 0.8192880153656006
vt 0.49320799112319946 0.2815600037574768
vt 0.31473100185394287 0.8134009838104248
vt 0.4925270080566406 0.28827300667762756
vt 0.31398800015449524 0.8074830174446106
vt 0.49203500151634216 0.2950040102005005
vt 0.3134610056877136 0.8015429973602295
vt 0.49173399806022644 0.3017449975013733
vt 0.3131529986858368 0.7955870032310486
vt 0.49162501096725464 0.3084929883480072
vt 0.31306299567222595 0.7896249890327454
vt 0.49170899391174316 0.3152410089969635
vt 0.3131909966468811 0.7836650013923645
vt 0.4919860064983368 0.32198598980903625
vt 0.31353700160980225 0.7777140140533447
vt 0.49245598912239075 0.3287239968776703
vt 0.3141010105609894 0.7717819809913635
vt 0.49311700463294983 0.3354479968547821
vt 0.31488001346588135 0.7658759951591492
vt 0.4939669966697693 0.3421519994735718
vt 0.31587499380111694 0.760004997253418
vt 0.4950079917907715 0.348827987909317
vt 0.3170830011367798 0.7541790008544922
vt 0.4962390065193176 0.3554700016975403
vt 0.3185020089149475 0.7484049797058105
vt 0.4976609945297241 0.36207300424575806
vt 0.32013100385665894 0.74269700050354
vt 0.4992719888687134 0.36863499879837036
vt 0.3219659924507141 0.7370659708976746
vt 0.5010619759559631 0.3751470148563385
vt 0.3240079879760742 0.731531023979187
vt 0.5029529929161072 0.38160499930381775
vt 0.32625800371170044 0.7261120080947876
vt 0.5050849914550781 0.387937992811203
vt 0.32872501015663147 0.7208420038223267
vt 0.5074049830436707 0.39418700337409973
vt 0.3314320147037506 0.7157599925994873
vt 0.5099120140075684 0.4003419876098633
vt 0.33441799879074097 0.7109209895133972
vt 0.5126109719276428 0.40637901425361633
vt 0.3377569913864136 0.7064089775085449
vt 0.5154740214347839 0.4122610092163086
vt 0.34158098697662354 0.702368974685669
vt 0.6156740188598633 0.9821100234985352
vt 0.6122999787330627 0.9828259944915771
vt 0.6288490295410156 0.41005200147628784
vt 0.6268140077590942 0.4079209864139557
vt 0.6240699887275696 0.9769489765167236
vt 0.6118230223655701 0.9620100259780884
vt 0.7208110094070435 0.8854269981384277
vt 0.7289019823074341 0.8964580297470093
vt 0.6093500256538391 0.9635109901428223
vt 0.6218079924583435 0.978672981262207
vt 0.6180440187454224 0.9811750054359436
vt 0.6051300168037415 0.9656109809875488
vt 0.6005939841270447 0.9461629986763
vt 0.7131869792938232 0.8740469813346863
vt 0.5980809926986694 0.9476339817047119
vt 0.5938799977302551 0.9498469829559326
vt 0.5902649760246277 0.9296219944953918
vt 0.7060580253601074 0.8623409867286682
vt 0.5877230167388916 0.9310780167579651
vt 0.5835210084915161 0.9334160089492798
vt 0.5806599855422974 0.9126260280609131
vt 0.6994379758834839 0.8503289818763733
vt 0.5781260132789612 0.9140750169754028
vt 0.5740560293197632 0.9165310263633728
vt 0.5718770027160645 0.8951650261878967
vt 0.6933429837226868 0.8380320072174072
vt 0.5692999958992004 0.8965179920196533
vt 0.5651999711990356 0.8988419771194458
vt 0.5638779997825623 0.8772879838943481
vt 0.6877869963645935 0.8254749774932861
vt 0.5612409710884094 0.878495991230011
vt 0.5570539832115173 0.8805360198020935
vt 0.5566319823265076 0.8590970039367676
vt 0.6827809810638428 0.8126789927482605
vt 0.5539259910583496 0.8600999712944031
vt 0.5496320128440857 0.8616930246353149
vt 0.550262987613678 0.8405699729919434
vt 0.6783369779586792 0.7996739745140076
vt 0.5474749803543091 0.8413749933242798
vt 0.5429670214653015 0.8425610065460205
vt 0.5446529984474182 0.8217750191688538
vt 0.6744629740715027 0.7864829897880554
vt 0.541812002658844 0.8224350214004517
vt 0.5371840000152588 0.8233550190925598
vt 0.5398740172386169 0.8027709722518921
vt 0.6711680293083191 0.7731289863586426
vt 0.5370020270347595 0.8033379912376404
vt 0.5323089957237244 0.8041509985923767
vt 0.5359510183334351 0.7835649847984314
vt 0.6684569716453552 0.7596390247344971
vt 0.5330659747123718 0.7841479778289795
vt 0.5283499956130981 0.7851629853248596
vt 0.5327309966087341 0.7641940116882324
vt 0.6663370132446289 0.7460290193557739
vt 0.5298550128936768 0.7647759914398193
vt 0.5252289772033691 0.7659329771995544
vt 0.5304020047187805 0.744674026966095
vt 0.6648120284080505 0.73232501745224
vt 0.5275260210037231 0.7452600002288818
vt 0.5229600071907043 0.7466019988059998
vt 0.5290499925613403 0.7249580025672913
vt 0.6638879776000977 0.7185549736022949
vt 0.5261620283126831 0.7253249883651733
vt 0.5216320157051086 0.7262070178985596
vt 0.5285339951515198 0.7051330208778381
vt 0.6635670065879822 0.7047460079193115
vt 0.5256479978561401 0.7051470279693604
vt 0.5211849808692932 0.7051690220832825
vt 0.5288540124893188 0.6852949857711792
vt 0.6638510227203369 0.6909300088882446
vt 0.5259600281715393 0.6849560141563416
vt 0.5214170217514038 0.6841189861297607
vt 0.5300149917602539 0.6655420064926147
vt 0.6647390127182007 0.6771389842033386
vt 0.5271289944648743 0.6649829745292664
vt 0.5225419998168945 0.6636840105056763
vt 0.5321639776229858 0.6459630131721497
vt 0.6662279963493347 0.6634039878845215
vt 0.5292760133743286 0.6454070210456848
vt 0.5246260166168213 0.6442909836769104
vt 0.5352110266685486 0.6265079975128174
vt 0.6683160066604614 0.6497510075569153
vt 0.5323110222816467 0.6259499788284302
vt 0.5275700092315674 0.6249769926071167
vt 0.5389699935913086 0.6071940064430237
vt 0.6709979772567749 0.6361979842185974
vt 0.536080002784729 0.606652021408081
vt 0.5313599705696106 0.6058809757232666
vt 0.5435929894447327 0.5880590081214905
vt 0.6742690205574036 0.6227710247039795
vt 0.5407310128211975 0.5874220132827759
vt 0.5360710024833679 0.586542010307312
vt 0.5490549802780151 0.5691099762916565
vt 0.6781259775161743 0.6094939708709717
vt 0.5462419986724854 0.568327009677887
vt 0.5416979789733887 0.5671769976615906
vt 0.5552859902381897 0.5504080057144165
vt 0.6825600266456604 0.5963910222053528
vt 0.5525529980659485 0.5494239926338196
vt 0.5482149720191956 0.5478630065917969
vt 0.5624079704284668 0.5320219993591309
vt 0.6875619888305664 0.5834919810295105
vt 0.5597400069236755 0.530830979347229
vt 0.5555030107498169 0.5288169980049133
vt 0.570294976234436 0.5139319896697998
vt 0.6931229829788208 0.5708199739456177
vt 0.56768399477005 0.5125939846038818
vt 0.5635290145874023 0.5102919936180115
vt 0.5789790153503418 0.49624401330947876
vt 0.6992319822311401 0.5583990216255188
vt 0.5764099955558777 0.49480798840522766
vt 0.5722820162773132 0.4923720061779022
vt 0.5884969830513 0.4790079891681671
vt 0.7058740258216858 0.5462549924850464
vt 0.5859190225601196 0.4775660037994385
vt 0.5816569924354553 0.4752500057220459
vt 0.5987460017204285 0.4622189998626709
vt 0.7130360007286072 0.5344060063362122
vt 0.5961959958076477 0.46076199412345886
vt 0.5919370055198669 0.45857399702072144
vt 0.6098970174789429 0.44612398743629456
vt 0.7206950187683105 0.5228769779205322
vt 0.607388973236084 0.4446380138397217
vt 0.603115975856781 0.44256600737571716
vt 0.6220679879188538 0.43094998598098755
vt 0.7288140058517456 0.511696994304657
vt 0.6197739839553833 0.4292390048503876
vt 0.6159589886665344 0.4267599880695343
vt 0.635204017162323 0.4170989990234375
vt 0.7374240159988403 0.5007719993591309
vt 0.6333069801330566 0.41508400440216064
vt 0.6304270029067993 0.4117969870567322
vt 0.6310210227966309 0.9976570010185242
vt 0.629019021987915 0.9997950196266174
vt 0.637270987033844 0.99058997631073
vt 0.6354050040245056 0.9926120042800903
vt 0.7374240159988403 0.9071140289306641
vt 0.6325730085372925 0.9959070086479187
vt 0.7649400234222412 0.4048900008201599
vt 0.7785980105400085 0.4051010012626648
vt 0.7790399789810181 0.4063139855861664
vt 0.7655580043792725 0.40615299344062805
vt 0.7655580043792725 0.40615299344062805
vt 0.7790399789810181 0.4063139855861664
vt 0.7906579971313477 0.40025800466537476
vt 0.7909280061721802 0.4015119969844818
vt 0.7909280061721802 0.4015119969844818
vt 0.8004260063171387 0.39054200053215027
vt 0.800583004951477 0.3920080065727234
vt 0.800583004951477 0.3920080065727234
vt 0.7822790145874023 0.012299000285565853
vt 0.7686629891395569 0.012171999551355839
vt 0.7693110108375549 0.010931000113487244
vt 0.7827489972114563 0.011105000041425228
vt 0.7827489972114563 0.011105000041425228
vt 0.7693110108375549 0.010931000113487244
vt 0.794107973575592 0.0174189992249012
vt 0.7944070100784302 0.016186999157071114
vt 0.7944070100784302 0.016186999157071114
vt 0.8034949898719788 0.027249999344348907
vt 0.8036890029907227 0.025807000696659088
vt 0.8036890029907227 0.025807000696659088
vt 0.5594339966773987 0.06745799630880356
vt 0.5476980209350586 0.0742890015244484
vt 0.5466989874839783 0.07348299771547318
vt 0.5582600235939026 0.06669999659061432
vt 0.5582600235939026 0.06669999659061432
vt 0.5466989874839783 0.07348299771547318
vt 0.5399190187454224 0.08460800349712372
vt 0.5390440225601196 0.08367899805307388
vt 0.5390440225601196 0.08367899805307388
vt 0.5366020202636719 0.09791000187397003
vt 0.5357120037078857 0.09674300253391266
vt 0.5357120037078857 0.09674300253391266
vt 0.5442720055580139 0.3367159962654114
vt 0.5559390187263489 0.3438990116119385
vt 0.5547360181808472 0.34463199973106384
vt 0.5432469844818115 0.33750098943710327
vt 0.5432469844818115 0.33750098943710327
vt 0.5547360181808472 0.34463199973106384
vt 0.5367410182952881 0.3261519968509674
vt 0.535843014717102 0.3270590007305145
vt 0.535843014717102 0.3270590007305145
vt 0.5337709784507751 0.3127880096435547
vt 0.5328519940376282 0.3139309883117676
vt 0.5328519940376282 0.3139309883117676
vt 0.7313200235366821 0.3962779939174652
vt 0.7317489981651306 0.397599995136261
vt 0.7317489981651306 0.397599995136261
vt 0.5340269804000854 0.26057499647140503
vt 0.5330089926719666 0.26128900051116943
vt 0.5330089926719666 0.26128900051116943
vt 0.5924749970436096 0.057541001588106155
vt 0.5914319753646851 0.05663599818944931
vt 0.5914319753646851 0.05663599818944931
vt 0.8300750255584717 0.0716790035367012
vt 0.8305709958076477 0.0705529972910881
vt 0.8305709958076477 0.0705529972910881
vt 0.8285449743270874 0.34629499912261963
vt 0.8290169835090637 0.3474479913711548
vt 0.8290169835090637 0.3474479913711548
vt 0.8571709990501404 0.299113005399704
vt 0.8580639958381653 0.2996569871902466
vt 0.8580639958381653 0.2996569871902466
vt 0.8571490049362183 0.11903099715709686
vt 0.8580459952354431 0.1185159981250763
vt 0.8580459952354431 0.1185159981250763
vt 0.5354520082473755 0.15013299882411957
vt 0.5344539880752563 0.1493919938802719
vt 0.5344539880752563 0.1493919938802719
vt 0.5353090167045593 0.20535099506378174
vt 0.5342620015144348 0.20533700287342072
vt 0.5342620015144348 0.20533700287342072
vt 0.5889459848403931 0.354779988527298
vt 0.5878729820251465 0.3556640148162842
vt 0.5878729820251465 0.3556640148162842
vt 0.624206006526947 0.36469700932502747
vt 0.6234470009803772 0.3657439947128296
vt 0.6234470009803772 0.3657439947128296
vt 0.6602979898452759 0.374906986951828
vt 0.6599540114402771 0.37608999013900757
vt 0.6599540114402771 0.37608999013900757
vt 0.6962379813194275 0.3856860101222992
vt 0.6963160037994385 0.3869769871234894
vt 0.6963160037994385 0.3869769871234894
vt 0.7349799871444702 0.019842000678181648
vt 0.7354410290718079 0.018539000302553177
vt 0.7354410290718079 0.018539000302553177
vt 0.6998710036277771 0.02948700077831745
vt 0.6999800205230713 0.028206000104546547
vt 0.6999800205230713 0.028206000104546547
vt 0.6639040112495422 0.039305999875068665
vt 0.6635910272598267 0.03812199831008911
vt 0.6635910272598267 0.03812199831008911
vt 0.627776026725769 0.04856500029563904
vt 0.6270480155944824 0.04750499874353409
vt 0.6270480155944824 0.04750499874353409
vt 0.5442720055580139 0.3367159962654114
vt 0.5998439788818359 0.28933200240135193
vt 0.04404599964618683 0.06006700173020363
vt 0.04457699880003929 0.07205100357532501
vt 0.04369400069117546 0.07162600010633469
vt 0.04313400015234947 0.05972599983215332
vt 0.7801300287246704 0.41209399700164795
vt 0.7649329900741577 0.4121609926223755
vt 0.04913200065493584 0.04903800040483475
vt 0.04817499965429306 0.04873700067400932
vt 0.7940369844436646 0.4064840078353882
vt 0.05903499945998192 0.04141100123524666
vt 0.05794399976730347 0.04116399958729744
vt 0.8052030205726624 0.3959850072860718
vt 0.04111799970269203 0.5441129803657532
vt 0.04041299968957901 0.5562059879302979
vt 0.03948799893260002 0.5565379858016968
vt 0.04022099822759628 0.5445299744606018
vt 0.7688500285148621 0.004856000188738108
vt 0.7841039896011353 0.005400999914854765
vt 0.0453919991850853 0.5674099922180176
vt 0.044422000646591187 0.5677000284194946
vt 0.7976999878883362 0.011427000164985657
vt 0.05527700111269951 0.5752429962158203
vt 0.054173000156879425 0.5754770040512085
vt 0.8083080053329468 0.022050999104976654
vt 0.002742999931797385 0.39892199635505676
vt 0.008944000117480755 0.4078510105609894
vt 0.008066000416874886 0.407941997051239
vt 0.0018789999885484576 0.39910900592803955
vt 0.5428019762039185 0.06912100315093994
vt 0.5557090044021606 0.061264000833034515
vt 0.0010819999733939767 0.387939989566803
vt 0.00020500000391621143 0.3882089853286743
vt 0.5338389873504639 0.08104299753904343
vt 0.00447099981829524 0.3769659996032715
vt 0.0035379999317228794 0.37736499309539795
vt 0.5297269821166992 0.09573300182819366
vt 0.010421999730169773 0.2070319950580597
vt 0.004112000111490488 0.21585799753665924
vt 0.0032530000898987055 0.2156590074300766
vt 0.00954699981957674 0.20692899823188782
vt 0.5519779920578003 0.35010701417922974
vt 0.5391139984130859 0.341713011264801
vt 0.002305000089108944 0.22679199278354645
vt 0.001433999976143241 0.22651100158691406
vt 0.5305259823799133 0.32944801449775696
vt 0.005535999778658152 0.2377849966287613
vt 0.004610000178217888 0.23737500607967377
vt 0.5269100069999695 0.31476300954818726
vt 0.027905000373721123 0.19068500399589539
vt 0.02712699957191944 0.19055700302124023
vt 0.5859649777412415 0.36167600750923157
vt 0.5267369747161865 0.2610290050506592
vt 0.021525999531149864 0.2699750065803528
vt 0.02224300056695938 0.2700349986553192
vt 0.8360210061073303 0.067562997341156
vt 0.09153299778699875 0.5942010283470154
vt 0.09219799935817719 0.5937299728393555
vt 0.5896940231323242 0.05062200129032135
vt 0.02545199915766716 0.42458799481391907
vt 0.026233000680804253 0.424470990896225
vt 0.8344550132751465 0.3506210148334503
vt 0.095210000872612 0.023135999217629433
vt 0.09585999697446823 0.023610999807715416
vt 0.8635110259056091 0.30298399925231934
vt 0.13179700076580048 0.00020500000391621143
vt 0.13219399750232697 0.000838999985717237
vt 0.8635110259056091 0.11536899954080582
vt 0.12828600406646729 0.6180310249328613
vt 0.12869900465011597 0.6173949837684631
vt 0.5281720161437988 0.14948700368404388
vt 0.020951999351382256 0.34490299224853516
vt 0.021671000868082047 0.3448539972305298
vt 0.5278779864311218 0.20525600016117096
vt 0.02966899983584881 0.30747801065444946
vt 0.030350999906659126 0.3074829876422882
vt 0.05139400064945221 0.09786800295114517
vt 0.050592999905347824 0.0975470021367073
vt 0.7301250100135803 0.4036850035190582
vt 0.05515199899673462 0.1237419992685318
vt 0.05443999916315079 0.12358299642801285
vt 0.6943849921226501 0.3931390047073364
vt 0.052664998918771744 0.14893899857997894
vt 0.051993001252412796 0.14876900613307953
vt 0.6581259965896606 0.3823629915714264
vt 0.043035998940467834 0.17167699337005615
vt 0.042367998510599136 0.17147600650787354
vt 0.6217659711837769 0.37197598814964294
vt 0.7339810132980347 0.012442000210285187
vt 0.047561001032590866 0.5184530019760132
vt 0.04837299883365631 0.518140971660614
vt 0.6982150077819824 0.022035999223589897
vt 0.05183500051498413 0.4922569990158081
vt 0.05255400016903877 0.49210798740386963
vt 0.6619290113449097 0.03184499964118004
vt 0.04976699873805046 0.46688100695610046
vt 0.05044500157237053 0.4667209982872009
vt 0.625531017780304 0.0412679985165596
vt 0.04045199975371361 0.44393301010131836
vt 0.04112600162625313 0.4437420070171356
vn 0 0.9999999999999932 -1.1628860985268869e-7
vn 0 0.9999999999999932 -1.1628860985268869e-7
vn 0 0.9999999999999932 -1.1628860985268869e-7
vn 0 0.9999999999999932 -1.1628860985268869e-7
vn 0 0.9999999999999932 -1.1628860985268869e-7
vn 0 0.9999999999999932 -1.1628860985268869e-7
vn 0 0.9999999999999932 -1.1628860985268869e-7
vn 0 0.9999999999999932 -1.1628860985268869e-7
vn 0 0.9999999999999932 -1.1628860985268869e-7
vn 0 0.9999999999999932 -1.1628860985268869e-7
vn 0 0.9999999999999932 -1.1628860985268869e-7
vn 0 0.9999999999999932 -1.1628860985268869e-7
vn 0 0.9999999999999932 -1.1628860985268869e-7
vn 0 0.9999999999999932 -1.1628860985268869e-7
vn 0 0.9999999999999932 -1.1628860985268869e-7
vn 0 0.9999999999999932 -1.1628860985268869e-7
vn 0 0.9999999999999932 -1.1628860985268869e-7
vn 0 0.9999999999999932 -1.1628860985268869e-7
vn -0.841111746098067 -0.225570996299652 -0.49157782314120235
vn -0.8411099479250124 0.2255729345551241 -0.4915800104741571
vn -0.49816080744673297 0.21778482789475595 -0.8392887337876462
vn -0.49817609165043747 -0.21778313060038632 -0.8392801020718827
vn 0.8411099479250124 0.2255729345551241 -0.4915800104741571
vn 0.8411119328847736 -0.22557002986230032 -0.4915779470101977
vn 0.49817609165043747 -0.21778313060038632 -0.8392801020718827
vn 0.49816080744673297 0.21778482789475595 -0.8392887337876462
vn 0 0.9999999999999932 -1.1628860985268869e-7
vn 0 0.9999999999999932 -1.1628860985268869e-7
vn 0 0.9999999999999932 -1.1628860985268869e-7
vn 0 0.9999999999999932 -1.1628860985268869e-7
vn 0 -0.9999999999999932 1.1628860985268869e-7
vn 0 -0.9999999999999932 1.1628860985268869e-7
vn 0 -0.9999999999999932 1.1628860985268869e-7
vn 0 -0.9999999999999932 1.1628860985268869e-7
vn 0 0.9999999999999932 -1.1628860985268869e-7
vn 0 0.9999999999999932 -1.1628860985268869e-7
vn 0 0.9999999999999932 -1.1628860985268869e-7
vn 0 0.9999999999999932 -1.1628860985268869e-7
vn 0 0.9999999999999932 -1.1628860985268869e-7
vn 0 0.9999999999999932 -1.1628860985268869e-7
vn 0.841111746098067 -0.22557088196984254 0.49157787560386423
vn 0.8411099479250126 0.22557304888543017 0.49157995801101795
vn 0.49816080744673297 0.21778502309419032 0.8392886831358338
vn 0.4981760916504374 -0.21778293540294766 0.8392801527232552
vn -0.8411099479250126 0.22557304888543017 0.49157995801101795
vn -0.8411119328847738 -0.22556991553246206 0.4915779994726349
vn -0.4981760916504374 -0.21778293540294766 0.8392801527232552
vn -0.49816080744673297 0.21778502309419032 0.8392886831358338
vn 0 0.9999999999999932 -1.1628860985268869e-7
vn 0 0.9999999999999932 -1.1628860985268869e-7
vn 0 0.9999999999999932 -1.1628860985268869e-7
vn 0 0.9999999999999932 -1.1628860985268869e-7
vn 0 -0.9999999999999932 1.1628860985268869e-7
vn 0 -0.9999999999999932 1.1628860985268869e-7
vn 0 -0.9999999999999932 1.1628860985268869e-7
vn 0 -0.9999999999999932 1.1628860985268869e-7
vn 0 0.9999999999999932 -1.1628860985268869e-7
vn 0 0.9999999999999932 -1.1628860985268869e-7
vn 0 0.9999999999999932 -1.1628860985268869e-7
vn 0 0.9999999999999932 -1.1628860985268869e-7
vn 0 0.9999999999999932 -1.1628860985268869e-7
vn 0 0.9999999999999932 -1.1628860985268869e-7
vn 0 0.9999999999999932 -1.1628860985268869e-7
vn 0 0.9999999999999932 -1.1628860985268869e-7
vn 0 0.9999999999999932 -1.1628860985268869e-7
vn 0 0.9999999999999932 -1.1628860985268869e-7
vn 0 0.9999999999999932 -1.1628860985268869e-7
vn 0 0.9999999999999932 -1.1628860985268869e-7
vn 0 0.9999999999999932 -1.1628860985268869e-7
vn 0 0.9999999999999932 -1.1628860985268869e-7
vn 0 0.9999999999999932 -1.1628860985268869e-7
vn 0 0.9999999999999932 -1.1628860985268869e-7
vn 0 0.9999999999999932 -1.1628860985268869e-7
vn 0 0.9999999999999932 -1.1628860985268869e-7
vn 0 0.9999999999999932 -1.1628860985268869e-7
vn 0 0.9999999999999932 -1.1628860985268869e-7
vn 0 0.9999999999999932 -1.1628860985268869e-7
vn 0 0.9999999999999932 -1.1628860985268869e-7
vn 0 0.9999999999999932 -1.1628860985268869e-7
vn 0 0.9999999999999932 -1.1628860985268869e-7
vn 0 0.9999999999999932 -1.1628860985268869e-7
vn 0 0.9999999999999932 -1.1628860985268869e-7
vn 0 0.9999999999999932 -1.1628860985268869e-7
vn -0.14216097311029618 0.18006985869329464 -0.9733268226626196
vn -0.14218101171167635 -0.18007413777234405 -0.973323104017464
vn 0 0.9999999999999932 -1.1628860985268869e-7
vn 0 0.9999999999999932 -1.1628860985268869e-7
vn 0 0.9999999999999932 -1.1628860985268869e-7
vn 0 0.9999999999999932 -1.1628860985268869e-7
vn 0 0.9999999999999932 -1.1628860985268869e-7
vn 0 0.9999999999999932 -1.1628860985268869e-7
vn 0 0.9999999999999932 -1.1628860985268869e-7
vn 0 0.9999999999999932 -1.1628860985268869e-7
vn 0 0.9999999999999932 -1.1628860985268869e-7
vn 0 0.9999999999999932 -1.1628860985268869e-7
vn 0 0.9999999999999932 -1.1628860985268869e-7
vn 0 0.9999999999999932 -1.1628860985268869e-7
vn 0 0.9999999999999932 -1.1628860985268869e-7
vn 0 0.9999999999999932 -1.1628860985268869e-7
vn 0.14216097311029618 0.18007008506693606 0.9733267807824462
vn 0.14218101171167633 -0.18007391139955772 0.9733231458985799
vn 0 0.9999999999999932 -1.1628860985268869e-7
vn 0 0.9999999999999932 -1.1628860985268869e-7
vn 0 0.9999999999999932 -1.1628860985268869e-7
vn 0 0.9999999999999932 -1.1628860985268869e-7
vn 0 0.9999999999999932 -1.1628860985268869e-7
vn 0 0.9999999999999932 -1.1628860985268869e-7
vn 0.512018988578842 0.6896229521309846 -0.5121100850684797
vn 0.6099982922597299 0.6820682486781593 -0.40334227101225306
vn 0.654150999753421 0.6095379454921699 -0.4478280501786198
vn 0.5608171177243546 0.6179400585536884 -0.5510301665989004
vn 0.4089580518890129 0.6717380233007874 -0.6176741372658356
vn 0.46230619607000273 0.5993982319785242 -0.6534483457598647
vn 0.29335105572889847 0.6207530281598033 -0.7270562812693219
vn 0.3533871845395551 0.547993179670908 -0.7581694881999502
vn 0.69623269666306 0.6592506658598437 -0.2839869568494932
vn 0.7476224375175263 0.5794863379342057 -0.3244322349396806
vn 0.7569224912699071 0.636671601640365 -0.147368971885027
vn 0.8195060658665794 0.5458960044630706 -0.17437706362689148
vn 0.7789571614992987 0.627077140827945 -7.292192897728091e-8
vn 0.8483154061689271 0.529491238507725 -6.157380005524219e-8
vn 0.7569218561291388 0.6366728357903582 0.14736690225652055
vn 0.8195049587981789 0.5458980289051676 0.17437592879364963
vn 0.6962321281834204 0.659252125751967 0.2839849615326454
vn 0.7476211968249955 0.5794891771377417 0.3244300227139661
vn 0.6099983351132905 0.6820694562441818 0.40334016415152596
vn 0.6541509147291544 0.6095389200302274 0.4478268479305304
vn 0.512018889178221 0.6896239713102263 0.5121088119911751
vn 0.5608178240543054 0.6179398192479212 0.5510297160869284
vn 0.40895887309690876 0.6717388497850795 0.6176726947216663
vn 0.4623070555473591 0.5993990930008917 0.6534469478854725
vn 0.293352022449517 0.6207541154737419 0.7270549628791418
vn 0.35338798216274214 0.5479950006270814 0.7581678002597253
vn 0.15496498280147497 0.559363040246779 0.8143088132344011
vn 0.20468289622176766 0.45361486375206783 0.8673744677920039
vn 0 0.5337582045142962 0.8456371438824544
vn 0 0.3967010615127184 0.9179478567950808
vn -0.15496494215787823 0.5593589421811339 0.8143116359871129
vn -0.20468301144800347 0.4536081196002463 0.8673779675881242
vn -0.29335198718047967 0.6207530310223534 0.7270559030045934
vn -0.3533878881138874 0.5479939205454575 0.7581686247660382
vn -0.40895887309690876 0.6717388497850795 0.6176726947216663
vn -0.4623070013690224 0.5993980867574707 0.6534479092297001
vn -0.5120189885788419 0.6896230712361056 0.512109924677877
vn -0.5608178240543054 0.6179398192479212 0.5510297160869284
vn -0.6099991371224643 0.6820682349030933 0.4033410165679007
vn -0.654150999753421 0.6095380496467563 0.4478279084139671
vn -0.696232889393111 0.65925092389948 0.2839858853270741
vn -0.747622250130164 0.5794872412093282 0.3244310533625172
vn -0.7569223033850008 0.6366722839359443 0.147366989200883
vn -0.8195049587981789 0.5458980289051676 0.17437592879364963
vn -0.7789571614992987 0.627077140827945 -7.292192897728091e-8
vn -0.8483142319269896 0.5294931197948828 -6.15740188275105e-8
vn -0.7569221780891419 0.6366721754681355 -0.14736810137021253
vn -0.8195045237887789 0.545898671863201 -0.1743759603492403
vn -0.6962319329153814 0.6592518684751943 -0.2839860375104327
vn -0.7476209522789048 0.5794889181191557 -0.32443104890049324
vn -0.6099987179414997 0.6820686753583484 -0.40334090569223763
vn -0.654150999753421 0.6095379454921699 -0.4478280501786198
vn -0.512020087561304 0.6896220725381148 -0.5121101707659689
vn -0.5608178432026981 0.6179387524443345 -0.5510308929388745
vn -0.40895913181965227 0.6717381647379713 -0.6176732684322502
vn -0.29335198718047967 0.6207528619256962 -0.7270560473775878
vn -0.3533878881138873 0.5479937442126918 -0.75816875221692
vn -0.4623070013690224 0.5993979347803565 -0.6534480486360229
vn -0.000032999990399103156 -0.15584407583070883 -0.987781667646992
vn 0 -0.15782611283852316 -0.987466920006074
vn 0 0.1578369192749005 -0.9874651927606403
vn -0.00003699999829597267 0.15603887115038698 -0.9877509146141618
vn 0.15496397848752105 0.5593588359183651 -0.8143118923676422
vn 0.20468301879849196 0.4536059309603609 -0.8673791104316039
vn 0 -0.9999999999999932 1.1628860985268869e-7
vn 0 -0.9999999999999932 1.1628860985268869e-7
vn 0 -0.9999999999999932 1.1628860985268869e-7
vn 0 -0.9999999999999932 1.1628860985268869e-7
vn -0.08940900067203257 0.9942020191757943 0.059735882563179396
vn -0.07603402789800782 0.994202333122373 0.07602991132202533
vn 0.15383400381634402 0.9760460306179111 -0.15384812441122786
vn 0.18089709652071756 0.9760455661953532 -0.12087718221718557
vn 0 -0.9999999999999932 1.1628860985268869e-7
vn 0 -0.9999999999999932 1.1628860985268869e-7
vn 0 -0.9999999999999932 1.1628860985268869e-7
vn 0 -0.9999999999999932 1.1628860985268869e-7
vn 0 -0.9999999999999932 1.1628860985268869e-7
vn 0 -0.9999999999999932 1.1628860985268869e-7
vn 0.7959900883312963 -0.28899907523779933 -0.5318639993363262
vn 0.8844570747257815 -0.28899905168620865 -0.36635396966865974
vn 0.9056391442693222 -0.1977060683662226 -0.37514004171549054
vn 0.8150575210773955 -0.19770695806845676 -0.5446037055203431
vn 0 -0.9999999999999932 1.1628860985268869e-7
vn 0 -0.9999999999999932 1.1628860985268869e-7
vn 0 -0.9999999999999932 1.1628860985268869e-7
vn 0 -0.9999999999999932 1.1628860985268869e-7
vn -0.0993330181095089 0.9942031405411355 0.0411468935814037
vn 0.20102102905489172 0.9760420749278951 -0.08326111846571485
vn 0 -0.9999999999999932 1.1628860985268869e-7
vn 0 -0.9999999999999932 1.1628860985268869e-7
vn 0 -0.9999999999999932 1.1628860985268869e-7
vn 0 -0.9999999999999932 1.1628860985268869e-7
vn 0.95732936453191 -0.2889991138463847 -9.663930556184343e-7
vn 0.9389350256600184 -0.28899799265894893 0.18676503374004114
vn 0.9614262068093813 -0.1977050125588993 0.1912390568613279
vn 0.9802615802231632 -0.1977049173324543 -9.770087819022124e-7
vn 0 -0.9999999999999932 1.1628860985268869e-7
vn 0 -0.9999999999999932 1.1628860985268869e-7
vn -0.10544598216483285 0.9942037594986046 0.020976878798681833
vn 0.21338800316953407 0.9760450234146979 -0.042446111373373466
vn 0 -0.9999999999999932 1.1628860985268869e-7
vn 0 -0.9999999999999932 1.1628860985268869e-7
vn 0.8844570747257815 -0.2889989664806132 0.3663540368832458
vn 0.9056423975577633 -0.1977060463951924 0.3751321993172653
vn 0 -0.9999999999999932 1.1628860985268869e-7
vn 0 -0.9999999999999932 1.1628860985268869e-7
vn -0.10752197827079624 0.9942027077959107 -1.1561445080136609e-7
vn 0.21756401136900047 0.9760460547315462 -1.1350303885693358e-7
vn 0.7959908653991988 -0.2889988927353175 0.5318629355377141
vn 0.8150630973694786 -0.19770496188002998 0.5445960845934242
vn 0 -0.9999999999999932 1.1628860985268869e-7
vn 0 -0.9999999999999932 1.1628860985268869e-7
vn 0 -0.9999999999999932 1.1628860985268869e-7
vn 0 -0.9999999999999932 1.1628860985268869e-7
vn -0.10546903520328989 0.9942013090795394 -0.020977121771519412
vn 0.21338800316953405 0.97604503328667 0.04244588436753446
vn 0.6769341059273085 -0.2889989393837998 0.676934139534589
vn 0.6931564423952978 -0.19770604157171007 0.6931424582955076
vn 0 -0.9999999999999932 1.1628860985268869e-7
vn 0 -0.9999999999999932 1.1628860985268869e-7
vn -0.3762689454771369 0.1823248659465512 -0.908393815438599
vn -0.5462578605895656 0.18232486812168722 -0.8175328691915208
vn -0.5309499727611461 0.29439989682466167 -0.7946199262380517
vn -0.3657257963633966 0.29439973960542554 -0.8829345588403575
vn -0.09934895520322262 0.9942015396327698 -0.04114709821917275
vn 0.20102102905489172 0.976042094292508 0.0832608914605605
vn 0 -0.9999999999999932 1.1628860985268869e-7
vn 0 -0.9999999999999932 1.1628860985268869e-7
vn -0.18676399162839868 -0.2889988662523264 0.9389349640608222
vn -0.3663518577084221 -0.2889998004581369 0.8844577048614283
vn -0.37513380750217784 -0.19770680007598926 0.9056415668864984
vn -0.1912380342580136 -0.19770592009616283 0.961426223592877
vn 0.0000010000003608163079 -0.28899900251977095 0.9573293981392076
vn 0.000002000000237355788 -0.1977069146896023 0.9802611773807625
vn 0 -0.9999999999999932 1.1628860985268869e-7
vn 0 -0.9999999999999932 1.1628860985268869e-7
vn -0.08940403774479239 0.9942023899190422 -0.05973714015746581
vn 0.18090404929471296 0.9760443098715573 0.12087692135445693
vn 0.020974992276093382 0.9942026220905344 -0.1054570809728953
vn 0 0.9942025887812358 -0.10752307873516768
vn 0.0000010000002407059818 0.9760442866379336 0.21757194332093283
vn -0.042445015390540526 0.9760444204323998 0.21339097921720476
vn 0 -0.9999999999999932 1.1628860985268869e-7
vn 0 -0.9999999999999932 1.1628860985268869e-7
vn -0.5318640329436329 -0.2889989208234908 0.7959901219385777
vn -0.5446079550138638 -0.19770588085033935 0.8150549429411545
vn 0 -0.9999999999999932 1.1628860985268869e-7
vn 0 -0.9999999999999932 1.1628860985268869e-7
vn 0 -0.9999999999999932 1.1628860985268869e-7
vn 0 -0.9999999999999932 1.1628860985268869e-7
vn -0.14218101171167633 -0.18007391139955772 0.9733231458985799
vn 0.000032999990399103156 -0.15584384609519067 0.9877817038927474
vn 0.00003699999829597267 0.15603910087874423 0.9877508783230483
vn -0.14216097311029618 0.18007008506693606 0.9733267807824462
vn -0.9695546927962371 0.20228894797346925 0.13799593908728366
vn -0.9695539649866179 -0.2022889753287318 0.13800101245708213
vn -0.9826786175818931 -0.18531792710214057 0.000021021542190005716
vn -0.9824716722782355 -0.18641194449211093 0.000011021673915393996
vn -0.9824676866040493 0.18643294943600414 0.000011978316278843935
vn -0.9826791643993312 0.18531502699864658 0.000024978452675344465
vn 0 -0.15782588317620805 0.9874669567128055
vn 0 0.15783714893680534 0.9874651560513418
vn 0 -0.9999999999999932 1.1628860985268869e-7
vn 0 -0.9999999999999932 1.1628860985268869e-7
vn 0 -0.9999999999999932 1.1628860985268869e-7
vn 0 -0.9999999999999932 1.1628860985268869e-7
vn -0.000032999990399103156 -0.15584384609519067 0.9877817038927474
vn -0.00003699999829597267 0.15603910087874423 0.9877508783230483
vn 0 -0.9999999999999932 1.1628860985268869e-7
vn 0 -0.9999999999999932 1.1628860985268869e-7
vn 0 -0.9999999999999932 1.1628860985268869e-7
vn 0 -0.9999999999999932 1.1628860985268869e-7
vn 0.9695533176357496 -0.20229204669959025 0.13800105834232643
vn 0.982678617581893 -0.18531792710702466 -0.000020978441461758166
vn 0.9826791643993312 0.18531502699283212 -0.00002502155272909276
vn 0.9695546927962371 0.20228894797346925 0.13799593908728366
vn 0.9824718565384963 -0.18641097336068152 -0.000010978321403871859
vn 0.9824676866040493 0.1864329494332132 -0.000012021676335884908
vn 0.9823975959628202 -0.18680193640985324 2.172293750289233e-8
vn 0.982398147263778 0.18679903707646855 -2.1722600343443528e-8
vn 0.9824716722782355 -0.18641194449211093 0.000011021673915393996
vn 0.9824676866040493 0.18643294943600414 0.000011978316278843935
vn 0 -0.9999999999999932 1.1628860985268869e-7
vn 0 -0.9999999999999932 1.1628860985268869e-7
vn 0 -0.9999999999999932 1.1628860985268869e-7
vn 0 -0.9999999999999932 1.1628860985268869e-7
vn 0.9826787994410373 -0.1853169627616853 0.000021021546326148337
vn 0.9695539649866179 -0.20228900742461814 -0.13800096540927095
vn 0.969554890149154 0.2022879536364603 -0.1379960100924479
vn 0.9826791643993312 0.18531502699864658 0.000024978452675344465
vn 0 -0.9999999999999932 1.1628860985268869e-7
vn 0 -0.9999999999999932 1.1628860985268869e-7
vn 0 -0.9999999999999932 1.1628860985268869e-7
vn 0 -0.9999999999999932 1.1628860985268869e-7
vn 0.14218101171167635 -0.18007413777234405 -0.973323104017464
vn 0.14216097311029618 0.18006985869329464 -0.9733268226626196
vn 0 -0.15782611283852316 -0.987466920006074
vn 0.000032999990399103156 -0.15584407583070883 -0.987781667646992
vn 0.00003699999829597267 0.15603887115038698 -0.9877509146141618
vn 0 0.1578369192749005 -0.9874651927606403
vn 0 -0.9999999999999932 1.1628860985268869e-7
vn 0 -0.9999999999999932 1.1628860985268869e-7
vn 0 -0.9999999999999932 1.1628860985268869e-7
vn 0 -0.9999999999999932 1.1628860985268869e-7
vn -0.9695533176357496 -0.20229207879548722 -0.1380010112938009
vn -0.969554890149154 0.2022879536364603 -0.1379960100924479
vn -0.9823975959628202 -0.18680193640985324 2.172293750289233e-8
vn -0.982398147263778 0.18679903707646855 -2.1722600343443528e-8
vn -0.9824716722782355 -0.1864119444946693 -0.00001097831874362385
vn -0.9824676866040493 0.1864329494332132 -0.000012021676335884908
vn -0.9826787994410373 -0.18531696276656942 -0.00002097844582218441
vn -0.9826791643993312 0.18531502699283212 -0.00002502155272909276
vn 0 -0.9999999999999932 1.1628860985268869e-7
vn 0 -0.9999999999999932 1.1628860985268869e-7
vn 0 -0.9999999999999932 1.1628860985268869e-7
vn 0 -0.9999999999999932 1.1628860985268869e-7
vn 0.38118922079493434 -0.08827894563917534 0.9202725714192433
vn 0.553400774588166 -0.08827886892740391 0.8282236557754894
vn 0.5555699052447299 9.669047081802667e-8 0.8314698313146139
vn 0.3826829203237377 1.0743669117124148e-7 0.9238797446055868
vn 0.19432899501252884 -0.08827888846627312 0.9769560274385843
vn 0.19509006282538685 1.1405416281747093e-7 0.9807853319594321
vn 0 -0.08827886436631334 0.9960957996629612
vn 0 1.1628860985268869e-7 0.9999999999999932
vn -0.19432706839750014 -0.08827892441736737 0.976956407416291
vn 0 -0.08827886436631334 0.9960957996629612
vn 0 1.1628860985268869e-7 0.9999999999999932
vn -0.19508909982866876 1.1405418509269384e-7 0.9807855235106332
vn -0.3811880364006609 -0.08827889526794945 0.920273066842271
vn -0.3826820561844978 1.0743673279525606e-7 0.9238801025427453
vn -0.5534000572798045 -0.08827892075396403 0.8282241295405637
vn -0.5555691768146951 9.669052741807838e-8 0.8314703180351256
vn -0.7043450721244158 -0.08827893004737847 0.7043471089482385
vn -0.7071057679069331 8.222858243430184e-8 0.7071077944647052
vn -0.8282228627503276 -0.08827892874900072 0.5534019518908302
vn -0.8314690690059084 6.460658462765449e-8 0.5555710461196152
vn -0.9202722075731883 -0.08827897718140208 0.38119009189140285
vn -0.9238792638425529 4.450179979086533e-8 0.38268408098814427
vn -0.9769558256701417 -0.08827896549366974 0.19432997437487343
vn -0.9807851420932173 2.268686320194002e-8 0.19509101734623
vn -0.99609578939663 -0.08827898020074636 0.000001010265622877345
vn -0.9999999999994998 1.1628860955902848e-13 9.999999974747226e-7
vn -0.9769562071620813 -0.08827904264887852 -0.1943280214392097
vn -0.9807855235106406 -2.2686640216487722e-8 -0.1950890998286625
vn -0.9202730565764384 -0.08827904661304992 -0.38118802613480735
vn -0.9238797446055966 -4.450166481881369e-8 -0.3826829203237265
vn -0.8282236455096634 -0.08827902959458662 -0.5534007643223139
vn -0.8314698313146262 -6.460645195689844e-8 -0.5555699052447161
vn -0.7043460854041355 -0.08827909386244118 -0.7043460751382778
vn -0.7071072878257959 -8.222840568517684e-8 -0.7071062745469314
vn -0.5534019416250026 -0.088279089416229 -0.8282228524844739
vn -0.555571046119629 -9.669038217020562e-8 -0.831469069005896
vn -0.38119008162556933 -0.08827912852664328 -0.9202721973073337
vn -0.3826840809881555 -1.0743663526397547e-7 -0.9238792638425432
vn -0.19432899501252882 -0.08827911568398734 -0.9769560069068993
vn -0.19509101734623624 -1.1405414073819188e-7 -0.9807851420932098
vn 0 -0.08827909603550259 -0.9960957791312816
vn 0 -1.1628860985268869e-7 -0.9999999999999932
vn 0.19432803170506044 -0.08827913365962213 -0.976956196896229
vn 0.19509006282538685 -1.1405416281747093e-7 -0.9807853319594321
vn 0.3811888760717936 -0.08827908070582687 -0.9202727012515675
vn 0.3826829203237377 -1.0743669117124148e-7 -0.9238797446055868
vn 0.5534011969980797 -0.08827913688503172 -0.8282233449691733
vn 0.5555699052447299 -9.669047081802667e-8 -0.8314698313146139
vn 0.7043460854041355 -0.08827909386244118 -0.7043460751382778
vn 0.7071067811865522 -8.222846460159241e-8 -0.7071067811865381
vn 0.8282233552350327 -0.08827910492634455 -0.5534011867322189
vn 0.8314698313146262 -6.460645195689844e-8 -0.5555699052447161
vn 0.9202727115174164 -0.08827901801651622 -0.38118886580594336
vn 0.9238797446055966 -4.450166481881369e-8 -0.3826829203237265
vn 0.9769562071620813 -0.08827904264887852 -0.1943280214392097
vn 0.9807853319594398 -2.2686752202037366e-8 -0.19509006282538063
vn 0.9960957893971281 -0.08827898020090678 1.0265839886776548e-8
vn 1 0 0
vn 0.9769560171727495 -0.08827897947688049 0.19432900527836505
vn 0.9807851420932173 2.268686320194002e-8 0.19509101734623
vn 0.9202725611534049 -0.08827900832842675 0.3811892310607715
vn 0.9238797446055966 4.450166481881369e-8 0.3826829203237265
vn 0.8282233552350327 -0.08827897621783279 0.5534012072639127
vn 0.8314698313146262 6.460645195689844e-8 0.5555699052447161
vn 0.7043460854041355 -0.08827893004758693 0.704346095669965
vn 0.7071067811865522 8.222846460159241e-8 0.7071067811865381
vn 0 -0.9999999999999932 1.1628860985268869e-7
vn 0 -0.9999999999999932 1.1628860985268869e-7
vn 0.5318627455577247 -0.2889997955009599 0.7959906645735253
vn 0.36635400327596324 -0.28899890623112967 0.8844571083330643
vn 0.37512400504272997 -0.1977048940468244 0.9056460432810579
vn 0.5446001932264916 -0.19770498199410425 0.8150603472334912
vn 0 -0.9999999999999932 1.1628860985268869e-7
vn 0 -0.9999999999999932 1.1628860985268869e-7
vn 0 -0.9999999999999932 1.1628860985268869e-7
vn 0 -0.9999999999999932 1.1628860985268869e-7
vn -0.07603096573396521 0.9942025541774859 -0.0760300829706487
vn 0.15383707589152182 0.9760455700789645 0.15384797434602504
vn 0 -0.9999999999999932 1.1628860985268869e-7
vn 0 -0.9999999999999932 1.1628860985268869e-7
vn 0.04114199779235048 0.9942028351285279 -0.09933810265981086
vn -0.08325902677790756 0.9760443286328271 0.2010109524470976
vn 0 -0.9999999999999932 1.1628860985268869e-7
vn 0 -0.9999999999999932 1.1628860985268869e-7
vn -0.6769341059273085 -0.2889989393837998 0.676934139534589
vn -0.6931560903674489 -0.1977049574837214 0.6931431195452155
vn 0 -0.9999999999999932 1.1628860985268869e-7
vn 0 -0.9999999999999932 1.1628860985268869e-7
vn 0.18676608059841482 -0.28899901960836655 0.9389345013382506
vn 0.1912370346451686 -0.1977069171970127 0.9614262173836202
vn 0 -0.9999999999999932 1.1628860985268869e-7
vn 0 -0.9999999999999932 1.1628860985268869e-7
vn 0 -0.9999999999999932 1.1628860985268869e-7
vn 0 -0.9999999999999932 1.1628860985268869e-7
vn -0.059746997104732746 0.9942019709650461 -0.08940210996494763
vn 0.12087602894213828 0.9760442571032599 0.18090493028915683
vn 0 -0.9999999999999932 1.1628860985268869e-7
vn 0 -0.9999999999999932 1.1628860985268869e-7
vn 0.05972601681451338 0.9942032293107625 -0.08940213500540031
vn -0.1208860229025024 0.9760432057243766 0.18090392484989873
vn 0 -0.9999999999999932 1.1628860985268869e-7
vn 0 -0.9999999999999932 1.1628860985268869e-7
vn 0.0000010000003608163079 -0.28899900251977095 0.9573293981392076
vn 0.000002000000237355788 -0.1977069146896023 0.9802611773807625
vn 0 -0.9999999999999932 1.1628860985268869e-7
vn 0 -0.9999999999999932 1.1628860985268869e-7
vn -0.04115201624288903 0.9942024151623083 -0.09933815603572602
vn 0.08326002102215461 0.9760442483091522 0.20101093065306805
vn 0 -0.9999999999999932 1.1628860985268869e-7
vn 0.07602798457811606 0.9942027805161899 -0.07603010439862862
vn -0.15384800768310286 0.9760440193807195 0.15384688090133614
vn 0 -0.9999999999999932 1.1628860985268869e-7
vn -0.7959886186002492 -0.28899979340434406 0.5318658087065887
vn -0.8150606270463983 -0.19770485113557185 0.5445998219575485
vn 0 -0.9999999999999932 1.1628860985268869e-7
vn 0 -0.9999999999999932 1.1628860985268869e-7
vn 0.817532069527257 0.18232494517621653 -0.5462590316516239
vn 0.6952540069163787 0.1823249191931049 -0.6952549817929733
vn 0.675768924523478 0.29439990750766293 -0.6757699720377205
vn 0.794619572319942 0.2944001357972916 -0.5309503699298165
vn 0 -0.9999999999999932 1.1628860985268869e-7
vn 0 -0.9999999999999932 1.1628860985268869e-7
vn 0 -0.9999999999999932 1.1628860985268869e-7
vn 0 -0.9999999999999932 1.1628860985268869e-7
vn -0.02097599207647161 0.9942026012316308 -0.10545707876034925
vn 0.042445015390540526 0.9760444204323998 0.21339097921720476
vn 0 -0.9999999999999932 1.1628860985268869e-7
vn 0 -0.9999999999999932 1.1628860985268869e-7
vn 0.08941702424452103 0.9942012226081804 -0.05973713032657329
vn -0.1808830130087687 0.9760480873701943 0.12087790015488778
vn -0.8175332833825235 0.1823251217803147 0.546257156044279
vn -0.6952549605906664 0.1823250808934597 0.6952539857140441
vn -0.6757649692615121 0.29440207809561597 0.6757729816528407
vn -0.794618065967297 0.2944030546868588 0.530951005865361
vn -0.9083937942362914 0.18232501533819373 0.3762689242748086
vn -0.8829351730640591 0.29440009102838144 0.3657240306143702
vn -0.964345745179191 0.18232498161917915 0.19181992814188167
vn -0.9373191726942929 0.29440007323928874 0.18644400064466476
vn -0.9832383091942966 0.1823250595303358 -2.1202327714091605e-8
vn -0.9556822589971541 0.2944001016256002 9.65764878059872e-7
vn -0.964345745179191 0.18232493700622865 -0.19181997054651376
vn -0.9373198383958258 0.2943979468708976 -0.18644401150968384
vn -0.9083937942362914 0.1823249278266085 -0.3762689666794436
vn -0.8829349003262558 0.2944009283441938 -0.365724015038583
vn 0.19181898509391218 0.1823248818212118 -0.9643459516306494
vn 0 0.18232494519092196 -0.983238330396617
vn 0.0000010000000028957102 0.29440088047016355 -0.9556820190719256
vn 0.1864440348800433 0.29439994255843077 -0.9373192069296573
vn -0.8175328479892165 0.1823248996678775 -0.5462578817918685
vn -0.7946205487637525 0.2944011277100601 -0.530948358586254
vn -0.6952545007538202 0.1823247895409022 -0.695254521956112
vn -0.6757731556394125 0.29439895347943495 -0.6757661565270665
vn 0.3762677245631439 0.1823247625739562 -0.9083943419046734
vn 0.3657219980395497 0.29439990760897655 -0.8829360761401618
vn 0.546256766263714 0.18232481626131194 -0.8175336119612386
vn 0.5309501198407205 0.29439895535665717 -0.7946201767675128
vn -0.88445593941546 -0.2889999490348429 0.36635600266758933
vn -0.9056417164302205 -0.19770590672291008 0.3751339172991371
vn -0.19181994934420382 0.1823248471702799 -0.9643457663814993
vn -0.18644693919406602 0.2943997850435435 -0.937318678695501
vn 0.9083932863746128 0.18232501394428674 -0.3762701510347936
vn 0.882936767187197 0.294397904809915 -0.3657219419074461
vn -0.5462578605895656 0.18232505826120401 0.8175328267868877
vn -0.5309453292512187 0.29440127361510837 0.794622518835275
vn -0.37626894547713696 0.18232507721825428 0.908393773033964
vn -0.3657257963633966 0.29439994495588245 0.8829344903696609
vn -0.19181994934420385 0.1823250714551322 0.9643457239768672
vn -0.18644698330295048 0.2943990845051081 0.9373188899514313
vn 0.0000010000003077900813 0.18232517386966307 0.9832382879914701
vn 0.0000010000002566184222 0.29440021276044887 0.955682224761768
vn 0.19182091359441658 0.18232503680397738 0.9643455387267738
vn 0.18644097665568107 0.2944000656453146 0.9373197765819893
vn 0.37626894547713696 0.18232507721825428 0.908393773033964
vn 0.3657228974808024 0.2943999922625255 0.8829356753547063
vn 0.5462578605895656 0.18232505826120401 0.8175328267868877
vn 0.5309488214414265 0.2943999817866452 0.7946206640491947
vn 0.6952549605906664 0.1823250808934597 0.6952539857140441
vn 0.6757654318168521 0.2944022804898291 0.6757724309290604
vn 0.8175332833825235 0.1823251217803147 0.546257156044279
vn 0.794618065967297 0.2944030546868588 0.530951005865361
vn 0.9083941480094826 0.18232508004471978 0.37626803883510035
vn 0.882936767187197 0.29439798986849947 0.36572187343719004
vn 0.964345745179191 0.18232498161917915 0.19181992814188167
vn 0.9373199196041387 0.29439899157664057 0.18644195362618401
vn 0.9832383091938048 0.18232505953012834 -0.0000010212026355041294
vn 0.9556810572376593 0.2944040027513894 -0.0000010342358513447906
vn 0.9643455599290938 0.18232490235498328 -0.19182093479672252
vn 0.9373187174484521 0.29440090092542825 -0.18644498238108997
vn -0.9389342999392168 -0.28899903251880205 0.1867670731174241
vn -0.9614256493893598 -0.19770589967020924 0.19124094209096787
vn 0.938934375137494 -0.28900011238091555 -0.18676502410510876
vn 0.9614258280694362 -0.19770697494494752 -0.19123893217417035
vn -0.05973199566536812 0.9942028932899624 0.08940187731641976
vn -0.04114902496252823 0.9942025605569634 0.09933794001594162
vn 0.0832620178569646 0.9760442343569136 -0.20101017128745685
vn 0.12088700672431882 0.9760430472282275 -0.18090412256958263
vn 0.18676490586273287 -0.28899995703926584 -0.9389344464707784
vn 0.3663539279532663 -0.2890000532106835 -0.8844567647530518
vn 0.37513507401112917 -0.1977061385396098 -0.9056411866906349
vn 0.19124103309433865 -0.19770315239700834 -0.9614261962279245
vn 0.5318640329436329 -0.2889991059526525 -0.7959900547239906
vn 0.6769341059273084 -0.28899909682325203 -0.6769340723200008
vn 0.6931563070437811 -0.19770715185089335 -0.6931422769622666
vn 0.5446071202408502 -0.19770714318542434 -0.815055194521467
vn -0.020976991876786904 0.9942026048986208 0.10545684531882302
vn 0.04244001601483615 0.9760443699621203 -0.21339220441690945
vn -0.0000019999992875879264 0.9942026137866391 0.10752284750607582
vn 0.020977991677039266 0.9942025840377301 0.10545684310607109
vn -0.042446005906818275 0.9760441229361155 -0.21339214293039793
vn -0.000001000000240705982 0.9760442360356295 -0.21757217032659348
vn -0.3663549026938489 -0.28899902674765937 -0.884456696402422
vn -0.1867660293973168 -0.28900015180070854 -0.9389341630393091
vn -0.1912409191000271 -0.19770603371220438 -0.9614256263984051
vn -0.37514206666045 -0.19770713197979006 -0.9056380732864826
vn 0 -0.28900014351323233 -0.9573290536954007
vn 0 -0.1977040687217595 -0.9802617513760606
vn 0.04115201624288903 0.9942024382660736 0.09933792480688977
vn -0.08324396945772412 0.9760455967301287 -0.2010110311715467
vn 0.05974301099124737 0.9942022292942964 0.08940190100859881
vn 0.07603096573396521 0.9942025718603242 0.07602985174178077
vn -0.15385205820153652 0.9760433361459285 -0.1538471649146548
vn -0.12086098856599305 0.9760459029050262 -0.18090609957976275
vn -0.7959898320590963 -0.28900002242996026 -0.5318638681975062
vn -0.6769323420526269 -0.28900023967065647 -0.6769353482818344
vn -0.6931468173468168 -0.19770703116038066 -0.6931518011458435
vn -0.8150599938196186 -0.1977070544977833 -0.5445999697728361
vn -0.5318631511738984 -0.28900018551969414 -0.7959902519459352
vn -0.544611991694755 -0.19770709262703634 -0.815051951735125
vn 0.08939601410958012 0.9942031261780667 0.05973689445459268
vn -0.18090501450808283 0.976044105597193 -0.12087712626798278
vn 0.09934103084542253 0.9942023397266694 0.04114689869947874
vn 0.10545399106767377 0.9942029099512019 0.020976882810871466
vn -0.21340201460151667 0.9760420034371046 -0.04244511385892707
vn -0.20102102905489172 0.9760420749278951 -0.08326111846571485
vn -0.95732936453191 -0.2889991138461522 0.0000010336076660141175
vn -0.9389344800781773 -0.28899986957050844 -0.1867648722553365
vn -0.9614260157162622 -0.19770602044292748 -0.1912389755896382
vn -0.9802615426811623 -0.1977051034757261 2.2990851643974314e-8
vn -0.8844573795319745 -0.2889991731117563 -0.36635313801324804
vn -0.9056458370389502 -0.19770600870332433 -0.37512391549542706
vn 0.10751999384179009 0.994202922407819 -1.156144757582866e-7
vn -0.21755692352336226 0.9760476346096214 -1.1350322257875869e-7
vn 0.10546596112475676 0.9942016354876172 -0.020977107469298716
vn -0.21338894892043306 0.9760448267848936 0.042445878304967474
vn 0.09935301238155643 0.9942011331494761 -0.04114712353261064
vn -0.20100796303822538 0.9760447876775161 0.08326086261128922
vn 0 0.9942025887812358 -0.10752307873516768
vn 0.0000010000002407059818 0.9760442866379336 0.21757194332093283
vn 0.9629793749626837 0.1896820588000654 -0.19155009779649712
vn 0.907106689029254 0.18968190419110728 -0.3757369158611114
vn 0.9083932863746128 0.18232501394428674 -0.3762701510347936
vn 0.9643455599290938 0.18232490235498328 -0.19182093479672252
vn 0.9818455558592138 0.18968211417649977 -0.0000010220583727098573
vn 0.9832383091938048 0.18232505953012834 -0.0000010212026355041294
vn 0.9629798162250798 0.18968199203457362 0.19154794554081683
vn 0.964345745179191 0.18232498161917915 0.19181992814188167
vn 0.9071073712483071 0.18968213124473504 0.3757351542156272
vn 0.9083941480094826 0.18232508004471978 0.37626803883510035
vn 0.8163753921835114 0.18968214986783805 0.5454831812794351
vn 0.8175332833825235 0.1823251217803147 0.546257156044279
vn 0.6942701668207428 0.1896821249649672 0.6942691314839456
vn 0.6952549605906664 0.1823250808934597 0.6952539857140441
vn 0.5454851051793271 0.1896821347510993 0.8163741101870908
vn 0.5462578605895656 0.18232505826120401 0.8175328267868877
vn 0.37573602434994857 0.18968212525898917 0.9071070120790203
vn 0.37626894547713696 0.18232507721825428 0.908393773033964
vn 0.1915489318841651 0.18968204754759377 0.9629796090947033
vn 0.19182091359441658 0.18232503680397738 0.9643455387267738
vn 0.0000010000005033383725 0.1896822283540733 0.9818455338013375
vn 0.0000010000003077900813 0.18232517386966307 0.9832382879914701
vn -0.19154796759867543 0.18968208174331308 0.9629797941672191
vn -0.19181994934420385 0.1823250714551322 0.9643457239768672
vn -0.37573602434994857 0.18968212525898917 0.9071070120790203
vn -0.37626894547713696 0.18232507721825428 0.908393773033964
vn -0.5454839569892791 0.18968207551176827 0.8163748911479738
vn -0.5462578605895656 0.18232505826120401 0.8175328267868877
vn -0.69426967677026 0.1896820035291831 0.694269654712399
vn -0.6952549605906664 0.1823250808934597 0.6952539857140441
vn -0.81637491320584 0.1896820440102346 0.5454839349314117
vn -0.8175332833825235 0.1823251217803147 0.546257156044279
vn -0.9071070341368888 0.1896820634665914 0.37573600229207926
vn -0.9083937942362914 0.18232501533819373 0.3762689242748086
vn 0.8163741322449638 0.18968197638238085 -0.5454851272371742
vn 0.817532069527257 0.18232494517621653 -0.5462590316516239
vn 0 0.18968199999925858 -0.9818455779175672
vn -0.19154796759867543 0.1896818577761448 -0.9629798382829243
vn -0.19181994934420382 0.1823248471702799 -0.9643457663814993
vn 0 0.18232494519092196 -0.983238330396617
vn 0.6942686634905573 0.18968184205755936 -0.6942707121063703
vn 0.6952540069163787 0.1823249191931049 -0.6952549817929733
vn -0.37573602434994857 0.18968191428655717 -0.9071070561947372
vn -0.3762689454771369 0.1823248659465512 -0.908393815438599
vn 0.5454832033373147 0.18968199149919604 -0.8163754142413651
vn 0.546256766263714 0.18232481626131194 -0.8175336119612386
vn -0.5454839569892791 0.18968188564156066 -0.8163749352636814
vn -0.5462578605895656 0.18232486812168722 -0.8175328691915208
vn 0.3757339472610549 0.18968187430751252 -0.9071079249101597
vn 0.3762677245631439 0.1823247625739562 -0.9083943419046734
vn -0.69426967677026 0.18968184205787195 -0.6942696988280932
vn -0.6952545007538202 0.1823247895409022 -0.695254521956112
vn 0.19154701712613592 0.18968190579525762 -0.9629800178840466
vn 0.19181898509391218 0.1823248818212118 -0.9643459516306494
vn -0.81637491320584 0.1896819171430925 -0.5454839790471194
vn -0.8175328479892165 0.1823248996678775 -0.5462578817918685
vn 0 0.18968199999925858 -0.9818455779175672
vn 0 0.18232494519092196 -0.983238330396617
vn -0.9071070341368888 0.18968197607895151 -0.37573604640779606
vn -0.9083937942362914 0.1823249278266085 -0.3762689666794436
vn -0.9629796311525598 0.18968191328906991 -0.19154895394200763
vn -0.964345745179191 0.18232493700622865 -0.19181997054651376
vn -0.9818455558597048 0.18968211417671094 -2.205786937152884e-8
vn -0.9832383091942966 0.1823250595303358 -2.1202327714091605e-8
vn -0.96297963115256 0.18968195783898797 0.19154890982631043
vn -0.964345745179191 0.18232498161917915 0.19181992814188167
vn -0.96297963115256 0.18968195783898797 0.19154890982631043
vn -0.9071070341368888 0.1896820634665914 0.37573600229207926
vn -0.9071070341368888 0.1896820634665914 0.37573600229207926
vn -0.96297963115256 0.18968195783898797 0.19154890982631043
vn -0.9818455558597048 0.18968211417671094 -2.205786937152884e-8
vn -0.9818455558597048 0.18968211417671094 -2.205786937152884e-8
vn -0.9629796311525598 0.18968191328906991 -0.19154895394200763
vn -0.9629796311525598 0.18968191328906991 -0.19154895394200763
vn -0.9071070341368888 0.18968197607895151 -0.37573604640779606
vn -0.9071070341368888 0.18968197607895151 -0.37573604640779606
vn -0.81637491320584 0.1896819171430925 -0.5454839790471194
vn -0.81637491320584 0.1896819171430925 -0.5454839790471194
vn 0.19154701712613592 0.18968190579525762 -0.9629800178840466
vn 0 0.18968199999925858 -0.9818455779175672
vn 0 0.18968199999925858 -0.9818455779175672
vn 0.19154701712613592 0.18968190579525762 -0.9629800178840466
vn -0.69426967677026 0.18968184205787195 -0.6942696988280932
vn -0.69426967677026 0.18968184205787195 -0.6942696988280932
vn 0.3757339472610549 0.18968187430751252 -0.9071079249101597
vn 0.3757339472610549 0.18968187430751252 -0.9071079249101597
vn -0.5454839569892791 0.18968188564156066 -0.8163749352636814
vn -0.5454839569892791 0.18968188564156066 -0.8163749352636814
vn 0.5454832033373147 0.18968199149919604 -0.8163754142413651
vn 0.5454832033373147 0.18968199149919604 -0.8163754142413651
vn -0.37573602434994857 0.18968191428655717 -0.9071070561947372
vn -0.37573602434994857 0.18968191428655717 -0.9071070561947372
vn 0.6942686634905573 0.18968184205755936 -0.6942707121063703
vn 0.6942686634905573 0.18968184205755936 -0.6942707121063703
vn -0.1915489318841651 0.18968182358046856 -0.9629796532104006
vn -0.19154796759867543 0.1896818577761448 -0.9629798382829243
vn 0.8163741322449638 0.18968197638238085 -0.5454851272371742
vn 0.8163741322449638 0.18968197638238085 -0.5454851272371742
vn 0 0.18968199999925858 -0.9818455779175672
vn 0 0.18968199999925858 -0.9818455779175672
vn 0.907106689029254 0.18968190419110728 -0.3757369158611114
vn 0.907106689029254 0.18968190419110728 -0.3757369158611114
vn -0.81637491320584 0.1896820440102346 0.5454839349314117
vn -0.81637491320584 0.1896820440102346 0.5454839349314117
vn -0.69426967677026 0.1896820035291831 0.694269654712399
vn -0.69426967677026 0.1896820035291831 0.694269654712399
vn -0.5454839569892791 0.18968207551176827 0.8163748911479738
vn -0.5454839569892791 0.18968207551176827 0.8163748911479738
vn -0.37573602434994857 0.18968212525898917 0.9071070120790203
vn -0.37573602434994857 0.18968212525898917 0.9071070120790203
vn -0.19154796759867543 0.18968208174331308 0.9629797941672191
vn -0.19154796759867543 0.18968208174331308 0.9629797941672191
vn 0 0.18968222835416815 0.9818455338018284
vn 0.0000010000005033383725 0.1896822283540733 0.9818455338013375
vn 0.1915489318841651 0.18968204754759377 0.9629796090947033
vn 0.1915489318841651 0.18968204754759377 0.9629796090947033
vn 0.37573602434994857 0.18968212525898917 0.9071070120790203
vn 0.37573602434994857 0.18968212525898917 0.9071070120790203
vn 0.5454851051793271 0.1896821347510993 0.8163741101870908
vn 0.5454851051793271 0.1896821347510993 0.8163741101870908
vn 0.6942701668207428 0.1896821249649672 0.6942691314839456
vn 0.6942701668207428 0.1896821249649672 0.6942691314839456
vn 0.8163753921835114 0.18968214986783805 0.5454831812794351
vn 0.8163753921835114 0.18968214986783805 0.5454831812794351
vn 0.9071073712483071 0.18968213124473504 0.3757351542156272
vn 0.9071073712483071 0.18968213124473504 0.3757351542156272
vn 0.9629798162250798 0.18968199203457362 0.19154794554081683
vn 0.9629798162250798 0.18968199203457362 0.19154794554081683
vn 0.9818455558592138 0.18968211417649977 -0.0000010220583727098573
vn 0.9818455558592138 0.18968211417649977 -0.0000010220583727098573
vn 0.9629793749626837 0.1896820588000654 -0.19155009779649712
vn 0.9629793749626837 0.1896820588000654 -0.19155009779649712
vn 0.9629793749626837 0.1896820588000654 -0.19155009779649712
vn 0.907106689029254 0.18968190419110728 -0.3757369158611114
vn 0.907106689029254 0.18968190419110728 -0.3757369158611114
vn 0.9629793749626837 0.1896820588000654 -0.19155009779649712
vn 0.9818455558592138 0.18968211417649977 -0.0000010220583727098573
vn 0.9818455558592138 0.18968211417649977 -0.0000010220583727098573
vn 0.9629798162250798 0.18968199203457362 0.19154794554081683
vn 0.9629798162250798 0.18968199203457362 0.19154794554081683
vn 0.9071073712483071 0.18968213124473504 0.3757351542156272
vn 0.9071073712483071 0.18968213124473504 0.3757351542156272
vn 0.8163753921835114 0.18968214986783805 0.5454831812794351
vn 0.8163753921835114 0.18968214986783805 0.5454831812794351
vn 0.6942701668207428 0.1896821249649672 0.6942691314839456
vn 0.6942701668207428 0.1896821249649672 0.6942691314839456
vn 0.5454839569892791 0.18968207551176827 0.8163748911479738
vn 0.5454851051793271 0.1896821347510993 0.8163741101870908
vn 0.37573602434994857 0.18968212525898917 0.9071070120790203
vn 0.37573602434994857 0.18968212525898917 0.9071070120790203
vn 0.1915489318841651 0.18968204754759377 0.9629796090947033
vn 0.1915489318841651 0.18968204754759377 0.9629796090947033
vn 0 0.18968222835416815 0.9818455338018284
vn 0 0.18968222835416815 0.9818455338018284
vn -0.19154796759867543 0.18968208174331308 0.9629797941672191
vn -0.19154796759867543 0.18968208174331308 0.9629797941672191
vn -0.37573602434994857 0.18968212525898917 0.9071070120790203
vn -0.37573602434994857 0.18968212525898917 0.9071070120790203
vn -0.5454839569892791 0.18968207551176827 0.8163748911479738
vn -0.5454839569892791 0.18968207551176827 0.8163748911479738
vn -0.69426967677026 0.1896820035291831 0.694269654712399
vn -0.69426967677026 0.1896820035291831 0.694269654712399
vn -0.81637491320584 0.1896820440102346 0.5454839349314117
vn -0.81637491320584 0.1896820440102346 0.5454839349314117
vn -0.9071070341368888 0.1896820634665914 0.37573600229207926
vn -0.9071070341368888 0.1896820634665914 0.37573600229207926
vn 0.8163741322449638 0.18968197638238085 -0.5454851272371742
vn 0.8163741322449638 0.18968197638238085 -0.5454851272371742
vn 0 0.18968199999925858 -0.9818455779175672
vn -0.1915489318841651 0.18968182358046856 -0.9629796532104006
vn -0.1915489318841651 0.18968182358046856 -0.9629796532104006
vn 0 0.18968199999925858 -0.9818455779175672
vn 0.6942691535418208 0.18968196349365993 -0.6942701888785903
vn 0.6942686634905573 0.18968184205755936 -0.6942707121063703
vn -0.37573602434994857 0.18968191428655717 -0.9071070561947372
vn -0.37573602434994857 0.18968191428655717 -0.9071070561947372
vn 0.5454832033373147 0.18968199149919604 -0.8163754142413651
vn 0.5454832033373147 0.18968199149919604 -0.8163754142413651
vn -0.5454839569892791 0.18968188564156066 -0.8163749352636814
vn -0.5454839569892791 0.18968188564156066 -0.8163749352636814
vn 0.3757339472610549 0.18968187430751252 -0.9071079249101597
vn 0.3757339472610549 0.18968187430751252 -0.9071079249101597
vn -0.69426967677026 0.18968184205787195 -0.6942696988280932
vn -0.69426967677026 0.18968184205787195 -0.6942696988280932
vn 0.19154701712613592 0.18968190579525762 -0.9629800178840466
vn 0.19154701712613592 0.18968190579525762 -0.9629800178840466
vn -0.81637491320584 0.1896819171430925 -0.5454839790471194
vn -0.81637491320584 0.1896819171430925 -0.5454839790471194
vn 0 0.18968199999925858 -0.9818455779175672
vn 0 0.18968199999925858 -0.9818455779175672
vn -0.9071070341368888 0.18968197607895151 -0.37573604640779606
vn -0.9071070341368888 0.18968197607895151 -0.37573604640779606
vn -0.9629796311525598 0.18968191328906991 -0.19154895394200763
vn -0.9629796311525598 0.18968191328906991 -0.19154895394200763
vn -0.9818455558597048 0.18968211417671094 -2.205786937152884e-8
vn -0.9818455558597048 0.18968211417671094 -2.205786937152884e-8
vn -0.96297963115256 0.18968195783898797 0.19154890982631043
vn -0.96297963115256 0.18968195783898797 0.19154890982631043
vn 0 -0.9999999999999932 1.1628860985268869e-7
vn 0 -0.9999999999999932 1.1628860985268869e-7
vn 0 -0.9999999999999932 1.1628860985268869e-7
vn 0 -0.9999999999999932 1.1628860985268869e-7
vn 0 -0.9999999999999932 1.1628860985268869e-7
vn 0 -0.9999999999999932 1.1628860985268869e-7
vn 0 -0.9999999999999932 1.1628860985268869e-7
vn 0 0.9999999999999932 -1.1628860985268869e-7
vn 0 0.9999999999999932 -1.1628860985268869e-7
vn 0 0.9999999999999932 -1.1628860985268869e-7
vn 0 0.9999999999999932 -1.1628860985268869e-7
vn 0 0.9999999999999932 -1.1628860985268869e-7
vn 0 0.9999999999999932 -1.1628860985268869e-7
vn 0 -0.9999999999999932 1.1628860985268869e-7
vn 0 -0.9999999999999932 1.1628860985268869e-7
vn 0 0.9999999999999932 -1.1628860985268869e-7
vn 0 0.9999999999999932 -1.1628860985268869e-7
vn 0 0.9999999999999932 -1.1628860985268869e-7
vn 0 0.9999999999999932 -1.1628860985268869e-7
vn 0 -0.9999999999999932 1.1628860985268869e-7
vn 0 -0.9999999999999932 1.1628860985268869e-7
vn 0 -0.9999999999999932 1.1628860985268869e-7
vn 0 -0.9999999999999932 1.1628860985268869e-7
vn 0 0.9999999999999932 -1.1628860985268869e-7
vn 0 0.9999999999999932 -1.1628860985268869e-7
vn 0 0.9999999999999932 -1.1628860985268869e-7
vn 0 0.9999999999999932 -1.1628860985268869e-7
vn 0 -0.9999999999999932 1.1628860985268869e-7
vn 0 -0.9999999999999932 1.1628860985268869e-7
vn 0 -0.9999999999999932 1.1628860985268869e-7
vn 0 -0.9999999999999932 1.1628860985268869e-7
vn 0 -0.9999999999999932 1.1628860985268869e-7
vn 0 -0.9999999999999932 1.1628860985268869e-7
vn 0 0.9999999999999932 -1.1628860985268869e-7
vn 0 0.9999999999999932 -1.1628860985268869e-7
vn 0 0.9999999999999932 -1.1628860985268869e-7
vn 0 0.9999999999999932 -1.1628860985268869e-7
vn 0 -0.9999999999999932 1.1628860985268869e-7
vn 0 -0.9999999999999932 1.1628860985268869e-7
vn 0 -0.9999999999999932 1.1628860985268869e-7
vn 0 -0.9999999999999932 1.1628860985268869e-7
vn 0 -0.9999999999999932 1.1628860985268869e-7
vn 0 -0.9999999999999932 1.1628860985268869e-7
vn -9.99999813258451e-7 0.8947207373328779 -0.4466260204975872
vn -0.08712798858195024 0.8947207763919688 -0.43804502724972955
vn 9.999997268198853e-7 0.6048467759567683 -0.7963418723222478
vn -0.15535998739078166 0.6048468804758994 -0.781040028101319
vn 0.0000010000000028957102 0.29440088047016355 -0.9556820190719256
vn -0.1709149792756251 0.8947208121736738 -0.41262905632358715
vn -0.3047469219752481 0.6048468019867941 -0.7357239017953406
vn -0.24813895253524826 0.8947188002633681 -0.3713560672588896
vn -0.4424250529559579 0.6048469702569566 -0.6621330795904237
vn -0.3158140558382331 0.8947201572307857 -0.31581216312853355
vn -0.5631021098398058 0.6048460369102883 -0.5630961601075587
vn -0.37135595365400287 0.894720758514588 -0.24813206154950276
vn -0.6621319906372082 0.6048488982794376 -0.44242404684302467
vn -0.4126270706165227 0.8947211243652589 -0.17091813891156887
vn -0.735716854295015 0.6048538230344249 -0.30475000093008714
vn -0.438045109365934 0.8947202361613251 -0.08713312323112102
vn -0.7810370233846012 0.6048509957007856 -0.15535907151592504
vn -0.44662591645198146 0.8947207892708299 -1.0404583679060595e-7
vn -0.7963422922356403 0.604846223098798 -7.03367264588089e-8
vn -0.43803708973654115 0.8947241833351811 0.08713290865301485
vn -0.781041090413789 0.6048460358188228 0.15535793523182098
vn -0.4126197663182041 0.8947245556619391 0.17091781047935373
vn -0.7357207014036704 0.6048497482339084 0.30474880079742594
vn -0.37135595365400287 0.8947208162244287 0.24813185345782965
vn -0.6621280132301184 0.60485110205084 0.4424269865682025
vn -0.315814055838233 0.8947202306814763 0.3158119550369984
vn -0.5630937209258335 0.6048487473521693 0.5631016376111965
vn -0.248136007738442 0.8947201049107665 0.3713548916226838
vn -0.4424250127475783 0.604846077887493 0.6621339216196537
vn -0.17092198756022964 0.8947200204799345 0.41262787002436746
vn -0.3047559116338763 0.6048449249645615 0.7357217212158542
vn -0.08712798858195024 0.894720878271239 0.43804481915804705
vn -0.1553599634704915 0.6048459525397919 0.7810407514635068
vn 0 0.8947208412083392 0.44662581240613697
vn 0.0000019999994536367705 0.604846961166823 0.7963417316474501
vn 0.0871350463671604 0.8947205251590473 0.4380441365361614
vn 0.15535800556852788 0.6048461085786437 0.781041020077077
vn 0.17092198756022964 0.8947200204799345 0.41262787002436746
vn 0.30474894709720446 0.6048459569709799 0.7357237576556875
vn 0.2481359088604135 0.8947197609881007 0.37135578631739724
vn 0.4424230979145486 0.6048472786094901 0.6621341042344728
vn 0.315814055838233 0.8947202306814763 0.3158119550369984
vn 0.5630937209258335 0.6048487473521693 0.5631016376111965
vn 0.37135505581730166 0.8947211647760644 0.24813194034765235
vn 0.6621324861986776 0.6048474685610297 0.44242525978482733
vn 0.4126268449270884 0.8947216685550516 0.17091583502876667
vn 0.7357231733396088 0.6048481620472328 0.3047459812354877
vn 0.4380378804246896 0.8947237997009191 0.08713287302617152
vn 0.7810398327130619 0.6048479250721901 0.15535690281226205
vn 0.4466198824099724 0.8947238013123846 -0.000001104045988799217
vn 0.7963401291714687 0.604849070983847 -0.0000010703372343252836
vn 0.43803788042468955 0.8947237794357735 -0.0871330811185429
vn 0.7810377497576237 0.6048498122173606 -0.15536002740142474
vn 0.4126259387755541 0.8947218460419651 -0.17091709354201717
vn 0.7357231733396088 0.6048480911702435 -0.3047461219093833
vn 0.3713680010631732 0.8947160198594166 -0.24813111774476637
vn 0.66213525052828 0.6048451860163371 -0.44242424318827084
vn 0.31582003407241155 0.894718061806465 -0.31581212129331465
vn 0.5631031554797359 0.6048431466241005 -0.5630982190263268
vn 0.24812590511915777 0.8947216233186397 -0.37135798358841976
vn 0.44242203843413885 0.6048469641218921 -0.6621350994323683
vn 0.17091199430854517 0.8947209065961789 -0.41263008797370504
vn 0.30474284759536424 0.6048466396646965 -0.7357257228925691
vn 0.08713096354152532 0.8947205434355763 -0.4380449113352103
vn 0.15536093433475087 0.6048456605889441 -0.7810407844340506
vn -9.99999813258451e-7 0.8947207373328779 -0.4466260204975872
vn 9.999997268198853e-7 0.6048467759567683 -0.7963418723222478
vn 0 0.18232494519092196 -0.983238330396617
vn 0.000003999999129067868 0.0201101108467017 0.999797771264636
vn 0.19504694527113095 0.0201111069550997 0.9805876975148325
vn 0.0840989836928741 0.9023208332096851 0.42278182895863103
vn 0 0.902321329392737 0.43106405385154045
vn 0.3825950621497862 0.02011411231771136 0.9236971586533498
vn 0.16496594377885526 0.9023197826243462 0.39825274296344015
vn 0.5554509777910818 0.020114097626759038 0.8313059811811727
vn 0.2394879916334435 0.9023200162659146 0.358418875213429
vn 0.7069772429970362 0.020113090159286296 0.7069502397542236
vn 0.30478706876418493 0.9023272726062002 0.3048119679822169
vn 0.8313107837084412 0.020112058806025675 0.5554438639328373
vn 0.35841486368452746 0.902321661954507 0.2394877947989376
vn 0.9236906555944127 0.020112038286990163 0.3826108710994849
vn 0.3982738121161034 0.9023116037137415 0.16495981445807575
vn 0.9805868790194917 0.02011202107385145 0.19505096591182888
vn 0.42277796631527975 0.9023229313450039 0.08409589031145215
vn 0.9997977132744215 0.020112994089342133 -2.338912122624957e-9
vn 0.43104717599814735 0.9023293922199427 -1.0493063065047933e-7
vn 0.9805868790194919 0.020111975709439556 -0.19505097058942156
vn 0.4227779663152798 0.9023229117861911 -0.08409610017120854
vn 0.9236844880444007 0.020111944957824507 -0.3826257652278092
vn 0.3982738121161034 0.9023115653478221 -0.1649600243151954
vn 0.8313015503722649 0.020109925544931465 -0.5554577600891413
vn 0.35841398041132166 0.9023219314586615 -0.23948810127942327
vn 0.706977285681883 0.02010992470334946 -0.7069502871194714
vn 0.3047858728843737 0.9023276673397472 -0.3048119952418552
vn 0.5554630220276124 0.020109903176144847 -0.8312980349755426
vn 0.2395021034091838 0.9023173117219534 -0.35841625441578906
vn 0.38261619869092955 0.020112902891353677 -0.9236884299570858
vn 0.16497304469429086 0.902319175212712 -0.3982511777355425
vn 0.1950540229390023 0.020117889849169887 -0.9805861505463596
vn 0.08409100054897263 0.9023209742355325 -0.422783115889592
vn 0 0.020117875676333177 -0.9997976150593038
vn 0 0.902320275271561 -0.43106626037519424
vn -0.1950550114289741 0.02011288730168706 -0.9805860565400838
vn -0.08410001425517984 0.9023201237246481 -0.4227831381734782
vn -0.3826299084699792 0.020109889465761276 -0.9236828164959713
vn -0.16493303882095223 0.9023251561545678 -0.3982541968089238
vn -0.5554761650849691 0.020110910388273548 -0.8312892284312668
vn -0.23945498134397647 0.9023278971214426 -0.3584210903196845
vn -0.7069622369760848 0.020111925904797743 -0.7069652791517911
vn -0.30481615103994647 0.9023183660450017 -0.3048092524236602
vn -0.8313075326201986 0.020111925111812066 -0.5554487345176098
vn -0.3584149643571452 0.9023218134307808 -0.2394870734128541
vn -0.9236971795756429 0.020112960575076912 -0.382595072185866
vn -0.39827416481008004 0.902311383270091 -0.1649601687258109
vn -0.9805868592926984 0.020112975545257712 -0.19505096666563243
vn -0.4228051795936352 0.9023103432237697 -0.08409414141423108
vn -0.9997977132739213 0.02011299408944836 9.976608098028356e-7
vn -0.4310467899220457 0.9023295766502885 -1.0493065209762786e-7
vn -0.9805866678314182 0.020113016284995053 0.19505192500253715
vn -0.4228051440957111 0.9023102870259696 0.084094922874792
vn -0.9236904574608784 0.020115053488931063 0.3826111909221298
vn -0.398274117961045 0.902311263806634 0.16496093528477165
vn -0.8313091903742055 0.02011506922769483 0.5554461395935236
vn -0.35838521976636045 0.9023325778166053 0.2394910296104173
vn -0.7069767223672544 0.020114074252688807 0.7069507324048908
vn -0.30480197886182014 0.9023229479220766 0.30480986095455015
vn -0.5554630135324589 0.02011209698573072 0.8312979875786276
vn -0.23948692176431266 0.902320739417779 0.3584177695377372
vn -0.382615857815482 0.020110099549178025 0.9236886321939038
vn -0.16494896231699427 0.9023228545284215 0.3982528167210221
vn -0.19505096825063148 0.020112112422730748 0.980586876680688
vn -0.08409997500942892 0.9023207574480759 0.4227817934605792
vn 0.000003999999129067868 0.0201101108467017 0.999797771264636
vn 0 0.902321329392737 0.43106405385154045
vn -0.15496503124488 0.5593580363800276 -0.8143122412369553
vn -0.20468396614291362 0.453607827501939 -0.8673778950566919
vn 0 0.5337557155591289 -0.8456387148824032
vn 0 0.39669592651117697 -0.9179500759243059
vn -0.17723895297771708 0.3931877984884758 -0.9022137821310137
vn -0.34815586644270585 0.39937972844887215 -0.8481057275868579
vn -0.37573602434994857 0.18968191428655717 -0.9071070561947372
vn -0.1915489318841651 0.18968182358046856 -0.9629796532104006
vn -0.2531278763266624 0.7488206012753037 -0.6125308035781112
vn -0.13083997310553194 0.7393818046728271 -0.6604509431869238
vn -0.11708798672581124 0.7744928148733123 -0.6216520594947865
vn -0.22519504820530611 0.7953760563485451 -0.5627291704285869
vn -0.5066941815540059 0.40491403932499936 -0.7611212959422625
vn -0.5454839569892791 0.18968188564156066 -0.8163749352636814
vn -0.36301602290774243 0.7568389995133653 -0.5435200970781608
vn -0.3200859920660249 0.8136878976047994 -0.48523907816105444
vn -0.6455849467537284 0.407095889486221 -0.6461369926636364
vn -0.69426967677026 0.18968184205787195 -0.6942696988280932
vn -0.45966479781349306 0.7599506046154731 -0.4595468987988685
vn -0.40400012272458147 0.8202981850805061 -0.4048392130119695
vn -0.7602901493251751 0.4061619941989354 -0.5069431164415265
vn -0.81637491320584 0.1896819171430925 -0.5454839790471194
vn -0.5418783853640466 0.7586444555577351 -0.36169933028243434
vn -0.48020620386253604 0.8175503033042162 -0.31782621562595587
vn -0.8458249698740029 0.4033689466629767 -0.3491040148804402
vn -0.9071070341368888 0.18968197607895151 -0.37573604640779606
vn -0.6063298261825777 0.7546257281292151 -0.250807002148778
vn -0.5438947485908481 0.8092985802063585 -0.22184298621157772
vn -0.8987612653634887 0.4007271289865528 -0.17789310266678543
vn -0.9629796311525598 0.18968191328906991 -0.19154895394200763
vn -0.6479420098365942 0.7507470138168237 -0.12864708754587767
vn -0.5872498582928889 0.8012957807171194 -0.11429206332866705
vn -0.9166817961406094 0.3996179233022765 -4.647101277304043e-8
vn -0.9818455558597048 0.18968211417671094 -2.205786937152884e-8
vn -0.6624633059438811 0.7490943654025813 -8.711114240114879e-8
vn -0.6027420469939411 0.797936103197208 -9.27908801920755e-8
vn -0.8987612653634887 0.40072717036042527 0.17789300946677913
vn -0.96297963115256 0.18968195783898797 0.19154890982631043
vn -0.6479420098365942 0.7507470437371854 0.128646912939221
vn -0.5872498582928889 0.8012958072988281 0.11429187696551912
vn -0.8458249698740029 0.403369027856607 0.3491039210660026
vn -0.9071070341368888 0.1896820634665914 0.37573600229207926
vn -0.6063298261825776 0.7546257864611899 0.25080682664001736
vn -0.5438940188503487 0.8092990870861603 0.22184292618950865
vn -0.760289832629148 0.40616296843392696 0.5069428108511679
vn -0.81637491320584 0.1896820440102346 0.5454839349314117
vn -0.5418779471903784 0.7586449871996034 0.36169887164000825
vn -0.48020580677762226 0.8175507095477274 0.31782577059618805
vn -0.6455849467537284 0.4070960397629553 0.6461368979823888
vn -0.69426967677026 0.1896820035291831 0.694269654712399
vn -0.45966479781349306 0.7599507114955927 0.4595467220516573
vn -0.40400029000513854 0.8202986143539951 0.40483817626883917
vn -0.5066939862630455 0.4049150674444372 0.761120878994481
vn -0.5454839569892791 0.18968207551176827 0.8163748911479738
vn -0.3630160229077425 0.7568391259237379 0.5435199210546359
vn -0.3200859920660249 0.8136880104603332 0.4852388889157723
vn -0.3481551394069661 0.3993812532900217 0.8481053079806822
vn -0.37573602434994857 0.18968212525898917 0.9071070120790203
vn -0.25312710812361056 0.7488213905223069 0.612530156179446
vn -0.22519504820530614 0.7953761872265095 0.56272898544222
vn -0.17723895297771708 0.3931880083228381 0.9022136906844643
vn -0.19154796759867543 0.18968208174331308 0.9629797941672191
vn -0.13083899554830078 0.7393820513337032 0.6604508607076509
vn -0.11708804160531518 0.7744943587116392 0.6216501257434754
vn 0 0.3906060886487331 0.9205579196935618
vn 0 0.18968222835416815 0.9818455338018284
vn 0 0.7353081168130909 0.677732966107438
vn 0.000001000000461002251 0.7660414520391291 0.6427911742990741
vn 0.17724000157026568 0.3931891497828139 0.9022129872355197
vn 0.1915489318841651 0.18968204754759377 0.9629796090947033
vn 0.13083997310553194 0.7393819582786513 0.6604507712235413
vn 0.11708799900201808 0.7744921076273998 0.6216529383125052
vn 0.3481561707569565 0.39938026074106914 0.8481053520018891
vn 0.37573602434994857 0.18968212525898917 0.9071070120790203
vn 0.2531280344182522 0.7488212188754261 0.6125299832281464
vn 0.225194986285879 0.7953769995665948 0.5627278620364767
vn 0.5066949168849303 0.4049140237708242 0.7611208146915271
vn 0.5454839569892791 0.18968207551176827 0.8163748911479738
vn 0.3630160229077425 0.7568391259237379 0.5435199210546359
vn 0.32008711121038613 0.8136874400974166 0.4852391071056649
vn 0.6455853661651673 0.40709631714123723 0.6461363041676489
vn 0.6942701668207428 0.1896821249649672 0.6942691314839456
vn 0.4596650037868153 0.7599510750871946 0.45954591475442824
vn 0.4039999504744727 0.8202989491224636 0.40483783677567187
vn 0.760289832629148 0.40616296843392696 0.5069428108511679
vn 0.8163753921835114 0.18968214986783805 0.5454831812794351
vn 0.5418779471903784 0.7586449871996034 0.36169887164000825
vn 0.48020596929933224 0.8175509621009782 0.31782487539060533
vn 0.8458255558796862 0.4033688130746148 0.3491027494300158
vn 0.9071073712483071 0.18968213124473504 0.3757351542156272
vn 0.606329960244086 0.7546259837597857 0.2508059089116137
vn 0.5438941391552209 0.8092992675301799 0.22184197296209654
vn 0.8987619906165779 0.4007260125272044 0.1778919534632548
vn 0.9629798162250798 0.18968199203457362 0.19154794554081683
vn 0.6479426869603958 0.7507466419271587 0.12864584738590273
vn 0.5872492773798914 0.8012963643899421 0.11429095603877083
vn 0.9166817961401511 0.3996179233019604 -0.0000010464708151978152
vn 0.9818455558592138 0.18968211417649977 -0.0000010220583727098573
vn 0.6624628017409588 0.7490948112952801 -8.711119425339088e-8
vn 0.6027420469939411 0.797936103197208 -9.27908801920755e-8
vn 0.8987611181308925 0.40072703031146933 -0.17789406879898675
vn 0.9629793749626837 0.1896820588000654 -0.19155009779649712
vn 0.6479420098365942 0.7507470138168237 -0.12864708754587767
vn 0.5872491998695275 0.8012962537714947 -0.11429212984439537
vn 0.8458246719002103 0.4033687976748347 -0.3491049089704406
vn 0.907106689029254 0.18968190419110728 -0.3757369158611114
vn 0.6063292084257529 0.7546261779459555 -0.2508071421799604
vn 0.5438940188503487 0.8092990354905274 -0.22184311441403426
vn 0.7602890164214577 0.4061629496908581 -0.5069440499772274
vn 0.8163741322449638 0.18968197638238085 -0.5454851272371742
vn 0.5418770200979776 0.7586450595012588 -0.3617001089080117
vn 0.4802050240532502 0.8175510394725936 -0.3178261045466522
vn 0.6455839331130953 0.40709588925798484 -0.6461380055804464
vn 0.6942691535418208 0.18968196349365993 -0.6942701888785903
vn 0.4596639905629328 0.7599509682980002 -0.45954710483550176
vn 0.40399893685206745 0.8202988542688996 -0.4048390404932927
vn 0.5066930363464257 0.40491393975350315 -0.7611221113010292
vn 0.5454832033373147 0.18968199149919604 -0.8163754142413651
vn 0.36301602290774243 0.7568389995133653 -0.5435200970781608
vn 0.3200859920660249 0.8136878976047994 -0.48523907816105444
vn 0.3481542711815877 0.39938120051110326 -0.8481056892488856
vn 0.3757339472610549 0.18968187430751252 -0.9071079249101597
vn 0.25312692637275896 0.7488216566059749 -0.6125299059988527
vn 0.22519403730947404 0.7953770710701201 -0.5627281407359832
vn 0.17723808374188801 0.3931890689661331 -0.9022133992116548
vn 0.19154701712613592 0.18968190579525762 -0.9629800178840466
vn 0.13083898712061798 0.739382828379789 -0.6604499924644972
vn 0.11708705451955567 0.7744942991446222 -0.6216503858732938
vn 0 0.39060587454792095 -0.9205580105396151
vn 0 0.18968199999925858 -0.9818455779175672
vn 0 0.7353079591878222 -0.6777331371233373
vn 0 0.7660421756179765 -0.6427903119793243
vn 0 0.5337557155591289 -0.8456387148824032
vn 0 0.39669592651117697 -0.9179500759243059
vn 0 0.39060587454792095 -0.9205580105396151
vn 0 0.7353079591878222 -0.6777331371233373
vn 0 0.18968199999925858 -0.9818455779175672
vn 0 0.7660421756179765 -0.6427903119793243
vn -0.3805601087135545 0.924308232480493 -0.02878011509210276
vn -0.2835220530745305 0.94705514836924 -0.15067113647849087
vn -0.27188092056510227 0.9480735919479777 -0.16503705427428078
vn -0.3534771793973772 0.9333394080872344 -0.06270113999478193
vn -0.9149990808074446 0.3914540395199541 -0.09767505856175272
vn -0.7784740749277507 0.45306002492067726 -0.4344130850748606
vn -0.14811899356192862 0.9389859101262605 -0.31042909710682665
vn -0.17847904379258167 0.944448190837534 -0.275976168809183
vn -0.42547898775263193 0.4313538865580863 -0.7955510389234806
vn -0.025680995091805072 0.8954568101332057 -0.44440700678225
vn -0.07536499821876506 0.9174979318304879 -0.3905350971811153
vn -0.09248601493332738 0.33984694606364535 -0.9359222138046336
vn 0.2835220530745305 0.94705514836924 -0.15067113647849087
vn 0.3805601087135545 0.924308232480493 -0.02878011509210276
vn 0.3534771793973772 0.9333394080872344 -0.06270113999478193
vn 0.27188092056510227 0.9480735919479777 -0.16503705427428078
vn 0.7784740749277507 0.45306002492067726 -0.4344130850748606
vn 0.9149990808074446 0.3914540395199541 -0.09767505856175272
vn 0.14811797472231872 0.9389867442001654 -0.3104270603226009
vn 0.17847795601559757 0.9444487273205893 -0.2759750363330237
vn 0.42547898775263193 0.4313538865580863 -0.7955510389234806
vn 0.0256799956838405 0.8954558258805962 -0.44440904774562934
vn 0.07536402455747679 0.9174992408215841 -0.39053220980389974
vn 0.09248601493332738 0.33984694606364535 -0.9359222138046336
vn 0.38056011966851944 0.9243082657814805 0.028778900707193595
vn 0.2835239161519091 0.9470546385839294 0.15067083495669795
vn 0.27188201651125793 0.9480731299927473 0.16503790256643272
vn 0.35347801236753645 0.9333390420084695 0.06270189339571768
vn 0.9149988249912099 0.39145491906104934 0.09767393003054788
vn 0.7784729967837298 0.4530620351289973 0.4344129206219934
vn 0.14811894526499034 0.9389856963813116 0.3104297666862668
vn 0.17847996161561236 0.944447825028727 0.2759768271072709
vn 0.425478987752632 0.4313540715851235 0.7955509386003714
vn 0.025680995091805072 0.8954569134921274 0.44440679851938275
vn 0.07536499821876504 0.91749802266003 0.3905348837919866
vn 0.09248601493332735 0.3398471637378224 0.9359221347639504
vn -0.2835239161519091 0.9470546385839294 0.15067083495669795
vn -0.38056010871355445 0.9243082391740671 0.028779900119063125
vn -0.35347801236753645 0.9333390420084695 0.06270189339571768
vn -0.27188114936898755 0.9480735371999144 0.1650369918504353
vn -0.7784733404225391 0.4530612521272195 0.4344131214319955
vn -0.9149988249912099 0.39145491906104934 0.09767393003054788
vn -0.14811797472231872 0.9389868163984024 0.3104268419356662
vn -0.17847892972628218 0.9444486206187882 0.27597477177276336
vn -0.425478987752632 0.4313540715851235 0.7955509386003714
vn -0.0256799956838405 0.8954559292399928 0.444408839482991
vn -0.07536402455747677 0.9174993316504547 0.3905319964144667
vn -0.09248601493332735 0.3398471637378224 0.9359221347639504
vn -0.40103611845526016 0.9160622386882787 0.00008089349479846789
vn -0.40210808078769894 0.9155922025588215 0.00009989354082409677
vn -0.9311458530263648 0.364646950310322 0.000044957590175521914
vn 0.00011899998320177857 0.8848569422411497 0.46586283132124484
vn 0.00018000003508430006 0.8831822267090937 0.46902997987884976
vn 0.00006300000359921846 0.30920312367810177 0.9509960169941324
vn 0.4010361184552602 0.9160622386694401 -0.00008110655000701692
vn 0.40210808078769894 0.9155922025355637 -0.0001001064867129491
vn 0.9311458530263648 0.3646469502998561 -0.000045042398749397915
vn -0.00011899998320177857 0.8848568338920437 -0.4658630371187997
vn -0.00018000003508430006 0.8831821176233813 -0.4690301852869038
vn -0.00006300000359921846 0.30920290249808385 -0.9509960889077095
vn 0.00011899992831840493 0.8848574546573134 -0.46586185803991054
vn 0.0001800000426212433 0.8831831560876849 -0.4690282298572023
vn 0.00006300000359921846 0.30920290249808385 -0.9509960889077095
vn 0 0.8861082813205818 -0.4634782775655021
vn 0 0.8861082813205818 -0.4634782775655021
vn 0 0.3117168935811825 -0.9501750250643813
vn 0 0.8861082813205818 -0.4634782775655021
vn 0 0.8861082813205818 -0.4634782775655021
vn 0 0.3117168935811825 -0.9501750250643813
vn -0.00011899992831840491 0.8848575630061452 0.4658616522422112
vn -0.0001800000426212433 0.8831832651729428 0.46902802444890657
vn -0.00006300000359921846 0.30920312367810177 0.9509960169941324
vn 0 0.8861083891150471 0.4634780714768892
vn 0 0.8861083891150471 0.4634780714768892
vn 0 0.3117171145702396 0.9501749525661072
vn -0.4010369469843184 0.9160618759533821 -0.00008110651840550116
vn -0.40210808078769894 0.9155922025355637 -0.0001001064867129491
vn -0.9311458530263648 0.3646469502998561 -0.000045042398749397915
vn -0.39930217727440354 0.9168193768522813 -0.00003810663145774544
vn -0.399608039647325 0.9166861034917984 -0.00004810660838538687
vn -0.9304392879193139 0.3664460819961419 -0.000022042619414686562
vn -0.3987720439194212 0.9170500842311263 -1.066424794605295e-7
vn -0.3987720439194212 0.9170500842311263 -1.066424794605295e-7
vn -0.9302122280812777 0.3670220847960829 -4.2680488026172404e-8
vn -0.3993021772744035 0.9168193768611193 0.00003789340015610408
vn -0.39960803964732505 0.9166861035029621 0.000047893408080092894
vn -0.9304392879193137 0.36644608200125867 0.00002195739240376337
vn 0.4010369469843184 0.9160618759722209 0.00008089346328131166
vn 0.40210808078769894 0.9155922025588215 0.00009989354082409677
vn 0.9311458530263648 0.364646950310322 0.000044957590175521914
vn 0.3993021772744035 0.9168193768611193 0.00003789340015610408
vn 0.39960889690707146 0.9166857297999882 0.00004789338909192298
vn 0.9304392879193137 0.36644608200125867 0.00002195739240376337
vn 0.3987720439194212 0.9170500842311263 -1.066424794605295e-7
vn 0.3987720439194212 0.9170500842311263 -1.066424794605295e-7
vn 0.9302122280812777 0.3670220847960829 -4.2680488026172404e-8
vn 0.39930217727440354 0.9168193768522813 -0.00003810663145774544
vn 0.399608039647325 0.9166861034917984 -0.00004810660838538687
vn 0.9304392879193139 0.3664460819961419 -0.000022042619414686562
vn 0 0.9999999999999932 -1.1628860985268869e-7
vn 0 0.9999999999999932 -1.1628860985268869e-7
vn -0.28352504439148396 -0.9470552400988608 -0.1506649309033001
vn -0.38054700939080544 -0.9243130408167878 -0.028798892682489096
vn -0.3534658802675122 -0.933342630629318 -0.06271686644481701
vn -0.2718849696548545 -0.9480738547105295 -0.16502887411024988
vn -0.7784770112667425 -0.4530570405439671 -0.4344109355699303
vn -0.9149947640000672 -0.39146191493639 -0.09768393423074197
vn -0.1481800062494259 -0.9390021220646632 -0.3103509312149384
vn -0.17851394950893018 -0.9444557244438017 -0.27592780649303367
vn -0.42551986002027736 -0.43135295256085393 -0.7955296845783677
vn -0.025736012620403287 -0.8954874513046732 -0.4443420779199998
vn -0.07543102898306131 -0.9175274219683037 -0.39045305710514655
vn -0.09251902833856064 -0.3398542240336221 -0.9359163081183024
vn 0.3805432273168952 -0.9243145973886063 -0.028798909659576842
vn 0.2835229950700264 -0.9470560188097852 -0.15066389249810894
vn 0.27188406021614536 -0.9480742779548157 -0.16502794090952738
vn 0.3534620459645411 -0.933344147670135 -0.06271589967838823
vn 0.9149967963653001 -0.3914569149329957 -0.0976849343162947
vn 0.7784788315146324 -0.4530539847050882 -0.4344108606221239
vn 0.1481790362297721 -0.9390022569036933 -0.3103509863876485
vn 0.17851394950893018 -0.9444557244438017 -0.27592780649303367
vn 0.42551986002027736 -0.43135295256085393 -0.7955296845783677
vn 0.02573601243884655 -0.8954904252188138 -0.44433608451843704
vn 0.0754309925225414 -0.9175279394664168 -0.3904518480755033
vn 0.09251902833856064 -0.3398542240336221 -0.9359163081183024
vn 0.2835250443914839 -0.9470552050576045 0.15066515116677065
vn 0.38054700939080544 -0.9243130341187963 0.028799107656645485
vn 0.35346588026751224 -0.9333426160427784 0.06271708351904941
vn 0.2718849696548545 -0.9480738163285473 0.16502909461062662
vn 0.7784770112667425 -0.4530569395098672 0.43441104094066546
vn 0.9149947640000672 -0.39146189221732164 0.0976840252758631
vn 0.14818000624942593 -0.939002049884081 0.31035114960543286
vn 0.17851394950893018 -0.944455660269254 0.27592802615191275
vn 0.4255198600202773 -0.43135276753875995 0.7955297849012167
vn 0.025736012620403287 -0.8954873479608038 0.4443422861899695
vn 0.07543102898306131 -0.9175273311577926 0.3904532705011127
vn 0.09251902833856064 -0.3398540063608001 0.9359163871606275
vn -0.38054410778379216 -0.924314259627567 0.028798115913726496
vn -0.2835229950700264 -0.9470559837687704 0.15066411276176062
vn -0.27188406021614536 -0.9480742395730505 0.16502816141000254
vn -0.3534620238325986 -0.9333440746425817 0.0627171112037717
vn -0.9149967963653001 -0.3914568922136947 0.09768502536025298
vn -0.7784788315146324 -0.4530538836710057 0.4344109659921483
vn -0.14818000624942593 -0.939002049884081 0.31035114960543286
vn -0.17851394950893018 -0.944455660269254 0.27592802615191275
vn -0.4255198600202773 -0.43135276753875995 0.7955297849012167
vn -0.02573601243884655 -0.8954903218763384 0.4443362927890983
vn -0.07543099252254139 -0.9175278486561866 0.39045206147158984
vn -0.09251902833856064 -0.3398540063608001 0.9359163871606275
vn -0.4010270708076144 -0.9160662005935701 -0.00006789348554477355
vn -0.4020949819046743 -0.9155979567959707 -0.00008389352402529191
vn -0.931145052047992 -0.364648996441459 -0.00003795759417951734
vn 0.00004900001126944948 -0.3095619726828882 0.9508792681869122
vn 0.00014299999728401976 -0.8834639523887713 0.468499118868554
vn 0.00010800001752911356 -0.8846170589083406 0.46631818260105784
vn -0.00004900001126944948 -0.30956219383573635 -0.9508791961898234
vn -0.0001429999972840198 -0.8834640613509699 -0.46849891339495175
vn -0.00010800001752911356 -0.8846171673633031 -0.4663179768592692
vn 0.9311442406755102 -0.3646510683050962 -0.000037957603362456734
vn 0.40209784117597375 -0.9155967011099938 -0.00008389349470156893
vn 0.4010279274617279 -0.9160658255749031 -0.00006789346246958396
vn 0.00004900001126944948 -0.30956219383573635 -0.9508791961898234
vn 0.00014300005143731863 -0.8834613247879761 -0.4685040737868342
vn 0.00010799995932631482 -0.88461573688399 -0.4663206905051548
vn 0 -0.3116951575080454 -0.9501821555817782
vn 0 -0.8861204241283767 -0.46345506140568377
vn 0 -0.8861204241283767 -0.46345506140568377
vn 0 -0.3116951575080454 -0.9501821555817782
vn 0 -0.8861204241283767 -0.46345506140568377
vn 0 -0.8861204241283767 -0.46345506140568377
vn -0.00004900001126944948 -0.3095619726828882 0.9508792681869122
vn -0.00014300005143731866 -0.8834612158245774 0.4685042792598003
vn -0.00010800005575945793 -0.88461540513582 0.46632131983470015
vn 0 -0.31169493651731306 0.9501822280749457
vn 0 -0.8861203163392629 0.4634552674970958
vn 0 -0.8861203163392629 0.4634552674970958
vn -0.40102792746172783 -0.9160658255590879 0.00006810651851236144
vn -0.40209784117597364 -0.9155967010904571 0.0000841064416366822
vn -0.9311442406755102 -0.3646510682962583 0.000038042412894084706
vn -0.399342873494481 -0.9168016515178788 0.000034106604016257456
vn -0.39955880744076455 -0.9167075639849325 0.00003910658262725116
vn -0.9304211748322561 -0.3664920696252896 0.000018042621999207142
vn -0.3987711830384459 -0.9170504585779929 1.066425229928062e-7
vn -0.3987711830384459 -0.9170504585779929 1.066425229928062e-7
vn -0.9302099024717517 -0.3670279789654904 4.268117345093903e-8
vn -0.3993432427839964 -0.9168014906695992 -0.000033893408053145915
vn -0.39955880744076455 -0.916707563994003 -0.0000388933773307356
vn -0.9304211748322561 -0.366492069629476 -0.000017957384292609132
vn 0.931145052047992 -0.3646489964326211 0.00003804240322927702
vn 0.4020949819046743 -0.9155979567764343 0.00008410647125244918
vn 0.40102626728470675 -0.9160665523362316 0.00006810657323529712
vn 0.9304211748322561 -0.3664920696252896 0.000018042621999207142
vn 0.39955880744076455 -0.9167075639849325 0.00003910658262725116
vn 0.3993432427839964 -0.9168014906616916 0.000034106635194866684
vn 0.9302099024717517 -0.3670279789654904 4.268117345093903e-8
vn 0.3987711830384459 -0.9170504585779929 1.066425229928062e-7
vn 0.3987711830384459 -0.9170504585779929 1.066425229928062e-7
vn 0.9304211748322561 -0.366492069629476 -0.000017957384292609132
vn 0.39955880744076455 -0.916707563994003 -0.0000388933773307356
vn 0.3993432427839964 -0.9168014906695992 -0.000033893408053145915
f 4/4/4 1/1/1 2/2/2
f 2/2/2 3/3/3 4/4/4
f 8/8/8 5/5/5 6/6/6
f 6/6/6 7/7/7 8/8/8
f 12/12/12 9/9/9 10/10/10
f 10/10/10 11/11/11 12/12/12
f 16/16/16 13/13/13 14/14/14
f 14/14/14 15/15/15 16/16/16
f 8/8/8 7/7/7 17/17/17
f 17/17/17 18/18/18 8/8/8
f 22/22/22 19/19/19 20/20/20
f 20/20/20 21/21/21 22/22/22
f 26/26/26 23/23/23 24/24/24
f 24/24/24 25/25/25 26/26/26
f 30/30/30 27/27/27 28/28/28
f 28/28/28 29/29/29 30/30/30
f 34/34/34 31/31/31 32/32/32
f 32/32/32 33/33/33 34/34/34
f 38/38/38 35/35/35 36/36/36
f 36/36/36 37/37/37 38/38/38
f 11/11/11 10/10/10 39/39/39
f 39/39/39 40/40/40 11/11/11
f 44/44/44 41/41/41 42/42/42
f 42/42/42 43/43/43 44/44/44
f 48/48/48 45/45/45 46/46/46
f 46/46/46 47/47/47 48/48/48
f 52/52/52 49/49/49 50/50/50
f 50/50/50 51/51/51 52/52/52
f 56/56/56 53/53/53 54/54/54
f 54/54/54 55/55/55 56/56/56
f 60/60/60 57/57/57 58/58/58
f 58/58/58 59/59/59 60/60/60
f 64/64/64 61/61/61 62/62/62
f 62/62/62 63/63/63 64/64/64
f 68/68/68 65/65/65 66/66/66
f 66/66/66 67/67/67 68/68/68
f 72/72/72 69/69/69 70/70/70
f 70/70/70 71/71/71 72/72/72
f 76/76/76 73/73/73 74/74/74
f 74/74/74 75/75/75 76/76/76
f 80/80/80 77/77/77 78/78/78
f 78/78/78 79/79/79 80/80/80
f 83/83/83 81/81/81 82/82/82
f 82/82/82 65/65/65 83/83/83
f 85/85/85 22/22/22 21/21/21
f 21/21/21 84/84/84 85/85/85
f 89/89/89 86/86/86 87/87/87
f 87/87/87 88/88/88 89/89/89
f 93/93/93 90/90/90 91/91/91
f 91/91/91 92/92/92 93/93/93
f 97/97/97 94/94/94 95/95/95
f 95/95/95 96/96/96 97/97/97
f 96/96/96 95/95/95 98/98/98
f 98/98/98 99/99/99 96/96/96
f 101/101/101 44/44/44 43/43/43
f 43/43/43 100/100/100 101/101/101
f 105/105/105 102/102/102 103/103/103
f 103/103/103 104/104/104 105/105/105
f 107/107/107 105/105/105 104/104/104
f 104/104/104 106/106/106 107/107/107
f 86/86/86 107/107/107 106/106/106
f 106/106/106 87/87/87 86/86/86
f 111/111/111 108/108/108 109/109/109
f 109/109/109 110/110/110 111/111/111
f 113/113/113 112/112/112 108/108/108
f 108/108/108 111/111/111 113/113/113
f 115/115/115 114/114/114 112/112/112
f 112/112/112 113/113/113 115/115/115
f 110/110/110 109/109/109 116/116/116
f 116/116/116 117/117/117 110/110/110
f 117/117/117 116/116/116 118/118/118
f 118/118/118 119/119/119 117/117/117
f 119/119/119 118/118/118 120/120/120
f 120/120/120 121/121/121 119/119/119
f 121/121/121 120/120/120 122/122/122
f 122/122/122 123/123/123 121/121/121
f 123/123/123 122/122/122 124/124/124
f 124/124/124 125/125/125 123/123/123
f 125/125/125 124/124/124 126/126/126
f 126/126/126 127/127/127 125/125/125
f 127/127/127 126/126/126 128/128/128
f 128/128/128 129/129/129 127/127/127
f 129/129/129 128/128/128 130/130/130
f 130/130/130 131/131/131 129/129/129
f 131/131/131 130/130/130 132/132/132
f 132/132/132 133/133/133 131/131/131
f 133/133/133 132/132/132 134/134/134
f 134/134/134 135/135/135 133/133/133
f 135/135/135 134/134/134 136/136/136
f 136/136/136 137/137/137 135/135/135
f 137/137/137 136/136/136 138/138/138
f 138/138/138 139/139/139 137/137/137
f 139/139/139 138/138/138 140/140/140
f 140/140/140 141/141/141 139/139/139
f 141/141/141 140/140/140 142/142/142
f 142/142/142 143/143/143 141/141/141
f 143/143/143 142/142/142 144/144/144
f 144/144/144 145/145/145 143/143/143
f 145/145/145 144/144/144 146/146/146
f 146/146/146 147/147/147 145/145/145
f 147/147/147 146/146/146 148/148/148
f 148/148/148 149/149/149 147/147/147
f 149/149/149 148/148/148 150/150/150
f 150/150/150 151/151/151 149/149/149
f 151/151/151 150/150/150 152/152/152
f 152/152/152 153/153/153 151/151/151
f 153/153/153 152/152/152 154/154/154
f 154/154/154 155/155/155 153/153/153
f 155/155/155 154/154/154 156/156/156
f 156/156/156 157/157/157 155/155/155
f 157/157/157 156/156/156 158/158/158
f 158/158/158 159/159/159 157/157/157
f 159/159/159 158/158/158 160/160/160
f 160/160/160 161/161/161 159/159/159
f 165/165/165 162/162/162 163/163/163
f 163/163/163 164/164/164 165/165/165
f 169/169/169 166/166/166 167/167/167
f 167/167/167 168/168/168 169/169/169
f 171/171/171 170/170/170 114/114/114
f 114/114/114 115/115/115 171/171/171
f 175/175/175 172/172/172 173/173/173
f 173/173/173 174/174/174 175/175/175
f 179/179/179 176/176/176 177/177/177
f 177/177/177 178/178/178 179/179/179
f 183/183/183 180/180/180 181/181/181
f 181/181/181 182/182/182 183/183/183
f 174/174/174 173/173/173 184/184/184
f 184/184/184 185/185/185 174/174/174
f 189/189/189 186/186/186 187/187/187
f 187/187/187 188/188/188 189/189/189
f 182/182/182 181/181/181 190/190/190
f 190/190/190 191/191/191 182/182/182
f 185/185/185 184/184/184 192/192/192
f 192/192/192 193/193/193 185/185/185
f 195/195/195 194/194/194 176/176/176
f 176/176/176 179/179/179 195/195/195
f 191/191/191 190/190/190 196/196/196
f 196/196/196 197/197/197 191/191/191
f 193/193/193 192/192/192 198/198/198
f 198/198/198 199/199/199 193/193/193
f 203/203/203 200/200/200 201/201/201
f 201/201/201 202/202/202 203/203/203
f 197/197/197 196/196/196 204/204/204
f 204/204/204 205/205/205 197/197/197
f 207/207/207 206/206/206 194/194/194
f 194/194/194 195/195/195 207/207/207
f 205/205/205 204/204/204 208/208/208
f 208/208/208 209/209/209 205/205/205
f 202/202/202 201/201/201 210/210/210
f 210/210/210 211/211/211 202/202/202
f 209/209/209 208/208/208 212/212/212
f 212/212/212 213/213/213 209/209/209
f 215/215/215 214/214/214 206/206/206
f 206/206/206 207/207/207 215/215/215
f 211/211/211 210/210/210 216/216/216
f 216/216/216 217/217/217 211/211/211
f 221/221/221 218/218/218 219/219/219
f 219/219/219 220/220/220 221/221/221
f 223/223/223 222/222/222 214/214/214
f 214/214/214 215/215/215 223/223/223
f 217/217/217 216/216/216 224/224/224
f 224/224/224 225/225/225 217/217/217
f 220/220/220 219/219/219 226/226/226
f 226/226/226 227/227/227 220/220/220
f 231/231/231 228/228/228 229/229/229
f 229/229/229 230/230/230 231/231/231
f 233/233/233 232/232/232 222/222/222
f 222/222/222 223/223/223 233/233/233
f 227/227/227 226/226/226 234/234/234
f 234/234/234 235/235/235 227/227/227
f 239/239/239 236/236/236 237/237/237
f 237/237/237 238/238/238 239/239/239
f 241/241/241 240/240/240 236/236/236
f 236/236/236 239/239/239 241/241/241
f 235/235/235 234/234/234 242/242/242
f 242/242/242 243/243/243 235/235/235
f 245/245/245 244/244/244 232/232/232
f 232/232/232 233/233/233 245/245/245
f 249/249/249 246/246/246 247/247/247
f 247/247/247 248/248/248 249/249/249
f 243/243/243 242/242/242 250/250/250
f 250/250/250 251/251/251 243/243/243
f 238/238/238 237/237/237 252/252/252
f 252/252/252 253/253/253 238/238/238
f 257/257/257 254/254/254 255/255/255
f 255/255/255 256/256/256 257/257/257
f 261/261/261 258/258/258 259/259/259
f 259/259/259 260/260/260 261/261/261
f 45/45/45 262/262/262 263/263/263
f 263/263/263 46/46/46 45/45/45
f 267/267/267 264/264/264 265/265/265
f 265/265/265 266/266/266 267/267/267
f 260/260/260 259/259/259 268/268/268
f 268/268/268 269/269/269 260/260/260
f 273/273/273 270/270/270 271/271/271
f 271/271/271 272/272/272 273/273/273
f 275/275/275 274/274/274 101/101/101
f 101/101/101 100/100/100 275/275/275
f 279/279/279 276/276/276 277/277/277
f 277/277/277 278/278/278 279/279/279
f 283/283/283 280/280/280 281/281/281
f 281/281/281 282/282/282 283/283/283
f 41/41/41 280/280/280 283/283/283
f 283/283/283 42/42/42 41/41/41
f 282/282/282 281/281/281 284/284/284
f 284/284/284 285/285/285 282/282/282
f 285/285/285 284/284/284 286/286/286
f 286/286/286 287/287/287 285/285/285
f 287/287/287 286/286/286 288/288/288
f 288/288/288 289/289/289 287/287/287
f 293/293/293 290/290/290 291/291/291
f 291/291/291 292/292/292 293/293/293
f 297/297/297 294/294/294 295/295/295
f 295/295/295 296/296/296 297/297/297
f 301/301/301 298/298/298 299/299/299
f 299/299/299 300/300/300 301/301/301
f 303/303/303 302/302/302 166/166/166
f 166/166/166 169/169/169 303/303/303
f 23/23/23 296/296/296 295/295/295
f 295/295/295 24/24/24 23/23/23
f 269/269/269 268/268/268 274/274/274
f 274/274/274 275/275/275 269/269/269
f 307/307/307 304/304/304 305/305/305
f 305/305/305 306/306/306 307/307/307
f 311/311/311 308/308/308 309/309/309
f 309/309/309 310/310/310 311/311/311
f 306/306/306 305/305/305 85/85/85
f 85/85/85 84/84/84 306/306/306
f 303/303/303 26/26/26 25/25/25
f 25/25/25 302/302/302 303/303/303
f 313/313/313 312/312/312 264/264/264
f 264/264/264 267/267/267 313/313/313
f 19/19/19 312/312/312 313/313/313
f 313/313/313 20/20/20 19/19/19
f 266/266/266 265/265/265 314/314/314
f 314/314/314 315/315/315 266/266/266
f 315/315/315 314/314/314 316/316/316
f 316/316/316 317/317/317 315/315/315
f 317/317/317 316/316/316 318/318/318
f 318/318/318 319/319/319 317/317/317
f 289/289/289 288/288/288 294/294/294
f 294/294/294 297/297/297 289/289/289
f 323/323/323 320/320/320 321/321/321
f 321/321/321 322/322/322 323/323/323
f 319/319/319 318/318/318 263/263/263
f 263/263/263 262/262/262 319/319/319
f 327/327/327 324/324/324 325/325/325
f 325/325/325 326/326/326 327/327/327
f 329/329/329 328/328/328 324/324/324
f 324/324/324 327/327/327 329/329/329
f 331/331/331 330/330/330 328/328/328
f 328/328/328 329/329/329 331/331/331
f 335/335/335 332/332/332 333/333/333
f 333/333/333 334/334/334 335/335/335
f 337/337/337 336/336/336 332/332/332
f 332/332/332 335/335/335 337/337/337
f 339/339/339 338/338/338 336/336/336
f 336/336/336 337/337/337 339/339/339
f 341/341/341 340/340/340 338/338/338
f 338/338/338 339/339/339 341/341/341
f 343/343/343 342/342/342 340/340/340
f 340/340/340 341/341/341 343/343/343
f 345/345/345 344/344/344 342/342/342
f 342/342/342 343/343/343 345/345/345
f 347/347/347 346/346/346 344/344/344
f 344/344/344 345/345/345 347/347/347
f 349/349/349 348/348/348 346/346/346
f 346/346/346 347/347/347 349/349/349
f 351/351/351 350/350/350 348/348/348
f 348/348/348 349/349/349 351/351/351
f 353/353/353 352/352/352 350/350/350
f 350/350/350 351/351/351 353/353/353
f 355/355/355 354/354/354 352/352/352
f 352/352/352 353/353/353 355/355/355
f 357/357/357 356/356/356 354/354/354
f 354/354/354 355/355/355 357/357/357
f 359/359/359 358/358/358 356/356/356
f 356/356/356 357/357/357 359/359/359
f 361/361/361 360/360/360 358/358/358
f 358/358/358 359/359/359 361/361/361
f 363/363/363 362/362/362 360/360/360
f 360/360/360 361/361/361 363/363/363
f 365/365/365 364/364/364 362/362/362
f 362/362/362 363/363/363 365/365/365
f 367/367/367 366/366/366 364/364/364
f 364/364/364 365/365/365 367/367/367
f 369/369/369 368/368/368 366/366/366
f 366/366/366 367/367/367 369/369/369
f 371/371/371 370/370/370 368/368/368
f 368/368/368 369/369/369 371/371/371
f 373/373/373 372/372/372 370/370/370
f 370/370/370 371/371/371 373/373/373
f 375/375/375 374/374/374 372/372/372
f 372/372/372 373/373/373 375/375/375
f 377/377/377 376/376/376 374/374/374
f 374/374/374 375/375/375 377/377/377
f 379/379/379 378/378/378 376/376/376
f 376/376/376 377/377/377 379/379/379
f 381/381/381 380/380/380 378/378/378
f 378/378/378 379/379/379 381/381/381
f 383/383/383 382/382/382 380/380/380
f 380/380/380 381/381/381 383/383/383
f 385/385/385 384/384/384 382/382/382
f 382/382/382 383/383/383 385/385/385
f 387/387/387 386/386/386 384/384/384
f 384/384/384 385/385/385 387/387/387
f 389/389/389 388/388/388 386/386/386
f 386/386/386 387/387/387 389/389/389
f 326/326/326 325/325/325 388/388/388
f 388/388/388 389/389/389 326/326/326
f 391/391/391 390/390/390 180/180/180
f 180/180/180 183/183/183 391/391/391
f 395/395/395 392/392/392 393/393/393
f 393/393/393 394/394/394 395/395/395
f 397/397/397 396/396/396 172/172/172
f 172/172/172 175/175/175 397/397/397
f 399/399/399 398/398/398 390/390/390
f 390/390/390 391/391/391 399/399/399
f 401/401/401 400/400/400 244/244/244
f 244/244/244 245/245/245 401/401/401
f 403/403/403 402/402/402 396/396/396
f 396/396/396 397/397/397 403/403/403
f 405/405/405 404/404/404 246/246/246
f 246/246/246 249/249/249 405/405/405
f 407/407/407 406/406/406 402/402/402
f 402/402/402 403/403/403 407/407/407
f 253/253/253 252/252/252 408/408/408
f 408/408/408 409/409/409 253/253/253
f 411/411/411 410/410/410 406/406/406
f 406/406/406 407/407/407 411/411/411
f 394/394/394 393/393/393 412/412/412
f 412/412/412 413/413/413 394/394/394
f 417/417/417 414/414/414 415/415/415
f 415/415/415 416/416/416 417/417/417
f 419/419/419 418/418/418 400/400/400
f 400/400/400 401/401/401 419/419/419
f 421/421/421 420/420/420 414/414/414
f 414/414/414 417/417/417 421/421/421
f 423/423/423 422/422/422 404/404/404
f 404/404/404 405/405/405 423/423/423
f 424/424/424 322/322/322 420/420/420
f 420/420/420 421/421/421 424/424/424
f 225/225/225 224/224/224 392/392/392
f 392/392/392 395/395/395 225/225/225
f 425/425/425 323/323/323 322/322/322
f 322/322/322 424/424/424 425/425/425
f 413/413/413 412/412/412 426/426/426
f 426/426/426 427/427/427 413/413/413
f 429/429/429 428/428/428 323/323/323
f 323/323/323 425/425/425 429/429/429
f 431/431/431 430/430/430 418/418/418
f 418/418/418 419/419/419 431/431/431
f 432/432/432 55/55/55 428/428/428
f 428/428/428 429/429/429 432/432/432
f 434/434/434 433/433/433 422/422/422
f 422/422/422 423/423/423 434/434/434
f 435/435/435 56/56/56 55/55/55
f 55/55/55 432/432/432 435/435/435
f 409/409/409 408/408/408 436/436/436
f 436/436/436 437/437/437 409/409/409
f 439/439/439 438/438/438 56/56/56
f 56/56/56 435/435/435 439/439/439
f 443/443/443 440/440/440 441/441/441
f 441/441/441 442/442/442 443/443/443
f 447/447/447 444/444/444 445/445/445
f 445/445/445 446/446/446 447/447/447
f 449/449/449 448/448/448 430/430/430
f 430/430/430 431/431/431 449/449/449
f 451/451/451 450/450/450 444/444/444
f 444/444/444 447/447/447 451/451/451
f 453/453/453 452/452/452 433/433/433
f 433/433/433 434/434/434 453/453/453
f 251/251/251 250/250/250 450/450/450
f 450/450/450 451/451/451 251/251/251
f 457/457/457 454/454/454 455/455/455
f 455/455/455 456/456/456 457/457/457
f 459/459/459 458/458/458 454/454/454
f 454/454/454 457/457/457 459/459/459
f 461/461/461 460/460/460 458/458/458
f 458/458/458 459/459/459 461/461/461
f 463/463/463 462/462/462 460/460/460
f 460/460/460 461/461/461 463/463/463
f 465/465/465 464/464/464 462/462/462
f 462/462/462 463/463/463 465/465/465
f 467/467/467 466/466/466 464/464/464
f 464/464/464 465/465/465 467/467/467
f 471/471/471 468/468/468 469/469/469
f 469/469/469 470/470/470 471/471/471
f 473/473/473 472/472/472 466/466/466
f 466/466/466 467/467/467 473/473/473
f 412/412/412 328/328/328 330/330/330
f 330/330/330 426/426/426 412/412/412
f 475/475/475 474/474/474 472/472/472
f 472/472/472 473/473/473 475/475/475
f 477/477/477 476/476/476 468/468/468
f 468/468/468 471/471/471 477/477/477
f 230/230/230 229/229/229 474/474/474
f 474/474/474 475/475/475 230/230/230
f 479/479/479 478/478/478 476/476/476
f 476/476/476 477/477/477 479/479/479
f 437/437/437 436/436/436 480/480/480
f 480/480/480 481/481/481 437/437/437
f 442/442/442 441/441/441 478/478/478
f 478/478/478 479/479/479 442/442/442
f 483/483/483 482/482/482 228/228/228
f 228/228/228 231/231/231 483/483/483
f 485/485/485 484/484/484 440/440/440
f 440/440/440 443/443/443 485/485/485
f 456/456/456 455/455/455 486/486/486
f 486/486/486 487/487/487 456/456/456
f 487/487/487 486/486/486 488/488/488
f 488/488/488 489/489/489 487/487/487
f 489/489/489 488/488/488 490/490/490
f 490/490/490 491/491/491 489/489/489
f 491/491/491 490/490/490 492/492/492
f 492/492/492 493/493/493 491/491/491
f 493/493/493 492/492/492 494/494/494
f 494/494/494 495/495/495 493/493/493
f 495/495/495 494/494/494 496/496/496
f 496/496/496 497/497/497 495/495/495
f 497/497/497 496/496/496 498/498/498
f 498/498/498 499/499/499 497/497/497
f 499/499/499 498/498/498 500/500/500
f 500/500/500 501/501/501 499/499/499
f 501/501/501 500/500/500 502/502/502
f 502/502/502 503/503/503 501/501/501
f 503/503/503 502/502/502 504/504/504
f 504/504/504 505/505/505 503/503/503
f 505/505/505 504/504/504 506/506/506
f 506/506/506 507/507/507 505/505/505
f 507/507/507 506/506/506 508/508/508
f 508/508/508 509/509/509 507/507/507
f 509/509/509 508/508/508 510/510/510
f 510/510/510 511/511/511 509/509/509
f 511/511/511 510/510/510 484/484/484
f 484/484/484 485/485/485 511/511/511
f 481/481/481 480/480/480 512/512/512
f 512/512/512 513/513/513 481/481/481
f 515/515/515 514/514/514 200/200/200
f 200/200/200 203/203/203 515/515/515
f 519/519/519 516/516/516 517/517/517
f 517/517/517 518/518/518 519/519/519
f 178/178/178 177/177/177 516/516/516
f 516/516/516 519/519/519 178/178/178
f 523/523/523 520/520/520 521/521/521
f 521/521/521 522/522/522 523/523/523
f 527/527/527 524/524/524 525/525/525
f 525/525/525 526/526/526 527/527/527
f 518/518/518 517/517/517 528/528/528
f 528/528/528 529/529/529 518/518/518
f 522/522/522 521/521/521 524/524/524
f 524/524/524 527/527/527 522/522/522
f 533/533/533 530/530/530 531/531/531
f 531/531/531 532/532/532 533/533/533
f 529/529/529 528/528/528 530/530/530
f 530/530/530 533/533/533 529/529/529
f 537/537/537 534/534/534 535/535/535
f 535/535/535 536/536/536 537/537/537
f 539/539/539 538/538/538 520/520/520
f 520/520/520 523/523/523 539/539/539
f 532/532/532 531/531/531 540/540/540
f 540/540/540 541/541/541 532/532/532
f 536/536/536 535/535/535 538/538/538
f 538/538/538 539/539/539 536/536/536
f 545/545/545 542/542/542 543/543/543
f 543/543/543 544/544/544 545/545/545
f 541/541/541 540/540/540 542/542/542
f 542/542/542 545/545/545 541/541/541
f 549/549/549 546/546/546 547/547/547
f 547/547/547 548/548/548 549/549/549
f 551/551/551 550/550/550 534/534/534
f 534/534/534 537/537/537 551/551/551
f 544/544/544 543/543/543 552/552/552
f 552/552/552 553/553/553 544/544/544
f 548/548/548 547/547/547 550/550/550
f 550/550/550 551/551/551 548/548/548
f 557/557/557 554/554/554 555/555/555
f 555/555/555 556/556/556 557/557/557
f 553/553/553 552/552/552 554/554/554
f 554/554/554 557/557/557 553/553/553
f 561/561/561 558/558/558 559/559/559
f 559/559/559 560/560/560 561/561/561
f 563/563/563 562/562/562 546/546/546
f 546/546/546 549/549/549 563/563/563
f 556/556/556 555/555/555 564/564/564
f 564/564/564 565/565/565 556/556/556
f 560/560/560 559/559/559 562/562/562
f 562/562/562 563/563/563 560/560/560
f 565/565/565 564/564/564 566/566/566
f 566/566/566 567/567/567 565/565/565
f 567/567/567 566/566/566 568/568/568
f 568/568/568 569/569/569 567/567/567
f 513/513/513 512/512/512 558/558/558
f 558/558/558 561/561/561 513/513/513
f 569/569/569 568/568/568 452/452/452
f 452/452/452 453/453/453 569/569/569
f 571/571/571 570/570/570 448/448/448
f 448/448/448 449/449/449 571/571/571
f 526/526/526 525/525/525 186/186/186
f 186/186/186 189/189/189 526/526/526
f 575/575/575 572/572/572 573/573/573
f 573/573/573 574/574/574 575/575/575
f 577/577/577 576/576/576 572/572/572
f 572/572/572 575/575/575 577/577/577
f 579/579/579 578/578/578 576/576/576
f 576/576/576 577/577/577 579/579/579
f 581/581/581 580/580/580 578/578/578
f 578/578/578 579/579/579 581/581/581
f 583/583/583 582/582/582 580/580/580
f 580/580/580 581/581/581 583/583/583
f 585/585/585 584/584/584 582/582/582
f 582/582/582 583/583/583 585/585/585
f 587/587/587 586/586/586 584/584/584
f 584/584/584 585/585/585 587/587/587
f 589/589/589 588/588/588 586/586/586
f 586/586/586 587/587/587 589/589/589
f 591/591/591 590/590/590 588/588/588
f 588/588/588 589/589/589 591/591/591
f 593/593/593 592/592/592 590/590/590
f 590/590/590 591/591/591 593/593/593
f 595/595/595 594/594/594 592/592/592
f 592/592/592 593/593/593 595/595/595
f 597/597/597 596/596/596 594/594/594
f 594/594/594 595/595/595 597/597/597
f 599/599/599 598/598/598 596/596/596
f 596/596/596 597/597/597 599/599/599
f 601/601/601 600/600/600 598/598/598
f 598/598/598 599/599/599 601/601/601
f 603/603/603 602/602/602 600/600/600
f 600/600/600 601/601/601 603/603/603
f 605/605/605 604/604/604 602/602/602
f 602/602/602 603/603/603 605/605/605
f 574/574/574 573/573/573 606/606/606
f 606/606/606 607/607/607 574/574/574
f 611/611/611 608/608/608 609/609/609
f 609/609/609 610/610/610 611/611/611
f 607/607/607 606/606/606 612/612/612
f 612/612/612 613/613/613 607/607/607
f 610/610/610 609/609/609 614/614/614
f 614/614/614 615/615/615 610/610/610
f 613/613/613 612/612/612 616/616/616
f 616/616/616 617/617/617 613/613/613
f 615/615/615 614/614/614 618/618/618
f 618/618/618 619/619/619 615/615/615
f 617/617/617 616/616/616 620/620/620
f 620/620/620 621/621/621 617/617/617
f 619/619/619 618/618/618 622/622/622
f 622/622/622 623/623/623 619/619/619
f 621/621/621 620/620/620 624/624/624
f 624/624/624 625/625/625 621/621/621
f 623/623/623 622/622/622 626/626/626
f 626/626/626 627/627/627 623/623/623
f 625/625/625 624/624/624 628/628/628
f 628/628/628 629/629/629 625/625/625
f 627/627/627 626/626/626 630/630/630
f 630/630/630 631/631/631 627/627/627
f 631/631/631 630/630/630 632/632/632
f 632/632/632 633/633/633 631/631/631
f 633/633/633 632/632/632 634/634/634
f 634/634/634 635/635/635 633/633/633
f 635/635/635 634/634/634 636/636/636
f 636/636/636 637/637/637 635/635/635
f 637/637/637 636/636/636 604/604/604
f 604/604/604 605/605/605 637/637/637
f 641/641/641 638/638/638 639/639/639
f 639/639/639 640/640/640 641/641/641
f 643/643/643 642/642/642 638/638/638
f 638/638/638 641/641/641 643/643/643
f 645/645/645 644/644/644 642/642/642
f 642/642/642 643/643/643 645/645/645
f 647/647/647 646/646/646 644/644/644
f 644/644/644 645/645/645 647/647/647
f 649/649/649 648/648/648 646/646/646
f 646/646/646 647/647/647 649/649/649
f 653/653/653 650/650/650 651/651/651
f 651/651/651 652/652/652 653/653/653
f 655/655/655 654/654/654 648/648/648
f 648/648/648 649/649/649 655/655/655
f 657/657/657 656/656/656 650/650/650
f 650/650/650 653/653/653 657/657/657
f 659/659/659 658/658/658 654/654/654
f 654/654/654 655/655/655 659/659/659
f 661/661/661 660/660/660 656/656/656
f 656/656/656 657/657/657 661/661/661
f 663/663/663 662/662/662 658/658/658
f 658/658/658 659/659/659 663/663/663
f 665/665/665 664/664/664 660/660/660
f 660/660/660 661/661/661 665/665/665
f 667/667/667 666/666/666 662/662/662
f 662/662/662 663/663/663 667/667/667
f 669/669/669 668/668/668 664/664/664
f 664/664/664 665/665/665 669/669/669
f 671/671/671 670/670/670 666/666/666
f 666/666/666 667/667/667 671/671/671
f 673/673/673 672/672/672 668/668/668
f 668/668/668 669/669/669 673/673/673
f 640/640/640 639/639/639 674/674/674
f 674/674/674 675/675/675 640/640/640
f 675/675/675 674/674/674 676/676/676
f 676/676/676 677/677/677 675/675/675
f 677/677/677 676/676/676 678/678/678
f 678/678/678 679/679/679 677/677/677
f 679/679/679 678/678/678 680/680/680
f 680/680/680 681/681/681 679/679/679
f 681/681/681 680/680/680 682/682/682
f 682/682/682 683/683/683 681/681/681
f 683/683/683 682/682/682 684/684/684
f 684/684/684 685/685/685 683/683/683
f 685/685/685 684/684/684 686/686/686
f 686/686/686 687/687/687 685/685/685
f 687/687/687 686/686/686 688/688/688
f 688/688/688 689/689/689 687/687/687
f 689/689/689 688/688/688 690/690/690
f 690/690/690 691/691/691 689/689/689
f 691/691/691 690/690/690 692/692/692
f 692/692/692 693/693/693 691/691/691
f 693/693/693 692/692/692 694/694/694
f 694/694/694 695/695/695 693/693/693
f 695/695/695 694/694/694 696/696/696
f 696/696/696 697/697/697 695/695/695
f 697/697/697 696/696/696 698/698/698
f 698/698/698 699/699/699 697/697/697
f 699/699/699 698/698/698 700/700/700
f 700/700/700 701/701/701 699/699/699
f 701/701/701 700/700/700 702/702/702
f 702/702/702 703/703/703 701/701/701
f 703/703/703 702/702/702 672/672/672
f 672/672/672 673/673/673 703/703/703
f 707/707/707 704/704/704 705/705/705
f 705/705/705 706/706/706 707/707/707
f 709/709/709 708/708/708 704/704/704
f 704/704/704 707/707/707 709/709/709
f 711/711/711 710/710/710 708/708/708
f 708/708/708 709/709/709 711/711/711
f 713/713/713 712/712/712 710/710/710
f 710/710/710 711/711/711 713/713/713
f 715/715/715 714/714/714 712/712/712
f 712/712/712 713/713/713 715/715/715
f 717/717/717 716/716/716 714/714/714
f 714/714/714 715/715/715 717/717/717
f 719/719/719 718/718/718 716/716/716
f 716/716/716 717/717/717 719/719/719
f 721/721/721 720/720/720 718/718/718
f 718/718/718 719/719/719 721/721/721
f 723/723/723 722/722/722 720/720/720
f 720/720/720 721/721/721 723/723/723
f 725/725/725 724/724/724 722/722/722
f 722/722/722 723/723/723 725/725/725
f 727/727/727 726/726/726 724/724/724
f 724/724/724 725/725/725 727/727/727
f 729/729/729 728/728/728 726/726/726
f 726/726/726 727/727/727 729/729/729
f 731/731/731 730/730/730 728/728/728
f 728/728/728 729/729/729 731/731/731
f 733/733/733 732/732/732 730/730/730
f 730/730/730 731/731/731 733/733/733
f 735/735/735 734/734/734 732/732/732
f 732/732/732 733/733/733 735/735/735
f 737/737/737 736/736/736 734/734/734
f 734/734/734 735/735/735 737/737/737
f 706/706/706 705/705/705 738/738/738
f 738/738/738 739/739/739 706/706/706
f 743/743/743 740/740/740 741/741/741
f 741/741/741 742/742/742 743/743/743
f 739/739/739 738/738/738 744/744/744
f 744/744/744 745/745/745 739/739/739
f 742/742/742 741/741/741 746/746/746
f 746/746/746 747/747/747 742/742/742
f 745/745/745 744/744/744 748/748/748
f 748/748/748 749/749/749 745/745/745
f 747/747/747 746/746/746 750/750/750
f 750/750/750 751/751/751 747/747/747
f 749/749/749 748/748/748 752/752/752
f 752/752/752 753/753/753 749/749/749
f 751/751/751 750/750/750 754/754/754
f 754/754/754 755/755/755 751/751/751
f 753/753/753 752/752/752 756/756/756
f 756/756/756 757/757/757 753/753/753
f 755/755/755 754/754/754 758/758/758
f 758/758/758 759/759/759 755/755/755
f 757/757/757 756/756/756 760/760/760
f 760/760/760 761/761/761 757/757/757
f 759/759/759 758/758/758 762/762/762
f 762/762/762 763/763/763 759/759/759
f 763/763/763 762/762/762 764/764/764
f 764/764/764 765/765/765 763/763/763
f 765/765/765 764/764/764 766/766/766
f 766/766/766 767/767/767 765/765/765
f 767/767/767 766/766/766 768/768/768
f 768/768/768 769/769/769 767/767/767
f 769/769/769 768/768/768 736/736/736
f 736/736/736 737/737/737 769/769/769
f 420/420/420 770/770/770 771/771/771
f 771/771/771 414/414/414 420/420/420
f 414/414/414 771/771/771 772/772/772
f 772/772/772 415/415/415 414/414/414
f 415/415/415 772/772/772 773/773/773
f 773/773/773 774/774/774 415/415/415
f 774/774/774 773/773/773 775/775/775
f 775/775/775 776/776/776 774/774/774
f 780/780/780 777/777/777 778/778/778
f 778/778/778 779/779/779 780/780/780
f 161/161/161 160/160/160 162/162/162
f 162/162/162 165/165/165 161/161/161
f 40/40/40 39/39/39 781/781/781
f 781/781/781 782/782/782 40/40/40
f 784/784/784 783/783/783 290/290/290
f 290/290/290 293/293/293 784/784/784
f 278/278/278 277/277/277 308/308/308
f 308/308/308 311/311/311 278/278/278
f 33/33/33 32/32/32 783/783/783
f 783/783/783 784/784/784 33/33/33
f 310/310/310 309/309/309 298/298/298
f 298/298/298 301/301/301 310/310/310
f 788/788/788 785/785/785 786/786/786
f 786/786/786 787/787/787 788/788/788
f 776/776/776 775/775/775 276/276/276
f 276/276/276 279/279/279 776/776/776
f 292/292/292 291/291/291 789/789/789
f 789/789/789 790/790/790 292/292/292
f 792/792/792 791/791/791 31/31/31
f 31/31/31 34/34/34 792/792/792
f 29/29/29 28/28/28 61/61/61
f 61/61/61 64/64/64 29/29/29
f 794/794/794 793/793/793 73/73/73
f 73/73/73 76/76/76 794/794/794
f 322/322/322 321/321/321 770/770/770
f 770/770/770 420/420/420 322/322/322
f 4/4/4 3/3/3 795/795/795
f 795/795/795 796/796/796 4/4/4
f 55/55/55 54/54/54 797/797/797
f 797/797/797 428/428/428 55/55/55
f 428/428/428 797/797/797 320/320/320
f 320/320/320 323/323/323 428/428/428
f 438/438/438 798/798/798 53/53/53
f 53/53/53 56/56/56 438/438/438
f 800/800/800 799/799/799 798/798/798
f 798/798/798 438/438/438 800/800/800
f 802/802/802 801/801/801 254/254/254
f 254/254/254 257/257/257 802/802/802
f 272/272/272 271/271/271 799/799/799
f 799/799/799 800/800/800 272/272/272
f 256/256/256 255/255/255 270/270/270
f 270/270/270 273/273/273 256/256/256
f 796/796/796 795/795/795 803/803/803
f 803/803/803 804/804/804 796/796/796
f 806/806/806 805/805/805 35/35/35
f 35/35/35 38/38/38 806/806/806
f 808/808/808 807/807/807 801/801/801
f 801/801/801 802/802/802 808/808/808
f 810/810/810 809/809/809 807/807/807
f 807/807/807 808/808/808 810/810/810
f 812/812/812 811/811/811 809/809/809
f 809/809/809 810/810/810 812/812/812
f 790/790/790 789/789/789 811/811/811
f 811/811/811 812/812/812 790/790/790
f 814/814/814 448/448/448 570/570/570
f 570/570/570 813/813/813 814/814/814
f 816/816/816 814/814/814 813/813/813
f 813/813/813 815/815/815 816/816/816
f 483/483/483 816/816/816 815/815/815
f 815/815/815 817/817/817 483/483/483
f 818/818/818 430/430/430 448/448/448
f 448/448/448 814/814/814 818/818/818
f 819/819/819 818/818/818 814/814/814
f 814/814/814 816/816/816 819/819/819
f 231/231/231 819/819/819 816/816/816
f 816/816/816 483/483/483 231/231/231
f 820/820/820 418/418/418 430/430/430
f 430/430/430 818/818/818 820/820/820
f 821/821/821 820/820/820 818/818/818
f 818/818/818 819/819/819 821/821/821
f 230/230/230 821/821/821 819/819/819
f 819/819/819 231/231/231 230/230/230
f 822/822/822 400/400/400 418/418/418
f 418/418/418 820/820/820 822/822/822
f 823/823/823 822/822/822 820/820/820
f 820/820/820 821/821/821 823/823/823
f 475/475/475 823/823/823 821/821/821
f 821/821/821 230/230/230 475/475/475
f 824/824/824 244/244/244 400/400/400
f 400/400/400 822/822/822 824/824/824
f 825/825/825 824/824/824 822/822/822
f 822/822/822 823/823/823 825/825/825
f 473/473/473 825/825/825 823/823/823
f 823/823/823 475/475/475 473/473/473
f 826/826/826 232/232/232 244/244/244
f 244/244/244 824/824/824 826/826/826
f 827/827/827 826/826/826 824/824/824
f 824/824/824 825/825/825 827/827/827
f 467/467/467 827/827/827 825/825/825
f 825/825/825 473/473/473 467/467/467
f 828/828/828 222/222/222 232/232/232
f 232/232/232 826/826/826 828/828/828
f 829/829/829 828/828/828 826/826/826
f 826/826/826 827/827/827 829/829/829
f 465/465/465 829/829/829 827/827/827
f 827/827/827 467/467/467 465/465/465
f 830/830/830 214/214/214 222/222/222
f 222/222/222 828/828/828 830/830/830
f 831/831/831 830/830/830 828/828/828
f 828/828/828 829/829/829 831/831/831
f 463/463/463 831/831/831 829/829/829
f 829/829/829 465/465/465 463/463/463
f 832/832/832 206/206/206 214/214/214
f 214/214/214 830/830/830 832/832/832
f 833/833/833 832/832/832 830/830/830
f 830/830/830 831/831/831 833/833/833
f 461/461/461 833/833/833 831/831/831
f 831/831/831 463/463/463 461/461/461
f 834/834/834 194/194/194 206/206/206
f 206/206/206 832/832/832 834/834/834
f 835/835/835 834/834/834 832/832/832
f 832/832/832 833/833/833 835/835/835
f 459/459/459 835/835/835 833/833/833
f 833/833/833 461/461/461 459/459/459
f 836/836/836 176/176/176 194/194/194
f 194/194/194 834/834/834 836/836/836
f 837/837/837 836/836/836 834/834/834
f 834/834/834 835/835/835 837/837/837
f 457/457/457 837/837/837 835/835/835
f 835/835/835 459/459/459 457/457/457
f 838/838/838 177/177/177 176/176/176
f 176/176/176 836/836/836 838/838/838
f 839/839/839 838/838/838 836/836/836
f 836/836/836 837/837/837 839/839/839
f 456/456/456 839/839/839 837/837/837
f 837/837/837 457/457/457 456/456/456
f 840/840/840 516/516/516 177/177/177
f 177/177/177 838/838/838 840/840/840
f 841/841/841 840/840/840 838/838/838
f 838/838/838 839/839/839 841/841/841
f 487/487/487 841/841/841 839/839/839
f 839/839/839 456/456/456 487/487/487
f 842/842/842 517/517/517 516/516/516
f 516/516/516 840/840/840 842/842/842
f 843/843/843 842/842/842 840/840/840
f 840/840/840 841/841/841 843/843/843
f 489/489/489 843/843/843 841/841/841
f 841/841/841 487/487/487 489/489/489
f 844/844/844 528/528/528 517/517/517
f 517/517/517 842/842/842 844/844/844
f 845/845/845 844/844/844 842/842/842
f 842/842/842 843/843/843 845/845/845
f 491/491/491 845/845/845 843/843/843
f 843/843/843 489/489/489 491/491/491
f 846/846/846 530/530/530 528/528/528
f 528/528/528 844/844/844 846/846/846
f 847/847/847 846/846/846 844/844/844
f 844/844/844 845/845/845 847/847/847
f 493/493/493 847/847/847 845/845/845
f 845/845/845 491/491/491 493/493/493
f 848/848/848 531/531/531 530/530/530
f 530/530/530 846/846/846 848/848/848
f 849/849/849 848/848/848 846/846/846
f 846/846/846 847/847/847 849/849/849
f 495/495/495 849/849/849 847/847/847
f 847/847/847 493/493/493 495/495/495
f 850/850/850 540/540/540 531/531/531
f 531/531/531 848/848/848 850/850/850
f 851/851/851 850/850/850 848/848/848
f 848/848/848 849/849/849 851/851/851
f 497/497/497 851/851/851 849/849/849
f 849/849/849 495/495/495 497/497/497
f 852/852/852 542/542/542 540/540/540
f 540/540/540 850/850/850 852/852/852
f 853/853/853 852/852/852 850/850/850
f 850/850/850 851/851/851 853/853/853
f 499/499/499 853/853/853 851/851/851
f 851/851/851 497/497/497 499/499/499
f 854/854/854 543/543/543 542/542/542
f 542/542/542 852/852/852 854/854/854
f 855/855/855 854/854/854 852/852/852
f 852/852/852 853/853/853 855/855/855
f 501/501/501 855/855/855 853/853/853
f 853/853/853 499/499/499 501/501/501
f 856/856/856 552/552/552 543/543/543
f 543/543/543 854/854/854 856/856/856
f 857/857/857 856/856/856 854/854/854
f 854/854/854 855/855/855 857/857/857
f 503/503/503 857/857/857 855/855/855
f 855/855/855 501/501/501 503/503/503
f 858/858/858 554/554/554 552/552/552
f 552/552/552 856/856/856 858/858/858
f 859/859/859 858/858/858 856/856/856
f 856/856/856 857/857/857 859/859/859
f 505/505/505 859/859/859 857/857/857
f 857/857/857 503/503/503 505/505/505
f 860/860/860 555/555/555 554/554/554
f 554/554/554 858/858/858 860/860/860
f 861/861/861 860/860/860 858/858/858
f 858/858/858 859/859/859 861/861/861
f 507/507/507 861/861/861 859/859/859
f 859/859/859 505/505/505 507/507/507
f 862/862/862 564/564/564 555/555/555
f 555/555/555 860/860/860 862/862/862
f 863/863/863 862/862/862 860/860/860
f 860/860/860 861/861/861 863/863/863
f 509/509/509 863/863/863 861/861/861
f 861/861/861 507/507/507 509/509/509
f 864/864/864 566/566/566 564/564/564
f 564/564/564 862/862/862 864/864/864
f 865/865/865 864/864/864 862/862/862
f 862/862/862 863/863/863 865/865/865
f 511/511/511 865/865/865 863/863/863
f 863/863/863 509/509/509 511/511/511
f 866/866/866 568/568/568 566/566/566
f 566/566/566 864/864/864 866/866/866
f 867/867/867 866/866/866 864/864/864
f 864/864/864 865/865/865 867/867/867
f 485/485/485 867/867/867 865/865/865
f 865/865/865 511/511/511 485/485/485
f 868/868/868 452/452/452 568/568/568
f 568/568/568 866/866/866 868/868/868
f 869/869/869 868/868/868 866/866/866
f 866/866/866 867/867/867 869/869/869
f 443/443/443 869/869/869 867/867/867
f 867/867/867 485/485/485 443/443/443
f 870/870/870 433/433/433 452/452/452
f 452/452/452 868/868/868 870/870/870
f 871/871/871 870/870/870 868/868/868
f 868/868/868 869/869/869 871/871/871
f 442/442/442 871/871/871 869/869/869
f 869/869/869 443/443/443 442/442/442
f 872/872/872 422/422/422 433/433/433
f 433/433/433 870/870/870 872/872/872
f 873/873/873 872/872/872 870/870/870
f 870/870/870 871/871/871 873/873/873
f 479/479/479 873/873/873 871/871/871
f 871/871/871 442/442/442 479/479/479
f 874/874/874 404/404/404 422/422/422
f 422/422/422 872/872/872 874/874/874
f 875/875/875 874/874/874 872/872/872
f 872/872/872 873/873/873 875/875/875
f 477/477/477 875/875/875 873/873/873
f 873/873/873 479/479/479 477/477/477
f 876/876/876 246/246/246 404/404/404
f 404/404/404 874/874/874 876/876/876
f 877/877/877 876/876/876 874/874/874
f 874/874/874 875/875/875 877/877/877
f 471/471/471 877/877/877 875/875/875
f 875/875/875 477/477/477 471/471/471
f 878/878/878 247/247/247 246/246/246
f 246/246/246 876/876/876 878/878/878
f 879/879/879 878/878/878 876/876/876
f 876/876/876 877/877/877 879/879/879
f 470/470/470 879/879/879 877/877/877
f 877/877/877 471/471/471 470/470/470
f 817/817/817 880/880/880 482/482/482
f 482/482/482 483/483/483 817/817/817
f 436/436/436 342/342/342 344/344/344
f 344/344/344 480/480/480 436/436/436
f 480/480/480 344/344/344 346/346/346
f 346/346/346 512/512/512 480/480/480
f 512/512/512 346/346/346 348/348/348
f 348/348/348 558/558/558 512/512/512
f 558/558/558 348/348/348 350/350/350
f 350/350/350 559/559/559 558/558/558
f 559/559/559 350/350/350 352/352/352
f 352/352/352 562/562/562 559/559/559
f 562/562/562 352/352/352 354/354/354
f 354/354/354 546/546/546 562/562/562
f 546/546/546 354/354/354 356/356/356
f 356/356/356 547/547/547 546/546/546
f 547/547/547 356/356/356 358/358/358
f 358/358/358 550/550/550 547/547/547
f 550/550/550 358/358/358 360/360/360
f 360/360/360 534/534/534 550/550/550
f 534/534/534 360/360/360 362/362/362
f 362/362/362 535/535/535 534/534/534
f 535/535/535 362/362/362 364/364/364
f 364/364/364 538/538/538 535/535/535
f 538/538/538 364/364/364 366/366/366
f 366/366/366 520/520/520 538/538/538
f 520/520/520 366/366/366 368/368/368
f 368/368/368 521/521/521 520/520/520
f 521/521/521 368/368/368 370/370/370
f 370/370/370 524/524/524 521/521/521
f 524/524/524 370/370/370 372/372/372
f 372/372/372 525/525/525 524/524/524
f 408/408/408 340/340/340 342/342/342
f 342/342/342 436/436/436 408/408/408
f 393/393/393 324/324/324 328/328/328
f 328/328/328 412/412/412 393/393/393
f 252/252/252 338/338/338 340/340/340
f 340/340/340 408/408/408 252/252/252
f 392/392/392 325/325/325 324/324/324
f 324/324/324 393/393/393 392/392/392
f 237/237/237 336/336/336 338/338/338
f 338/338/338 252/252/252 237/237/237
f 224/224/224 388/388/388 325/325/325
f 325/325/325 392/392/392 224/224/224
f 236/236/236 332/332/332 336/336/336
f 336/336/336 237/237/237 236/236/236
f 216/216/216 386/386/386 388/388/388
f 388/388/388 224/224/224 216/216/216
f 240/240/240 333/333/333 332/332/332
f 332/332/332 236/236/236 240/240/240
f 210/210/210 384/384/384 386/386/386
f 386/386/386 216/216/216 210/210/210
f 201/201/201 382/382/382 384/384/384
f 384/384/384 210/210/210 201/201/201
f 200/200/200 380/380/380 382/382/382
f 382/382/382 201/201/201 200/200/200
f 514/514/514 378/378/378 380/380/380
f 380/380/380 200/200/200 514/514/514
f 187/187/187 376/376/376 378/378/378
f 378/378/378 514/514/514 187/187/187
f 186/186/186 374/374/374 376/376/376
f 376/376/376 187/187/187 186/186/186
f 525/525/525 372/372/372 374/374/374
f 374/374/374 186/186/186 525/525/525
f 882/882/882 413/413/413 427/427/427
f 427/427/427 881/881/881 882/882/882
f 449/449/449 883/883/883 884/884/884
f 884/884/884 571/571/571 449/449/449
f 885/885/885 394/394/394 413/413/413
f 413/413/413 882/882/882 885/885/885
f 431/431/431 886/886/886 883/883/883
f 883/883/883 449/449/449 431/431/431
f 887/887/887 395/395/395 394/394/394
f 394/394/394 885/885/885 887/887/887
f 419/419/419 888/888/888 886/886/886
f 886/886/886 431/431/431 419/419/419
f 889/889/889 225/225/225 395/395/395
f 395/395/395 887/887/887 889/889/889
f 401/401/401 890/890/890 888/888/888
f 888/888/888 419/419/419 401/401/401
f 891/891/891 217/217/217 225/225/225
f 225/225/225 889/889/889 891/891/891
f 245/245/245 892/892/892 890/890/890
f 890/890/890 401/401/401 245/245/245
f 893/893/893 211/211/211 217/217/217
f 217/217/217 891/891/891 893/893/893
f 233/233/233 894/894/894 892/892/892
f 892/892/892 245/245/245 233/233/233
f 895/895/895 202/202/202 211/211/211
f 211/211/211 893/893/893 895/895/895
f 223/223/223 896/896/896 894/894/894
f 894/894/894 233/233/233 223/223/223
f 897/897/897 203/203/203 202/202/202
f 202/202/202 895/895/895 897/897/897
f 215/215/215 898/898/898 896/896/896
f 896/896/896 223/223/223 215/215/215
f 899/899/899 515/515/515 203/203/203
f 203/203/203 897/897/897 899/899/899
f 207/207/207 900/900/900 898/898/898
f 898/898/898 215/215/215 207/207/207
f 901/901/901 188/188/188 515/515/515
f 515/515/515 899/899/899 901/901/901
f 195/195/195 902/902/902 900/900/900
f 900/900/900 207/207/207 195/195/195
f 903/903/903 189/189/189 188/188/188
f 188/188/188 901/901/901 903/903/903
f 179/179/179 904/904/904 902/902/902
f 902/902/902 195/195/195 179/179/179
f 905/905/905 526/526/526 189/189/189
f 189/189/189 903/903/903 905/905/905
f 178/178/178 906/906/906 904/904/904
f 904/904/904 179/179/179 178/178/178
f 907/907/907 527/527/527 526/526/526
f 526/526/526 905/905/905 907/907/907
f 519/519/519 908/908/908 906/906/906
f 906/906/906 178/178/178 519/519/519
f 909/909/909 522/522/522 527/527/527
f 527/527/527 907/907/907 909/909/909
f 518/518/518 910/910/910 908/908/908
f 908/908/908 519/519/519 518/518/518
f 911/911/911 523/523/523 522/522/522
f 522/522/522 909/909/909 911/911/911
f 529/529/529 912/912/912 910/910/910
f 910/910/910 518/518/518 529/529/529
f 913/913/913 539/539/539 523/523/523
f 523/523/523 911/911/911 913/913/913
f 533/533/533 914/914/914 912/912/912
f 912/912/912 529/529/529 533/533/533
f 915/915/915 536/536/536 539/539/539
f 539/539/539 913/913/913 915/915/915
f 532/532/532 916/916/916 914/914/914
f 914/914/914 533/533/533 532/532/532
f 917/917/917 537/537/537 536/536/536
f 536/536/536 915/915/915 917/917/917
f 541/541/541 918/918/918 916/916/916
f 916/916/916 532/532/532 541/541/541
f 919/919/919 551/551/551 537/537/537
f 537/537/537 917/917/917 919/919/919
f 545/545/545 920/920/920 918/918/918
f 918/918/918 541/541/541 545/545/545
f 921/921/921 548/548/548 551/551/551
f 551/551/551 919/919/919 921/921/921
f 544/544/544 922/922/922 920/920/920
f 920/920/920 545/545/545 544/544/544
f 923/923/923 549/549/549 548/548/548
f 548/548/548 921/921/921 923/923/923
f 553/553/553 924/924/924 922/922/922
f 922/922/922 544/544/544 553/553/553
f 925/925/925 563/563/563 549/549/549
f 549/549/549 923/923/923 925/925/925
f 557/557/557 926/926/926 924/924/924
f 924/924/924 553/553/553 557/557/557
f 927/927/927 560/560/560 563/563/563
f 563/563/563 925/925/925 927/927/927
f 556/556/556 928/928/928 926/926/926
f 926/926/926 557/557/557 556/556/556
f 929/929/929 561/561/561 560/560/560
f 560/560/560 927/927/927 929/929/929
f 565/565/565 930/930/930 928/928/928
f 928/928/928 556/556/556 565/565/565
f 931/931/931 513/513/513 561/561/561
f 561/561/561 929/929/929 931/931/931
f 567/567/567 932/932/932 930/930/930
f 930/930/930 565/565/565 567/567/567
f 933/933/933 481/481/481 513/513/513
f 513/513/513 931/931/931 933/933/933
f 569/569/569 934/934/934 932/932/932
f 932/932/932 567/567/567 569/569/569
f 935/935/935 437/437/437 481/481/481
f 481/481/481 933/933/933 935/935/935
f 453/453/453 936/936/936 934/934/934
f 934/934/934 569/569/569 453/453/453
f 937/937/937 409/409/409 437/437/437
f 437/437/437 935/935/935 937/937/937
f 434/434/434 938/938/938 936/936/936
f 936/936/936 453/453/453 434/434/434
f 939/939/939 253/253/253 409/409/409
f 409/409/409 937/937/937 939/939/939
f 423/423/423 940/940/940 938/938/938
f 938/938/938 434/434/434 423/423/423
f 941/941/941 238/238/238 253/253/253
f 253/253/253 939/939/939 941/941/941
f 405/405/405 942/942/942 940/940/940
f 940/940/940 423/423/423 405/405/405
f 943/943/943 239/239/239 238/238/238
f 238/238/238 941/941/941 943/943/943
f 249/249/249 944/944/944 942/942/942
f 942/942/942 405/405/405 249/249/249
f 945/945/945 241/241/241 239/239/239
f 239/239/239 943/943/943 945/945/945
f 248/248/248 946/946/946 944/944/944
f 944/944/944 249/249/249 248/248/248
f 188/188/188 187/187/187 514/514/514
f 514/514/514 515/515/515 188/188/188
f 164/164/164 163/163/163 947/947/947
f 947/947/947 948/948/948 164/164/164
f 950/950/950 949/949/949 170/170/170
f 170/170/170 171/171/171 950/950/950
f 954/954/954 951/951/951 952/952/952
f 952/952/952 953/953/953 954/954/954
f 958/958/958 955/955/955 956/956/956
f 956/956/956 957/957/957 958/958/958
f 953/953/953 952/952/952 959/959/959
f 959/959/959 960/960/960 953/953/953
f 962/962/962 961/961/961 955/955/955
f 955/955/955 958/958/958 962/962/962
f 960/960/960 959/959/959 963/963/963
f 963/963/963 964/964/964 960/960/960
f 966/966/966 965/965/965 961/961/961
f 961/961/961 962/962/962 966/966/966
f 964/964/964 963/963/963 967/967/967
f 967/967/967 968/968/968 964/964/964
f 970/970/970 969/969/969 965/965/965
f 965/965/965 966/966/966 970/970/970
f 968/968/968 967/967/967 971/971/971
f 971/971/971 972/972/972 968/968/968
f 974/974/974 973/973/973 969/969/969
f 969/969/969 970/970/970 974/974/974
f 972/972/972 971/971/971 975/975/975
f 975/975/975 976/976/976 972/972/972
f 978/978/978 977/977/977 973/973/973
f 973/973/973 974/974/974 978/978/978
f 976/976/976 975/975/975 979/979/979
f 979/979/979 980/980/980 976/976/976
f 982/982/982 981/981/981 977/977/977
f 977/977/977 978/978/978 982/982/982
f 980/980/980 979/979/979 983/983/983
f 983/983/983 984/984/984 980/980/980
f 986/986/986 985/985/985 981/981/981
f 981/981/981 982/982/982 986/986/986
f 984/984/984 983/983/983 987/987/987
f 987/987/987 988/988/988 984/984/984
f 990/990/990 989/989/989 985/985/985
f 985/985/985 986/986/986 990/990/990
f 988/988/988 987/987/987 991/991/991
f 991/991/991 992/992/992 988/988/988
f 994/994/994 993/993/993 989/989/989
f 989/989/989 990/990/990 994/994/994
f 992/992/992 991/991/991 995/995/995
f 995/995/995 996/996/996 992/992/992
f 998/998/998 997/997/997 993/993/993
f 993/993/993 994/994/994 998/998/998
f 996/996/996 995/995/995 999/999/999
f 999/999/999 1000/1000/1000 996/996/996
f 1002/1002/1002 1001/1001/1001 997/997/997
f 997/997/997 998/998/998 1002/1002/1002
f 1000/1000/1000 999/999/999 1003/1003/1003
f 1003/1003/1003 1004/1004/1004 1000/1000/1000
f 1006/1006/1006 1005/1005/1005 1001/1001/1001
f 1001/1001/1001 1002/1002/1002 1006/1006/1006
f 1004/1004/1004 1003/1003/1003 1007/1007/1007
f 1007/1007/1007 1008/1008/1008 1004/1004/1004
f 1010/1010/1010 1009/1009/1009 1005/1005/1005
f 1005/1005/1005 1006/1006/1006 1010/1010/1010
f 1008/1008/1008 1007/1007/1007 1011/1011/1011
f 1011/1011/1011 1012/1012/1012 1008/1008/1008
f 1014/1014/1014 1013/1013/1013 1009/1009/1009
f 1009/1009/1009 1010/1010/1010 1014/1014/1014
f 1012/1012/1012 1011/1011/1011 1015/1015/1015
f 1015/1015/1015 1016/1016/1016 1012/1012/1012
f 1018/1018/1018 1017/1017/1017 1013/1013/1013
f 1013/1013/1013 1014/1014/1014 1018/1018/1018
f 1016/1016/1016 1015/1015/1015 1019/1019/1019
f 1019/1019/1019 1020/1020/1020 1016/1016/1016
f 1022/1022/1022 1021/1021/1021 1017/1017/1017
f 1017/1017/1017 1018/1018/1018 1022/1022/1022
f 1020/1020/1020 1019/1019/1019 1023/1023/1023
f 1023/1023/1023 1024/1024/1024 1020/1020/1020
f 1026/1026/1026 1025/1025/1025 1021/1021/1021
f 1021/1021/1021 1022/1022/1022 1026/1026/1026
f 1024/1024/1024 1023/1023/1023 1027/1027/1027
f 1027/1027/1027 1028/1028/1028 1024/1024/1024
f 1030/1030/1030 1029/1029/1029 1025/1025/1025
f 1025/1025/1025 1026/1026/1026 1030/1030/1030
f 1028/1028/1028 1027/1027/1027 1031/1031/1031
f 1031/1031/1031 1032/1032/1032 1028/1028/1028
f 1034/1034/1034 1033/1033/1033 1029/1029/1029
f 1029/1029/1029 1030/1030/1030 1034/1034/1034
f 1032/1032/1032 1031/1031/1031 1035/1035/1035
f 1035/1035/1035 1036/1036/1036 1032/1032/1032
f 1038/1038/1038 1037/1037/1037 1033/1033/1033
f 1033/1033/1033 1034/1034/1034 1038/1038/1038
f 1036/1036/1036 1035/1035/1035 1039/1039/1039
f 1039/1039/1039 1040/1040/1040 1036/1036/1036
f 1042/1042/1042 1041/1041/1041 1037/1037/1037
f 1037/1037/1037 1038/1038/1038 1042/1042/1042
f 1040/1040/1040 1039/1039/1039 1043/1043/1043
f 1043/1043/1043 1044/1044/1044 1040/1040/1040
f 1046/1046/1046 1045/1045/1045 1041/1041/1041
f 1041/1041/1041 1042/1042/1042 1046/1046/1046
f 1044/1044/1044 1043/1043/1043 1047/1047/1047
f 1047/1047/1047 1048/1048/1048 1044/1044/1044
f 1050/1050/1050 1049/1049/1049 1045/1045/1045
f 1045/1045/1045 1046/1046/1046 1050/1050/1050
f 1048/1048/1048 1047/1047/1047 1051/1051/1051
f 1051/1051/1051 1052/1052/1052 1048/1048/1048
f 1054/1054/1054 1053/1053/1053 1049/1049/1049
f 1049/1049/1049 1050/1050/1050 1054/1054/1054
f 1052/1052/1052 1051/1051/1051 1055/1055/1055
f 1055/1055/1055 1056/1056/1056 1052/1052/1052
f 1058/1058/1058 1057/1057/1057 1053/1053/1053
f 1053/1053/1053 1054/1054/1054 1058/1058/1058
f 1056/1056/1056 1055/1055/1055 1059/1059/1059
f 1059/1059/1059 1060/1060/1060 1056/1056/1056
f 1062/1062/1062 1061/1061/1061 1057/1057/1057
f 1057/1057/1057 1058/1058/1058 1062/1062/1062
f 1060/1060/1060 1059/1059/1059 1063/1063/1063
f 1063/1063/1063 1064/1064/1064 1060/1060/1060
f 1066/1066/1066 1065/1065/1065 1061/1061/1061
f 1061/1061/1061 1062/1062/1062 1066/1066/1066
f 1064/1064/1064 1063/1063/1063 1067/1067/1067
f 1067/1067/1067 1068/1068/1068 1064/1064/1064
f 1070/1070/1070 1069/1069/1069 1065/1065/1065
f 1065/1065/1065 1066/1066/1066 1070/1070/1070
f 1068/1068/1068 1067/1067/1067 1071/1071/1071
f 1071/1071/1071 1072/1072/1072 1068/1068/1068
f 1074/1074/1074 1073/1073/1073 1069/1069/1069
f 1069/1069/1069 1070/1070/1070 1074/1074/1074
f 1072/1072/1072 1071/1071/1071 1075/1075/1075
f 1075/1075/1075 1076/1076/1076 1072/1072/1072
f 1078/1078/1078 1077/1077/1077 1073/1073/1073
f 1073/1073/1073 1074/1074/1074 1078/1078/1078
f 948/948/948 947/947/947 1079/1079/1079
f 1079/1079/1079 1080/1080/1080 948/948/948
f 956/956/956 951/951/951 1081/1081/1081
f 1081/1081/1081 1082/1082/1082 956/956/956
f 955/955/955 952/952/952 951/951/951
f 951/951/951 956/956/956 955/955/955
f 961/961/961 959/959/959 952/952/952
f 952/952/952 955/955/955 961/961/961
f 965/965/965 963/963/963 959/959/959
f 959/959/959 961/961/961 965/965/965
f 969/969/969 967/967/967 963/963/963
f 963/963/963 965/965/965 969/969/969
f 973/973/973 971/971/971 967/967/967
f 967/967/967 969/969/969 973/973/973
f 977/977/977 975/975/975 971/971/971
f 971/971/971 973/973/973 977/977/977
f 981/981/981 979/979/979 975/975/975
f 975/975/975 977/977/977 981/981/981
f 985/985/985 983/983/983 979/979/979
f 979/979/979 981/981/981 985/985/985
f 989/989/989 987/987/987 983/983/983
f 983/983/983 985/985/985 989/989/989
f 993/993/993 991/991/991 987/987/987
f 987/987/987 989/989/989 993/993/993
f 997/997/997 995/995/995 991/991/991
f 991/991/991 993/993/993 997/997/997
f 1001/1001/1001 999/999/999 995/995/995
f 995/995/995 997/997/997 1001/1001/1001
f 1005/1005/1005 1003/1003/1003 999/999/999
f 999/999/999 1001/1001/1001 1005/1005/1005
f 1009/1009/1009 1007/1007/1007 1003/1003/1003
f 1003/1003/1003 1005/1005/1005 1009/1009/1009
f 1013/1013/1013 1011/1011/1011 1007/1007/1007
f 1007/1007/1007 1009/1009/1009 1013/1013/1013
f 1017/1017/1017 1015/1015/1015 1011/1011/1011
f 1011/1011/1011 1013/1013/1013 1017/1017/1017
f 1021/1021/1021 1019/1019/1019 1015/1015/1015
f 1015/1015/1015 1017/1017/1017 1021/1021/1021
f 1025/1025/1025 1023/1023/1023 1019/1019/1019
f 1019/1019/1019 1021/1021/1021 1025/1025/1025
f 1029/1029/1029 1027/1027/1027 1023/1023/1023
f 1023/1023/1023 1025/1025/1025 1029/1029/1029
f 1033/1033/1033 1031/1031/1031 1027/1027/1027
f 1027/1027/1027 1029/1029/1029 1033/1033/1033
f 1037/1037/1037 1035/1035/1035 1031/1031/1031
f 1031/1031/1031 1033/1033/1033 1037/1037/1037
f 1041/1041/1041 1039/1039/1039 1035/1035/1035
f 1035/1035/1035 1037/1037/1037 1041/1041/1041
f 1045/1045/1045 1043/1043/1043 1039/1039/1039
f 1039/1039/1039 1041/1041/1041 1045/1045/1045
f 1049/1049/1049 1047/1047/1047 1043/1043/1043
f 1043/1043/1043 1045/1045/1045 1049/1049/1049
f 1053/1053/1053 1051/1051/1051 1047/1047/1047
f 1047/1047/1047 1049/1049/1049 1053/1053/1053
f 1057/1057/1057 1055/1055/1055 1051/1051/1051
f 1051/1051/1051 1053/1053/1053 1057/1057/1057
f 1061/1061/1061 1059/1059/1059 1055/1055/1055
f 1055/1055/1055 1057/1057/1057 1061/1061/1061
f 1065/1065/1065 1063/1063/1063 1059/1059/1059
f 1059/1059/1059 1061/1061/1061 1065/1065/1065
f 1069/1069/1069 1067/1067/1067 1063/1063/1063
f 1063/1063/1063 1065/1065/1065 1069/1069/1069
f 1073/1073/1073 1071/1071/1071 1067/1067/1067
f 1067/1067/1067 1069/1069/1069 1073/1073/1073
f 1077/1077/1077 1075/1075/1075 1071/1071/1071
f 1071/1071/1071 1073/1073/1073 1077/1077/1077
f 1083/1083/1083 1081/1081/1081 951/951/951
f 951/951/951 954/954/954 1083/1083/1083
f 1084/1084/1084 1079/1079/1079 947/947/947
f 947/947/947 957/957/957 1084/1084/1084
f 957/957/957 947/947/947 163/163/163
f 163/163/163 958/958/958 957/957/957
f 958/958/958 163/163/163 162/162/162
f 162/162/162 962/962/962 958/958/958
f 962/962/962 162/162/162 160/160/160
f 160/160/160 966/966/966 962/962/962
f 966/966/966 160/160/160 158/158/158
f 158/158/158 970/970/970 966/966/966
f 970/970/970 158/158/158 156/156/156
f 156/156/156 974/974/974 970/970/970
f 974/974/974 156/156/156 154/154/154
f 154/154/154 978/978/978 974/974/974
f 978/978/978 154/154/154 152/152/152
f 152/152/152 982/982/982 978/978/978
f 982/982/982 152/152/152 150/150/150
f 150/150/150 986/986/986 982/982/982
f 986/986/986 150/150/150 148/148/148
f 148/148/148 990/990/990 986/986/986
f 990/990/990 148/148/148 146/146/146
f 146/146/146 994/994/994 990/990/990
f 994/994/994 146/146/146 144/144/144
f 144/144/144 998/998/998 994/994/994
f 998/998/998 144/144/144 142/142/142
f 142/142/142 1002/1002/1002 998/998/998
f 1002/1002/1002 142/142/142 140/140/140
f 140/140/140 1006/1006/1006 1002/1002/1002
f 1006/1006/1006 140/140/140 138/138/138
f 138/138/138 1010/1010/1010 1006/1006/1006
f 1010/1010/1010 138/138/138 136/136/136
f 136/136/136 1014/1014/1014 1010/1010/1010
f 1014/1014/1014 136/136/136 134/134/134
f 134/134/134 1018/1018/1018 1014/1014/1014
f 1018/1018/1018 134/134/134 132/132/132
f 132/132/132 1022/1022/1022 1018/1018/1018
f 1022/1022/1022 132/132/132 130/130/130
f 130/130/130 1026/1026/1026 1022/1022/1022
f 1026/1026/1026 130/130/130 128/128/128
f 128/128/128 1030/1030/1030 1026/1026/1026
f 1030/1030/1030 128/128/128 126/126/126
f 126/126/126 1034/1034/1034 1030/1030/1030
f 1034/1034/1034 126/126/126 124/124/124
f 124/124/124 1038/1038/1038 1034/1034/1034
f 1038/1038/1038 124/124/124 122/122/122
f 122/122/122 1042/1042/1042 1038/1038/1038
f 1042/1042/1042 122/122/122 120/120/120
f 120/120/120 1046/1046/1046 1042/1042/1042
f 1046/1046/1046 120/120/120 118/118/118
f 118/118/118 1050/1050/1050 1046/1046/1046
f 1050/1050/1050 118/118/118 116/116/116
f 116/116/116 1054/1054/1054 1050/1050/1050
f 1054/1054/1054 116/116/116 109/109/109
f 109/109/109 1058/1058/1058 1054/1054/1054
f 1058/1058/1058 109/109/109 108/108/108
f 108/108/108 1062/1062/1062 1058/1058/1058
f 1062/1062/1062 108/108/108 112/112/112
f 112/112/112 1066/1066/1066 1062/1062/1062
f 1066/1066/1066 112/112/112 114/114/114
f 114/114/114 1070/1070/1070 1066/1066/1066
f 1070/1070/1070 114/114/114 170/170/170
f 170/170/170 1074/1074/1074 1070/1070/1070
f 1074/1074/1074 170/170/170 949/949/949
f 949/949/949 1078/1078/1078 1074/1074/1074
f 957/957/957 956/956/956 1082/1082/1082
f 1082/1082/1082 1084/1084/1084 957/957/957
f 1088/1088/1088 1085/1085/1085 1086/1086/1086
f 1086/1086/1086 1087/1087/1087 1088/1088/1088
f 313/313/313 1089/1089/1089 1090/1090/1090
f 1090/1090/1090 20/20/20 313/313/313
f 1087/1087/1087 1086/1086/1086 1091/1091/1091
f 1091/1091/1091 1092/1092/1092 1087/1087/1087
f 20/20/20 1090/1090/1090 1093/1093/1093
f 1093/1093/1093 21/21/21 20/20/20
f 1092/1092/1092 1091/1091/1091 1094/1094/1094
f 1094/1094/1094 1095/1095/1095 1092/1092/1092
f 21/21/21 1093/1093/1093 1096/1096/1096
f 1096/1096/1096 84/84/84 21/21/21
f 1100/1100/1100 1097/1097/1097 1098/1098/1098
f 1098/1098/1098 1099/1099/1099 1100/1100/1100
f 23/23/23 1101/1101/1101 1102/1102/1102
f 1102/1102/1102 296/296/296 23/23/23
f 1104/1104/1104 1103/1103/1103 1097/1097/1097
f 1097/1097/1097 1100/1100/1100 1104/1104/1104
f 26/26/26 1105/1105/1105 1101/1101/1101
f 1101/1101/1101 23/23/23 26/26/26
f 1107/1107/1107 1106/1106/1106 1103/1103/1103
f 1103/1103/1103 1104/1104/1104 1107/1107/1107
f 303/303/303 1108/1108/1108 1105/1105/1105
f 1105/1105/1105 26/26/26 303/303/303
f 1112/1112/1112 1109/1109/1109 1110/1110/1110
f 1110/1110/1110 1111/1111/1111 1112/1112/1112
f 283/283/283 1113/1113/1113 1114/1114/1114
f 1114/1114/1114 42/42/42 283/283/283
f 1111/1111/1111 1110/1110/1110 1115/1115/1115
f 1115/1115/1115 1116/1116/1116 1111/1111/1111
f 42/42/42 1114/1114/1114 1117/1117/1117
f 1117/1117/1117 43/43/43 42/42/42
f 1116/1116/1116 1115/1115/1115 1118/1118/1118
f 1118/1118/1118 1119/1119/1119 1116/1116/1116
f 43/43/43 1117/1117/1117 1120/1120/1120
f 1120/1120/1120 100/100/100 43/43/43
f 1124/1124/1124 1121/1121/1121 1122/1122/1122
f 1122/1122/1122 1123/1123/1123 1124/1124/1124
f 45/45/45 1125/1125/1125 1126/1126/1126
f 1126/1126/1126 262/262/262 45/45/45
f 1128/1128/1128 1127/1127/1127 1121/1121/1121
f 1121/1121/1121 1124/1124/1124 1128/1128/1128
f 48/48/48 1129/1129/1129 1125/1125/1125
f 1125/1125/1125 45/45/45 48/48/48
f 1131/1131/1131 1130/1130/1130 1127/1127/1127
f 1127/1127/1127 1128/1128/1128 1131/1131/1131
f 261/261/261 1132/1132/1132 1129/1129/1129
f 1129/1129/1129 48/48/48 261/261/261
f 1134/1134/1134 1133/1133/1133 1085/1085/1085
f 1085/1085/1085 1088/1088/1088 1134/1134/1134
f 267/267/267 1135/1135/1135 1089/1089/1089
f 1089/1089/1089 313/313/313 267/267/267
f 1137/1137/1137 1136/1136/1136 1130/1130/1130
f 1130/1130/1130 1131/1131/1131 1137/1137/1137
f 260/260/260 1138/1138/1138 1132/1132/1132
f 1132/1132/1132 261/261/261 260/260/260
f 1140/1140/1140 1139/1139/1139 1109/1109/1109
f 1109/1109/1109 1112/1112/1112 1140/1140/1140
f 282/282/282 1141/1141/1141 1113/1113/1113
f 1113/1113/1113 283/283/283 282/282/282
f 1143/1143/1143 1142/1142/1142 1106/1106/1106
f 1106/1106/1106 1107/1107/1107 1143/1143/1143
f 169/169/169 1144/1144/1144 1108/1108/1108
f 1108/1108/1108 303/303/303 169/169/169
f 1095/1095/1095 1094/1094/1094 1145/1145/1145
f 1145/1145/1145 1146/1146/1146 1095/1095/1095
f 84/84/84 1096/1096/1096 1147/1147/1147
f 1147/1147/1147 306/306/306 84/84/84
f 1146/1146/1146 1145/1145/1145 1148/1148/1148
f 1148/1148/1148 1149/1149/1149 1146/1146/1146
f 306/306/306 1147/1147/1147 1150/1150/1150
f 1150/1150/1150 307/307/307 306/306/306
f 1152/1152/1152 1151/1151/1151 1142/1142/1142
f 1142/1142/1142 1143/1143/1143 1152/1152/1152
f 168/168/168 1153/1153/1153 1144/1144/1144
f 1144/1144/1144 169/169/169 168/168/168
f 1119/1119/1119 1118/1118/1118 1154/1154/1154
f 1154/1154/1154 1155/1155/1155 1119/1119/1119
f 100/100/100 1120/1120/1120 1156/1156/1156
f 1156/1156/1156 275/275/275 100/100/100
f 1155/1155/1155 1154/1154/1154 1157/1157/1157
f 1157/1157/1157 1158/1158/1158 1155/1155/1155
f 275/275/275 1156/1156/1156 1159/1159/1159
f 1159/1159/1159 269/269/269 275/275/275
f 1158/1158/1158 1157/1157/1157 1136/1136/1136
f 1136/1136/1136 1137/1137/1137 1158/1158/1158
f 269/269/269 1159/1159/1159 1138/1138/1138
f 1138/1138/1138 260/260/260 269/269/269
f 1123/1123/1123 1122/1122/1122 1160/1160/1160
f 1160/1160/1160 1161/1161/1161 1123/1123/1123
f 262/262/262 1126/1126/1126 1162/1162/1162
f 1162/1162/1162 319/319/319 262/262/262
f 1161/1161/1161 1160/1160/1160 1163/1163/1163
f 1163/1163/1163 1164/1164/1164 1161/1161/1161
f 319/319/319 1162/1162/1162 1165/1165/1165
f 1165/1165/1165 317/317/317 319/319/319
f 1164/1164/1164 1163/1163/1163 1166/1166/1166
f 1166/1166/1166 1167/1167/1167 1164/1164/1164
f 317/317/317 1165/1165/1165 1168/1168/1168
f 1168/1168/1168 315/315/315 317/317/317
f 1167/1167/1167 1166/1166/1166 1169/1169/1169
f 1169/1169/1169 1170/1170/1170 1167/1167/1167
f 315/315/315 1168/1168/1168 1171/1171/1171
f 1171/1171/1171 266/266/266 315/315/315
f 1170/1170/1170 1169/1169/1169 1133/1133/1133
f 1133/1133/1133 1134/1134/1134 1170/1170/1170
f 266/266/266 1171/1171/1171 1135/1135/1135
f 1135/1135/1135 267/267/267 266/266/266
f 1099/1099/1099 1098/1098/1098 1172/1172/1172
f 1172/1172/1172 1173/1173/1173 1099/1099/1099
f 296/296/296 1102/1102/1102 1174/1174/1174
f 1174/1174/1174 297/297/297 296/296/296
f 1173/1173/1173 1172/1172/1172 1175/1175/1175
f 1175/1175/1175 1176/1176/1176 1173/1173/1173
f 297/297/297 1174/1174/1174 1177/1177/1177
f 1177/1177/1177 289/289/289 297/297/297
f 1176/1176/1176 1175/1175/1175 1178/1178/1178
f 1178/1178/1178 1179/1179/1179 1176/1176/1176
f 289/289/289 1177/1177/1177 1180/1180/1180
f 1180/1180/1180 287/287/287 289/289/289
f 1179/1179/1179 1178/1178/1178 1181/1181/1181
f 1181/1181/1181 1182/1182/1182 1179/1179/1179
f 287/287/287 1180/1180/1180 1183/1183/1183
f 1183/1183/1183 285/285/285 287/287/287
f 1182/1182/1182 1181/1181/1181 1139/1139/1139
f 1139/1139/1139 1140/1140/1140 1182/1182/1182
f 285/285/285 1183/1183/1183 1141/1141/1141
f 1141/1141/1141 282/282/282 285/285/285
f 59/59/59 58/58/58 1184/1184/1184
f 1184/1184/1184 1185/1185/1185 59/59/59
f 1189/1189/1189 1186/1186/1186 1187/1187/1187
f 1187/1187/1187 1188/1188/1188 1189/1189/1189
f 19/19/19 1190/1190/1190 1191/1191/1191
f 1191/1191/1191 312/312/312 19/19/19
f 1193/1193/1193 1192/1192/1192 1186/1186/1186
f 1186/1186/1186 1189/1189/1189 1193/1193/1193
f 22/22/22 1194/1194/1194 1190/1190/1190
f 1190/1190/1190 19/19/19 22/22/22
f 1196/1196/1196 1195/1195/1195 1192/1192/1192
f 1192/1192/1192 1193/1193/1193 1196/1196/1196
f 85/85/85 1197/1197/1197 1194/1194/1194
f 1194/1194/1194 22/22/22 85/85/85
f 1201/1201/1201 1198/1198/1198 1199/1199/1199
f 1199/1199/1199 1200/1200/1200 1201/1201/1201
f 295/295/295 1202/1202/1202 1203/1203/1203
f 1203/1203/1203 24/24/24 295/295/295
f 1200/1200/1200 1199/1199/1199 1204/1204/1204
f 1204/1204/1204 1205/1205/1205 1200/1200/1200
f 24/24/24 1203/1203/1203 1206/1206/1206
f 1206/1206/1206 25/25/25 24/24/24
f 1205/1205/1205 1204/1204/1204 1207/1207/1207
f 1207/1207/1207 1208/1208/1208 1205/1205/1205
f 25/25/25 1206/1206/1206 1209/1209/1209
f 1209/1209/1209 302/302/302 25/25/25
f 1213/1213/1213 1210/1210/1210 1211/1211/1211
f 1211/1211/1211 1212/1212/1212 1213/1213/1213
f 41/41/41 1214/1214/1214 1215/1215/1215
f 1215/1215/1215 280/280/280 41/41/41
f 1217/1217/1217 1216/1216/1216 1210/1210/1210
f 1210/1210/1210 1213/1213/1213 1217/1217/1217
f 44/44/44 1218/1218/1218 1214/1214/1214
f 1214/1214/1214 41/41/41 44/44/44
f 1220/1220/1220 1219/1219/1219 1216/1216/1216
f 1216/1216/1216 1217/1217/1217 1220/1220/1220
f 101/101/101 1221/1221/1221 1218/1218/1218
f 1218/1218/1218 44/44/44 101/101/101
f 1225/1225/1225 1222/1222/1222 1223/1223/1223
f 1223/1223/1223 1224/1224/1224 1225/1225/1225
f 263/263/263 1226/1226/1226 1227/1227/1227
f 1227/1227/1227 46/46/46 263/263/263
f 1224/1224/1224 1223/1223/1223 1228/1228/1228
f 1228/1228/1228 1229/1229/1229 1224/1224/1224
f 46/46/46 1227/1227/1227 1230/1230/1230
f 1230/1230/1230 47/47/47 46/46/46
f 1229/1229/1229 1228/1228/1228 1231/1231/1231
f 1231/1231/1231 1232/1232/1232 1229/1229/1229
f 47/47/47 1230/1230/1230 1233/1233/1233
f 1233/1233/1233 258/258/258 47/47/47
f 1235/1235/1235 1234/1234/1234 1222/1222/1222
f 1222/1222/1222 1225/1225/1225 1235/1235/1235
f 318/318/318 1236/1236/1236 1226/1226/1226
f 1226/1226/1226 263/263/263 318/318/318
f 1237/1237/1237 259/259/259 258/258/258
f 258/258/258 1233/1233/1233 1237/1237/1237
f 1239/1239/1239 1238/1238/1238 1232/1232/1232
f 1232/1232/1232 1231/1231/1231 1239/1239/1239
f 1240/1240/1240 166/166/166 302/302/302
f 302/302/302 1209/1209/1209 1240/1240/1240
f 1242/1242/1242 1241/1241/1241 1208/1208/1208
f 1208/1208/1208 1207/1207/1207 1242/1242/1242
f 1243/1243/1243 281/281/281 280/280/280
f 280/280/280 1215/1215/1215 1243/1243/1243
f 1245/1245/1245 1244/1244/1244 1212/1212/1212
f 1212/1212/1212 1211/1211/1211 1245/1245/1245
f 1197/1197/1197 85/85/85 305/305/305
f 305/305/305 1246/1246/1246 1197/1197/1197
f 1195/1195/1195 1196/1196/1196 1247/1247/1247
f 1247/1247/1247 1248/1248/1248 1195/1195/1195
f 1246/1246/1246 305/305/305 304/304/304
f 304/304/304 1249/1249/1249 1246/1246/1246
f 1248/1248/1248 1247/1247/1247 1250/1250/1250
f 1250/1250/1250 1251/1251/1251 1248/1248/1248
f 1252/1252/1252 167/167/167 166/166/166
f 166/166/166 1240/1240/1240 1252/1252/1252
f 1254/1254/1254 1253/1253/1253 1241/1241/1241
f 1241/1241/1241 1242/1242/1242 1254/1254/1254
f 1221/1221/1221 101/101/101 274/274/274
f 274/274/274 1255/1255/1255 1221/1221/1221
f 1219/1219/1219 1220/1220/1220 1256/1256/1256
f 1256/1256/1256 1257/1257/1257 1219/1219/1219
f 1255/1255/1255 274/274/274 268/268/268
f 268/268/268 1258/1258/1258 1255/1255/1255
f 1257/1257/1257 1256/1256/1256 1259/1259/1259
f 1259/1259/1259 1260/1260/1260 1257/1257/1257
f 1258/1258/1258 268/268/268 259/259/259
f 259/259/259 1237/1237/1237 1258/1258/1258
f 1260/1260/1260 1259/1259/1259 1238/1238/1238
f 1238/1238/1238 1239/1239/1239 1260/1260/1260
f 1188/1188/1188 1187/1187/1187 1261/1261/1261
f 1261/1261/1261 1262/1262/1262 1188/1188/1188
f 312/312/312 1191/1191/1191 1263/1263/1263
f 1263/1263/1263 264/264/264 312/312/312
f 1262/1262/1262 1261/1261/1261 1264/1264/1264
f 1264/1264/1264 1265/1265/1265 1262/1262/1262
f 264/264/264 1263/1263/1263 1266/1266/1266
f 1266/1266/1266 265/265/265 264/264/264
f 1265/1265/1265 1264/1264/1264 1267/1267/1267
f 1267/1267/1267 1268/1268/1268 1265/1265/1265
f 265/265/265 1266/1266/1266 1269/1269/1269
f 1269/1269/1269 314/314/314 265/265/265
f 1268/1268/1268 1267/1267/1267 1270/1270/1270
f 1270/1270/1270 1271/1271/1271 1268/1268/1268
f 314/314/314 1269/1269/1269 1272/1272/1272
f 1272/1272/1272 316/316/316 314/314/314
f 1271/1271/1271 1270/1270/1270 1234/1234/1234
f 1234/1234/1234 1235/1235/1235 1271/1271/1271
f 316/316/316 1272/1272/1272 1236/1236/1236
f 1236/1236/1236 318/318/318 316/316/316
f 1202/1202/1202 295/295/295 294/294/294
f 294/294/294 1273/1273/1273 1202/1202/1202
f 1198/1198/1198 1201/1201/1201 1274/1274/1274
f 1274/1274/1274 1275/1275/1275 1198/1198/1198
f 1273/1273/1273 294/294/294 288/288/288
f 288/288/288 1276/1276/1276 1273/1273/1273
f 1275/1275/1275 1274/1274/1274 1277/1277/1277
f 1277/1277/1277 1278/1278/1278 1275/1275/1275
f 1276/1276/1276 288/288/288 286/286/286
f 286/286/286 1279/1279/1279 1276/1276/1276
f 1278/1278/1278 1277/1277/1277 1280/1280/1280
f 1280/1280/1280 1281/1281/1281 1278/1278/1278
f 1279/1279/1279 286/286/286 284/284/284
f 284/284/284 1282/1282/1282 1279/1279/1279
f 1281/1281/1281 1280/1280/1280 1283/1283/1283
f 1283/1283/1283 1284/1284/1284 1281/1281/1281
f 1282/1282/1282 284/284/284 281/281/281
f 281/281/281 1243/1243/1243 1282/1282/1282
f 1284/1284/1284 1283/1283/1283 1244/1244/1244
f 1244/1244/1244 1245/1245/1245 1284/1284/1284
f 261/261/261 48/48/48 47/47/47
f 47/47/47 258/258/258 261/261/261
