o Cylinder_Color_0
usemtl Color
v -30.77038824558258 145.23686867570294 -30.389070331096
v -31.220543384552002 146.63433507857218 -31.96454052947532
v -30.766749382019043 148.03223118450506 -30.166459359211228
v -32.454025745391846 147.65853342277018 -33.117902493671195
v -32.454025745391846 147.65853342277018 -33.117902493671195
v -34.14032757282257 148.03504397411135 -33.540046491169775
v -30.766749382019043 148.03223118450506 -30.166459359211228
v -34.14032757282257 148.06953130175245 40.122198776802584
v -32.45403170585632 147.6858680365696 39.58394505512957
v -30.766749382019043 148.06357028764975 36.74862356720242
v -32.45403170585632 147.6858680365696 39.58394505512957
v -31.22057318687439 146.64207125768124 38.113403271145096
v -30.766749382019043 148.06357028764975 36.74862356720242
v -30.770450830459595 145.21775833885417 36.10460776497489
v -49.25534725189209 148.05468966502738 -33.54005841529942
v -50.94263553619385 147.6684039521217 -33.11681769074439
v -52.6289165019989 148.0606983628498 -30.16645936384912
v -50.94263553619385 147.6684039521217 -33.11681769074439
v -52.17882990837097 146.6086335563937 -31.960558935017016
v -52.6289165019989 148.0606983628498 -30.16645936384912
v -52.63269543647766 145.1592872713626 -30.38109521698544
v -52.632737159729004 145.16111007442058 36.042988492435256
v -52.178847789764404 146.62671709616467 38.08257575136878
v -52.6289165019989 148.09198978227673 36.74861164164334
v -50.942641496658325 147.69850421991603 39.57568384930501
v -50.942641496658325 147.69850421991603 39.57568384930501
v -49.25534725189209 148.08917699266848 40.12218685267294
v -52.6289165019989 148.09198978227673 36.74861164164334
v -52.6364803314209 142.24786315123697 -27.209519673226712
v -52.186429500579834 140.79923212272973 -25.62522797908486
v -52.64025330543518 139.34960028424618 -20.67699318480432
v -50.95309615135193 139.7413690777748 -24.455832359959732
v -49.26695227622986 139.3576106047364 -24.014614874952187
v -49.266839027404785 139.38198545508092 27.98345202323798
v -50.95303654670715 139.77003562403814 28.533483622003892
v -52.64025330543518 139.37077923339552 24.616981688149593
v -52.18639373779297 140.83986771586234 30.029178561841885
v -52.63644456863403 142.30480716574615 32.06975525798744
v -30.77426552772522 142.28191896461075 31.96208543139413
v -31.228071451187134 140.8568907902037 29.954255520585804
v -30.77796697616577 139.43295879132455 24.57094305039475
v -32.46417939662933 139.81123434682175 28.486312499416524
v -34.151384234428406 139.42494847784556 27.951599294070444
v -34.15127992630005 139.4006690263569 -23.853586973642095
v -32.46413469314575 139.77980218499312 -24.257778052561612
v -30.77796697616577 139.41187525505353 -20.44408208502588
v -31.228089332580566 140.8059555636839 -25.39797931150959
v -30.77433407306671 142.20413722307703 -26.968621533778634
v -39.463379979133606 260.9994070172309 -63.145852887878306
v -39.459189772605896 264.2209902443114 -64.00095356761756
v -38.95472586154938 269.72962879138646 -57.1338616172645
v -39.456114172935486 266.5833841941175 -66.35227970285138
v -39.45498168468475 267.4536114836379 -69.5697981742498
v -39.4801139831543 248.13081083994896 -69.61520184455588
v -39.479005336761475 248.9859234406133 -66.39364245933524
v -38.985610008239746 245.80258391422242 -57.187227717985984
v -39.4759476184845 251.33725553631353 -64.03123658860113
v -39.471763372421265 254.5547620867859 -63.16099141768533
v -39.471635222435 254.63691543155514 -98.13254451830477
v -39.47582542896271 251.4153560463345 -97.27743191764046
v -38.5202556848526 243.74695535197657 -102.70072616619376
v -39.47890102863312 249.05296209652838 -94.92610578240664
v -39.48003351688385 248.182734807006 -91.70859923193717
v -39.45490121841431 267.505511608837 -91.66319556162719
v -39.45600986480713 266.6504228500287 -94.88476686778068
v -38.48523795604706 271.9990086249199 -102.62621304213927
v -39.459067583084106 264.29911459618637 -97.24717273851869
v -39.46325182914734 261.08158420385803 -98.11740598850163
v -43.648529052734375 253.24410363138497 -63.16409660614476
v -43.65185797214508 250.6842270766294 -63.85645778233441
v -44.05343532562256 246.2818289006461 -58.41131050442369
v -43.65428984165192 248.8134992313505 -65.73600054357895
v -43.65517497062683 248.1331713983001 -68.2991134069064
v -43.65508258342743 248.19126997771883 -93.02469363182628
v -43.65417957305908 248.88363711437296 -95.5845701865828
v -44.42785382270813 244.66412793553562 -101.77013091767091
v -43.65173578262329 250.76318583608005 -97.45530995279164
v -43.64840090274811 253.32628081801406 -98.13563778583914
v -43.63004267215729 267.4559243582723 -68.253715697057
v -43.630945682525635 266.7635572216201 -65.69382722137152
v -44.02334690093994 269.2677641202555 -58.359583378107295
v -43.633389472961426 264.88400849991206 -63.82309341562717
v -43.63672435283661 262.320913517978 -63.14276558257968
v -43.63659620285034 262.40311454646405 -98.11431272274241
v -43.633267283439636 264.9629911012206 -97.42194558608828
v -44.39210593700409 271.0911108263472 -101.70155411889434
v -43.6308354139328 266.8337189465004 -95.54239686437926
v -43.629950284957886 267.51404677954986 -92.9792899615163
v -24.510422348976135 204.27969470673105 205.79425344652142
v -20.810166001319885 205.02213412240138 230.10269639502104
v -20.407792925834656 200.8815186594631 230.10465210196153
v -24.17956292629242 200.87507739742495 205.7958752475419
v -29.23894226551056 195.75818955860308 230.48359542628182
v -28.472086787223816 198.27436387481507 230.48240292344948
v -28.472086787223816 198.26759042953464 216.01134884740438
v -29.23894226551056 195.75141611332265 216.01254135023672
v -32.15334415435791 191.40867173666769 230.4856226928306
v -30.48195242881775 193.43990266302984 230.48469252944258
v -30.48195242881775 193.43312921774938 216.01363845339745
v -32.15334415435791 191.40194597510305 216.0145686167777
v -34.18889343738556 189.74260270603418 230.48640974557873
v -34.18889343738556 189.73582926075372 216.01535566953362
v -36.51036620140076 188.50563943403654 230.48700599355337
v -36.51036620140076 188.49886598875221 216.01592807565035
v -39.028555154800415 187.74532258533608 230.48733990343547
v -39.028558135032654 187.73854914005176 216.01626198553242
v -41.64668917655945 187.4908822777383 230.4874591541786
v -41.64668917655945 187.4841565161737 216.0164050781257
v -44.26414966583252 187.7521413566984 230.48733990232455
v -44.26414966583252 187.74536791141406 216.0162619844215
v -46.78035080432892 188.51899087446623 230.48700599137814
v -46.78035378456116 188.5122174291819 216.01592807347512
v -49.098601937294006 189.76200997837304 230.48640974241687
v -49.098604917526245 189.75523653309259 216.01535566637176
v -51.12980604171753 191.43341958517843 230.48562268879866
v -51.12980604171753 191.42659845618215 216.0145686127613
v -52.79591083526611 193.46894204595662 230.48464484099563
v -52.79591083526611 193.46216860068395 216.01363844866634
v -54.03289198875427 195.79042375049372 230.48357157917232
v -54.03289198875427 195.78365030521329 216.01251750312719
v -54.79320287704468 198.30860078277405 230.4824029178716
v -54.79320287704468 198.30182733749362 216.01134884182648
v -55.047619342803955 200.926722883406 230.48118655657194
v -55.047619342803955 200.9199971218375 216.01010863866117
v -54.78639006614685 203.54422509573226 230.47997019537328
v -54.78639006614685 203.53740396673211 216.00889227747803
v -54.01952862739563 206.06039941194427 230.47877769254094
v -54.01952862739563 206.05362596666384 216.00772361649584
v -52.77652144432068 208.3786863075175 230.4776805893802
v -52.77652144432068 208.37186517852126 216.00662651334287
v -51.10512375831604 210.40986955016385 230.47675042599997
v -51.10512375831604 210.40309610487952 216.00567250809695
v -49.06957447528839 212.07593858079736 230.47596337325183
v -49.06957447528839 212.06921281923275 216.00490929719894
v -46.748098731040955 213.3129495365108 230.47536712526943
v -46.748098731040955 213.30617609123425 216.0043368910822
v -44.22990679740906 214.07321870149934 230.47505705725303
v -44.22990679740906 214.06649293992695 216.0039552974843
v -41.611772775650024 214.32765900909322 230.47491396465196
v -41.611772775650024 214.32088556381277 216.00385988860685
v -38.994309306144714 214.06644761384896 230.47503321649825
v -38.994309306144714 214.05967416856464 216.00395529859523
v -36.47810518741608 213.299598096085 230.47539096930254
v -36.47810518741608 213.29277696708874 216.0043368932652
v -34.15985703468323 212.0565789921743 230.4759633764059
v -34.15985703468323 212.04980554689388 216.0049093003608
v -32.128652930259705 210.38516938536893 230.47675043002414
v -32.128652930259705 210.37834825637657 216.0057201958447
v -30.46255111694336 208.34964692459073 230.47772827782714
v -30.46255111694336 208.34282579559445 216.0066742017898
v -29.225578904151917 206.02811753633782 230.47880153965826
v -29.225575923919678 206.0213440910535 216.00772362175522
v -28.465276956558228 203.50994050406135 230.47999404281688
v -28.465276956558228 203.50321474249284 216.00891612490608
v -59.07890796661377 200.92042461116617 205.79585139829598
v -62.85068988800049 200.93673640237526 230.10460440924962
v -62.43753433227539 205.07630282357326 230.10269638619582
v -58.73919129371643 204.32427898102304 205.79425343925772
v -24.69365894794464 217.78868192736664 204.52908305562562
v -21.72369360923767 214.16014188857994 204.53077641870144
v -21.72369360923767 214.15198513943042 187.13737813511798
v -24.69365894794464 217.78057286193294 187.1356847720344
v -58.28920006752014 212.07298234978674 231.45417096192926
v -60.14692187309265 208.60823587482733 231.4557689308881
v -54.92713451385498 206.43819765173166 231.45681832618024
v -53.59307527542114 208.9262862593255 231.45562582792365
v -38.20270001888275 218.00769343921039 205.78786159202662
v -37.46204674243927 221.71739512271787 230.09489738748115
v -33.48262310028076 220.5046074946334 230.09544594780127
v -34.930551052093506 217.01043620662207 205.78833859165866
v -27.132976055145264 191.18431583200098 205.80040677937026
v -23.999586701393127 189.09615450935567 230.1101376493604
v -26.642927527427673 185.8837502585057 230.11166405163374
v -29.306504130363464 188.54292407805258 205.80164698631893
v -53.98406982421875 188.57501521879578 205.8016231392327
v -56.6545844078064 185.92280322176254 230.1116640452712
v -59.289562702178955 189.14202624397092 230.11011380002904
v -56.15072250366211 191.22208133492677 205.80038293135956
v -51.30487680435181 215.41923060981867 205.78907794849417
v -53.39628458023071 218.56941157192946 230.0963522536853
v -49.724820256233215 220.5257313807379 230.09542210250183
v -48.28595817089081 217.02779307917677 205.78831474697296
v -25.499147176742554 207.55442157416206 205.79275087595235
v -22.012606263160706 209.00467806741082 230.10083608126527
v -41.65193438529968 183.44806209418817 205.80403200216833
v -41.6568398475647 179.68768054156854 230.11454992590876
v -45.796406269073486 180.10081225540853 230.1143829655957
v -45.05575895309448 183.78776088566488 205.80386505381898
v -61.22473478317261 209.05569964333856 230.1008360729528
v -57.74194598197937 207.59643092779586 205.79272702725027
v -29.816263914108276 218.53875094266476 230.09639994239635
v -31.915831565856934 215.39400592414972 205.78907795260378
v -29.862186312675476 183.24874812247336 230.1128804156835
v -31.953591108322144 186.3762713987724 205.80264869734367
v -61.24586462974548 192.8135293107078 230.10839658809573
v -57.7593207359314 194.24103275071317 205.79897576989325
v -45.742252469062805 221.72817164249327 230.09489738572543
v -45.01122832298279 218.01651492663714 205.78786159058942
v -49.77583289146423 181.31364756719717 230.11376287969406
v -48.32790493965149 184.78501811825709 205.80341189604488
v -59.25888419151306 212.72210055248266 230.09911886185074
v -56.125497817993164 210.6111384928743 205.79131986647536
v -26.603877544403076 215.8954041563678 230.09764014966353
v -29.274392127990723 213.22043910607948 205.7901035066129
v -33.533644676208496 181.29247599738073 230.11381056685917
v -34.9725067615509 184.7676612456985 205.80341189887267
v -62.44831085205078 196.7960732557173 230.10653627434
v -58.748048543930054 197.51575961814032 205.7974493574663
v -41.60161912441254 222.1305745202737 230.0947304271603
v -41.60652756690979 218.3473922306871 205.7876946436773
v -24.17956292629242 200.87507739742495 205.7958752475419
v -20.407792925834656 200.8815186594631 230.10465210196153
v -20.820945501327515 196.7419045545493 230.1065601250231
v -24.519282579421997 197.4711753438522 205.79747320658788
v -22.033745050430298 192.76250773478785 230.10844428012402
v -25.516527891159058 194.1990710807952 205.7989996185876
v -53.44219207763672 183.27945643546164 230.11288041068048
v -51.34263038635254 186.4014484007255 205.80264869324182
v -56.615543365478516 215.93445711961687 230.09759245958517
v -53.951966762542725 213.25257793054237 205.79010350137682
v -23.968902230262756 212.67613345043188 230.09911886933975
v -27.107742428779602 210.5733729899446 205.79131987262812
v -37.51620948314667 180.09003573563314 230.1143829673514
v -38.247233629226685 183.7788917145223 205.80386505526397
v -33.97892713546753 182.37213091161814 231.46805176211586
v -30.509409308433533 184.22078089011598 231.46719315404778
v -33.6438775062561 188.92506555772343 231.4649750948369
v -36.13540232181549 187.597503225675 231.46561904128782
v -55.791252851486206 215.1086707498261 231.45276379773614
v -51.799243688583374 211.10624269531957 231.45462411473144
v -37.74243891239166 181.23578027998977 231.4685764681249
v -38.83805274963379 186.78149179690413 231.46600064395952
v -52.749061584472656 217.59871438976856 231.45157129916103
v -49.61459040641785 212.89438203844918 231.45381320023762
v -41.655322909355164 180.85555033006577 231.4687434230776
v -41.64797067642212 186.5084071564245 231.4661437395981
v -49.27953779697418 219.4474120519822 231.4507126910852
v -47.12306261062622 214.22199205421342 231.45316925377892
v -45.56719958782196 181.24598459517532 231.4685764664624
v -44.45715844631195 186.78883508914046 231.46600064276313
v -45.51602005958557 220.58366731617897 231.4501879850917
v -44.420409202575684 215.03800348298816 231.45281149296514
v -49.32774305343628 182.39206270483103 231.46805175886854
v -47.15768098831177 187.6118083404172 231.4655951970993
v -41.60313606262207 220.96389726609905 231.4499971882811
v -41.61049425601959 215.31104043974807 231.45264455547638
v -52.792441844940186 184.24977258933473 231.46719314932443
v -49.64574575424194 188.9459033415369 231.46497509144197
v -37.691256403923035 220.57351068470925 231.4501879867464
v -38.801297545433044 215.03066019075183 231.4528114941615
v -55.82814812660217 186.74773172610335 231.46600064945972
v -51.82574391365051 190.73971704684914 231.46416417602367
v -33.93070995807648 219.42738489133768 231.45071269434803
v -36.100777983665466 214.2076392557515 231.4531692561173
v -58.31819176673889 189.78990511149428 231.46459348421007
v -53.61388921737671 192.92439417070165 231.46311477834655
v -30.46601414680481 217.5697226905576 231.4516189876002
v -33.61271321773529 212.8735442546357 231.45381320363254
v -60.16688942909241 193.25946764174768 231.4629716726087
v -54.94147539138794 195.41591600584232 231.46196996324645
v -23.111554980278015 193.21121172133752 231.4629716804706
v -21.96546196937561 196.97178796921895 231.4612067703096
v -27.5083065032959 198.08181718971844 231.46070591044676
v -28.33133637905121 195.38129762815677 231.46196996888648
v -27.4303138256073 215.07176355378118 231.4527638037491
v -31.4327210187912 211.0797782330393 231.45462411904305
v -61.30319833755493 197.02295259629415 231.4612067619738
v -55.75748085975647 198.1185813346159 231.46070590445714
v -28.210851550102234 200.89181840342553 230.4811865622586
v -28.210851550102234 200.885044958149 216.01015632807142
v -24.94027614593506 212.02954248467833 231.45419481086444
v -29.644575715065002 208.89510110917902 231.45562583300435
v -61.68344020843506 200.93583063249017 231.45934645956808
v -56.03054165840149 200.9284873402616 231.45939414448029
v -24.969273805618286 189.7465606138175 231.4646173331297
v -29.665398597717285 192.89325670427098 231.46311478341948
v -23.09158146381378 208.56002763814075 231.45581662245803
v -28.31699252128601 206.4035792740461 231.4568183318203
v -61.29301190376282 204.8477073106617 231.4575338410413
v -55.75016736984253 203.7376780901661 231.45805854276205
v -27.46722102165222 186.71082453006233 231.46602449733058
v -31.459221243858337 190.71325258456886 231.4641641803353
v -21.955281496047974 204.79649499987846 231.45758153310067
v -27.500993013381958 203.7009139452764 231.45810623246751
v -21.575039625167847 200.8836646473905 231.45939415178282
v -27.22793221473694 200.89100793962683 231.45939415058646
v -20.820945501327515 196.7419045545493 230.1065601250231
v -20.407792925834656 200.8815186594631 230.10465210196153
v -21.575039625167847 200.8836646473905 231.45939415178282
v -21.96546196937561 196.97178796921895 231.4612067703096
v -22.033745050430298 192.76250773478785 230.10844428012402
v -23.111554980278015 193.21121172133752 231.4629716804706
v -23.999586701393127 189.09615450935567 230.1101376493604
v -24.969273805618286 189.7465606138175 231.4646173331297
v -26.642927527427673 185.8837502585057 230.11166405163374
v -27.46722102165222 186.71082453006233 231.46602449733058
v -29.862186312675476 183.24874812247336 230.1128804156835
v -30.509409308433533 184.22078089011598 231.46719315404778
v -33.533644676208496 181.29247599738073 230.11381056685917
v -33.97892713546753 182.37213091161814 231.46805176211586
v -37.51620948314667 180.09003573563314 230.1143829673514
v -37.74243891239166 181.23578027998977 231.4685764681249
v -41.6568398475647 179.68768054156854 230.11454992590876
v -41.655322909355164 180.85555033006577 231.4687434230776
v -45.796406269073486 180.10081225540853 230.1143829655957
v -45.56719958782196 181.24598459517532 231.4685764664624
v -49.77583289146423 181.31364756719717 230.11376287969406
v -49.32774305343628 182.39206270483103 231.46805175886854
v -53.44219207763672 183.27945643546164 230.11288041068048
v -52.792441844940186 184.24977258933473 231.46719314932443
v -56.6545844078064 185.92280322176254 230.1116640452712
v -55.82814812660217 186.74773172610335 231.46600064945972
v -59.289562702178955 189.14202624397092 230.11011380002904
v -58.31819176673889 189.78990511149428 231.46459348421007
v -61.24586462974548 192.8135293107078 230.10839658809573
v -60.16688942909241 193.25946764174768 231.4629716726087
v -62.44831085205078 196.7960732557173 230.10653627434
v -61.30319833755493 197.02295259629415 231.4612067619738
v -62.85068988800049 200.93673640237526 230.10460440924962
v -61.68344020843506 200.93583063249017 231.45934645956808
v -62.43753433227539 205.07630282357326 230.10269638619582
v -61.29301190376282 204.8477073106617 231.4575338410413
v -61.22473478317261 209.05569964333856 230.1008360729528
v -60.14692187309265 208.60823587482733 231.4557689308881
v -59.25888419151306 212.72210055248266 230.09911886185074
v -58.28920006752014 212.07298234978674 231.45417096192926
v -56.615543365478516 215.93445711961687 230.09759245958517
v -55.791252851486206 215.1086707498261 231.45276379773614
v -53.39628458023071 218.56941157192946 230.0963522536853
v -52.749061584472656 217.59871438976856 231.45157129916103
v -49.724820256233215 220.5257313807379 230.09542210250183
v -49.27953779697418 219.4474120519822 231.4507126910852
v -45.742252469062805 221.72817164249327 230.09489738572543
v -45.51602005958557 220.58366731617897 231.4501879850917
v -41.60161912441254 222.1305745202737 230.0947304271603
v -41.60313606262207 220.96389726609905 231.4499971882811
v -37.46204674243927 221.71739512271787 230.09489738748115
v -37.691256403923035 220.57351068470925 231.4501879867464
v -33.48262310028076 220.5046074946334 230.09544594780127
v -33.93070995807648 219.42738489133768 231.45071269434803
v -29.816263914108276 218.53875094266476 230.09639994239635
v -30.46601414680481 217.5697226905576 231.4516189876002
v -26.603877544403076 215.8954041563678 230.09764014966353
v -27.4303138256073 215.07176355378118 231.4527638037491
v -23.968902230262756 212.67613345043188 230.09911886933975
v -24.94027614593506 212.02954248467833 231.45419481086444
v -22.012606263160706 209.00467806741082 230.10083608126527
v -23.09158146381378 208.56002763814075 231.45581662245803
v -20.810166001319885 205.02213412240138 230.10269639502104
v -21.955281496047974 204.79649499987846 231.45758153310067
v -20.407792925834656 200.8815186594631 230.10465210196153
v -21.575039625167847 200.8836646473905 231.45939415178282
v -28.210851550102234 200.89181840342553 230.4811865622586
v -28.210851550102234 200.885044958149 216.01015632807142
v -27.5083065032959 198.08181718971844 231.46070591044676
v -27.22793221473694 200.89100793962683 231.45939415058646
v -28.210851550102234 200.89181840342553 230.4811865622586
v -28.472086787223816 198.27436387481507 230.48240292344948
v -28.33133637905121 195.38129762815677 231.46196996888648
v -29.23894226551056 195.75818955860308 230.48359542628182
v -29.665398597717285 192.89325670427098 231.46311478341948
v -30.48195242881775 193.43990266302984 230.48469252944258
v -31.459221243858337 190.71325258456886 231.4641641803353
v -32.15334415435791 191.40867173666769 230.4856226928306
v -33.6438775062561 188.92506555772343 231.4649750948369
v -34.18889343738556 189.74260270603418 230.48640974557873
v -36.13540232181549 187.597503225675 231.46561904128782
v -36.51036620140076 188.50563943403654 230.48700599355337
v -38.83805274963379 186.78149179690413 231.46600064395952
v -39.028555154800415 187.74532258533608 230.48733990343547
v -41.64797067642212 186.5084071564245 231.4661437395981
v -41.64668917655945 187.4908822777383 230.4874591541786
v -44.45715844631195 186.78883508914046 231.46600064276313
v -44.26414966583252 187.7521413566984 230.48733990232455
v -47.15768098831177 187.6118083404172 231.4655951970993
v -46.78035080432892 188.51899087446623 230.48700599137814
v -49.64574575424194 188.9459033415369 231.46497509144197
v -49.098601937294006 189.76200997837304 230.48640974241687
v -51.82574391365051 190.73971704684914 231.46416417602367
v -51.12980604171753 191.43341958517843 230.48562268879866
v -53.61388921737671 192.92439417070165 231.46311477834655
v -52.79591083526611 193.46894204595662 230.48464484099563
v -54.94147539138794 195.41591600584232 231.46196996324645
v -54.03289198875427 195.79042375049372 230.48357157917232
v -55.75748085975647 198.1185813346159 231.46070590445714
v -54.79320287704468 198.30860078277405 230.4824029178716
v -56.03054165840149 200.9284873402616 231.45939414448029
v -55.047619342803955 200.926722883406 230.48118655657194
v -55.75016736984253 203.7376780901661 231.45805854276205
v -54.78639006614685 203.54422509573226 230.47997019537328
v -54.92713451385498 206.43819765173166 231.45681832618024
v -54.01952862739563 206.06039941194427 230.47877769254094
v -53.59307527542114 208.9262862593255 231.45562582792365
v -52.77652144432068 208.3786863075175 230.4776805893802
v -51.799243688583374 211.10624269531957 231.45462411473144
v -51.10512375831604 210.40986955016385 230.47675042599997
v -49.61459040641785 212.89438203844918 231.45381320023762
v -49.06957447528839 212.07593858079736 230.47596337325183
v -47.12306261062622 214.22199205421342 231.45316925377892
v -46.748098731040955 213.3129495365108 230.47536712526943
v -44.420409202575684 215.03800348298816 231.45281149296514
v -44.22990679740906 214.07321870149934 230.47505705725303
v -41.61049425601959 215.31104043974807 231.45264455547638
v -41.611772775650024 214.32765900909322 230.47491396465196
v -38.801297545433044 215.03066019075183 231.4528114941615
v -38.994309306144714 214.06644761384896 230.47503321649825
v -36.100777983665466 214.2076392557515 231.4531692561173
v -36.47810518741608 213.299598096085 230.47539096930254
v -33.61271321773529 212.8735442546357 231.45381320363254
v -34.15985703468323 212.0565789921743 230.4759633764059
v -31.4327210187912 211.0797782330393 231.45462411904305
v -32.128652930259705 210.38516938536893 230.47675043002414
v -29.644575715065002 208.89510110917902 231.45562583300435
v -30.46255111694336 208.34964692459073 230.47772827782714
v -28.31699252128601 206.4035792740461 231.4568183318203
v -29.225578904151917 206.02811753633782 230.47880153965826
v -27.500993013381958 203.7009139452764 231.45810623246751
v -28.465276956558228 203.50994050406135 230.47999404281688
v -27.22793221473694 200.89100793962683 231.45939415058646
v -28.210851550102234 200.89181840342553 230.4811865622586
v -21.575039625167847 200.8836646473905 231.45939415178282
v -27.22793221473694 200.89100793962683 231.45939415058646
v -54.944008588790894 181.02620596276049 204.54627902454638
v -58.56480598449707 184.00557989441995 204.54489571138595
v -58.56480598449707 183.99747082898236 187.15147358593683
v -54.944008588790894 181.01804921361096 187.15288074096293
v -65.09509682655334 196.26124853362424 204.53917166878566
v -65.54862260818481 200.9282445354641 204.5369774575078
v -65.54862260818481 200.9201354700304 187.14357917391658
v -65.09509682655334 196.25309178447083 187.14574954334432
v -19.54250931739807 191.71484464907843 204.54127049298498
v -21.75827920436859 187.58238310154545 204.54322619859704
v -21.75827920436859 187.57422635238814 187.14978023129777
v -19.54250931739807 191.70673558364473 187.14787220939377
v -19.518691301345825 210.02195829514852 204.53273212524576
v -19.518691301345825 210.013801545999 187.1393338416623
v -65.0829553604126 205.59409612812425 204.53478324641634
v -65.0829553604126 205.5859393789747 187.1413849628329
v -24.737679958343506 183.96161550843362 204.54489571854867
v -24.737679958343506 183.95341107556825 187.151497434973
v -18.163380026817322 205.5330132881662 204.53483094008382
v -18.163380026817322 205.5249042227286 187.1414088146347
v -63.715964555740356 210.0794171727081 204.5327082740266
v -63.715964555740356 210.0713081072705 187.13928614857747
v -28.36620807647705 180.99163526879465 204.54630287203656
v -28.36620807647705 180.98347851964124 187.1528807465952
v -51.44031047821045 224.6624774634592 187.13246500001196
v -46.613818407058716 226.1196918188192 187.13179719058013
v -48.6780971288681 236.56046769257316 169.58616694189314
v -55.50340414047241 234.49962517869434 169.5871447938213
v -61.500197649002075 214.2119264039608 204.53077641026468
v -61.500197649002075 214.2037696548074 187.13735428482332
v -32.504430413246155 178.786597198283 204.547328431173
v -32.504430413246155 178.77848813284928 187.1539301475818
v -24.17956292629242 200.87507739742495 205.7958752475419
v -24.519282579421997 197.4711753438522 205.79747320658788
v -19.41581964492798 196.44917026274928 205.79792636839395
v -18.974775075912476 200.86825862606264 205.7958752486528
v -58.52079391479492 217.8327416807807 204.52905920658944
v -58.52079391479492 217.8245849316312 187.13566092300601
v -36.99330985546112 177.43128294362327 204.5479485402874
v -36.99330985546112 177.42312619447762 187.15457409856185
v -54.8922598361969 220.80267423670773 204.52767589496725
v -54.8922598361969 220.794565171274 187.13427761137604
v -41.66035056114197 176.97776312249513 204.54818703275424
v -41.66035056114197 176.96960637334558 187.1547887491708
v -50.75403451919556 223.00766462350356 204.52665033583855
v -50.75403451919556 222.99955555806596 187.13322821038943
v -46.32619023323059 177.44344229115745 204.54794853830637
v -46.32619023323059 177.43528554200793 187.15455025472292
v -46.26515209674835 224.36297887815942 204.52600638486626
v -46.26515209674835 224.35482212900988 187.13260810128284
v -50.811535120010376 178.81043905619316 204.54732842728868
v -50.811535120010376 178.8022823070436 187.15393014370522
v -41.598108410835266 224.8164986992953 204.52581557611524
v -41.598108410835266 224.8083896338577 187.13239345066611
v -48.32790493965149 184.78501811825709 205.80341189604488
v -51.34263038635254 186.4014484007255 205.80264869324182
v -54.23988699913025 182.07763210161337 205.80465211374536
v -50.325947999954224 179.97897640109295 205.805653813692
v -36.932262778282166 224.35086721434493 204.52603022869744
v -36.932262778282166 224.34271046519152 187.13260810325608
v -32.44692087173462 222.98387044931312 204.52667418157304
v -32.44692087173462 222.9757137001558 187.13322821427377
v -61.5347683429718 187.63411993320273 204.54317850645222
v -61.5347683429718 187.626010867769 187.149780222861
v -28.3144474029541 220.76805585902994 204.5277235843231
v -28.3144474029541 220.75994679358845 187.13427761701607
v -63.7397825717926 191.77235121035773 204.54127048361596
v -63.7397825717926 191.7641944612082 187.1478722000325
v -17.709851264953613 200.86601728632635 204.5370251513617
v -17.709851264953613 200.85790822088876 187.14360302591257
v -61.5347683429718 187.626010867769 187.149780222861
v -63.7397825717926 191.7641944612082 187.1478722000325
v -65.40272831916809 191.07793042316888 187.14815841413403
v -63.031864166259766 186.62846753288576 187.15025722253966
v -41.60652756690979 218.3473922306871 205.7876946436773
v -38.20270001888275 218.00769343921039 205.78786159202662
v -37.18065321445465 223.11113849192245 205.78547657477887
v -41.59975349903107 223.55221286322927 205.78528576805547
v -53.98406982421875 188.57501521879578 205.8016231392327
v -57.669198513031006 184.89941135250223 205.80336419369203
v -34.930551052093506 217.01043620662207 205.78833859165866
v -32.93250799179077 221.81643024006647 205.78607283216138
v -56.15072250366211 191.22208133492677 205.80038293135956
v -60.48210859298706 188.3360721188396 205.80174238745101
v -31.915831565856934 215.39400592414972 205.78907795260378
v -29.018571972846985 219.71786990697382 205.78705069023457
v -57.7593207359314 194.24103275071317 205.79897576989325
v -62.570518255233765 192.255482824103 205.79988208398098
v -24.510422348976135 204.27969470673105 205.79425344652142
v -24.17956292629242 200.87507739742495 205.7958752475419
v -18.974775075912476 200.86825862606264 205.7958752486528
v -19.404318928718567 205.28844371483984 205.79382412873298
v -29.274392127990723 213.22043910607948 205.7901035066129
v -25.58925747871399 216.89599528866108 205.78838629401926
v -58.748048543930054 197.51575961814032 205.7974493574663
v -63.8541579246521 196.50701061003932 205.79792635897056
v -25.516527891159058 194.1990710807952 205.7989996185876
v -20.710521936416626 192.20102802064397 205.7999297765686
v -27.107742428779602 210.5733729899446 205.79131987262812
v -22.776353359222412 213.45938220603176 205.78996041653667
v -59.07890796661377 200.92042461116617 205.79585139829598
v -64.28370475769043 200.92719569881265 205.79585139719282
v -27.132976055145264 191.18431583200098 205.80040677937026
v -22.809112071990967 188.28710094269218 205.80174239542944
v -25.499147176742554 207.55442157416206 205.79275087595235
v -20.687955617904663 209.5399715007684 205.7918207200067
v -58.73919129371643 204.32427898102304 205.79425343925772
v -63.84265422821045 205.34633174583792 205.79377643558598
v -29.306504130363464 188.54292407805258 205.80164698631893
v -25.630950927734375 184.8577834685911 205.80336420047408
v -57.74194598197937 207.59643092779586 205.79272702725027
v -62.54795789718628 209.59447398794708 205.79179686926923
v -31.953591108322144 186.3762713987724 205.80264869734367
v -29.067596793174744 182.04487338884482 205.80465211908245
v -18.175524473190308 196.20021337737813 204.53919552058747
v -18.175524473190308 196.19205662822472 187.1457733951461
v -56.125497817993164 210.6111384928743 205.79131986647536
v -60.44936180114746 213.50840106589504 205.78996040855048
v -34.9725067615509 184.7676612456985 205.80341189887267
v -32.986971735954285 179.95646968722576 205.8056538173588
v -53.951966762542725 213.25257793054237 205.79010350137682
v -57.62752294540405 216.93767085628028 205.78833860351364
v -38.247233629226685 183.7788917145223 205.80386505526397
v -37.23847270011902 178.6728240574401 205.80625007293898
v -51.30487680435181 215.41923060981867 205.78907794849417
v -54.190874099731445 219.75058093602266 205.78702684304736
v -41.65193438529968 183.44806209418817 205.80403200216833
v -41.65870547294617 178.24324146164986 205.80646471964806
v -48.28595817089081 217.02779307917677 205.78831474697296
v -50.27149319648743 221.83898463764947 205.7860728284868
v -45.05575895309448 183.78776088566488 205.80386505381898
v -46.077802777290344 178.6843158329528 205.80625007106673
v -45.01122832298279 218.01651492663714 205.78786159058942
v -46.019989252090454 223.12263026743514 205.78547657290662
v -18.974775075912476 200.86825862606264 205.7958752486528
v -19.41581964492798 196.44917026274928 205.79792636839395
v -18.175524473190308 196.20021337737813 204.53919552058747
v -17.709851264953613 200.86601728632635 204.5370251513617
v -20.710521936416626 192.20102802064397 205.7999297765686
v -19.54250931739807 191.71484464907843 204.54127049298498
v -22.809112071990967 188.28710094269218 205.80174239542944
v -21.75827920436859 187.58238310154545 204.54322619859704
v -25.630950927734375 184.8577834685911 205.80336420047408
v -24.737679958343506 183.96161550843362 204.54489571854867
v -29.067596793174744 182.04487338884482 205.80465211908245
v -28.36620807647705 180.99163526879465 204.54630287203656
v -32.986971735954285 179.95646968722576 205.8056538173588
v -32.504430413246155 178.786597198283 204.547328431173
v -37.23847270011902 178.6728240574401 205.80625007293898
v -36.99330985546112 177.43128294362327 204.5479485402874
v -41.65870547294617 178.24324146164986 205.80646471964806
v -41.66035056114197 176.97776312249513 204.54818703275424
v -46.077802777290344 178.6843158329528 205.80625007106673
v -46.32619023323059 177.44344229115745 204.54794853830637
v -50.325947999954224 179.97897640109295 205.805653813692
v -50.811535120010376 178.81043905619316 204.54732842728868
v -54.23988699913025 182.07763210161337 205.80465211374536
v -54.944008588790894 181.02620596276049 204.54627902454638
v -57.669198513031006 184.89941135250223 205.80336419369203
v -58.56480598449707 184.00557989441995 204.54489571138595
v -60.48210859298706 188.3360721188396 205.80174238745101
v -61.5347683429718 187.63411993320273 204.54317850645222
v -62.570518255233765 192.255482824103 205.79988208398098
v -63.7397825717926 191.77235121035773 204.54127048361596
v -63.8541579246521 196.50701061003932 205.79792635897056
v -65.09509682655334 196.26124853362424 204.53917166878566
v -64.28370475769043 200.92719569881265 205.79585139719282
v -65.54862260818481 200.9282445354641 204.5369774575078
v -63.84265422821045 205.34633174583792 205.79377643558598
v -65.0829553604126 205.59409612812425 204.53478324641634
v -62.54795789718628 209.59447398794708 205.79179686926923
v -63.715964555740356 210.0794171727081 204.5327082740266
v -60.44936180114746 213.50840106589504 205.78996040855048
v -61.500197649002075 214.2119264039608 204.53077641026468
v -57.62752294540405 216.93767085628028 205.78833860351364
v -58.52079391479492 217.8327416807807 204.52905920658944
v -54.190874099731445 219.75058093602266 205.78702684304736
v -54.8922598361969 220.80267423670773 204.52767589496725
v -50.27149319648743 221.83898463764947 205.7860728284868
v -50.75403451919556 223.00766462350356 204.52665033583855
v -46.019989252090454 223.12263026743514 205.78547657290662
v -46.26515209674835 224.36297887815942 204.52600638486626
v -41.59975349903107 223.55221286322927 205.78528576805547
v -41.598108410835266 224.8164986992953 204.52581557611524
v -37.18065321445465 223.11113849192245 205.78547657477887
v -36.932262778282166 224.35086721434493 204.52603022869744
v -32.93250799179077 221.81643024006647 205.78607283216138
v -32.44692087173462 222.98387044931312 204.52667418157304
v -29.018571972846985 219.71786990697382 205.78705069023457
v -28.3144474029541 220.76805585902994 204.5277235843231
v -25.58925747871399 216.89599528866108 205.78838629401926
v -24.69365894794464 217.78868192736664 204.52908305562562
v -22.776353359222412 213.45938220603176 205.78996041653667
v -21.72369360923767 214.16014188857994 204.53077641870144
v -20.687955617904663 209.5399715007684 205.7918207200067
v -19.518691301345825 210.02195829514852 204.53273212524576
v -19.404318928718567 205.28844371483984 205.79382412873298
v -18.163380026817322 205.5330132881662 204.53483094008382
v -18.974775075912476 200.86825862606264 205.7958752486528
v -17.709851264953613 200.86601728632635 204.5370251513617
v -17.709851264953613 200.86601728632635 204.5370251513617
v -17.709851264953613 200.85790822088876 187.14360302591257
v -17.709851264953613 200.85790822088876 187.14360302591257
v -18.175524473190308 196.19205662822472 187.1457733951461
v -16.411563754081726 195.8387679777431 187.14596418756742
v -15.910866856575012 200.85557171881356 187.14360302629325
v -28.3144474029541 220.75994679358845 187.13427761701607
v -24.69365894794464 217.78057286193294 187.1356847720344
v -23.419931530952454 219.05096241872056 187.1350885186139
v -27.31304168701172 222.25444981471216 187.13356211779333
v -65.09509682655334 196.25309178447083 187.14574954334432
v -66.85997247695923 195.9044284544199 187.14591649315415
v -19.54250931739807 191.70673558364473 187.14787220939377
v -17.8813636302948 191.0160846437577 187.14820610792583
v -21.72369360923767 214.15198513943042 187.13737813511798
v -20.226585865020752 215.14952847431755 187.13692497729727
v -65.54862260818481 200.9201354700304 187.14357917391658
v -67.34761595726013 200.9224719721056 187.1435791735359
v -21.75827920436859 187.57422635238814 187.14978023129777
v -20.263776183128357 186.57286832024315 187.15028107345583
v -19.518691301345825 210.013801545999 187.1393338416623
v -17.855751514434814 210.70006558402667 187.13897610198705
v -65.0829553604126 205.5859393789747 187.1413849628329
v -66.84691905975342 205.9392280294602 187.1412180122695
v -24.737679958343506 183.95341107556825 187.151497434973
v -23.467260599136353 182.6797313423929 187.15211753078742
v -18.163380026817322 205.5249042227286 187.1414088146347
v -16.398507356643677 205.87356755277952 187.14124186482485
v -63.715964555740356 210.0713081072705 187.13928614857747
v -65.3771162033081 210.76191136344173 187.1389522500532
v -28.36620807647705 180.98347851964124 187.1528807465952
v -27.368691563606262 179.48640057786326 187.15359624623747
v -17.709851264953613 200.85790822088876 187.14360302591257
v -15.910866856575012 200.85557171881356 187.14360302629325
v -61.500197649002075 214.2037696548074 187.13735428482332
v -62.99469470977783 215.205175370676 187.13690112637332
v -32.504430413246155 178.77848813284928 187.1539301475818
v -31.818151473999023 177.1155185437441 187.15471719982497
v -58.52079391479492 217.8245849316312 187.13566092300601
v -59.79121923446655 219.09831234852624 187.13506466904172
v -36.99330985546112 177.42312619447762 187.15457409856185
v -36.64464354515076 175.6583041883841 187.1553850092568
v -54.8922598361969 220.794565171274 187.13427761137604
v -55.88977932929993 222.291643113052 187.13356211173377
v -41.66035056114197 176.96960637334558 187.1547887491708
v -41.6626900434494 175.17064282672476 187.1555996654281
v -50.75403451919556 222.99955555806596 187.13322821038943
v -51.44031047821045 224.6624774634592 187.13246500001196
v -46.32619023323059 177.43528554200793 187.15455025472292
v -46.6794490814209 175.67132184280305 187.15538500713595
v -46.26515209674835 224.35482212900988 187.13260810128284
v -46.613818407058716 226.1196918188192 187.13179719058013
v -50.811535120010376 178.8022823070436 187.15393014370522
v -51.50213837623596 177.14112469913573 187.15469335379527
v -41.598108410835266 224.8083896338577 187.13239345066611
v -41.59576594829559 226.60735318047466 187.1315586925509
v -54.944008588790894 181.01804921361096 187.15288074096293
v -55.945420265197754 179.5235461924873 187.1535962401857
v -36.932262778282166 224.34271046519152 187.13260810325608
v -36.57900094985962 226.10672184811608 187.1317971926932
v -58.56480598449707 183.99747082898236 187.15147358593683
v -59.83852744102478 182.72703358847886 187.15206983936508
v -32.44692087173462 222.9757137001558 187.13322821427377
v -31.756317615509033 224.6368713080637 187.13246500418373
v -5.949640274047852 207.92963883733464 169.59957073059272
v -5.260050296783447 200.83353898435905 169.60288590494363
v -5.260050296783447 200.83268038025687 167.77857846337207
v -5.949640274047852 207.92878023323635 167.77528713087906
v -31.818151473999023 177.1155185437441 187.15471719982497
v -36.64464354515076 175.6583041883841 187.1553850092568
v -34.58035886287689 165.20121476832077 169.61953332700736
v -27.75505781173706 167.2619619147718 169.61857931695263
v -62.99469470977783 215.205175370676 187.13690112637332
v -59.79121923446655 219.09831234852624 187.13506466904172
v -67.31269359588623 226.63114449691957 169.5908177218777
v -71.84282541275024 221.12577340358916 169.59339353947078
v -17.855751514434814 210.70006558402667 187.13897610198705
v -16.398507356643677 205.87356755277952 187.14124186482485
v -5.949640274047852 207.92963883733464 169.59957073059272
v -8.010369539260864 214.75494286818224 169.59635096779166
v -67.34761595726013 200.9224719721056 187.1435791735359
v -66.84691905975342 205.9392280294602 187.1412180122695
v -77.29038596153259 208.02247903202903 169.59952303175132
v -77.99843549728394 200.92809579282294 169.60283820582256
v -41.6626900434494 175.17064282672476 187.1555996654281
v -46.6794490814209 175.67132184280305 187.15538500713595
v -48.770907521247864 165.21966836634323 169.6195333240009
v -41.67654514312744 164.5116128701818 169.61986722536852
v -63.031864166259766 186.62846753288576 187.15025722253966
v -65.40272831916809 191.07793042316888 187.14815841413403
v -75.24811029434204 187.0065965415681 169.60937314299005
v -71.89540266990662 180.71449182097663 169.61230671662696
v -27.31304168701172 222.25444981471216 187.13356211779333
v -23.419931530952454 219.05096241872056 187.1350885186139
v -15.878859162330627 226.56424424363146 169.59086541649293
v -21.384233236312866 231.09443566479447 169.58874275307707
v -20.263776183128357 186.57286832024315 187.15028107345583
v -23.467260599136353 182.6797313423929 187.15211753078742
v -15.945786237716675 175.13044259654657 169.61490638889626
v -11.415642499923706 180.63581368987698 169.61233057130318
v -51.50213837623596 177.14112469913573 187.15469335379527
v -55.945420265197754 179.5235461924873 187.1535962401857
v -61.87421679496765 170.6672467961072 169.61700519953925
v -55.59082627296448 167.29815385507942 169.61857931105624
v -20.226585865020752 215.14952847431755 187.13692497729727
v -11.363047361373901 221.0470952724934 169.5934412360049
v -41.59576594829559 226.60735318047466 187.1315586925509
v -36.57900094985962 226.10672184811608 187.1317971926932
v -34.48753356933594 236.54196641083487 169.58616694490738
v -41.581904888153076 237.25002190700016 169.58585688539765
v -27.368691563606262 179.48640057786326 187.15359624623747
v -21.462935209274292 170.6146516575574 169.61700520810808
v -16.411563754081726 195.8387679777431 187.14596418756742
v -17.8813636302948 191.0160846437577 187.14820610792583
v -8.04659128189087 186.91923997418527 169.60937315722222
v -5.96809983253479 193.73910806143715 169.60620107902264
v -65.3771162033081 210.76191136344173 187.1389522500532
v -75.21189451217651 214.84244248670862 169.59632711167828
v -31.756317615509033 224.6368713080637 187.13246500418373
v -27.667617797851562 234.46348092210255 169.58714479970996
v -55.88977932929993 222.291643113052 187.13356211173377
v -61.79553270339966 231.14698311962457 169.5887189026581
v -59.83852744102478 182.72703358847886 187.15206983936508
v -67.37960577011108 175.1973428498386 169.6148825361389
v -66.85997247695923 195.9044284544199 187.14591649315415
v -77.30885744094849 193.8319482561315 169.60615338018124
v -15.910866856575012 200.85557171881356 187.14360302629325
v -5.260050296783447 200.83353898435905 169.60288590494363
v -15.910866856575012 200.85557171881356 187.14360302629325
v -5.260050296783447 200.83353898435905 169.60288590494363
v -21.462935209274292 170.6146516575574 169.61700520810808
v -27.75505781173706 167.2619619147718 169.61857931695263
v -27.75505781173706 167.26110331067352 167.79429571723898
v -21.462935209274292 170.61379305345912 167.79272160839443
v -11.415642499923706 180.63581368987698 169.61233057130318
v -15.945786237716675 175.13044259654657 169.61490638889626
v -15.945786237716675 175.1295839924483 167.7906227891826
v -11.415642499923706 180.63500276949452 167.78804697158176
v -34.58035886287689 165.20121476832077 169.61953332700736
v -41.67654514312744 164.5116128701818 169.61986722536852
v -41.67654514312744 164.51075426608352 167.79558362565487
v -34.58035886287689 165.20035616422635 167.79527356915165
v -48.770907521247864 165.21966836634323 169.6195333240009
v -48.770907521247864 165.21880976224494 167.79524972428726
v -5.260050296783447 200.83353898435905 169.60288590494363
v -5.96809983253479 193.73910806143715 169.60620107902264
v -5.96809983253479 193.73829714105466 167.78191747930123
v -5.260050296783447 200.83268038025687 167.77857846337207
v -55.59082627296448 167.29815385507942 169.61857931105624
v -55.59082627296448 167.29729525098114 167.79429571134258
v -77.99843549728394 200.92809579282294 169.60283820582256
v -77.29038596153259 208.02247903202903 169.59952303175132
v -77.29038596153259 208.02162042792685 167.77521559017976
v -77.99843549728394 200.92723718872466 167.7785546061089
v -77.30885744094849 193.8319482561315 169.60615338018124
v -77.30885744094849 193.83108965203323 167.7818697804676
v -48.6780971288681 236.56046769257316 169.58616694189314
v -41.581904888153076 237.25002190700016 169.58585688539765
v -41.581904888153076 237.24911561918606 167.76157328569178
v -48.6780971288681 236.55956140476292 167.76190718404516
v -8.04659128189087 186.91923997418527 169.60937315722222
v -8.04659128189087 186.91838137009088 167.78511339936648
v -61.87421679496765 170.6672467961072 169.61700519953925
v -61.87421679496765 170.66638819200892 167.7927215998256
v -34.48753356933594 236.54196641083487 169.58616694490738
v -27.667617797851562 234.46348092210255 169.58714479970996
v -27.667617797851562 234.46257463428844 167.76286120000407
v -34.48753356933594 236.54106012302464 167.7619071870594
v -67.31269359588623 226.63114449691957 169.5908177218777
v -61.79553270339966 231.14698311962457 169.5887189026581
v -61.79553270339966 231.1461721992382 167.76441146107877
v -67.31269359588623 226.6303335765371 167.76653412215626
v -67.37960577011108 175.1973428498386 169.6148825361389
v -67.37960577011108 175.19648424573643 167.79057509456734
v -75.21189451217651 214.84244248670862 169.59632711167828
v -75.21189451217651 214.8415361988984 167.7720673538303
v -71.84282541275024 221.12577340358916 169.59339353947078
v -71.84282541275024 221.12491479949088 167.76910993975713
v -55.50340414047241 234.49962517869434 169.5871447938213
v -55.50340414047241 234.49881425831188 167.76286119409988
v -21.384233236312866 231.09443566479447 169.58874275307707
v -21.384233236312866 231.09352937697648 167.7644353115133
v -8.010369539260864 214.75494286818224 169.59635096779166
v -8.010369539260864 214.75408426408782 167.77209120993592
v -15.878859162330627 226.56424424363146 169.59086541649293
v -11.363047361373901 221.0470952724934 169.5934412360049
v -11.363047361373901 221.0461889846793 167.769157636299
v -15.878859162330627 226.56338563953318 167.76658181677928
v -71.89540266990662 180.71449182097663 169.61230671662696
v -75.24811029434204 187.0065965415681 169.60937314299005
v -75.24811029434204 187.00573793746594 167.7850657014185
v -71.89540266990662 180.71363321687832 167.7880231169133
v -77.63634920120239 228.20413404782119 164.2717943332809
v -83.27730894088745 217.16864401265735 164.27699365621484
v -80.514657497406 216.71541029381638 164.27718446491926
v -75.24775266647339 227.019098342348 164.27236673093756
v -85.28669476509094 162.88701322022834 147.94658152889798
v -85.28669476509094 162.89465720038476 164.302370235386
v -85.23201942443848 204.93009382743256 164.28271769602617
v -85.23201942443848 204.92246176820316 147.92691706860725
v 1.9839346408843994 204.80899836641842 147.92697669173756
v 1.9839346408843994 204.8166542675038 164.28276539822363
v 1.929253339767456 162.781217640456 164.3024179375835
v 1.929253339767456 162.7735617393687 147.94661731016845
v -66.44073724746704 150.0489502616665 164.30838047641066
v -16.9500470161438 149.9845772453091 164.30838048689836
v -16.9500470161438 149.98629445919624 167.99187600816404
v -66.44073724746704 150.05066747554974 167.99185215581844
v -83.27730894088745 217.16864401265735 164.27699365621484
v -83.27730894088745 217.160988111572 147.92120494972875
v -77.63634920120239 228.20413404782119 164.2717943332809
v -77.63634920120239 228.1964781467358 147.9160056267948
v -68.86131167411804 236.95638471853968 164.26769210779773
v -68.86131167411804 236.9487288174543 147.91190340131163
v -57.81117081642151 242.56861501901952 164.26509243093713
v -57.81117081642151 242.56095911793417 147.90930372445106
v -57.81117081642151 242.56095911793417 147.90930372445106
v -57.81117081642151 242.56861501901952 164.26509243093713
v -45.567578077316284 244.49150854304568 164.26420996891534
v -45.567578077316284 244.48385264196034 147.90842126242927
v 1.9839346408843994 204.7707188609897 66.14802123837829
v 1.9839346408843994 204.76308680176223 49.79223253188834
v 0.061064958572387695 217.006691460864 49.786508491253514
v 0.061064958572387695 217.01434736194938 66.14229719773958
v -5.55117130279541 228.05677271307272 49.78133300780027
v -5.55117130279541 228.0644286141581 66.13712171428634
v -14.303410053253174 236.83181619995332 49.77723077860368
v -14.303410053253174 236.8394721010387 66.13301948508975
v -25.338920950889587 242.47284746478087 49.77458341333501
v -25.338920950889587 242.48050336586624 66.13037211982108
v -37.577468156814575 244.42759371097114 49.773677104265836
v -37.577468156814575 244.43522577019857 66.12946581075579
v -15.198120474815369 145.69072749689772 147.95461903664426
v -15.198120474815369 145.6983833979831 164.31040774313036
v -68.20380091667175 145.76728636733952 164.31038389004672
v -68.20380091667175 145.75963046625222 147.95458326263167
v -15.198120474815369 145.6524718333269 66.1756635832811
v -15.198120474815369 145.64481593224153 49.81987487679504
v 1.929253339767456 162.72765017471446 49.811885071248184
v 1.929253339767456 162.73530607579983 66.16767377773425
v -85.28669476509094 162.84879331944438 66.16762607552901
v -85.28669476509094 162.841137418359 49.81183736904294
v -68.20380091667175 145.71371890159799 49.81985102371141
v -68.20380091667175 145.72137480268336 66.17563973019747
v -25.338920950889587 242.47284746478087 49.77458341333501
v -14.303410053253174 236.83181619995332 49.77723077860368
v -9.334897994995117 241.6617474587395 49.77496501520654
v -22.37783968448639 248.32883692051473 49.771864487471476
v -85.28669476509094 162.89465720038476 164.302370235386
v -68.20380091667175 145.76728636733952 164.31038389004672
v -66.44073724746704 150.0489502616665 164.30838047641066
v -82.39078521728516 166.04049498395736 164.30089152767357
v 0.061064958572387695 217.06021124288975 164.2770413575966
v -5.55117130279541 228.11043554624203 164.27184203226213
v -7.942831516265869 226.93155104010967 164.27241442891665
v -2.702760696411133 216.6141777651376 164.27723216512794
v -37.577468156814575 244.48106580928103 164.2642099706167
v -45.567578077316284 244.49150854304568 164.26420996891534
v -45.30559778213501 242.22638899060433 164.2652593796982
v -37.8453403711319 242.216661512577 164.26525938128302
v -85.23201942443848 204.93009382743256 164.28271769602617
v -82.33973979949951 205.2884369517911 164.2825269027814
v 1.929253339767456 162.781217640456 164.3024179375835
v 1.9839346408843994 204.8166542675038 164.28276539822363
v -0.9074032306671143 205.182531418962 164.2825746037514
v -0.9584486484527588 165.93463713484405 164.30093922863583
v -57.81117081642151 242.56861501901952 164.26509243093713
v -56.73726797103882 240.4310017226778 164.26611797908868
v -25.338920950889587 242.52641493052244 164.2651162796703
v -26.418378949165344 240.3915672896944 164.26611798551338
v -68.86131167411804 236.95638471853968 164.26769210779773
v -67.0546293258667 235.19089514043245 164.26855070231724
v -14.303410053253174 236.8853836656949 164.26776364493898
v -16.114673018455505 235.12471014287385 164.26855071310015
v -15.198120474815369 145.6983833979831 164.31040774313036
v -16.9500470161438 149.9845772453091 164.30838048689836
v -57.81117081642151 242.56861501901952 164.26509243093713
v -56.73726797103882 240.4310017226778 164.26611797908868
v -15.198120474815369 145.6983833979831 164.31040774313036
v -16.9500470161438 149.9845772453091 164.30838048689836
v -45.30559778213501 242.22638899060433 164.2652593796982
v -56.73726797103882 240.4310017226778 164.26611797908868
v -56.73726797103882 240.43271893656103 167.94958965849645
v -45.30559778213501 242.22810620448757 167.94873105910597
v -82.33973979949951 205.2884369517911 164.2825269027814
v -82.39078521728516 166.04049498395736 164.30089152767357
v -82.39078521728516 166.0422598815603 167.98438704893147
v -82.33973979949951 205.29015416567825 167.96602242404705
v -2.702760696411133 216.6141777651376 164.27723216512794
v -7.942831516265869 226.93155104010967 164.27241442891665
v -7.942831516265869 226.9332682539929 167.95588610832442
v -2.702760696411133 216.61589497902474 167.96072768639362
v -56.73726797103882 240.4310017226778 164.26611797908868
v -67.0546293258667 235.19089514043245 164.26855070231724
v -67.0546293258667 235.19261235431568 167.95202238172502
v -56.73726797103882 240.43271893656103 167.94958965849645
v -0.9584486484527588 165.93463713484405 164.30093922863583
v -0.9074032306671143 205.182531418962 164.2825746037514
v -0.9074032306671143 205.1842486328491 167.9660701250171
v -0.9584486484527588 165.9363543487273 167.98441090804357
v -80.514657497406 216.71541029381638 164.27718446491926
v -80.514657497406 216.71712750769962 167.96065614432703
v -16.114673018455505 235.12471014287385 164.26855071310015
v -26.418378949165344 240.3915672896944 164.26611798551338
v -26.418378949165344 240.39328450357763 167.94958966492115
v -16.114673018455505 235.12642735676485 167.95207007622375
v -37.8453403711319 242.216661512577 164.26525938128302
v -37.8453403711319 242.2183787264641 167.9487549025487
v -16.9500470161438 149.9845772453091 164.30838048689836
v -0.9584486484527588 165.93463713484405 164.30093922863583
v -0.9584486484527588 165.9363543487273 167.98441090804357
v -16.9500470161438 149.98629445919624 167.99187600816404
v -75.24775266647339 227.019098342348 164.27236673093756
v -75.24775266647339 227.02081555623124 167.95583841034534
v -82.39078521728516 166.04049498395736 164.30089152767357
v -66.44073724746704 150.0489502616665 164.30838047641066
v -66.44073724746704 150.05066747554974 167.99185215581844
v -82.39078521728516 166.0422598815603 167.98438704893147
v -30.770450830459595 145.21775833885417 36.10460776497489
v -30.824801325798035 103.42860644634092 25.94950898247144
v -30.82251250743866 105.18432037189052 22.936052828661964
v -30.77426552772522 142.28191896461075 31.96208543139413
v -52.68706679344177 103.35597497150837 -30.37015691450961
v -52.69554257392883 96.83970938524817 -28.633848708710133
v -52.692461013793945 99.20968592051926 -25.616614292582188
v -52.68493294715881 104.99796424496446 -27.18343061189418
v -52.70398259162903 90.35687164093666 -17.339768825617362
v -52.70397067070007 90.38181515172526 12.904486236237192
v -52.7000367641449 93.39833445048744 11.383828205416123
v -52.70002484321594 93.3964703909347 -15.590253787383565
v 9.850597381591797 154.0775380232753 49.81593959637505
v -10.392361879348755 133.8872037047454 49.82538426153045
v -10.392361879348755 133.83726146865774 -56.88681398778062
v 9.850597381591797 154.02764347090346 -56.896258652943786
v -57.81117081642151 242.51504755327795 49.77455956460183
v -45.567578077316284 244.43794107730415 49.77367710258004
v -46.28622531890869 250.65146303422762 49.77076738360378
v -60.75700521469116 248.37880945469053 49.771840637472
v -5.55117130279541 228.05677271307272 49.78133300780027
v 0.061064958572387695 217.006691460864 49.786508491253514
v 7.642555236816406 218.2303032924358 49.785936087312
v 1.0094225406646729 231.29049158489826 49.77983044391226
v -77.63634920120239 228.15061426579933 49.781285308795724
v -68.86131167411804 236.90281725280587 49.777206925178234
v -73.81724119186401 241.74562311486355 49.77494115968355
v -84.18850898742676 231.4013085404569 49.77978274214206
v -68.20380091667175 145.71371890159799 49.81985102371141
v -85.28669476509094 162.841137418359 49.81183736904294
v -93.23051571846008 154.21162463215038 49.81586804895584
v -73.04012775421143 133.96869517507844 49.825360406395895
v -85.23201942443848 204.876526361691 49.79218482969087
v -83.27730894088745 217.11507654691582 49.78646078987953
v -90.85561037063599 218.3583817531175 49.78586454087164
v -93.1658923625946 203.89352656012906 49.79263798514216
v -37.577468156814575 244.42759371097114 49.773677104265836
v -36.84265911579132 250.63916063554598 49.7707673856081
v 1.9839346408843994 204.76308680176223 49.79223253188834
v 1.929253339767456 162.72765017471446 49.811885071248184
v 9.850597381591797 154.0775380232753 49.81593959637505
v 9.915226697921753 203.75948763496982 49.792709532553594
v -15.198120474815369 145.64481593224153 49.81987487679504
v -10.392361879348755 133.8872037047454 49.82538426153045
v 9.850597381591797 154.02764347090346 -56.896258652943786
v -10.392361879348755 133.83726146865774 -56.88681398778062
v -25.844109058380127 171.64100673555043 -56.9045108053618
v -15.618550777435303 181.84002902786622 -56.909268917646514
v -60.75700521469116 248.37880945469053 49.771840637472
v -46.28622531890869 250.65146303422762 49.77076738360378
v -46.28622531890869 250.6014731144222 -56.94144278662847
v -60.75700521469116 248.3288195348851 -56.94036953276025
v -73.04012775421143 133.96869517507844 49.825360406395895
v -93.23051571846008 154.21162463215038 49.81586804895584
v -93.23051571846008 154.1616823960627 -56.89633020035523
v -73.04012775421143 133.91875293898883 -56.88684976384413
v 7.642555236816406 218.2303032924358 49.785936087312
v 9.915226697921753 203.75948763496982 49.792709532553594
v 9.915226697921753 203.70959308259603 -56.9195006376942
v 7.642555236816406 218.18036105634812 -56.92626216199907
v 1.0094225406646729 231.29049158489826 49.77983044391226
v 1.0094225406646729 231.24059703252448 -56.93237972633553
v -73.04012775421143 133.96869517507844 49.825360406395895
v -73.04012775421143 133.91875293898883 -56.88684976384413
v -50.48185586929321 133.90736279114336 -18.461797596002828
v -50.48185586929321 133.92133898503522 11.40032016905454
v -9.334897994995117 241.6617474587395 49.77496501520654
v -9.334897994995117 241.61185290636766 -56.9372332341123
v -93.1658923625946 203.89352656012906 49.79263798514216
v -90.85561037063599 218.3583817531175 49.78586454087164
v -90.85561037063599 218.30843951702983 -56.92633370843943
v -93.1658923625946 203.8436320077572 -56.91956026417668
v -93.23051571846008 154.21162463215038 49.81586804895584
v -93.23051571846008 154.1616823960627 -56.89633020035523
v -22.37783968448639 248.32883692051473 49.771864487471476
v -22.37783968448639 248.278942368139 -56.94035760370527
v -84.18850898742676 231.4013085404569 49.77978274214206
v -84.18850898742676 231.35141398807923 -56.93245126996364
v -36.84265911579132 250.63916063554598 49.7707673856081
v -36.84265911579132 250.58926608317415 -56.94143086371074
v -73.81724119186401 241.74562311486355 49.77494115968355
v -73.81724119186401 241.69572856248976 -56.93726901056424
v -11.27682626247406 210.80005615009907 -118.95917512127772
v -11.277031898498535 210.67012703073317 -63.67924069382834
v -11.521050333976746 23.02627957707551 -122.14255708092648
v -11.500498652458191 38.79963829509805 -178.38926947434194
v -72.17905521392822 38.8786025284926 -178.38929332906474
v -72.19963073730469 23.105243810458408 -122.14265246122304
v -71.95559740066528 210.7490912641277 -63.67926454855116
v -71.95539474487305 210.87897269977393 -118.95922281785069
v -72.17905521392822 38.8786025284926 -178.38929332906474
v -11.500498652458191 38.79963829509805 -178.38926947434194
v -6.127262115478516 41.52209078043056 -188.1223030981227
v -77.54518985748291 41.61500250069867 -188.12235079697575
v -52.63269543647766 145.1592872713626 -30.38109521698544
v -52.6364803314209 142.24786315123697 -27.209519673226712
v -52.70172953605652 92.07934944495291 -23.861721258496896
v -52.69798040390015 94.96569285226818 -21.375874255597363
v -30.833324790000916 96.84404860242063 -28.63978533203671
v -30.824843049049377 103.37056618720153 -30.378430041581645
v -30.822473764419556 105.19265689593328 -26.942365618284047
v -30.82995116710663 99.44190565426939 -25.385181415681696
v -52.687036991119385 103.40109293316694 25.8933733325045
v -52.632737159729004 145.16111007442058 36.042988492435256
v -52.63644456863403 142.30480716574615 32.06975525798744
v -52.6849627494812 105.00264542431042 22.99556213560432
v -52.70169973373413 92.12456065728823 19.409260045935927
v -52.698010206222534 94.95868962817998 17.18361022735564
v -30.77038824558258 145.23686867570294 -30.389070331096
v -30.77433407306671 142.20413722307703 -26.968621533778634
v -30.841776728630066 90.35396293633032 -17.32713264045109
v -30.839526653289795 92.07691757570826 -23.86011193269176
v -30.835440754890442 95.22466314610514 -21.171990649870274
v -30.837473273277283 93.66321312420439 -15.424707890442301
v -49.31611120700836 101.56688321448136 -22.63294921030974
v -49.32095408439636 97.84216572801394 -18.904725756491324
v -34.205058217048645 98.03919486493407 -18.76262831544691
v -34.20023322105408 101.75008407606263 -22.47704733128243
v -49.31559860706329 101.72948291196707 -33.51837861912495
v -34.20058190822601 101.70983722105105 -33.51836669499531
v -34.209951758384705 94.49939213235758 -31.582704681183863
v -49.324971437454224 94.51903782327167 -31.582728526242462
v -34.20058190822601 101.739029817376 28.857035750810958
v -49.31559860706329 101.75867550829396 28.85703574761027
v -49.324971437454224 94.54641780878218 26.928135250272884
v -34.209951758384705 94.52672443415034 26.9281471744103
v -34.21682119369507 89.24522752651008 21.651551488702196
v -49.33183789253235 89.26487321742805 21.651551485501507
v -49.33435320854187 87.32919928267795 14.441046792165212
v -34.21933352947235 87.30955359176386 14.441070637223811
v -52.69550681114197 96.89126408400342 24.164565513237914
v -52.69249081611633 99.20487753053435 21.43274121509879
v -34.21933352947235 87.29390787024494 -19.08892623217586
v -49.33435320854187 87.3135535611629 -19.08892623537655
v -34.21682119369507 89.2227606838665 -26.301183931679873
v -49.33183789253235 89.24245405850029 -26.30118393488833
v -49.31601881980896 101.58624953217495 18.669791360418692
v -49.30937886238098 106.67734472470829 20.031375194365136
v -34.19375419616699 106.8416151253325 20.029062507384808
v -34.20032560825348 101.76935500136192 18.672473539601917
v -49.322691559791565 96.49162453041909 9.855183139687606
v -49.32089447975159 97.8580022364889 14.945014269310377
v -34.205129742622375 98.05498366923834 14.961560486607675
v -34.20686721801758 96.6936604401141 9.890564423910451
v -49.322712421417236 96.48055805221345 -13.813606722096173
v -34.20684635639191 96.68264165993028 -13.690415875197994
v -49.30947721004486 106.65673818596204 -23.99932691638344
v -34.19364094734192 106.82110398062167 -23.838346718552646
v -49.26695227622986 139.3576106047364 -24.014614874952187
v -34.15127992630005 139.4006690263569 -23.853586973642095
v -49.266839027404785 139.38198545508092 27.98345202323798
v -34.151384234428406 139.42494847784556 27.951599294070444
v -30.839484930038452 92.13428814480305 19.467493782296675
v -30.841755867004395 90.3838655603152 12.958559569643374
v -30.837494134902954 93.66007036615902 11.380967139824712
v -30.8354914188385 95.20550053567636 17.149301753612324
v -30.833274126052856 96.91019452877451 24.22343105733393
v -30.830001831054688 99.42241063315906 21.377821459962107
v -34.14032757282257 148.06953130175245 40.122198776802584
v -49.25534725189209 148.08917699266848 40.12218685267294
v -34.14032757282257 148.03504397411135 -33.540046491169775
v -49.25534725189209 148.05468966502738 -33.54005841529942
v -49.33183789253235 89.24245405850029 -26.30118393488833
v -52.23614573478699 102.54439787178755 -31.944291608947093
v -52.24506855010986 95.68099485059976 -30.10827669681148
v -51.00209712982178 101.9490188083215 -33.09659234660331
v -51.01135969161987 94.83155696112914 -31.18762130787118
v -51.01135969161987 94.83155696112914 -31.18762130787118
v -31.286829710006714 95.67012296290719 -30.111256927278994
v -31.277889013290405 102.53858045778743 -31.94840432848882
v -32.52275884151459 94.81191127007911 -31.188431927839435
v -32.51349925994873 101.93075594498364 -33.09768906909178
v -32.52275884151459 94.81191127007911 -31.188431927839435
v -31.293362379074097 90.6482178834495 -25.080647931921682
v -32.52953290939331 89.6035628916889 -25.974145228766808
v -32.52953290939331 89.6035628916889 -25.974145228766808
v -31.295743584632874 88.82236184066362 -18.208041356986065
v -32.532018423080444 87.70227125098886 -18.85286806353824
v -31.277871131896973 102.58217304366363 27.403278327373698
v -31.286799907684326 95.71686207698244 25.575789116132366
v -31.277871131896973 102.58217304366363 27.403278327373698
v -32.513487339019775 101.96381079029074 28.467507439653353
v -32.52274692058563 94.84448865733894 26.565774724263466
v -31.293341517448425 90.68813658931867 20.55952263576357
v -32.52953290939331 89.63060727009939 21.35895222471347
v -31.29573166370392 88.8451121715576 13.699803182764887
v -31.29573166370392 88.8451121715576 13.699803182764887
v -32.532018423080444 87.71982425032145 14.242444052132724
v -31.220543384552002 146.63433507857218 -31.96454052947532
v -32.454025745391846 147.65853342277018 -33.117902493671195
v -31.22057318687439 146.64207125768124 38.113403271145096
v -32.45403170585632 147.6858680365696 39.58394505512957
v -52.251607179641724 90.66247531434965 -25.081446636484504
v -52.253979444503784 88.83681000552976 -18.21434753075721
v -51.01813077926636 89.62411457317054 -25.97437172976525
v -51.02061629295349 87.72287061594356 -18.854584680663834
v -51.01813077926636 89.62411457317054 -25.97437172976525
v -52.25158929824829 90.69633818369701 20.53041172591906
v -52.24505662918091 95.72048603458957 25.54635634195186
v -51.01813077926636 89.64958538772181 21.35113209222701
v -51.01135969161987 94.86217931462257 26.55788306641303
v -50.99644064903259 106.42103750701769 -24.439078026206804
v -51.00318193435669 101.23614889435274 -23.045413298271985
v -51.00318193435669 101.23614889435274 -23.045413298271985
v -52.231937646865845 105.81388056360181 -25.604527546581615
v -52.23901867866516 100.37335956237432 -24.137513301138394
v -51.00811719894409 97.4406687849774 -19.24740471482185
v -52.24419832229614 96.38781219230114 -20.15191694868526
v -51.009929180145264 96.05083236482047 -14.061705025498062
v -52.246105670928955 94.92201565426107 -14.711991516089997
v -51.00314021110535 101.25227284683488 19.039697840306477
v -50.996387004852295 106.43954609864478 20.428699795180208
v -52.23901867866516 100.38061468640322 20.051009990221683
v -52.231937646865845 105.8265721085409 21.513683243892796
v -52.231937646865845 105.8265721085409 21.513683243892796
v -51.008087396621704 97.45345364011092 15.243574000899644
v -52.2442102432251 96.39230036174047 16.062959225510763
v -51.00991725921631 96.0607068234454 10.057087983605172
v -52.246105670928955 94.92845708244765 10.616596968578667
v -50.95309615135193 139.7413690777748 -24.455832359959732
v -52.186429500579834 140.79923212272973 -25.62522797908486
v -52.186429500579834 140.79923212272973 -25.62522797908486
v -52.18639373779297 140.83986771586234 30.029178561841885
v -52.18639373779297 140.83986771586234 30.029178561841885
v -50.95303654670715 139.77003562403814 28.533483622003892
v -32.51397907733917 101.45582780433587 -22.853915531327846
v -32.507264614105225 106.616350039279 -24.24105950715445
v -32.51397907733917 101.45582780433587 -22.853915531327846
v -31.280362606048584 100.61101523771976 -23.918406665663078
v -31.273332238197327 106.02030340642892 -25.37717162318091
v -31.273332238197327 106.02030340642892 -25.37717162318091
v -31.280362606048584 100.61101523771976 -23.918406665663078
v -32.5188934803009 97.6781814017602 -19.073812186073717
v -32.51397907733917 101.45582780433587 -22.853915531327846
v -32.51397907733917 101.45582780433587 -22.853915531327846
v -32.5188934803009 97.6781814017602 -19.073812186073717
v -31.285524368286133 96.64802226149675 -19.95572234233618
v -31.280362606048584 100.61101523771976 -23.918406665663078
v -31.285524368286133 96.64802226149675 -19.95572234233618
v -32.520705461502075 96.29459154437096 -13.912693453272995
v -32.5188934803009 97.6781814017602 -19.073812186073717
v -32.5188934803009 97.6781814017602 -19.073812186073717
v -31.287425756454468 95.18942595938327 -14.547482740076587
v -31.285524368286133 96.64802226149675 -19.95572234233618
v -31.287425756454468 95.18942595938327 -14.547482740076587
v -32.50732719898224 106.63299893204393 20.41836431825869
v -32.51402974128723 101.46985364138494 19.035167851855135
v -31.273362040519714 106.02636687272788 21.482378851906063
v -31.280404329299927 100.61083166220996 20.025391876390113
v -31.280404329299927 100.61083166220996 20.025391876390113
v -31.273362040519714 106.02636687272788 21.482378851906063
v -32.51402974128723 101.46985364138494 19.035167851855135
v -32.51892626285553 97.68924961686804 15.256007491383748
v -32.51892626285553 97.68924961686804 15.256007491383748
v -31.28555417060852 96.64631151490923 16.056784142928365
v -31.28555417060852 96.64631151490923 16.056784142928365
v -31.280404329299927 100.61083166220996 20.025391876390113
v -32.51892626285553 97.68924961686804 15.256007491383748
v -32.52071440219879 96.30375072885268 10.093124912239496
v -32.51892626285553 97.68924961686804 15.256007491383748
v -31.287434697151184 95.19338781113831 10.638650643982869
v -31.287434697151184 95.19338781113831 10.638650643982869
v -31.28555417060852 96.64631151490923 16.056784142928365
v -32.507264614105225 106.616350039279 -24.24105950715445
v -32.46413469314575 139.77980218499312 -24.257778052561612
v -31.273332238197327 106.02030340642892 -25.37717162318091
v -31.228089332580566 140.8059555636839 -25.39797931150959
v -31.228089332580566 140.8059555636839 -25.39797931150959
v -31.273332238197327 106.02030340642892 -25.37717162318091
v -32.52071440219879 96.30375072885268 10.093124912239496
v -32.520705461502075 96.29459154437096 -13.912693453272995
v -31.287434697151184 95.19338781113831 10.638650643982869
v -31.287425756454468 95.18942595938327 -14.547482740076587
v -31.287434697151184 95.19338781113831 10.638650643982869
v -32.46417939662933 139.81123434682175 28.486312499416524
v -32.50732719898224 106.63299893204393 20.41836431825869
v -31.228071451187134 140.8568907902037 29.954255520585804
v -31.273362040519714 106.02636687272788 21.482378851906063
v -31.273362040519714 106.02636687272788 21.482378851906063
v -31.228071451187134 140.8568907902037 29.954255520585804
v -52.23613381385803 102.58145778335253 27.375204539801018
v -52.23613381385803 102.58145778335253 27.375204539801018
v -51.00209712982178 101.98030935473905 28.45998533079474
v -52.253979444503784 88.85712846353753 13.672754593008111
v -52.253979444503784 88.85712846353753 13.672754593008111
v -51.020610332489014 87.7398037260674 14.23518420314401
v -52.17882990837097 146.6086335563937 -31.960558935017016
v -50.94263553619385 147.6684039521217 -33.11681769074439
v -50.942641496658325 147.69850421991603 39.57568384930501
v -52.178847789764404 146.62671709616467 38.08257575136878
v -47.53548502922058 136.6946685465331 -7.224248268313108
v -47.53548502922058 136.70005867755387 4.260684630283977
v -35.88975965976715 136.684895255923 4.260684632754412
v -35.88975965976715 136.67955280861807 -7.224248265850441
v -35.923564434051514 110.69526685227652 0.7896004575784433
v -35.923564434051514 110.69789037031136 6.397634591062225
v -35.930320620536804 105.50122397003493 8.34491918251868
v -35.930320620536804 105.49907746011549 3.786212899298995
v -35.930320620536804 105.49907746011549 3.786212899298995
v -35.930320620536804 105.50122397003493 8.34491918251868
v -47.57604897022247 105.51633970794997 8.344919180056014
v -47.57604897022247 105.51424088174247 3.78618905497065
v -47.54224419593811 131.49733435086085 -6.6480254786582735
v -47.54224419593811 131.50219977167168 3.6747718189805814
v -47.53548502922058 136.70005867755387 4.260684630283977
v -47.53548502922058 136.6946685465331 -7.224248268313108
v -35.923564434051514 110.69526685227652 0.7896004575784433
v -35.930320620536804 105.49907746011549 3.786212899298995
v -47.57604897022247 105.51424088174247 3.78618905497065
v -47.569286823272705 110.71043027390738 0.7896004551080085
v -35.89651882648468 131.48703635004472 3.6747956633089265
v -35.88975965976715 136.684895255923 4.260684632754412
v -47.53548502922058 136.70005867755387 4.260684630283977
v -47.54224419593811 131.50219977167168 3.6747718189805814
v -35.930320620536804 105.50122397003493 8.34491918251868
v -35.923564434051514 110.69789037031136 6.397634591062225
v -47.569286823272705 110.71305379193834 6.39761074673388
v -47.57604897022247 105.51633970794997 8.344919180056014
v -35.916805267333984 115.8946044590056 4.479210568598244
v -47.56252467632294 115.90976788063064 4.479174803340944
v -35.91004014015198 121.09160476083805 3.2411378034118616
v -47.55576550960541 121.10676818246891 3.2411378009414267
v -35.90328097343445 126.28917744887421 3.1178030256505505
v -47.54900336265564 126.30434087049925 3.1177672603932503
v -35.88975965976715 136.67955280861807 -7.224248265850441
v -35.89651882648468 131.48221861294778 -6.648013555266652
v -47.54224419593811 131.49733435086085 -6.6480254786582735
v -47.53548502922058 136.6946685465331 -7.224248268313108
v -35.90328097343445 126.28488441002543 -6.116291593401123
v -47.549012303352356 126.30000014794047 -6.11629159586379
v -35.91004014015198 121.08783642606778 -4.868455587392763
v -47.55576550960541 121.10299984769864 -4.868455589863198
v -35.916805267333984 115.89140852969368 -2.3974607451206653
v -47.56252467632294 115.90652426760678 -2.397472668512287
v -47.57604897022247 105.51424088174247 3.78618905497065
v -47.57604897022247 105.51633970794997 8.344919180056014
v -47.569286823272705 110.71305379193834 6.39761074673388
v -47.569286823272705 110.71043027390738 0.7896004551080085
v -47.56252467632294 115.90976788063064 4.479174803340944
v -47.56252467632294 115.90652426760678 -2.397472668512287
v -47.55576550960541 121.10676818246891 3.2411378009414267
v -47.55576550960541 121.10299984769864 -4.868455589863198
v -47.54900336265564 126.30434087049925 3.1177672603932503
v -47.549012303352356 126.30000014794047 -6.11629159586379
v -35.88975965976715 136.67955280861807 -7.224248265850441
v -35.88975965976715 136.684895255923 4.260684632754412
v -35.89651882648468 131.48703635004472 3.6747956633089265
v -35.89651882648468 131.48221861294778 -6.648013555266652
v -35.90328097343445 126.28917744887421 3.1178030256505505
v -35.90328097343445 126.28488441002543 -6.116291593401123
v -35.91004014015198 121.09160476083805 3.2411378034118616
v -35.91004014015198 121.08783642606778 -4.868455587392763
v -35.916805267333984 115.8946044590056 4.479210568598244
v -35.916805267333984 115.89140852969368 -2.3974607451206653
v -50.48185586929321 133.92133898503522 11.40032016905454
v -50.48185586929321 133.90736279114336 -18.461797596002828
v -50.467318296432495 145.08628544348886 -18.467032705091775
v -50.467318296432495 145.10021395366488 11.395085059973361
v -10.392361879348755 133.8872037047454 49.82538426153045
v -32.950639724731445 133.89854616887504 11.400332093696916
v -10.392361879348755 133.83726146865774 -56.88681398778062
v -32.950639724731445 133.88456997498318 -18.461785671360452
v -32.93609619140625 145.07742113750473 11.395096984615737
v -50.467318296432495 145.10021395366488 11.395085059973361
v -50.467318296432495 145.08628544348886 -18.467032705091775
v -32.93609619140625 145.06344494361286 -18.46702078044163
v -50.48185586929321 133.90736279114336 -18.461797596002828
v -32.950639724731445 133.88456997498318 -18.461785671360452
v -32.93609619140625 145.06344494361286 -18.46702078044163
v -50.467318296432495 145.08628544348886 -18.467032705091775
v -32.950639724731445 133.88456997498318 -18.461785671360452
v -32.950639724731445 133.89854616887504 11.400332093696916
v -32.93609619140625 145.07742113750473 11.395096984615737
v -32.93609619140625 145.06344494361286 -18.46702078044163
v -32.950639724731445 133.89854616887504 11.400332093696916
v -50.48185586929321 133.92133898503522 11.40032016905454
v -50.467318296432495 145.10021395366488 11.395085059973361
v -32.93609619140625 145.07742113750473 11.395096984615737
v -57.88264870643616 226.1248018974169 -56.92998278614675
v -51.285380125045776 229.47544124042219 -56.931556894657255
v -51.285380125045776 229.37169300798973 -278.82188719239366
v -57.88264870643616 226.02105366497668 -278.82036076759897
v -60.75700521469116 248.3288195348851 -56.94036953276025
v -46.28622531890869 250.6014731144222 -56.94144278662847
v -43.97558867931366 230.62352206614045 -56.93209352350634
v -51.285380125045776 229.47544124042219 -56.931556894657255
v -73.04012775421143 133.91875293898883 -56.88684976384413
v -93.23051571846008 154.1616823960627 -56.89633020035523
v -67.68909096717834 181.90773990432524 -56.90930469146488
v -57.49009847640991 171.68215778230143 -56.90452273299511
v 7.642555236816406 218.18036105634812 -56.92626216199907
v 9.915226697921753 203.70959308259603 -56.9195006376942
v -15.585911273956299 206.93644549934152 -56.92101512139248
v -16.733920574188232 214.2462160828924 -56.924425697986415
v 1.0094225406646729 231.24059703252448 -56.93237972633553
v -20.084595680236816 220.84349658470862 -56.9275142934192
v -9.334897994995117 241.61185290636766 -56.9372332341123
v -25.30994713306427 226.08236339033877 -56.92997085830368
v -93.1658923625946 203.8436320077572 -56.91956026417668
v -90.85561037063599 218.30843951702983 -56.92633370843943
v -66.48942828178406 214.31092288525474 -56.92446147131536
v -67.65645146369934 207.00415637580053 -56.92105089521085
v -22.37783968448639 248.278942368139 -56.94035760370527
v -31.89847469329834 229.45021655475517 -56.93154496961868
v -84.18850898742676 231.35141398807923 -56.93245126996364
v -63.121604919433594 220.89942958336002 -56.927550065318705
v -36.84265911579132 250.58926608317415 -56.94143086371074
v -39.2052561044693 230.6172278156541 -56.93208160155192
v -73.81724119186401 241.69572856248976 -56.93726901056424
v -57.88264870643616 226.1248018974169 -56.92998278614675
v -51.285380125045776 229.37169300798973 -278.82188719239366
v -43.97558867931366 230.51967846627053 -278.82245958401404
v -44.80812847614288 237.71794069847272 -278.7147909264376
v -54.698073863983154 236.1647628650438 -278.7140038920818
v -15.618550777435303 181.84002902786622 -56.909268917646514
v -25.844109058380127 171.64100673555043 -56.9045108053618
v -25.844109058380127 171.5372108193944 -278.79488878680627
v -15.618550777435303 181.73623311170826 -278.79965882001994
v -43.97558867931366 230.62352206614045 -56.93209352350634
v -43.97558867931366 230.51967846627053 -278.82245958401404
v -57.49009847640991 171.68215778230143 -56.90452273299511
v -67.68909096717834 181.90773990432524 -56.90930469146488
v -67.68909096717834 181.8039439881731 -278.79965883105143
v -57.49009847640991 171.57836186614733 -278.7948887935106
v -16.733920574188232 214.2462160828924 -56.924425697986415
v -15.585911273956299 206.93644549934152 -56.92101512139248
v -15.585911273956299 206.83260189947742 -278.8113454191133
v -16.733920574188232 214.14242016674024 -278.8147798375729
v -15.618550777435303 181.84002902786622 -56.909268917646514
v -15.618550777435303 181.73623311170826 -278.79965882001994
v -20.084595680236816 220.84349658470862 -56.9275142934192
v -20.084595680236816 220.73974835227034 -278.8178803539425
v -25.844109058380127 171.64100673555043 -56.9045108053618
v -57.49009847640991 171.68215778230143 -56.90452273299511
v -57.49009847640991 171.57836186614733 -278.7948887935106
v -25.844109058380127 171.5372108193944 -278.79488878680627
v -25.30994713306427 226.08236339033877 -56.92997085830368
v -25.30994713306427 225.97871052532824 -278.8203607607004
v -67.65645146369934 207.00415637580053 -56.92105089521085
v -66.48942828178406 214.31092288525474 -56.92446147131536
v -66.48942828178406 214.20707928538482 -278.8148275318231
v -67.65645146369934 206.90036045965033 -278.8113931138684
v -67.68909096717834 181.90773990432524 -56.90930469146488
v -67.68909096717834 181.8039439881731 -278.79965883105143
v -31.89847469329834 229.45021655475517 -56.93154496961868
v -31.8984717130661 229.3464683223208 -278.82188718828405
v -63.121604919433594 220.89942958336002 -56.927550065318705
v -63.121604919433594 220.79563366721175 -278.8178803630473
v -39.2052561044693 230.6172278156541 -56.93208160155192
v -39.2052561044693 230.5134795832139 -278.82245958300416
v -68.4926450252533 223.72487109772115 -114.5191080283889
v -68.49293112754822 223.54211208938526 -36.72417467952086
v -59.0659499168396 232.93775961588867 -33.79297475228879
v -59.065669775009155 233.11975573678066 -111.2686775445445
v -59.065669775009155 233.11975573678066 -111.2686775445445
v -59.0659499168396 232.93775961588867 -33.79297475228879
v -46.200692653656006 236.3645500281064 -32.72011554648468
v -46.20040953159332 236.54630774945645 -110.07896939308388
v -74.11615252494812 19.559651656394756 -109.49030241152668
v -77.56937742233276 23.049954578131768 -121.9206609132138
v -77.5874674320221 9.143117433055581 -125.8205428714405
v -74.13424253463745 5.652814511314683 -113.39020821161128
v -14.706435799598694 223.47216007828268 -36.72413890533736
v -14.70615267753601 223.6549190866205 -114.51906033327644
v -24.10866618156433 233.07426547188808 -111.2686775371332
v -24.108949303627014 232.89226935099802 -33.792962823948535
v -36.96497082710266 236.5342437693539 -110.0789693911184
v -36.965253949165344 236.35253373172162 -32.72010362359802
v -50.279200077056885 17.15336584303247 -101.02031510390448
v -68.49293112754822 223.54211208938526 -36.72417467952086
v -70.22429704666138 217.12583814519226 -41.80104693663693
v -61.24224066734314 17.9611990535593 -103.85017687644742
v -61.24224066734314 17.9611990535593 -103.85017687644742
v -70.22429704666138 217.12583814519226 -41.80104693663693
v -71.49171829223633 212.44329564422154 -51.667295735063874
v -69.26567554473877 20.139747560512028 -111.58147186333613
v -69.26567554473877 20.139747560512028 -111.58147186333613
v -71.49171829223633 212.44329564422154 -51.667295735063874
v -11.736515164375305 212.36557118744025 -51.667259959614086
v -14.462721347808838 20.06843656350664 -111.5814480098602
v -12.991762161254883 217.0514038648045 -41.800999240794226
v -22.491785883903503 17.910797365937235 -103.85017686823595
v -22.491785883903503 17.910797365937235 -103.85017686823595
v -12.991762161254883 217.0514038648045 -41.800999240794226
v -14.706435799598694 223.47216007828268 -36.72413890533736
v -33.456894755363464 17.131455175613038 -101.02031510033477
v -11.521050333976746 23.02627957707551 -122.14255708092648
v -6.151449680328369 22.957090541583366 -121.9205893725106
v -33.456894755363464 17.131455175613038 -101.02031510033477
v -50.279200077056885 17.15336584303247 -101.02031510390448
v -51.76933407783508 16.044672411720732 -97.05994390581928
v -31.969663500785828 16.018947047035674 -97.05994390162809
v -14.462721347808838 20.06843656350664 -111.5814480098602
v -9.613758325576782 19.475728316554893 -109.49027855599593
v -22.491785883903503 17.910797365937235 -103.85017686823595
v -19.063878059387207 16.936142778194352 -100.39067544296503
v -61.24224066734314 17.9611990535593 -103.85017687644742
v -64.67267274856567 16.99550900438287 -100.39072313635283
v -72.19963073730469 23.105243810458408 -122.14265246122304
v -77.56937742233276 23.049954578131768 -121.9206609132138
v -69.26567554473877 20.139747560512028 -111.58147186333613
v -74.11615252494812 19.559651656394756 -109.49030241152668
v -22.491785883903503 17.910797365937235 -103.85017686823595
v -19.063878059387207 16.936142778194352 -100.39067544296503
v -69.26567554473877 20.139747560512028 -111.58147186333613
v -74.11615252494812 19.559651656394756 -109.49030241152668
v -6.151449680328369 22.957090541583366 -121.9205893725106
v -9.613758325576782 19.475728316554893 -109.49027855599593
v -9.631860256195068 5.568891171474818 -113.39018435608052
v -6.1695396900177 9.050229554637614 -125.82054285630714
v -77.54518985748291 41.61500250069867 -188.12235079697575
v -77.56328582763672 27.708165355614714 -192.02228043891827
v -6.127262115478516 41.52209078043056 -188.1223030981227
v -6.145352125167847 27.61532516091645 -192.02225658193478
v -64.67267274856567 16.99550900438287 -100.39072313635283
v -74.11615252494812 19.559651656394756 -109.49030241152668
v -74.13424253463745 5.652814511314683 -113.39020821161128
v -64.690762758255 3.088671859306683 -104.29060509457952
v -31.969663500785828 16.018947047035674 -97.05994390162809
v -51.76933407783508 16.044672411720732 -97.05994390581928
v -51.78741812705994 2.1378829503525942 -100.95987354776956
v -31.98775053024292 2.112086060093805 -100.95987354356672
v -64.67267274856567 16.99550900438287 -100.39072313635283
v -64.690762758255 3.088671859306683 -104.29060509457952
v -19.063878059387207 16.936142778194352 -100.39067544296503
v -19.081956148147583 3.0293771586880096 -104.29058124306128
v -19.063878059387207 16.936142778194352 -100.39067544296503
v -19.081956148147583 3.0293771586880096 -104.29058124306128
v -77.54518985748291 41.61500250069867 -188.12235079697575
v -6.127262115478516 41.52209078043056 -188.1223030981227
v -6.145352125167847 27.61532516091645 -192.02225658193478
v -77.56328582763672 27.708165355614714 -192.02228043891827
v -46.144816279411316 279.28927537141135 -109.9785306094217
v -46.14509642124176 279.10746996634356 -32.61968868374368
v -36.909663677215576 279.0955013536765 -32.61966483993584
v -36.90938055515289 279.27725907502463 -109.978530607464
v -39.45490121841431 267.505511608837 -91.66319556162719
v -39.45498168468475 267.4536114836379 -69.5697981742498
v -25.79249143600464 267.4358492994958 -69.56979221089149
v -25.79241394996643 267.4877494246949 -91.66318959826889
v -36.96497082710266 236.5342437693539 -110.0789693911184
v -46.20040953159332 236.54630774945645 -110.07896939308388
v -46.144816279411316 279.28927537141135 -109.9785306094217
v -36.90938055515289 279.27725907502463 -109.978530607464
v -46.200692653656006 236.3645500281064 -32.72011554648468
v -36.965253949165344 236.35253373172162 -32.72010362359802
v -36.909663677215576 279.0955013536765 -32.61966483993584
v -46.14509642124176 279.10746996634356 -32.61968868374368
v 2.509218454360962 321.3543636300424 -156.8900631890134
v 2.509218454360962 321.4323536875927 9.952993477054571
v 1.6529738903045654 312.85314722157057 9.957000306913619
v 1.6529738903045654 312.7750141128767 -156.88603251727312
v -4.9347758293151855 296.9291431424053 -156.87861511784303
v -4.9347758293151855 297.0072285673833 9.964417706351504
v -10.413113236427307 290.3494851139109 9.967530153492863
v -10.413113236427307 290.27149505636254 -156.87551459164615
v -17.08502769470215 284.8884598762894 9.97008212200319
v -17.08502769470215 284.8104698187372 -156.87298646499374
v -24.694138765335083 280.83400888782876 9.971978210260955
v -24.694138765335083 280.7560188302785 -156.871078455807
v -32.94801712036133 278.34196253181796 9.973146867304436
v -32.94801712036133 278.26392479055573 -156.86988595689786
v -41.52948260307312 277.5080697096145 9.973528472889384
v -41.52948260307312 277.4300796520681 -156.86950435132067
v -50.1087486743927 278.3642308271041 9.973134942747516
v -50.1087486743927 278.2861930858438 -156.86988596052583
v -58.35611820220947 280.8777825389499 9.971966282200366
v -58.35611820220947 280.79979248140154 -156.87107846293864
v -65.95466136932373 284.95206995318983 9.970058269781882
v -65.95466136932373 284.87398452820986 -156.8729864753416
v -72.6123571395874 290.4304043796521 9.967494377522575
v -72.6123571395874 290.352366638386 -156.87556228853762
v -78.07334661483765 297.1022622130054 9.964370007152738
v -78.07334661483765 297.02427215545515 -156.87868665891523
v -82.1277916431427 304.71143884816684 9.960804409702945
v -82.1277916431427 304.6334011069026 -156.8822403354283
v -84.61986780166626 312.9652993211722 9.956952604925903
v -84.61986780166626 312.88726157990607 -156.8861040611343
v -85.45380234718323 321.5467469218379 9.952945774701726
v -85.45380234718323 321.4687091805757 -156.89008704950058
v -84.5975399017334 330.1260487552897 9.948927023898186
v -84.5975399017334 330.04805869774134 -156.89411772124083
v -82.08399415016174 338.37342424294155 9.945063299248726
v -82.08399415016174 338.2953388179655 -156.89795760401685
v -78.00977230072021 345.9719197257592 9.941497703539115
v -78.00977230072021 345.8938819845009 -156.90151127880526
v -72.53143787384033 352.62961549551784 9.93839717733448
v -72.53143787384033 352.5515777542556 -156.9046356468678
v -65.8595085144043 358.09064073313925 9.935845208824153
v -65.8595085144043 358.01260299187703 -156.90718761537815
v -58.250391483306885 362.14509172159995 9.933949120566387
v -58.250391483306885 362.06700629662384 -156.9090717826992
v -49.9965101480484 364.63709039389295 9.93276854260172
v -49.9965101480484 364.55914802006237 -156.91026428161612
v -41.41504168510437 365.47103089981226 9.932386937009003
v -41.41504168510437 365.39299315855004 -156.91064588719328
v -32.83576965332031 364.6147267311771 9.932792388103133
v -32.83576965332031 364.5367366736268 -156.91026427796484
v -24.588391184806824 362.10131807047884 9.933961048626976
v -24.588391184806824 362.0232803292166 -156.9090717755753
v -16.989856958389282 358.026982972523 9.935869061053229
v -16.989856958389282 357.9489452312569 -156.90718760500698
v -10.332173109054565 352.54864854606075 9.938432953312535
v -10.332173109054565 352.4706108047966 -156.90461179181872
v -4.871183633804321 345.8767430289916 9.941557323690143
v -4.871183633804321 345.79875297144713 -156.90146357959097
v -0.8167564868927002 338.2676140775441 9.94511100020321
v -0.8167564868927002 338.18957633627997 -156.89793374492803
v 1.6752898693084717 330.0137536045406 9.948974725909208
v 1.6752898693084717 329.93571586328034 -156.89404617736412
v -0.8605539798736572 304.60572405020287 9.960864031570848
v -0.8605539798736572 304.5276863089368 -156.88219263448934
v -0.6283462047576904 321.4419397609053 20.058725558813553
v -1.4235198497772217 313.4747061036764 20.06245810760361
v -9.20037031173706 321.4570571407735 30.13696201703648
v -9.828653931617737 315.16190066237147 30.139907512099555
v -20.909976959228516 321.4736996096938 35.36710866082478
v -21.310287714004517 317.4627361700593 35.368992821068574
v -3.7577450275421143 305.8156523017689 20.066035634108378
v -11.673003435134888 309.1103126043621 30.1427456791197
v -22.48542010784149 313.6068878579747 35.37079350953822
v -7.541310787200928 298.7591776166381 20.069338881074582
v -14.66248631477356 303.5347987650659 30.14535727092736
v -24.390196800231934 310.0544033459176 35.37246301836511
v -12.628823518753052 292.57645934013254 20.072236674103326
v -18.6822772026062 298.64964976336165 30.147634964249573
v -26.9514262676239 306.94180111226785 35.373917878804896
v -18.824774026870728 287.505010060732 20.07459784428039
v -23.57785403728485 294.6425487047067 30.149507202935144
v -30.07069230079651 304.3886242325793 35.375110387665714
v -25.891071557998657 283.73976080870017 20.07636275520271
v -29.161173105239868 291.6675616749046 30.150902436309796
v -33.628201484680176 302.4930534777201 35.376004766165025
v -33.556124567985535 281.42557471268555 20.07744793676639
v -35.21750569343567 289.83898654076717 30.151761041107264
v -37.48699426651001 301.3279972491698 35.376541397779754
v -41.52540564537048 280.65114348410805 20.077817611734858
v -41.51425659656525 289.2271090994056 30.152035322160717
v -41.499024629592896 300.93818287236985 35.376732196151856
v -49.4926393032074 281.4462217616338 20.077436012473605
v -47.80938923358917 289.8553897390074 30.15174911750589
v -45.51003277301788 301.33843998293446 35.376541396078416
v -57.15165138244629 283.78043501829103 20.076338906718128
v -53.86098623275757 291.6997004993656 30.150890510144762
v -49.36583936214447 302.5135574755209 35.37599284189554
v -64.20812606811523 287.5640901846295 20.074573992797106
v -59.43647623062134 294.6892310624928 30.149495274400667
v -52.9183030128479 304.4183788712492 35.37509846188912
v -70.39086818695068 292.651513508826 20.07218897815963
v -64.32165503501892 298.7090159895541 30.147611112719677
v -56.03095293045044 306.97961429891143 35.37390595171539
v -75.46228766441345 298.8475355420473 20.069303103892384
v -68.32871437072754 303.60460772502097 30.14532149676717
v -58.58408212661743 310.0989399364899 35.372439169251265
v -79.22748327255249 305.9137853889194 20.06598793440465
v -71.30370736122131 309.18784632628007 30.142709903700986
v -60.47961711883545 313.65633587127843 35.37078158055316
v -81.54177665710449 313.5787996553044 20.062410406928798
v -73.13230037689209 315.2442027558715 30.139871735903977
v -61.64471507072449 317.5151882574578 35.36896897066514
v -82.31621980667114 321.5481790797452 20.058677857789153
v -73.74419569969177 321.54102816432726 30.136926240569
v -62.034595012664795 321.5272007388423 35.36709673117939
v -81.52104020118713 329.51536505325834 20.054945309006865
v -73.11590909957886 327.83613695901346 30.133980745513696
v -61.634278297424316 325.53816417847673 35.365212570935604
v -79.18682098388672 337.1744188551658 20.051367782502094
v -71.27156853675842 333.887677333309 30.131154499430277
v -60.459136962890625 329.39406017427723 35.36341188245819
v -75.40323734283447 344.23084585658086 20.04806453554366
v -68.28205585479736 339.4631911726052 30.128542907622617
v -58.55435132980347 332.9465446863363 35.36175429456024
v -70.31571865081787 350.4135641330883 20.04517866344387
v -64.26226496696472 344.3483401743094 30.126265214300403
v -55.993109941482544 336.05909923627024 35.36029943412822
v -64.1197681427002 355.4850610962027 20.04280557233008
v -59.36667323112488 348.3554412329644 30.124392975614832
v -52.87383794784546 338.61222843224294 35.35910692527518
v -57.05346465110779 359.25016729708716 20.041040661431072
v -53.78339886665344 351.3303805790486 30.122985821318995
v -49.316418170928955 340.5077515033863 35.35821254678364
v -49.38839375972748 361.564544127967 20.03996740076527
v -47.72700071334839 353.1590510806197 30.122139137434942
v -45.457494258880615 341.67290309936635 35.35766399422442
v -41.41912758350372 362.3389276728267 20.039585804875614
v -41.43029749393463 353.77092852197933 30.121852935452534
v -41.44555628299713 342.06276515988407 35.357485116773496
v -33.45188498497009 361.5437063441535 20.039967404160176
v -35.13514697551727 353.1426478823795 30.12215106103632
v -37.43453621864319 341.6624603656017 35.357663995925755
v -25.7928729057312 359.2094930874963 20.041064509915653
v -29.083535075187683 351.29824175458964 30.123009668412983
v -33.578670024871826 340.4872951893014 35.358224471045354
v -18.736407160758972 355.4259332885894 20.042829423821136
v -23.508036136627197 348.3087588751782 30.12440490414931
v -30.026215314865112 338.5825214772888 35.35911885104401
v -12.553659081459045 350.33846228067716 20.04521443846638
v -18.62289011478424 344.28897394811503 30.126277144901344
v -26.91362500190735 336.0213337333425 35.36031136120996
v -7.482266426086426 344.1424402474558 20.048100312733627
v -14.6158367395401 339.3933345289323 30.128566760861617
v -24.360477924346924 332.9020080957621 35.36176622274513
v -3.71706485748291 337.07614271686793 20.05141548222913
v -11.640843749046326 333.81004824395933 30.131190274864526
v -22.464939951896667 329.3445644772596 35.363435732379976
v -1.4027893543243408 329.4111284504829 20.054993009704983
v -9.81227159500122 327.75373949808375 30.13402844265377
v -21.299853920936584 325.4857120910803 35.365248342267996
v -1.76316499710083 313.4531221273597 -169.82605795734096
v -0.9747207164764404 321.352787959277 -169.82975473233597
v -11.096197366714478 315.3177446073813 -179.2994774505798
v -10.493069887161255 321.360749596543 -179.30231561620158
v -23.845359683036804 317.8693471602191 -183.99147205650473
v -23.495376110076904 321.3760553050926 -183.99311771601583
v -4.077571630477905 305.8590135463917 -169.82252812513295
v -12.866652011871338 309.50858056058297 -179.29675853234508
v -24.872738122940063 314.49829918684657 -183.98987410281134
v -7.829064130783081 298.8624296083292 -169.81923680885313
v -15.736386179924011 304.1563695624558 -179.29425426527868
v -26.538020372390747 311.39251572455527 -183.98844308534038
v -12.873438000679016 292.7321157355044 -169.81637478714902
v -19.595155119895935 299.4669145304645 -179.29206005034175
v -28.7771999835968 308.67130143032756 -183.98717902352905
v -19.01683807373047 287.7036771677738 -169.8140136239793
v -24.29465353488922 295.62036454296293 -179.29027128431593
v -31.50429129600525 306.4392266929497 -183.9861296181299
v -26.02320909500122 283.9704713727693 -169.81227256013543
v -29.654312133789062 292.76453911899 -179.28891183314204
v -34.614479541778564 304.7819314660271 -183.9853425668112
v -33.62325727939606 281.6757879165271 -169.81117546082018
v -35.46804487705231 291.0092061723448 -179.28810092399306
v -37.98806965351105 303.76331192875136 -183.9848655636988
v -41.52494966983795 280.9078893570112 -169.81084154970287
v -41.51257574558258 290.4217904771971 -179.2878385678539
v -41.495659947395325 303.4224687280911 -183.98472245702092
v -49.42462146282196 281.6963395980379 -169.81122314788428
v -47.555550932884216 291.0249417985655 -179.28810092655672
v -45.00235319137573 303.7725148859047 -183.98486556519813
v -57.01867938041687 284.01076411263745 -169.81227256669993
v -53.3647358417511 292.795390483118 -179.28895952188418
v -48.37334752082825 304.79981285945973 -183.98534256972442
v -64.01530504226685 287.76223277079333 -169.81406131723503
v -58.716881275177 295.665187235834 -179.2902712916185
v -51.47911310195923 306.4650712669243 -183.9861296223405
v -70.14561891555786 292.8065976996118 -169.81639864114157
v -70.14561891555786 292.8065976996118 -169.81639864114157
v -63.40638995170593 299.52389657086593 -179.2920839014832
v -54.20042872428894 308.70439392910686 -183.9871790289205
v -75.17403960227966 298.94997691056756 -169.81928450683222
v -67.25294589996338 304.22336518317553 -179.29430195990946
v -56.4325213432312 311.43147332038046 -183.98844309168737
v -78.90730500221252 305.9564313778087 -169.82255198286222
v -70.10875940322876 309.58301484097456 -179.29678238632988
v -58.08972120285034 314.5415483170917 -183.98989795171542
v -81.20195865631104 313.5564527395345 -169.82610565789147
v -71.8640923500061 315.3968042082036 -179.29952514717607
v -59.1083288192749 317.91521889483823 -183.9914720639782
v -81.96984529495239 321.45812128751635 -169.82980243321276
v -72.4514901638031 321.4413350762754 -179.30233947118853
v -59.449195861816406 321.42278534659266 -183.993141565487
v -81.18140697479248 329.3577871194298 -169.83352305006568
v -71.84836864471436 327.48429238172133 -179.30517763680254
v -59.09920930862427 324.929493491474 -183.99473954128229
v -78.86698246002197 336.9518003329662 -169.83705288225815
v -70.07790803909302 333.29350411223936 -179.30787271318712
v -58.07182788848877 328.300446097411 -183.99636133681804
v -75.11550188064575 343.9484319547445 -169.84034419854575
v -67.20816493034363 338.64561974293105 -179.31040082209591
v -56.406545639038086 331.4062772434142 -183.9978161961547
v -70.07110118865967 350.078793511289 -169.84318237839972
v -63.349372148513794 343.33512245863807 -179.3125950370406
v -54.167306423187256 334.12758690507354 -183.99908025798155
v -63.92771005630493 355.1071367115919 -169.84551969969598
v -58.64991545677185 347.18167244613966 -179.3143838030664
v -51.440298557281494 336.3596139587356 -184.00012966337295
v -56.92131519317627 358.84043787402413 -169.8472846054133
v -53.29022407531738 350.0374978701204 -179.31569557052447
v -48.330071568489075 338.0169568693818 -184.0008690309836
v -49.32126998901367 361.135169013986 -169.84835786287843
v -47.47648239135742 351.7928785004775 -179.31653032153915
v -44.95645761489868 339.03543335550233 -184.00139371778852
v -41.41957759857178 361.9030198897783 -169.84873945770377
v -41.431984305381775 352.3802465119055 -179.31681651952846
v -41.44892692565918 339.3762765561704 -184.00148914075055
v -33.51989686489105 361.1145696487516 -169.84835785952237
v -33.51989686489105 361.1145696487516 -169.84835785952237
v -35.38898825645447 351.777095190541 -179.3165303189677
v -37.94220685958862 339.0262780820726 -184.0013460325811
v -25.925838947296143 358.8001928178718 -169.84728459885656
v -29.579782485961914 350.00664650598463 -179.31569556549815
v -34.57115888595581 337.9989324248017 -184.00086902804705
v -18.929219245910645 355.0486287922804 -169.84551969016385
v -24.22763705253601 347.13694512070407 -179.3143599539215
v -31.465405225753784 336.3336740173294 -184.0001296591468
v -12.798908352851868 350.00426386346965 -169.84313468254146
v -19.538170099258423 343.27814041823666 -179.31257118589915
v -28.74417006969452 334.094494406302 -183.99903256887427
v -7.770508527755737 343.86078928507453 -169.84029650055112
v -15.69160521030426 338.57857643849155 -179.31037696931526
v -26.51202380657196 331.3673673313126 -183.99776850609965
v -4.037243127822876 336.8545255527044 -169.83698134083636
v -12.83578872680664 333.21897446442 -179.30782501732887
v -24.85482096672058 328.2572446508855 -183.9963136460638
v -1.7425954341888428 329.25445650725885 -169.83345150765726
v -11.080458760261536 327.4051850971871 -179.30510609834062
v -23.836234211921692 324.88362175685484 -183.99473953380883
v -63.624000549316406 231.63142431862886 -278.71192891186905
v -54.698073863983154 236.1647628650438 -278.7140038920818
v -54.69807982444763 236.1444663780794 -322.08408388297727
v -63.624006509780884 231.61112783166445 -322.08200890276447
v -57.49009847640991 171.57836186614733 -278.7948887935106
v -67.68909096717834 181.8039439881731 -278.79965883105143
v -76.8918514251709 171.80688609229387 -278.6839288240281
v -63.09288740158081 157.97195662709527 -278.67748926839624
v -16.733920574188232 214.14242016674024 -278.8147798375729
v -15.585911273956299 206.83260189947742 -278.8113454191133
v -6.3976675271987915 205.66997755852913 -278.6997414928204
v -7.950893044471741 215.55996168863095 -278.7043922663958
v -15.618550777435303 181.73623311170826 -278.79965882001994
v -6.441828608512878 171.7152737532741 -278.68392880910255
v -20.084595680236816 220.73974835227034 -278.8178803539425
v -12.484264373779297 224.48597181978312 -278.7085898876196
v -25.844109058380127 171.5372108193944 -278.79488878680627
v -57.49009847640991 171.57836186614733 -278.7948887935106
v -63.09288740158081 157.97195662709527 -278.67748926839624
v -20.27672976255417 157.9162739679461 -278.67748925932443
v -25.30994713306427 225.97871052532824 -278.8203607607004
v -19.554023444652557 231.57413233407075 -278.71192890253496
v -67.65645146369934 206.90036045965033 -278.8113931138684
v -66.48942828178406 214.20707928538482 -278.8148275318231
v -75.2687394618988 215.64743746529166 -278.70446380622116
v -76.84769034385681 205.76164950218202 -278.6998130333294
v -67.65645146369934 206.90036045965033 -278.8113931138684
v -76.84769034385681 205.76164950218202 -278.6998130333294
v -31.8984717130661 229.3464683223208 -278.82188718828405
v -28.468117117881775 236.13062132451645 -278.71400388651944
v -63.121604919433594 220.79563366721175 -278.8178803630473
v -70.71216106414795 224.56157435121622 -278.70858989993684
v -39.2052561044693 230.5134795832139 -278.82245958300416
v -38.353997468948364 237.70957220634625 -278.7147909250742
v -57.88264870643616 226.02105366497668 -278.82036076759897
v -63.624000549316406 231.63142431862886 -278.71192891186905
v -75.2687394618988 215.64743746529166 -278.70446380622116
v -70.71216106414795 224.56157435121622 -278.70858989993684
v -70.71216702461243 224.54127786425178 -322.0786698908323
v -75.26874542236328 215.62714097832725 -322.07454379711663
v -7.950893044471741 215.55996168863095 -278.7043922663958
v -6.3976675271987915 205.66997755852913 -278.6997414928204
v -6.397674232721329 205.64968107156471 -322.0698214837159
v -7.950899749994278 215.53966520166654 -322.0744722572913
v -44.80812847614288 237.71794069847272 -278.7147909264376
v -44.80813443660736 237.6976442115083 -322.0848709173331
v -20.27672976255417 157.9162739679461 -278.67748925932443
v -63.09288740158081 157.97195662709527 -278.67748926839624
v -63.09289336204529 157.95166014013085 -322.0475692592917
v -20.276737213134766 157.89597748098168 -322.0475692502199
v -38.353997468948364 237.70957220634625 -278.7147909250742
v -38.35400342941284 237.68927571938184 -322.0848709159697
v -6.441828608512878 171.7152737532741 -278.68392880910255
v -6.441835314035416 171.69497726630968 -322.05400879999803
v -12.484264373779297 224.48597181978312 -278.7085898876196
v -12.484271079301834 224.4656753328187 -322.0786698785151
v -19.554023444652557 231.57413233407075 -278.71192890253496
v -19.554030895233154 231.55383584710634 -322.08200889343044
v -63.09288740158081 157.97195662709527 -278.67748926839624
v -76.8918514251709 171.80688609229387 -278.6839288240281
v -76.89185738563538 171.78658960532945 -322.0540088149236
v -63.09289336204529 157.95166014013085 -322.0475692592917
v -28.468117117881775 236.13062132451645 -278.71400388651944
v -28.468123078346252 236.11032483755204 -322.0840838774149
v -70.71216106414795 224.56157435121622 -278.70858989993684
v -70.71216702461243 224.54127786425178 -322.0786698908323
v -76.8918514251709 171.80688609229387 -278.6839288240281
v -76.84769034385681 205.76164950218202 -278.6998130333294
v -76.84769630432129 205.7413530152176 -322.0698930242249
v -76.89185738563538 171.78658960532945 -322.0540088149236
v -6.441828608512878 171.7152737532741 -278.68392880910255
v -20.27672976255417 157.9162739679461 -278.67748925932443
v -20.276737213134766 157.89597748098168 -322.0475692502199
v -6.441835314035416 171.69497726630968 -322.05400879999803
v -71.57978415489197 214.42140991578174 -325.90655005514594
v -73.01542162895203 205.43293411689328 -325.90242394931886
v -74.93156790733337 205.5864996073378 -325.3890134061006
v -73.42426776885986 215.02363148833683 -325.39340184546
v -73.42426776885986 215.02363148833683 -325.39340184546
v -74.93156790733337 205.5864996073378 -325.3890134061006
v -76.33427381515503 205.69936719123078 -323.9862061887713
v -74.77452158927917 215.46494450676906 -323.9907854165045
v -74.77452158927917 215.46494450676906 -323.9907854165045
v -67.57577061653137 222.25455696411035 -325.91036602859316
v -69.1439688205719 223.39727345546146 -325.39738479997044
v -69.1439688205719 223.39727345546146 -325.39738479997044
v -70.29197216033936 224.23426594774733 -323.9949114866268
v -70.29197216033936 224.23426594774733 -323.9949114866268
v -61.347222328186035 228.46702987931297 -325.91310885439316
v -62.485599517822266 230.0383991339803 -325.4004376397597
v -62.485599517822266 230.0383991339803 -325.4004376397597
v -63.31896185874939 231.18922200190647 -323.9981551124087
v -63.31896185874939 231.18922200190647 -323.9981551124087
v -70.29197216033936 224.23426594774733 -323.9949114866268
v -53.503793478012085 232.45057518232358 -325.9151599031753
v -61.347222328186035 228.46702987931297 -325.91310885439316
v -62.485599517822266 230.0383991339803 -325.4004376397597
v -54.10093069076538 234.29684105869504 -325.4024887333282
v -62.485599517822266 230.0383991339803 -325.4004376397597
v -54.53806519508362 235.64888920737903 -324.0002300806189
v -44.51143741607666 233.86279995181874 -325.9157561797037
v -44.65978741645813 235.77959004387677 -325.4031565469201
v -44.76838707923889 237.1832319730706 -324.00094558633236
v -10.230737924575806 205.35122806984683 -325.90235241043354
v -11.642985790967941 214.34356624970118 -325.90657388432146
v -9.796944260597229 214.94097176696621 -325.39337799013515
v -8.314205706119537 205.49981061198812 -325.38894186640346
v -8.314205706119537 205.49981061198812 -325.38894186640346
v -9.796944260597229 214.94097176696621 -325.39337799013515
v -8.44554454088211 215.3787561904316 -323.9907377187468
v -6.911206990480423 205.60903039162085 -323.9861346484798
v -15.626601874828339 222.18713218995595 -325.91027065017664
v -14.055448770523071 223.32572403988087 -325.39733710459774
v -14.055448770523071 223.32572403988087 -325.39733710459774
v -12.90527731180191 224.15973629992797 -323.99486379076853
v -21.838967502117157 228.4156745173706 -325.91313268788423
v -20.696499943733215 229.98408738165708 -325.40046147276905
v -20.696499943733215 229.98408738165708 -325.40046147276905
v -19.860157370567322 231.1327406405173 -323.9981551032067
v -29.672011733055115 232.41955692518246 -325.91515989812183
v -29.070061445236206 234.26429692264767 -325.40248872802607
v -28.6294162273407 235.61520066215198 -324.00023007513033
v -38.66059482097626 233.8551943991454 -325.9157561784646
v -38.50730061531067 235.77155533776104 -325.4031565456111
v -38.39508295059204 237.17493500651787 -324.0009455849806
v -21.85930162668228 161.72892506412367 -325.8820320405189
v -10.272441804409027 173.28571732246198 -325.887422183247
v -8.35714340209961 172.48969737520176 -325.3735823318793
v -21.068014204502106 159.81177751150682 -325.36769132748014
v -21.068014204502106 159.81177751150682 -325.36769132748014
v -8.35714340209961 172.48969737520176 -325.3735823318793
v -6.9550469517707825 171.90744367084568 -323.97046505714746
v -20.488756895065308 158.40882745330444 -323.96416860745546
v -20.488756895065308 158.40882745330444 -323.96416860745546
v -6.9550469517707825 171.90744367084568 -323.97046505714746
v -73.05712699890137 173.36735184394635 -325.88742219654694
v -61.500370502471924 161.78048308185438 -325.88203204891875
v -62.296634912490845 159.86540977087571 -325.36769133621794
v -74.97448921203613 172.57631484498935 -325.37358234599105
v -74.97448921203613 172.57631484498935 -325.37358234599105
v -62.296634912490845 159.86540977087571 -325.36769133621794
v -62.87953853607178 158.46396174972168 -323.964168616438
v -76.3780951499939 171.9977208658225 -323.9704650718555
v -76.3780951499939 171.9977208658225 -323.9704650718555
v -62.87953853607178 158.46396174972168 -323.964168616438
v -6.9550469517707825 171.90744367084568 -323.97046505714746
v -8.35714340209961 172.48969737520176 -325.3735823318793
v -8.35714340209961 172.48969737520176 -325.3735823318793
v -10.272441804409027 173.28571732246198 -325.887422183247
v -62.87953853607178 158.46396174972168 -323.964168616438
v -20.488756895065308 158.40882745330444 -323.96416860745546
v -20.488756895065308 158.40882745330444 -323.96416860745546
v -62.87953853607178 158.46396174972168 -323.964168616438
v -62.296634912490845 159.86540977087571 -325.36769133621794
v -21.068014204502106 159.81177751150682 -325.36769132748014
v -76.3780951499939 171.9977208658225 -323.9704650718555
v -74.97448921203613 172.57631484498935 -325.37358234599105
v 9.915226697921753 203.75948763496982 49.792709532553594
v 9.850597381591797 154.0775380232753 49.81593959637505
v 9.850597381591797 154.02764347090346 -56.896258652943786
v 9.915226697921753 203.70959308259603 -56.9195006376942
v -85.28669476509094 162.89465720038476 164.302370235386
v -85.28669476509094 162.88701322022834 147.94658152889798
v -68.20380091667175 145.75963046625222 147.95458326263167
v -68.20380091667175 145.76728636733952 164.31038389004672
v -85.28669476509094 162.87936924007195 131.59079282240998
v -68.20380091667175 145.75198648609583 131.59879455614367
v -85.28669476509094 162.87172525991554 115.235004115922
v -68.20380091667175 145.74434250593944 115.24300584965567
v -85.28669476509094 162.86408127975912 98.87921540943398
v -68.20380091667175 145.73668660485407 98.88721714316961
v -85.28669476509094 162.85643729960177 82.52342074248149
v -68.20380091667175 145.72903070376873 82.53142843668354
v -15.198120474815369 145.6983833979831 164.31040774313036
v -15.198120474815369 145.69072749689772 147.95461903664426
v 1.929253339767456 162.7735617393687 147.94661731016845
v 1.929253339767456 162.781217640456 164.3024179375835
v -15.198120474815369 145.68307159581238 131.5988303301582
v 1.929253339767456 162.76591775921233 131.59082860368045
v -15.198120474815369 145.675415694727 115.24304162367214
v 1.929253339767456 162.7582737790559 115.23503989719245
v -15.198120474815369 145.66775979364164 98.88725291718607
v 1.929253339767456 162.75061787797054 98.87925119070638
v -15.198120474815369 145.66011581348428 82.53145825023358
v 1.929253339767456 162.7429619768852 82.5234624842203
v -15.198120474815369 145.64481593224153 49.81987487679504
v -15.198120474815369 145.6524718333269 66.1756635832811
v -68.20380091667175 145.72137480268336 66.17563973019747
v -68.20380091667175 145.71371890159799 49.81985102371141
v -15.198120474815369 145.66011581348428 82.53145825023358
v -68.20380091667175 145.72903070376873 82.53142843668354
v -15.198120474815369 145.66775979364164 98.88725291718607
v -68.20380091667175 145.73668660485407 98.88721714316961
v -15.198120474815369 145.675415694727 115.24304162367214
v -68.20380091667175 145.74434250593944 115.24300584965567
v -15.198120474815369 145.68307159581238 131.5988303301582
v -68.20380091667175 145.75198648609583 131.59879455614367
v -25.338920950889587 242.52641493052244 164.2651162796703
v -25.338920950889587 242.51878287129304 147.9093156522514
v -37.577468156814575 244.47343375005164 147.90840934319775
v -37.577468156814575 244.48106580928103 164.2642099706167
v -25.338920950889587 242.51112697020767 131.55352694576533
v -37.577468156814575 244.4657778489663 131.5526206367117
v -25.338920950889587 242.50347106912233 115.19773823927927
v -37.577468156814575 244.45812194788093 115.19683193022564
v -25.338920950889587 242.49581516803696 98.84194953279321
v -37.577468156814575 244.4504898886535 98.8410432237357
v -25.338920950889587 242.48815926695158 82.48616082630714
v -37.577468156814575 244.44285782942603 82.48525451724574
v -14.303410053253174 236.8853836656949 164.26776364493898
v -14.303410053253174 236.8777516064655 147.91196301752007
v -14.303410053253174 236.87009570538012 131.556174311034
v -14.303410053253174 236.86243980429478 115.20038560454795
v -14.303410053253174 236.8547839032094 98.84459689806188
v -14.303410053253174 236.84712800212404 82.48880819157581
v -5.55117130279541 228.11043554624203 164.27184203226213
v -5.55117130279541 228.1027558033007 147.91606524670888
v -5.55117130279541 228.09509990221534 131.56027654022282
v -5.55117130279541 228.08744400113 115.20448783373678
v -5.55117130279541 228.0797642581867 98.84869912725459
v -5.55117130279541 228.07208451524343 82.4929104207724
v 0.061064958572387695 217.06021124288975 164.2770413575966
v 0.061064958572387695 217.05257918366036 147.92124073017766
v 0.061064958572387695 217.04492328257498 131.56545202369162
v 0.061064958572387695 217.0372673814896 115.20966331720555
v 0.061064958572387695 217.02963532226218 98.8538746107156
v 0.061064958572387695 217.02200326303472 82.49808590422565
v 1.9839346408843994 204.80134246533308 131.5711879852515
v 1.9839346408843994 204.7936865642477 115.21539927876545
v 1.9839346408843994 204.78603066316234 98.85961057227938
v 1.9839346408843994 204.77837476207603 82.50381590532882
v -57.81117081642151 242.51504755327795 49.77455956460183
v -57.81117081642151 242.5226796125054 66.13034827109179
v -45.567578077316284 244.44557313653158 66.12946580907
v -45.567578077316284 244.43794107730415 49.77367710258004
v -57.81117081642151 242.53033551359175 82.48614293804232
v -45.567578077316284 244.45322903761792 82.48526047602053
v -57.81117081642151 242.5379914146781 98.84193760499286
v -45.567578077316284 244.46088493870425 98.84105514297107
v -57.81117081642151 242.54564731576343 115.19772631147895
v -45.567578077316284 244.46854083978963 115.19684384945715
v -57.81117081642151 242.5533032168488 131.553515017965
v -45.567578077316284 244.47619674087497 131.5526325559432
v -68.86131167411804 236.90281725280587 49.777206925178234
v -68.86131167411804 236.91044931203237 66.1329896712037
v -57.81117081642151 242.5226796125054 66.13034827109179
v -57.81117081642151 242.51504755327795 49.77455956460183
v -68.86131167411804 236.91810521311675 82.48877241722529
v -57.81117081642151 242.53033551359175 82.48614293804232
v -68.86131167411804 236.92576111420115 98.84455516324688
v -68.86131167411804 236.93341701528553 115.20033790926847
v -68.86131167411804 236.94107291636897 131.55611469482557
v -57.81117081642151 242.5533032168488 131.553515017965
v -77.63634920120239 228.15061426579933 49.781285308795724
v -77.63634920120239 228.1582463250258 66.1370680548212
v -77.63634920120239 228.1659022261102 82.49285080084277
v -77.63634920120239 228.17355812719555 98.84863950732885
v -77.63634920120239 228.181190186423 115.2044282138188
v -77.63634920120239 228.18882224565047 131.56021692030873
v -83.27730894088745 217.11507654691582 49.78646078987953
v -83.27730894088745 217.12270860614325 66.14224949636947
v -83.27730894088745 217.1303645072296 82.49804416332002
v -83.27730894088745 217.13802040831592 98.85383883027056
v -83.27730894088745 217.14567630940127 115.20962753675663
v -83.27730894088745 217.15333221048664 131.56541624324268
v -85.23201942443848 204.876526361691 49.79218482969087
v -85.23201942443848 204.88418226277633 66.14797353617693
v -85.23201942443848 204.8918381638617 82.503762242663
v -85.23201942443848 204.89949406494708 98.85955094914907
v -85.23201942443848 204.90714996603242 115.21533965563513
v -85.23201942443848 204.9148058671178 131.5711283621212
v -37.577468156814575 244.47343375005164 147.90840934319775
v -37.577468156814575 244.4657778489663 131.5526206367117
v -37.54904270172119 250.58605539916036 138.29874486084447
v -37.54904270172119 261.0083110614964 150.9038499934406
v 1.929253339767456 162.73530607579983 66.16767377773425
v 1.929253339767456 162.72765017471446 49.811885071248184
v 1.9839346408843994 204.77837476207603 82.50381590532882
v 1.929253339767456 162.7429619768852 82.5234624842203
v -5.4343074560165405 162.75254640376411 82.52345652219432
v -5.379626154899597 204.78795918895491 82.50380994330284
v 1.929253339767456 162.75061787797054 98.87925119070638
v 1.929253339767456 162.7429619768852 82.5234624842203
v 1.929253339767456 162.7429619768852 82.5234624842203
v 1.929253339767456 162.73530607579983 66.16767377773425
v -5.4343074560165405 162.74489050267874 66.16766781570827
v -5.4343074560165405 162.75254640376411 82.52345652219432
v 1.929253339767456 162.76591775921233 131.59082860368045
v 1.929253339767456 162.7582737790559 115.23503989719245
v 1.929253339767456 162.76591775921233 131.59082860368045
v 1.9839346408843994 204.80134246533308 131.5711879852515
v -5.379626154899597 204.81092689221296 131.57118798369
v -5.4343074560165405 162.77550218609218 131.59082860211896
v -85.28669476509094 162.841137418359 49.81183736904294
v -85.28669476509094 162.84879331944438 66.16762607552901
v -85.23201942443848 204.8918381638617 82.503762242663
v -85.23201942443848 204.88418226277633 66.14797353617693
v -77.02986001968384 204.8735249522915 66.14797949837771
v -77.02986001968384 204.88118085337683 82.50376820486376
v -85.28669476509094 162.85643729960177 82.52342074248149
v -85.28669476509094 162.86408127975912 98.87921540943398
v -85.28669476509094 162.84879331944438 66.16762607552901
v -85.28669476509094 162.85643729960177 82.52342074248149
v -77.08452939987183 162.84576806818794 82.52342670468421
v -77.08452939987183 162.83812408803055 66.16763203773174
v -85.28669476509094 162.87172525991554 115.235004115922
v -85.28669476509094 162.87936924007195 131.59079282240998
v -85.28669476509094 162.88701322022834 147.94658152889798
v -85.23201942443848 204.92246176820316 147.92691706860725
v -77.02986001968384 204.91180445771732 147.92691707034353
v -77.08452939987183 162.87634398881355 147.94658153063622
v -5.379626154899597 204.7803032878686 66.14801527635231
v -5.379626154899597 204.78795918895491 82.50380994330284
v -5.4343074560165405 162.75254640376411 82.52345652219432
v -5.4343074560165405 162.74489050267874 66.16766781570827
v -5.379626154899597 204.79561509004125 98.8596046102534
v -5.379626154899597 204.8032709911276 115.21539927720394
v -5.4343074560165405 162.76785820593577 115.23503989563095
v -5.4343074560165405 162.76020230484946 98.8792452286804
v -5.379626154899597 204.81092689221296 131.57118798369
v -5.379626154899597 204.8185827932983 147.92697669017605
v -5.4343074560165405 162.78314616624857 147.94661730860693
v -5.4343074560165405 162.77550218609218 131.59082860211896
v 1.9839346408843994 204.80899836641842 147.92697669173756
v 1.929253339767456 162.7735617393687 147.94661731016845
v -5.4343074560165405 162.78314616624857 147.94661730860693
v -5.379626154899597 204.8185827932983 147.92697669017605
v 1.929253339767456 162.7735617393687 147.94661731016845
v 1.929253339767456 162.76591775921233 131.59082860368045
v -5.4343074560165405 162.77550218609218 131.59082860211896
v -5.4343074560165405 162.78314616624857 147.94661730860693
v 1.9839346408843994 204.78603066316234 98.85961057227938
v 1.9839346408843994 204.7936865642477 115.21539927876545
v -5.379626154899597 204.8032709911276 115.21539927720394
v -5.379626154899597 204.79561509004125 98.8596046102534
v 1.929253339767456 162.75061787797054 98.87925119070638
v 1.9839346408843994 204.78603066316234 98.85961057227938
v -5.379626154899597 204.79561509004125 98.8596046102534
v -5.4343074560165405 162.76020230484946 98.8792452286804
v 1.9839346408843994 204.7936865642477 115.21539927876545
v 1.929253339767456 162.7582737790559 115.23503989719245
v -5.4343074560165405 162.76785820593577 115.23503989563095
v -5.379626154899597 204.8032709911276 115.21539927720394
v 1.929253339767456 162.7582737790559 115.23503989719245
v 1.929253339767456 162.75061787797054 98.87925119070638
v -5.4343074560165405 162.76020230484946 98.8792452286804
v -5.4343074560165405 162.76785820593577 115.23503989563095
v 1.9839346408843994 204.80134246533308 131.5711879852515
v 1.9839346408843994 204.80899836641842 147.92697669173756
v -5.379626154899597 204.8185827932983 147.92697669017605
v -5.379626154899597 204.81092689221296 131.57118798369
v 1.929253339767456 162.73530607579983 66.16767377773425
v 1.9839346408843994 204.7707188609897 66.14802123837829
v -5.379626154899597 204.7803032878686 66.14801527635231
v -5.4343074560165405 162.74489050267874 66.16766781570827
v 1.9839346408843994 204.7707188609897 66.14802123837829
v 1.9839346408843994 204.77837476207603 82.50381590532882
v -5.379626154899597 204.78795918895491 82.50380994330284
v -5.379626154899597 204.7803032878686 66.14801527635231
v -77.08452939987183 162.83812408803055 66.16763203773174
v -77.08452939987183 162.84576806818794 82.52342670468421
v -77.02986001968384 204.88118085337683 82.50376820486376
v -77.02986001968384 204.8735249522915 66.14797949837771
v -77.08452939987183 162.8534120483453 98.87922137163669
v -77.08452939987183 162.86105602850074 115.23500411766022
v -77.02986001968384 204.89649265554658 115.21533965737143
v -77.02986001968384 204.8888367544622 98.85955691134984
v -77.08452939987183 162.86870000865716 131.59079282414822
v -77.08452939987183 162.87634398881355 147.94658153063622
v -77.02986001968384 204.91180445771732 147.92691707034353
v -77.02986001968384 204.90414855663195 131.5711283638575
v -85.23201942443848 204.89949406494708 98.85955094914907
v -85.28669476509094 162.86408127975912 98.87921540943398
v -77.08452939987183 162.8534120483453 98.87922137163669
v -77.02986001968384 204.8888367544622 98.85955691134984
v -85.23201942443848 204.92246176820316 147.92691706860725
v -85.23201942443848 204.9148058671178 131.5711283621212
v -77.02986001968384 204.90414855663195 131.5711283638575
v -77.02986001968384 204.91180445771732 147.92691707034353
v -85.28669476509094 162.87172525991554 115.235004115922
v -85.23201942443848 204.90714996603242 115.21533965563513
v -77.02986001968384 204.89649265554658 115.21533965737143
v -77.08452939987183 162.86105602850074 115.23500411766022
v -85.28669476509094 162.86408127975912 98.87921540943398
v -85.28669476509094 162.87172525991554 115.235004115922
v -77.08452939987183 162.86105602850074 115.23500411766022
v -77.08452939987183 162.8534120483453 98.87922137163669
v -85.23201942443848 204.88418226277633 66.14797353617693
v -85.28669476509094 162.84879331944438 66.16762607552901
v -77.08452939987183 162.83812408803055 66.16763203773174
v -77.02986001968384 204.8735249522915 66.14797949837771
v -85.23201942443848 204.9148058671178 131.5711283621212
v -85.28669476509094 162.87936924007195 131.59079282240998
v -77.08452939987183 162.86870000865716 131.59079282414822
v -77.02986001968384 204.90414855663195 131.5711283638575
v -85.23201942443848 204.90714996603242 115.21533965563513
v -85.23201942443848 204.89949406494708 98.85955094914907
v -77.02986001968384 204.8888367544622 98.85955691134984
v -77.02986001968384 204.89649265554658 115.21533965737143
v -85.28669476509094 162.85643729960177 82.52342074248149
v -85.23201942443848 204.8918381638617 82.503762242663
v -77.02986001968384 204.88118085337683 82.50376820486376
v -77.08452939987183 162.84576806818794 82.52342670468421
v -85.28669476509094 162.87936924007195 131.59079282240998
v -85.28669476509094 162.88701322022834 147.94658152889798
v -77.08452939987183 162.87634398881355 147.94658153063622
v -77.08452939987183 162.86870000865716 131.59079282414822
v -37.561315298080444 259.7954301726495 163.83504211227827
v -45.55142521858215 259.80358408744496 163.83129893925792
v -45.5391526222229 250.59411394605414 138.29211682303253
v -45.5391526222229 261.01634576653424 150.8972338765615
v -37.54904270172119 261.0083110614964 150.9038499934406
v -37.54904270172119 250.58605539916036 138.29874486084447
v -37.577468156814575 244.4657778489663 131.5526206367117
v -45.567578077316284 244.47619674087497 131.5526325559432
v -45.5391526222229 264.0215648645502 154.53186502070776
v -37.54904270172119 264.01350631765644 154.53849305851966
v -45.567578077316284 244.47619674087497 131.5526325559432
v -45.567578077316284 244.48385264196034 147.90842126242927
v -45.5391526222229 261.01634576653424 150.8972338765615
v -45.5391526222229 250.59411394605414 138.29211682303253
v -37.55517899990082 264.61925769382117 162.4702141703101
v -45.54528892040253 264.62736392465996 162.4649928021071
v -45.54528892040253 264.62736392465996 162.4649928021071
v -37.55517899990082 264.61925769382117 162.4702141703101
v -37.55068778991699 266.16318433212564 159.06743243226123
v -45.5407977104187 266.1712428790777 159.06116202231797
v -45.5407977104187 266.1712428790777 159.06116202231797
v -37.55068778991699 266.16318433212564 159.06743243226123
v -39.471635222435 254.63691543155514 -98.13254451830477
v -39.46325182914734 261.08158420385803 -98.11740598850163
v -25.800764560699463 261.06382201971593 -98.11740002514333
v -25.809144973754883 254.61915324741304 -98.13253855494646
v -43.63659620285034 262.40311454646405 -98.11431272274241
v -43.64840090274811 253.32628081801406 -98.13563778583914
v -54.9072265625 253.34091971876992 -98.1356437486886
v -54.89542484283447 262.4177534472199 -98.11431868559187
v -43.648529052734375 253.24410363138497 -63.16409660614476
v -43.63672435283661 262.320913517978 -63.14276558257968
v -54.8955500125885 262.33555241873387 -63.142771545429135
v -54.907357692718506 253.25874253214084 -63.16410256899422
v -39.4801139831543 248.13081083994896 -69.61520184455588
v -39.48003351688385 248.182734807006 -91.70859923193717
v -25.817543268203735 248.1649726228639 -91.70859326857887
v -25.81762671470642 248.11304865580686 -69.61519588119758
v -43.63004267215729 267.4559243582723 -68.253715697057
v -43.629950284957886 267.51404677954986 -92.9792899615163
v -54.88877892494202 267.5286856803057 -92.97929592436576
v -54.88886833190918 267.47056325902815 -68.25372165990646
v -25.813335180282593 251.39759386219046 -97.2774378752111
v -39.47582542896271 251.4153560463345 -97.27743191764046
v -39.47582542896271 251.4153560463345 -97.27743191764046
v -25.813335180282593 251.39759386219046 -97.2774378752111
v -25.816410779953003 249.03519991238431 -94.92611173997729
v -39.47890102863312 249.05296209652838 -94.92610578240664
v -39.47890102863312 249.05296209652838 -94.92610578240664
v -25.816410779953003 249.03519991238431 -94.92611173997729
v -25.80927312374115 254.5369999026438 -63.160985454327026
v -39.471763372421265 254.5547620867859 -63.16099141768533
v -39.4759476184845 251.33725553631353 -64.03123658860113
v -25.813457369804382 251.31949335217337 -64.03121870431387
v -39.479005336761475 248.9859234406133 -66.39364245933524
v -25.81651508808136 248.96816125647314 -66.39362457504798
v -25.81651508808136 248.96816125647314 -66.39362457504798
v -39.479005336761475 248.9859234406133 -66.39364245933524
v -25.793522596359253 266.6326129821727 -94.88474898348565
v -39.45600986480713 266.6504228500287 -94.88476686778068
v -25.79658031463623 264.2813047283304 -97.24715485422365
v -39.459067583084106 264.29911459618637 -97.24717273851869
v -39.459067583084106 264.29911459618637 -97.24717273851869
v -25.79658031463623 264.2813047283304 -97.24715485422365
v -39.463379979133606 260.9994070172309 -63.145852887878306
v -25.80089271068573 260.9816448330888 -63.14584692452
v -25.79669952392578 264.20318037645154 -64.00095952518043
v -39.459189772605896 264.2209902443114 -64.00095356761756
v -39.459189772605896 264.2209902443114 -64.00095356761756
v -25.79669952392578 264.20318037645154 -64.00095952518043
v -25.79362690448761 266.56557432625766 -66.35228566041425
v -39.456114172935486 266.5833841941175 -66.35227970285138
v -39.456114172935486 266.5833841941175 -66.35227970285138
v -25.79362690448761 266.56557432625766 -66.35228566041425
v -54.88976836204529 266.778196122373 -65.69385106561441
v -43.630945682525635 266.7635572216201 -65.69382722137152
v -43.630945682525635 266.7635572216201 -65.69382722137152
v -54.88976836204529 266.778196122373 -65.69385106561441
v -54.89221811294556 264.898647400666 -63.82311129940558
v -43.633389472961426 264.88400849991206 -63.82309341562717
v -43.633389472961426 264.88400849991206 -63.82309341562717
v -54.89221811294556 264.898647400666 -63.82311129940558
v -54.91400361061096 248.14781029905598 -68.29911936975586
v -43.65517497062683 248.1331713983001 -68.2991134069064
v -43.65428984165192 248.8134992313505 -65.73600054357895
v -54.913121461868286 248.82813813210348 -65.73602438782184
v -43.65185797214508 250.6842270766294 -63.85645778233441
v -54.91068959236145 250.69886597738335 -63.85647566611282
v -54.91068959236145 250.69886597738335 -63.85647566611282
v -43.65185797214508 250.6842270766294 -63.85645778233441
v -43.65173578262329 250.76318583608005 -97.45530995279164
v -54.910558462142944 250.77782473683592 -97.4553159156411
v -54.910558462142944 250.77782473683592 -97.4553159156411
v -43.65173578262329 250.76318583608005 -97.45530995279164
v -43.65417957305908 248.88363711437296 -95.5845701865828
v -54.91300821304321 248.89827601512883 -95.58457614943225
v -54.91300821304321 248.89827601512883 -95.58457614943225
v -43.65417957305908 248.88363711437296 -95.5845701865828
v -43.65508258342743 248.19126997771883 -93.02469363182628
v -54.91390824317932 248.2059088784747 -93.02469959467574
v -43.6308354139328 266.8337189465004 -95.54239686437926
v -54.88966107368469 266.8483578472563 -95.54240282722871
v -43.633267283439636 264.9629911012206 -97.42194558608828
v -54.89209294319153 264.9776300019765 -97.42195154893774
v -54.89209294319153 264.9776300019765 -97.42195154893774
v -43.633267283439636 264.9629911012206 -97.42194558608828
v -39.028558135032654 187.73854914005176 216.01626198553242
v -44.26414966583252 187.74536791141406 216.0162619844215
v -41.64668917655945 187.4841565161737 216.0164050781257
v -36.51036620140076 188.49886598875221 216.01592807565035
v -46.78035378456116 188.5122174291819 216.01592807347512
v -34.18889343738556 189.73582926075372 216.01535566953362
v -49.098604917526245 189.75523653309259 216.01535566637176
v -32.15334415435791 191.40194597510305 216.0145686167777
v -51.12980604171753 191.42659845618215 216.0145686127613
v -30.48195242881775 193.43312921774938 216.01363845339745
v -52.79591083526611 193.46216860068395 216.01363844866634
v -29.23894226551056 195.75141611332265 216.01254135023672
v -54.03289198875427 195.78365030521329 216.01251750312719
v -28.472086787223816 198.26759042953464 216.01134884740438
v -54.79320287704468 198.30182733749362 216.01134884182648
v -28.210851550102234 200.885044958149 216.01015632807142
v -55.047619342803955 200.9199971218375 216.01010863866117
v -28.465276956558228 203.50321474249284 216.00891612490608
v -54.78639006614685 203.53740396673211 216.00889227747803
v -29.225575923919678 206.0213440910535 216.00772362175522
v -54.01952862739563 206.05362596666384 216.00772361649584
v -30.46255111694336 208.34282579559445 216.0066742017898
v -52.77652144432068 208.37186517852126 216.00662651334287
v -32.128652930259705 210.37834825637657 216.0057201958447
v -51.10512375831604 210.40309610487952 216.00567250809695
v -34.15985703468323 212.04980554689388 216.0049093003608
v -49.06957447528839 212.06921281923275 216.00490929719894
v -36.47810518741608 213.29277696708874 216.0043368932652
v -46.748098731040955 213.30617609123425 216.0043368910822
v -38.994309306144714 214.05967416856464 216.00395529859523
v -44.22990679740906 214.06649293992695 216.0039552974843
v -41.611772775650024 214.32088556381277 216.00385988860685
v -48.770907521247864 165.21880976224494 167.79524972428726
v -34.58035886287689 165.20035616422635 167.79527356915165
v -41.67654514312744 164.51075426608352 167.79558362565487
v -27.75505781173706 167.26110331067352 167.79429571723898
v -55.59082627296448 167.29729525098114 167.79429571134258
v -21.462935209274292 170.61379305345912 167.79272160839443
v -61.87421679496765 170.66638819200892 167.7927215998256
v -15.945786237716675 175.1295839924483 167.7906227891826
v -67.37960577011108 175.19648424573643 167.79057509456734
v -11.415642499923706 180.63500276949452 167.78804697158176
v -71.89540266990662 180.71363321687832 167.7880231169133
v -8.04659128189087 186.91838137009088 167.78511339936648
v -75.24811029434204 187.00573793746594 167.7850657014185
v -5.96809983253479 193.73829714105466 167.78191747930123
v -77.30885744094849 193.83108965203323 167.7818697804676
v -5.260050296783447 200.83268038025687 167.77857846337207
v -77.99843549728394 200.92723718872466 167.7785546061089
v -5.949640274047852 207.92878023323635 167.77528713087906
v -77.29038596153259 208.02162042792685 167.77521559017976
v -8.010369539260864 214.75408426408782 167.77209120993592
v -75.21189451217651 214.8415361988984 167.7720673538303
v -11.363047361373901 221.0461889846793 167.769157636299
v -71.84282541275024 221.12491479949088 167.76910993975713
v -15.878859162330627 226.56338563953318 167.76658181677928
v -67.31269359588623 226.6303335765371 167.76653412215626
v -21.384233236312866 231.09352937697648 167.7644353115133
v -61.79553270339966 231.1461721992382 167.76441146107877
v -27.667617797851562 234.46257463428844 167.76286120000407
v -55.50340414047241 234.49881425831188 167.76286119409988
v -34.48753356933594 236.54106012302464 167.7619071870594
v -48.6780971288681 236.55956140476292 167.76190718404516
v -41.581904888153076 237.24911561918606 167.76157328569178
v -0.9584486484527588 165.9363543487273 167.98441090804357
v -66.44073724746704 150.05066747554974 167.99185215581844
v -16.9500470161438 149.98629445919624 167.99187600816404
v -82.39078521728516 166.0422598815603 167.98438704893147
v -0.9074032306671143 205.1842486328491 167.9660701250171
v -82.33973979949951 205.29015416567825 167.96602242404705
v -2.702760696411133 216.61589497902474 167.96072768639362
v -80.514657497406 216.71712750769962 167.96065614432703
v -7.942831516265869 226.9332682539929 167.95588610832442
v -75.24775266647339 227.02081555623124 167.95583841034534
v -16.114673018455505 235.12642735676485 167.95207007622375
v -67.0546293258667 235.19261235431568 167.95202238172502
v -26.418378949165344 240.39328450357763 167.94958966492115
v -56.73726797103882 240.43271893656103 167.94958965849645
v -37.8453403711319 242.2183787264641 167.9487549025487
v -45.30559778213501 242.22810620448757 167.94873105910597
v -49.25534725189209 148.08917699266848 40.12218685267294
v -52.6289165019989 148.0606983628498 -30.16645936384912
v -49.25534725189209 148.05468966502738 -33.54005841529942
v -34.14032757282257 148.06953130175245 40.122198776802584
v -34.14032757282257 148.03504397411135 -33.540046491169775
v -30.766749382019043 148.06357028764975 36.74862356720242
v -70.22429704666138 217.12583814519226 -41.80104693663693
v -68.49293112754822 223.54211208938526 -36.72417467952086
v -71.49171829223633 212.44329564422154 -51.667295735063874
v -52.6289165019989 148.0606983628498 -30.16645936384912
v -52.63644456863403 142.30480716574615 32.06975525798744
v -52.64025330543518 139.37077923339552 24.616981688149593
v -52.64025330543518 139.34960028424618 -20.67699318480432
v -52.6364803314209 142.24786315123697 -27.209519673226712
v -52.63269543647766 145.1592872713626 -30.38109521698544
v -49.26695227622986 139.3576106047364 -24.014614874952187
v -52.64025330543518 139.37077923339552 24.616981688149593
v -49.266839027404785 139.38198545508092 27.98345202323798
v -34.151384234428406 139.42494847784556 27.951599294070444
v -30.77796697616577 139.43295879132455 24.57094305039475
v -30.770450830459595 145.21775833885417 36.10460776497489
v -30.766749382019043 148.06357028764975 36.74862356720242
v -30.77426552772522 142.28191896461075 31.96208543139413
v -30.77796697616577 139.43295879132455 24.57094305039475
v -30.77796697616577 139.41187525505353 -20.44408208502588
v -30.77433407306671 142.20413722307703 -26.968621533778634
v -12.991762161254883 217.0514038648045 -41.800999240794226
v -14.70615267753601 223.6549190866205 -114.51906033327644
v -14.706435799598694 223.47216007828268 -36.72413890533736
v -11.736515164375305 212.36557118744025 -51.667259959614086
v -72.17905521392822 38.8786025284926 -178.38929332906474
v -11.27682626247406 210.80005615009907 -118.95917512127772
v -11.500498652458191 38.79963829509805 -178.38926947434194
v -71.95539474487305 210.87897269977393 -118.95922281785069
v -14.70615267753601 223.6549190866205 -114.51906033327644
v -68.4926450252533 223.72487109772115 -114.5191080283889
v -24.10866618156433 233.07426547188808 -111.2686775371332
v -59.065669775009155 233.11975573678066 -111.2686775445445
v -14.706435799598694 223.47216007828268 -36.72413890533736
v -68.49293112754822 223.54211208938526 -36.72417467952086
v -24.108949303627014 232.89226935099802 -33.792962823948535
v -59.0659499168396 232.93775961588867 -33.79297475228879
v -77.56328582763672 27.708165355614714 -192.02228043891827
v -74.13424253463745 5.652814511314683 -113.39020821161128
v -77.5874674320221 9.143117433055581 -125.8205428714405
v -6.145352125167847 27.61532516091645 -192.02225658193478
v -64.690762758255 3.088671859306683 -104.29060509457952
v -51.78741812705994 2.1378829503525942 -100.95987354776956
v -31.98775053024292 2.112086060093805 -100.95987354356672
v -19.081956148147583 3.0293771586880096 -104.29058124306128
v -9.631860256195068 5.568891171474818 -113.39018435608052
v -6.1695396900177 9.050229554637614 -125.82054285630714
v -10.230737924575806 205.35122806984683 -325.90235241043354
v -11.642985790967941 214.34356624970118 -325.90657388432146
v -15.626601874828339 222.18713218995595 -325.91027065017664
v -21.838967502117157 228.4156745173706 -325.91313268788423
v -29.672011733055115 232.41955692518246 -325.91515989812183
v -53.503793478012085 232.45057518232358 -325.9151599031753
v -38.66059482097626 233.8551943991454 -325.9157561784646
v -44.51143741607666 233.86279995181874 -325.9157561797037
v -45.55142521858215 259.80358408744496 163.83129893925792
v -45.567578077316284 244.49150854304568 164.26420996891534
v -45.54528892040253 264.62736392465996 162.4649928021071
v -45.5407977104187 266.1712428790777 159.06116202231797
v -45.5391526222229 264.0215648645502 154.53186502070776
v -37.561315298080444 259.7954301726495 163.83504211227827
v -37.577468156814575 244.48106580928103 164.2642099706167
v -37.55517899990082 264.61925769382117 162.4702141703101
v -37.55068778991699 266.16318433212564 159.06743243226123
v -37.54904270172119 264.01350631765644 154.53849305851966
v -36.965253949165344 236.35253373172162 -32.72010362359802
v -36.909663677215576 279.0955013536765 -32.61966483993584
v -38.985610008239746 245.80258391422242 -57.187227717985984
v -39.463379979133606 260.9994070172309 -63.145852887878306
v -39.471763372421265 254.5547620867859 -63.16099141768533
v -44.02334690093994 269.2677641202555 -58.359583378107295
v -46.200692653656006 236.3645500281064 -32.72011554648468
v -46.14509642124176 279.10746996634356 -32.61968868374368
v -43.63672435283661 262.320913517978 -63.14276558257968
v -43.648529052734375 253.24410363138497 -63.16409660614476
v -54.89221811294556 264.898647400666 -63.82311129940558
v -54.907357692718506 253.25874253214084 -63.16410256899422
v -54.8955500125885 262.33555241873387 -63.142771545429135
v -54.91068959236145 250.69886597738335 -63.85647566611282
v -54.88976836204529 266.778196122373 -65.69385106561441
v -54.913121461868286 248.82813813210348 -65.73602438782184
v -54.88886833190918 267.47056325902815 -68.25372165990646
v -54.91400361061096 248.14781029905598 -68.29911936975586
v -54.88877892494202 267.5286856803057 -92.97929592436576
v -54.91390824317932 248.2059088784747 -93.02469959467574
v -54.88966107368469 266.8483578472563 -95.54240282722871
v -54.91300821304321 248.89827601512883 -95.58457614943225
v -54.89209294319153 264.9776300019765 -97.42195154893774
v -54.910558462142944 250.77782473683592 -97.4553159156411
v -54.89542484283447 262.4177534472199 -98.11431868559187
v -54.9072265625 253.34091971876992 -98.1356437486886
v -25.80927312374115 254.5369999026438 -63.160985454327026
v -25.79669952392578 264.20318037645154 -64.00095952518043
v -25.80089271068573 260.9816448330888 -63.14584692452
v -25.813457369804382 251.31949335217337 -64.03121870431387
v -25.79362690448761 266.56557432625766 -66.35228566041425
v -25.81651508808136 248.96816125647314 -66.39362457504798
v -25.79249143600464 267.4358492994958 -69.56979221089149
v -25.81762671470642 248.11304865580686 -69.61519588119758
v -25.79241394996643 267.4877494246949 -91.66318959826889
v -25.817543268203735 248.1649726228639 -91.70859326857887
v -25.793522596359253 266.6326129821727 -94.88474898348565
v -25.816410779953003 249.03519991238431 -94.92611173997729
v -25.79658031463623 264.2813047283304 -97.24715485422365
v -25.813335180282593 251.39759386219046 -97.2774378752111
v -25.800764560699463 261.06382201971593 -98.11740002514333
v -25.809144973754883 254.61915324741304 -98.13253855494646
v -39.471635222435 254.63691543155514 -98.13254451830477
v -38.48523795604706 271.9990086249199 -102.62621304213927
v -39.46325182914734 261.08158420385803 -98.11740598850163
v -36.90938055515289 279.27725907502463 -109.978530607464
v -36.96497082710266 236.5342437693539 -110.0789693911184
v -36.96497082710266 236.5342437693539 -110.0789693911184
v -36.965253949165344 236.35253373172162 -32.72010362359802
v -39.48003351688385 248.182734807006 -91.70859923193717
v -38.5202556848526 243.74695535197657 -102.70072616619376
v -38.95472586154938 269.72962879138646 -57.1338616172645
v -36.90938055515289 279.27725907502463 -109.978530607464
v -36.909663677215576 279.0955013536765 -32.61966483993584
v -39.45498168468475 267.4536114836379 -69.5697981742498
v -39.45490121841431 267.505511608837 -91.66319556162719
v -44.05343532562256 246.2818289006461 -58.41131050442369
v -46.20040953159332 236.54630774945645 -110.07896939308388
v -46.200692653656006 236.3645500281064 -32.72011554648468
v -43.65517497062683 248.1331713983001 -68.2991134069064
v -43.65508258342743 248.19126997771883 -93.02469363182628
v -44.39210593700409 271.0911108263472 -101.70155411889434
v -43.64840090274811 253.32628081801406 -98.13563778583914
v -44.42785382270813 244.66412793553562 -101.77013091767091
v -46.144816279411316 279.28927537141135 -109.9785306094217
v -46.20040953159332 236.54630774945645 -110.07896939308388
v -46.144816279411316 279.28927537141135 -109.9785306094217
v -46.14509642124176 279.10746996634356 -32.61968868374368
v -43.629950284957886 267.51404677954986 -92.9792899615163
v -44.39210593700409 271.0911108263472 -101.70155411889434
vt 0.3361702859401703 0.40666767954826355
vt 0.3361702859401703 0.40666767954826355
vt 0.33673664927482605 0.40666767954826355
vt 0.3361702859401703 0.40666767954826355
vt 0.3361702859401703 0.40666767954826355
vt 0.3361702859401703 0.40666767954826355
vt 0.33673664927482605 0.40666767954826355
vt 0.3609062433242798 0.4209441840648651
vt 0.3609062433242798 0.4199899137020111
vt 0.360748291015625 0.4190356433391571
vt 0.3609062433242798 0.4199899137020111
vt 0.36053869128227234 0.4190356433391571
vt 0.360748291015625 0.4190356433391571
vt 0.3601711690425873 0.4190356433391571
vt 0.32380232214927673 0.42949506640434265
vt 0.32380232214927673 0.43044933676719666
vt 0.32380232214927673 0.43140360713005066
vt 0.32380232214927673 0.43044933676719666
vt 0.3240976333618164 0.43140360713005066
vt 0.32380232214927673 0.43140360713005066
vt 0.32439297437667847 0.43140360713005066
vt 0.34853821992874146 0.39429971575737
vt 0.34853821992874146 0.39429971575737
vt 0.34797176718711853 0.39429971575737
vt 0.34853821992874146 0.39429971575737
vt 0.34853821992874146 0.39429971575737
vt 0.34853821992874146 0.39429971575737
vt 0.34797176718711853 0.39429971575737
vt 0.3361702859401703 0.39429971575737
vt 0.3361702859401703 0.39429971575737
vt 0.33697202801704407 0.39429971575737
vt 0.3361702859401703 0.39429971575737
vt 0.3361787796020508 0.39429971575737
vt 0.3609062433242798 0.43140360713005066
vt 0.3609062433242798 0.43140360713005066
vt 0.3606826364994049 0.43140360713005066
vt 0.3609062433242798 0.43140360713005066
vt 0.3609062433242798 0.43140360713005066
vt 0.3609062433242798 0.4190356433391571
vt 0.3609062433242798 0.4190356433391571
vt 0.3606813848018646 0.4190356433391571
vt 0.3609062433242798 0.4190356433391571
vt 0.36090287566185 0.4190356433391571
vt 0.3361702859401703 0.39429971575737
vt 0.3361702859401703 0.39429971575737
vt 0.3369762897491455 0.39429971575737
vt 0.3361702859401703 0.39429971575737
vt 0.3361702859401703 0.39429971575737
vt 0.8233575820922852 0.2443542331457138
vt 0.8233575820922852 0.244354248046875
vt 0.8233576416969299 0.244354248046875
vt 0.8233576416969299 0.2443542629480362
vt 0.8233576416969299 0.244354248046875
vt 0.8116239905357361 0.2260441780090332
vt 0.8125362396240234 0.2260441780090332
vt 0.8134484887123108 0.2260441780090332
vt 0.8132040500640869 0.2260441780090332
vt 0.8134484887123108 0.2260441780090332
vt 0.7936301231384277 0.244354248046875
vt 0.7936301231384277 0.244354248046875
vt 0.7936301827430725 0.244354248046875
vt 0.7936301827430725 0.244354248046875
vt 0.7936301827430725 0.244354248046875
vt 0.8053638935089111 0.2260441780090332
vt 0.804451584815979 0.2260441780090332
vt 0.8035393357276917 0.2260441780090332
vt 0.8037837147712708 0.2260441780090332
vt 0.8035393357276917 0.2260441780090332
vt 0.8233577013015747 0.24586248397827148
vt 0.8233575820922852 0.24586248397827148
vt 0.8233576416969299 0.24586248397827148
vt 0.8233576416969299 0.24586248397827148
vt 0.8233576416969299 0.24586248397827148
vt 0.8049908876419067 0.22453594207763672
vt 0.8042652010917664 0.22453594207763672
vt 0.8035393357276917 0.22453594207763672
vt 0.803733766078949 0.22453592717647552
vt 0.8035393357276917 0.22453594207763672
vt 0.8119968771934509 0.22453594207763672
vt 0.8127226829528809 0.22453594207763672
vt 0.8134484887123108 0.22453594207763672
vt 0.8132539987564087 0.22453594207763672
vt 0.8134484887123108 0.22453594207763672
vt 0.7936301827430725 0.24586248397827148
vt 0.7936302423477173 0.24586248397827148
vt 0.7936301827430725 0.24586248397827148
vt 0.7936301827430725 0.24586248397827148
vt 0.7936301827430725 0.24586248397827148
vt 0.38691839575767517 0.48212993144989014
vt 0.38691839575767517 0.49149012565612793
vt 0.3863007724285126 0.49149012565612793
vt 0.3863007724285126 0.48212993144989014
vt 0.4048292338848114 0.49201178550720215
vt 0.4054468870162964 0.49201178550720215
vt 0.4054468870162964 0.49201178550720215
vt 0.4048292338848114 0.49201178550720215
vt 0.4035939574241638 0.49201178550720215
vt 0.4042116105556488 0.49201178550720215
vt 0.4042116105556488 0.49201178550720215
vt 0.4035939574241638 0.49201178550720215
vt 0.4029763638973236 0.49201178550720215
vt 0.4029763638973236 0.49201178550720215
vt 0.4023587703704834 0.49201178550720215
vt 0.4023587703704834 0.49201178550720215
vt 0.4017411470413208 0.49201178550720215
vt 0.4017411470413208 0.49201178550720215
vt 0.4011235535144806 0.49201178550720215
vt 0.4011235535144806 0.49201178550720215
vt 0.4005059599876404 0.49201178550720215
vt 0.4005059599876404 0.49201178550720215
vt 0.3998883366584778 0.49201178550720215
vt 0.3998883366584778 0.49201178550720215
vt 0.3992706835269928 0.49201178550720215
vt 0.3992706835269928 0.49201178550720215
vt 0.3986530601978302 0.49201178550720215
vt 0.3986530601978302 0.49201178550720215
vt 0.3980354070663452 0.49201178550720215
vt 0.3980354070663452 0.49201178550720215
vt 0.397417813539505 0.49201178550720215
vt 0.397417813539505 0.49201178550720215
vt 0.3968002200126648 0.49201178550720215
vt 0.3968002200126648 0.49201178550720215
vt 0.3961825966835022 0.49201178550720215
vt 0.3961825966835022 0.49201178550720215
vt 0.395565003156662 0.49201178550720215
vt 0.395565003156662 0.49201178550720215
vt 0.3949474096298218 0.49201178550720215
vt 0.3949474096298218 0.49201178550720215
vt 0.3943297564983368 0.49201178550720215
vt 0.3943297564983368 0.49201178550720215
vt 0.3937121331691742 0.49201178550720215
vt 0.3937121331691742 0.49201178550720215
vt 0.3930944800376892 0.49201178550720215
vt 0.3930944800376892 0.49201178550720215
vt 0.3924769461154938 0.49201178550720215
vt 0.3924769461154938 0.49201178550720215
vt 0.3918593227863312 0.49201178550720215
vt 0.3918593227863312 0.49201178550720215
vt 0.3912416696548462 0.49201178550720215
vt 0.3912416696548462 0.49201178550720215
vt 0.3906240463256836 0.49201178550720215
vt 0.3906240463256836 0.49201178550720215
vt 0.39000648260116577 0.49201178550720215
vt 0.39000648260116577 0.49201178550720215
vt 0.3893888592720032 0.49201178550720215
vt 0.3893888592720032 0.49201178550720215
vt 0.3887712061405182 0.49201178550720215
vt 0.3887712061405182 0.49201178550720215
vt 0.3881535828113556 0.49201178550720215
vt 0.3881535828113556 0.49201178550720215
vt 0.3875359892845154 0.49201178550720215
vt 0.3875359892845154 0.49201178550720215
vt 0.38691839575767517 0.49201178550720215
vt 0.38691839575767517 0.49201178550720215
vt 0.3961825966835022 0.48212993144989014
vt 0.3961825966835022 0.49149012565612793
vt 0.395565003156662 0.49149012565612793
vt 0.395565003156662 0.48212993144989014
vt 0.28495386242866516 0.3986354172229767
vt 0.28433623909950256 0.3986354172229767
vt 0.28433623909950256 0.3986354172229767
vt 0.28495386242866516 0.3986354172229767
vt 0.3943297564983368 0.49201178550720215
vt 0.3949474096298218 0.49201178550720215
vt 0.3949474096298218 0.49201178550720215
vt 0.3943297564983368 0.49201178550720215
vt 0.3906240463256836 0.48212993144989014
vt 0.3906240463256836 0.49149012565612793
vt 0.39000648260116577 0.49149012565612793
vt 0.39000648260116577 0.48212993144989014
vt 0.4042116105556488 0.48212993144989014
vt 0.4042116105556488 0.49149012565612793
vt 0.4035939574241638 0.49149012565612793
vt 0.4035939574241638 0.48212993144989014
vt 0.3986530601978302 0.48212993144989014
vt 0.3986530601978302 0.49149012565612793
vt 0.3980354070663452 0.49149012565612793
vt 0.3980354070663452 0.48212993144989014
vt 0.3930944800376892 0.48212993144989014
vt 0.3930944800376892 0.49149012565612793
vt 0.3924769461154938 0.49149012565612793
vt 0.3924769461154938 0.48212993144989014
vt 0.3875359892845154 0.48212993144989014
vt 0.3875359892845154 0.49149012565612793
vt 0.4011235535144806 0.48212993144989014
vt 0.4011235535144806 0.49149012565612793
vt 0.4005059599876404 0.49149012565612793
vt 0.4005059599876404 0.48212993144989014
vt 0.3949474096298218 0.49149012565612793
vt 0.3949474096298218 0.48212993144989014
vt 0.3893888592720032 0.49149012565612793
vt 0.3893888592720032 0.48212993144989014
vt 0.4029763638973236 0.49149012565612793
vt 0.4029763638973236 0.48212993144989014
vt 0.397417813539505 0.49149012565612793
vt 0.397417813539505 0.48212993144989014
vt 0.3918593227863312 0.49149012565612793
vt 0.3918593227863312 0.48212993144989014
vt 0.3998883366584778 0.49149012565612793
vt 0.3998883366584778 0.48212993144989014
vt 0.3943297564983368 0.49149012565612793
vt 0.3943297564983368 0.48212993144989014
vt 0.3887712061405182 0.49149012565612793
vt 0.3887712061405182 0.48212993144989014
vt 0.4023587703704834 0.49149012565612793
vt 0.4023587703704834 0.48212993144989014
vt 0.3968002200126648 0.49149012565612793
vt 0.3968002200126648 0.48212993144989014
vt 0.3912416696548462 0.49149012565612793
vt 0.3912416696548462 0.48212993144989014
vt 0.406064510345459 0.48212993144989014
vt 0.406064510345459 0.49149012565612793
vt 0.4054468870162964 0.49149012565612793
vt 0.4054468870162964 0.48212993144989014
vt 0.4048292338848114 0.49149012565612793
vt 0.4048292338848114 0.48212993144989014
vt 0.3992706835269928 0.49149012565612793
vt 0.3992706835269928 0.48212993144989014
vt 0.3937121331691742 0.49149012565612793
vt 0.3937121331691742 0.48212993144989014
vt 0.3881535828113556 0.49149012565612793
vt 0.3881535828113556 0.48212993144989014
vt 0.4017411470413208 0.49149012565612793
vt 0.4017411470413208 0.48212993144989014
vt 0.4023587703704834 0.49201178550720215
vt 0.4029763638973236 0.49201178550720215
vt 0.4029763638973236 0.49201178550720215
vt 0.4023587703704834 0.49201178550720215
vt 0.3937121331691742 0.49201178550720215
vt 0.3937121331691742 0.49201178550720215
vt 0.4017411470413208 0.49201178550720215
vt 0.4017411470413208 0.49201178550720215
vt 0.3930944800376892 0.49201178550720215
vt 0.3930944800376892 0.49201178550720215
vt 0.4011235535144806 0.49201178550720215
vt 0.4011235535144806 0.49201178550720215
vt 0.3924769461154938 0.49201178550720215
vt 0.3924769461154938 0.49201178550720215
vt 0.4005059599876404 0.49201178550720215
vt 0.4005059599876404 0.49201178550720215
vt 0.3918593227863312 0.49201178550720215
vt 0.3918593227863312 0.49201178550720215
vt 0.3998883366584778 0.49201178550720215
vt 0.3998883366584778 0.49201178550720215
vt 0.3912416696548462 0.49201178550720215
vt 0.3912416696548462 0.49201178550720215
vt 0.3992706835269928 0.49201178550720215
vt 0.3992706835269928 0.49201178550720215
vt 0.3906240463256836 0.49201178550720215
vt 0.3906240463256836 0.49201178550720215
vt 0.3986530601978302 0.49201178550720215
vt 0.3986530601978302 0.49201178550720215
vt 0.39000648260116577 0.49201178550720215
vt 0.39000648260116577 0.49201178550720215
vt 0.3980354070663452 0.49201178550720215
vt 0.3980354070663452 0.49201178550720215
vt 0.3893888592720032 0.49201178550720215
vt 0.3893888592720032 0.49201178550720215
vt 0.397417813539505 0.49201178550720215
vt 0.397417813539505 0.49201178550720215
vt 0.4048292338848114 0.49201178550720215
vt 0.4054468870162964 0.49201178550720215
vt 0.4054468870162964 0.49201178550720215
vt 0.4048292338848114 0.49201178550720215
vt 0.3887712061405182 0.49201178550720215
vt 0.3887712061405182 0.49201178550720215
vt 0.3968002200126648 0.49201178550720215
vt 0.3968002200126648 0.49201178550720215
vt 0.3863007724285126 0.49201178550720215
vt 0.3863007724285126 0.49201178550720215
vt 0.3881535828113556 0.49201178550720215
vt 0.3881535828113556 0.49201178550720215
vt 0.3961825966835022 0.49201178550720215
vt 0.3961825966835022 0.49201178550720215
vt 0.4042116105556488 0.49201178550720215
vt 0.4042116105556488 0.49201178550720215
vt 0.3875359892845154 0.49201178550720215
vt 0.3875359892845154 0.49201178550720215
vt 0.395565003156662 0.49201178550720215
vt 0.395565003156662 0.49201178550720215
vt 0.4035939574241638 0.49201178550720215
vt 0.4035939574241638 0.49201178550720215
vt 0.38691839575767517 0.49201178550720215
vt 0.38691839575767517 0.49201178550720215
vt 0.3863007724285126 0.49201178550720215
vt 0.3863007724285126 0.49201178550720215
vt 0.4054468870162964 0.49149012565612793
vt 0.406064510345459 0.49149012565612793
vt 0.406064510345459 0.49201178550720215
vt 0.4054468870162964 0.49201178550720215
vt 0.4048292338848114 0.49149012565612793
vt 0.4048292338848114 0.49201178550720215
vt 0.4042116105556488 0.49149012565612793
vt 0.4042116105556488 0.49201178550720215
vt 0.4035939574241638 0.49149012565612793
vt 0.4035939574241638 0.49201178550720215
vt 0.4029763638973236 0.49149012565612793
vt 0.4029763638973236 0.49201178550720215
vt 0.4023587703704834 0.49149012565612793
vt 0.4023587703704834 0.49201178550720215
vt 0.4017411470413208 0.49149012565612793
vt 0.4017411470413208 0.49201178550720215
vt 0.4011235535144806 0.49149012565612793
vt 0.4011235535144806 0.49201178550720215
vt 0.4005059599876404 0.49149012565612793
vt 0.4005059599876404 0.49201178550720215
vt 0.3998883366584778 0.49149012565612793
vt 0.3998883366584778 0.49201178550720215
vt 0.3992706835269928 0.49149012565612793
vt 0.3992706835269928 0.49201178550720215
vt 0.3986530601978302 0.49149012565612793
vt 0.3986530601978302 0.49201178550720215
vt 0.3980354070663452 0.49149012565612793
vt 0.3980354070663452 0.49201178550720215
vt 0.397417813539505 0.49149012565612793
vt 0.397417813539505 0.49201178550720215
vt 0.3968002200126648 0.49149012565612793
vt 0.3968002200126648 0.49201178550720215
vt 0.3961825966835022 0.49149012565612793
vt 0.3961825966835022 0.49201178550720215
vt 0.395565003156662 0.49149012565612793
vt 0.395565003156662 0.49201178550720215
vt 0.3949474096298218 0.49149012565612793
vt 0.3949474096298218 0.49201178550720215
vt 0.3943297564983368 0.49149012565612793
vt 0.3943297564983368 0.49201178550720215
vt 0.3937121331691742 0.49149012565612793
vt 0.3937121331691742 0.49201178550720215
vt 0.3930944800376892 0.49149012565612793
vt 0.3930944800376892 0.49201178550720215
vt 0.3924769461154938 0.49149012565612793
vt 0.3924769461154938 0.49201178550720215
vt 0.3918593227863312 0.49149012565612793
vt 0.3918593227863312 0.49201178550720215
vt 0.3912416696548462 0.49149012565612793
vt 0.3912416696548462 0.49201178550720215
vt 0.3906240463256836 0.49149012565612793
vt 0.3906240463256836 0.49201178550720215
vt 0.39000648260116577 0.49149012565612793
vt 0.39000648260116577 0.49201178550720215
vt 0.3893888592720032 0.49149012565612793
vt 0.3893888592720032 0.49201178550720215
vt 0.3887712061405182 0.49149012565612793
vt 0.3887712061405182 0.49201178550720215
vt 0.3881535828113556 0.49149012565612793
vt 0.3881535828113556 0.49201178550720215
vt 0.3875359892845154 0.49149012565612793
vt 0.3875359892845154 0.49201178550720215
vt 0.38691839575767517 0.49149012565612793
vt 0.38691839575767517 0.49201178550720215
vt 0.3863007724285126 0.49149012565612793
vt 0.3863007724285126 0.49201178550720215
vt 0.406064510345459 0.49201178550720215
vt 0.406064510345459 0.49201178550720215
vt 0.4054468870162964 0.49201178550720215
vt 0.406064510345459 0.49201178550720215
vt 0.406064510345459 0.49201178550720215
vt 0.4054468870162964 0.49201178550720215
vt 0.4048292338848114 0.49201178550720215
vt 0.4048292338848114 0.49201178550720215
vt 0.4042116105556488 0.49201178550720215
vt 0.4042116105556488 0.49201178550720215
vt 0.4035939574241638 0.49201178550720215
vt 0.4035939574241638 0.49201178550720215
vt 0.4029763638973236 0.49201178550720215
vt 0.4029763638973236 0.49201178550720215
vt 0.4023587703704834 0.49201178550720215
vt 0.4023587703704834 0.49201178550720215
vt 0.4017411470413208 0.49201178550720215
vt 0.4017411470413208 0.49201178550720215
vt 0.4011235535144806 0.49201178550720215
vt 0.4011235535144806 0.49201178550720215
vt 0.4005059599876404 0.49201178550720215
vt 0.4005059599876404 0.49201178550720215
vt 0.3998883366584778 0.49201178550720215
vt 0.3998883366584778 0.49201178550720215
vt 0.3992706835269928 0.49201178550720215
vt 0.3992706835269928 0.49201178550720215
vt 0.3986530601978302 0.49201178550720215
vt 0.3986530601978302 0.49201178550720215
vt 0.3980354070663452 0.49201178550720215
vt 0.3980354070663452 0.49201178550720215
vt 0.397417813539505 0.49201178550720215
vt 0.397417813539505 0.49201178550720215
vt 0.3968002200126648 0.49201178550720215
vt 0.3968002200126648 0.49201178550720215
vt 0.3961825966835022 0.49201178550720215
vt 0.3961825966835022 0.49201178550720215
vt 0.395565003156662 0.49201178550720215
vt 0.395565003156662 0.49201178550720215
vt 0.3949474096298218 0.49201178550720215
vt 0.3949474096298218 0.49201178550720215
vt 0.3943297564983368 0.49201178550720215
vt 0.3943297564983368 0.49201178550720215
vt 0.3937121331691742 0.49201178550720215
vt 0.3937121331691742 0.49201178550720215
vt 0.3930944800376892 0.49201178550720215
vt 0.3930944800376892 0.49201178550720215
vt 0.3924769461154938 0.49201178550720215
vt 0.3924769461154938 0.49201178550720215
vt 0.3918593227863312 0.49201178550720215
vt 0.3918593227863312 0.49201178550720215
vt 0.3912416696548462 0.49201178550720215
vt 0.3912416696548462 0.49201178550720215
vt 0.3906240463256836 0.49201178550720215
vt 0.3906240463256836 0.49201178550720215
vt 0.39000648260116577 0.49201178550720215
vt 0.39000648260116577 0.49201178550720215
vt 0.3893888592720032 0.49201178550720215
vt 0.3893888592720032 0.49201178550720215
vt 0.3887712061405182 0.49201178550720215
vt 0.3887712061405182 0.49201178550720215
vt 0.3881535828113556 0.49201178550720215
vt 0.3881535828113556 0.49201178550720215
vt 0.3875359892845154 0.49201178550720215
vt 0.3875359892845154 0.49201178550720215
vt 0.38691839575767517 0.49201178550720215
vt 0.38691839575767517 0.49201178550720215
vt 0.3863007724285126 0.49201178550720215
vt 0.3863007724285126 0.49201178550720215
vt 0.406064510345459 0.49201178550720215
vt 0.406064510345459 0.49201178550720215
vt 0.29545333981513977 0.3986354172229767
vt 0.2948357164859772 0.3986354172229767
vt 0.2948357164859772 0.3986354172229767
vt 0.29545333981513977 0.3986354172229767
vt 0.29298287630081177 0.3986354172229767
vt 0.29236525297164917 0.3986354172229767
vt 0.29236525297164917 0.3986354172229767
vt 0.29298287630081177 0.3986354172229767
vt 0.3010118901729584 0.3986354172229767
vt 0.3003942668437958 0.3986354172229767
vt 0.3003942668437958 0.3986354172229767
vt 0.3010118901729584 0.3986354172229767
vt 0.28371864557266235 0.3986354172229767
vt 0.28371864557266235 0.3986354172229767
vt 0.29174765944480896 0.3986354172229767
vt 0.29174765944480896 0.3986354172229767
vt 0.2997766137123108 0.3986354172229767
vt 0.2997766137123108 0.3986354172229767
vt 0.28310105204582214 0.3986354172229767
vt 0.28310105204582214 0.3986354172229767
vt 0.29113006591796875 0.3986354172229767
vt 0.29113006591796875 0.3986354172229767
vt 0.2991590201854706 0.3986354172229767
vt 0.2991590201854706 0.3986354172229767
vt 0.28865960240364075 0.3986354172229767
vt 0.28804197907447815 0.3986354172229767
vt 0.28804197907447815 0.3986354172229767
vt 0.28865960240364075 0.3986354172229767
vt 0.29051241278648376 0.3986354172229767
vt 0.29051241278648376 0.3986354172229767
vt 0.29854142665863037 0.3986354172229767
vt 0.29854142665863037 0.3986354172229767
vt 0.30224716663360596 0.3986354172229767
vt 0.30162954330444336 0.3986354172229767
vt 0.30162954330444336 0.3986354172229767
vt 0.30224716663360596 0.3986354172229767
vt 0.28989478945732117 0.3986354172229767
vt 0.28989478945732117 0.3986354172229767
vt 0.2979238033294678 0.3986354172229767
vt 0.2979238033294678 0.3986354172229767
vt 0.2892771363258362 0.3986354172229767
vt 0.2892771363258362 0.3986354172229767
vt 0.29730620980262756 0.3986354172229767
vt 0.29730620980262756 0.3986354172229767
vt 0.28865960240364075 0.3986354172229767
vt 0.28865960240364075 0.3986354172229767
vt 0.29668861627578735 0.3986354172229767
vt 0.29668861627578735 0.3986354172229767
vt 0.28804197907447815 0.3986354172229767
vt 0.28804197907447815 0.3986354172229767
vt 0.29607099294662476 0.3986354172229767
vt 0.29607099294662476 0.3986354172229767
vt 0.28742432594299316 0.3986354172229767
vt 0.28742432594299316 0.3986354172229767
vt 0.29607099294662476 0.3986354172229767
vt 0.29545333981513977 0.3986354172229767
vt 0.29545333981513977 0.3986354172229767
vt 0.29607099294662476 0.3986354172229767
vt 0.28680670261383057 0.3986354172229767
vt 0.28680670261383057 0.3986354172229767
vt 0.28618913888931274 0.3986354172229767
vt 0.28618913888931274 0.3986354172229767
vt 0.2942180633544922 0.3986354172229767
vt 0.2942180633544922 0.3986354172229767
vt 0.28557151556015015 0.3986354172229767
vt 0.28557151556015015 0.3986354172229767
vt 0.293600469827652 0.3986354172229767
vt 0.293600469827652 0.3986354172229767
vt 0.28248342871665955 0.3986354172229767
vt 0.28248342871665955 0.3986354172229767
vt 0.2942180633544922 0.3986354172229767
vt 0.293600469827652 0.3986354172229767
vt 0.293600469827652 0.3986354172229767
vt 0.2942180633544922 0.3986354172229767
vt 0.28742432594299316 0.3986354172229767
vt 0.28680670261383057 0.3986354172229767
vt 0.28680670261383057 0.3986354172229767
vt 0.28742432594299316 0.3986354172229767
vt 0.2948357164859772 0.3986354172229767
vt 0.2948357164859772 0.3986354172229767
vt 0.28618913888931274 0.3986354172229767
vt 0.28618913888931274 0.3986354172229767
vt 0.2942180633544922 0.3986354172229767
vt 0.2942180633544922 0.3986354172229767
vt 0.28557151556015015 0.3986354172229767
vt 0.28557151556015015 0.3986354172229767
vt 0.293600469827652 0.3986354172229767
vt 0.293600469827652 0.3986354172229767
vt 0.28310105204582214 0.3986354172229767
vt 0.28248342871665955 0.3986354172229767
vt 0.28248342871665955 0.3986354172229767
vt 0.28310105204582214 0.3986354172229767
vt 0.28495386242866516 0.3986354172229767
vt 0.28495386242866516 0.3986354172229767
vt 0.29298287630081177 0.3986354172229767
vt 0.29298287630081177 0.3986354172229767
vt 0.3010118901729584 0.3986354172229767
vt 0.3010118901729584 0.3986354172229767
vt 0.28433623909950256 0.3986354172229767
vt 0.28433623909950256 0.3986354172229767
vt 0.29236525297164917 0.3986354172229767
vt 0.29236525297164917 0.3986354172229767
vt 0.3003942668437958 0.3986354172229767
vt 0.3003942668437958 0.3986354172229767
vt 0.28371864557266235 0.3986354172229767
vt 0.28371864557266235 0.3986354172229767
vt 0.29174765944480896 0.3986354172229767
vt 0.29174765944480896 0.3986354172229767
vt 0.2997766137123108 0.3986354172229767
vt 0.2997766137123108 0.3986354172229767
vt 0.29113006591796875 0.3986354172229767
vt 0.29113006591796875 0.3986354172229767
vt 0.2991590201854706 0.3986354172229767
vt 0.2991590201854706 0.3986354172229767
vt 0.30162954330444336 0.3986354172229767
vt 0.30162954330444336 0.3986354172229767
vt 0.29051241278648376 0.3986354172229767
vt 0.29051241278648376 0.3986354172229767
vt 0.29854142665863037 0.3986354172229767
vt 0.29854142665863037 0.3986354172229767
vt 0.28989478945732117 0.3986354172229767
vt 0.28989478945732117 0.3986354172229767
vt 0.2979238033294678 0.3986354172229767
vt 0.2979238033294678 0.3986354172229767
vt 0.2892771363258362 0.3986354172229767
vt 0.2892771363258362 0.3986354172229767
vt 0.29730620980262756 0.3986354172229767
vt 0.29730620980262756 0.3986354172229767
vt 0.28865960240364075 0.3986354172229767
vt 0.28865960240364075 0.3986354172229767
vt 0.29668861627578735 0.3986354172229767
vt 0.29668861627578735 0.3986354172229767
vt 0.28804197907447815 0.3986354172229767
vt 0.28804197907447815 0.3986354172229767
vt 0.30224716663360596 0.3986354172229767
vt 0.30162954330444336 0.3986354172229767
vt 0.30162954330444336 0.3986354172229767
vt 0.30224716663360596 0.3986354172229767
vt 0.3010118901729584 0.3986354172229767
vt 0.3010118901729584 0.3986354172229767
vt 0.3003942668437958 0.3986354172229767
vt 0.3003942668437958 0.3986354172229767
vt 0.2997766137123108 0.3986354172229767
vt 0.2997766137123108 0.3986354172229767
vt 0.2991590201854706 0.3986354172229767
vt 0.2991590201854706 0.3986354172229767
vt 0.29854142665863037 0.3986354172229767
vt 0.29854142665863037 0.3986354172229767
vt 0.2979238033294678 0.3986354172229767
vt 0.2979238033294678 0.3986354172229767
vt 0.29730620980262756 0.3986354172229767
vt 0.29730620980262756 0.3986354172229767
vt 0.29668861627578735 0.3986354172229767
vt 0.29668861627578735 0.3986354172229767
vt 0.29607099294662476 0.3986354172229767
vt 0.29607099294662476 0.3986354172229767
vt 0.29545333981513977 0.3986354172229767
vt 0.29545333981513977 0.3986354172229767
vt 0.2948357164859772 0.3986354172229767
vt 0.2948357164859772 0.3986354172229767
vt 0.2942180633544922 0.3986354172229767
vt 0.2942180633544922 0.3986354172229767
vt 0.293600469827652 0.3986354172229767
vt 0.293600469827652 0.3986354172229767
vt 0.29298287630081177 0.3986354172229767
vt 0.29298287630081177 0.3986354172229767
vt 0.29236525297164917 0.3986354172229767
vt 0.29236525297164917 0.3986354172229767
vt 0.29174765944480896 0.3986354172229767
vt 0.29174765944480896 0.3986354172229767
vt 0.29113006591796875 0.3986354172229767
vt 0.29113006591796875 0.3986354172229767
vt 0.29051241278648376 0.3986354172229767
vt 0.29051241278648376 0.3986354172229767
vt 0.28989478945732117 0.3986354172229767
vt 0.28989478945732117 0.3986354172229767
vt 0.2892771363258362 0.3986354172229767
vt 0.2892771363258362 0.3986354172229767
vt 0.28865960240364075 0.3986354172229767
vt 0.28865960240364075 0.3986354172229767
vt 0.28804197907447815 0.3986354172229767
vt 0.28804197907447815 0.3986354172229767
vt 0.28742432594299316 0.3986354172229767
vt 0.28742432594299316 0.3986354172229767
vt 0.28680670261383057 0.3986354172229767
vt 0.28680670261383057 0.3986354172229767
vt 0.28618913888931274 0.3986354172229767
vt 0.28618913888931274 0.3986354172229767
vt 0.28557151556015015 0.3986354172229767
vt 0.28557151556015015 0.3986354172229767
vt 0.28495386242866516 0.3986354172229767
vt 0.28495386242866516 0.3986354172229767
vt 0.28433623909950256 0.3986354172229767
vt 0.28433623909950256 0.3986354172229767
vt 0.28371864557266235 0.3986354172229767
vt 0.28371864557266235 0.3986354172229767
vt 0.28310105204582214 0.3986354172229767
vt 0.28310105204582214 0.3986354172229767
vt 0.28248342871665955 0.3986354172229767
vt 0.28248342871665955 0.3986354172229767
vt 0.30224716663360596 0.3986354172229767
vt 0.30224716663360596 0.3986354172229767
vt 0.30224716663360596 0.3986354172229767
vt 0.30162954330444336 0.3986354172229767
vt 0.30162954330444336 0.3986354172229767
vt 0.30224716663360596 0.3986354172229767
vt 0.28557151556015015 0.3986354172229767
vt 0.28495386242866516 0.3986354172229767
vt 0.28495386242866516 0.3986354172229767
vt 0.28557151556015015 0.3986354172229767
vt 0.29298287630081177 0.3986354172229767
vt 0.29298287630081177 0.3986354172229767
vt 0.3010118901729584 0.3986354172229767
vt 0.3010118901729584 0.3986354172229767
vt 0.28433623909950256 0.3986354172229767
vt 0.28433623909950256 0.3986354172229767
vt 0.29236525297164917 0.3986354172229767
vt 0.29236525297164917 0.3986354172229767
vt 0.3003942668437958 0.3986354172229767
vt 0.3003942668437958 0.3986354172229767
vt 0.28371864557266235 0.3986354172229767
vt 0.28371864557266235 0.3986354172229767
vt 0.29174765944480896 0.3986354172229767
vt 0.29174765944480896 0.3986354172229767
vt 0.2997766137123108 0.3986354172229767
vt 0.2997766137123108 0.3986354172229767
vt 0.28310105204582214 0.3986354172229767
vt 0.28310105204582214 0.3986354172229767
vt 0.29113006591796875 0.3986354172229767
vt 0.29113006591796875 0.3986354172229767
vt 0.2991590201854706 0.3986354172229767
vt 0.2991590201854706 0.3986354172229767
vt 0.28248342871665955 0.3986354172229767
vt 0.28248342871665955 0.3986354172229767
vt 0.29051241278648376 0.3986354172229767
vt 0.29051241278648376 0.3986354172229767
vt 0.29854142665863037 0.3986354172229767
vt 0.29854142665863037 0.3986354172229767
vt 0.28989478945732117 0.3986354172229767
vt 0.28989478945732117 0.3986354172229767
vt 0.2979238033294678 0.3986354172229767
vt 0.2979238033294678 0.3986354172229767
vt 0.2892771363258362 0.3986354172229767
vt 0.2892771363258362 0.3986354172229767
vt 0.29730620980262756 0.3986354172229767
vt 0.29730620980262756 0.3986354172229767
vt 0.28865960240364075 0.3986354172229767
vt 0.28865960240364075 0.3986354172229767
vt 0.29668861627578735 0.3986354172229767
vt 0.29668861627578735 0.3986354172229767
vt 0.28804197907447815 0.3986354172229767
vt 0.28804197907447815 0.3986354172229767
vt 0.29607099294662476 0.3986354172229767
vt 0.29607099294662476 0.3986354172229767
vt 0.28742432594299316 0.3986354172229767
vt 0.28742432594299316 0.3986354172229767
vt 0.29545333981513977 0.3986354172229767
vt 0.29545333981513977 0.3986354172229767
vt 0.28680670261383057 0.3986354172229767
vt 0.28680670261383057 0.3986354172229767
vt 0.2948357164859772 0.3986354172229767
vt 0.2948357164859772 0.3986354172229767
vt 0.28618913888931274 0.3986354172229767
vt 0.28618913888931274 0.3986354172229767
vt 0.28310105204582214 0.3986354172229767
vt 0.28248342871665955 0.3986354172229767
vt 0.28248342871665955 0.3986354172229767
vt 0.28310105204582214 0.3986354172229767
vt 0.29854142665863037 0.3986354172229767
vt 0.2979238033294678 0.3986354172229767
vt 0.2979238033294678 0.3986354172229767
vt 0.29854142665863037 0.3986354172229767
vt 0.29051241278648376 0.3986354172229767
vt 0.28989478945732117 0.3986354172229767
vt 0.28989478945732117 0.3986354172229767
vt 0.29051241278648376 0.3986354172229767
vt 0.28371864557266235 0.3986354172229767
vt 0.28310105204582214 0.3986354172229767
vt 0.28310105204582214 0.3986354172229767
vt 0.28371864557266235 0.3986354172229767
vt 0.29236525297164917 0.3986354172229767
vt 0.29174765944480896 0.3986354172229767
vt 0.29174765944480896 0.3986354172229767
vt 0.29236525297164917 0.3986354172229767
vt 0.29730620980262756 0.3986354172229767
vt 0.29668861627578735 0.3986354172229767
vt 0.29668861627578735 0.3986354172229767
vt 0.29730620980262756 0.3986354172229767
vt 0.2942180633544922 0.3986354172229767
vt 0.293600469827652 0.3986354172229767
vt 0.293600469827652 0.3986354172229767
vt 0.2942180633544922 0.3986354172229767
vt 0.28557151556015015 0.3986354172229767
vt 0.28495386242866516 0.3986354172229767
vt 0.28495386242866516 0.3986354172229767
vt 0.28557151556015015 0.3986354172229767
vt 0.3003942668437958 0.3986354172229767
vt 0.2997766137123108 0.3986354172229767
vt 0.2997766137123108 0.3986354172229767
vt 0.3003942668437958 0.3986354172229767
vt 0.29607099294662476 0.3986354172229767
vt 0.29545333981513977 0.3986354172229767
vt 0.29545333981513977 0.3986354172229767
vt 0.29607099294662476 0.3986354172229767
vt 0.28433623909950256 0.3986354172229767
vt 0.28433623909950256 0.3986354172229767
vt 0.28742432594299316 0.3986354172229767
vt 0.28680670261383057 0.3986354172229767
vt 0.28680670261383057 0.3986354172229767
vt 0.28742432594299316 0.3986354172229767
vt 0.2991590201854706 0.3986354172229767
vt 0.2991590201854706 0.3986354172229767
vt 0.30162954330444336 0.3986354172229767
vt 0.3010118901729584 0.3986354172229767
vt 0.3010118901729584 0.3986354172229767
vt 0.30162954330444336 0.3986354172229767
vt 0.29113006591796875 0.3986354172229767
vt 0.29113006591796875 0.3986354172229767
vt 0.28618913888931274 0.3986354172229767
vt 0.28618913888931274 0.3986354172229767
vt 0.2892771363258362 0.3986354172229767
vt 0.2892771363258362 0.3986354172229767
vt 0.2948357164859772 0.3986354172229767
vt 0.2948357164859772 0.3986354172229767
vt 0.29298287630081177 0.3986354172229767
vt 0.29298287630081177 0.3986354172229767
vt 0.28248342871665955 0.3986354172229767
vt 0.28248342871665955 0.3986354172229767
vt 0.30224716663360596 0.3986354172229767
vt 0.30224716663360596 0.3986354172229767
vt 0.2991590201854706 0.3986354172229767
vt 0.29854142665863037 0.3986354172229767
vt 0.29854142665863037 0.3986354172229767
vt 0.2991590201854706 0.3986354172229767
vt 0.3003942668437958 0.3986354172229767
vt 0.2997766137123108 0.3986354172229767
vt 0.2997766137123108 0.3986354172229767
vt 0.3003942668437958 0.3986354172229767
vt 0.2979238033294678 0.3986354172229767
vt 0.29730620980262756 0.3986354172229767
vt 0.29730620980262756 0.3986354172229767
vt 0.2979238033294678 0.3986354172229767
vt 0.29668861627578735 0.3986354172229767
vt 0.29668861627578735 0.3986354172229767
vt 0.30224716663360596 0.3986354172229767
vt 0.30162954330444336 0.3986354172229767
vt 0.30162954330444336 0.3986354172229767
vt 0.30224716663360596 0.3986354172229767
vt 0.29607099294662476 0.3986354172229767
vt 0.29607099294662476 0.3986354172229767
vt 0.29236525297164917 0.3986354172229767
vt 0.29174765944480896 0.3986354172229767
vt 0.29174765944480896 0.3986354172229767
vt 0.29236525297164917 0.3986354172229767
vt 0.29298287630081177 0.3986354172229767
vt 0.29298287630081177 0.3986354172229767
vt 0.28804197907447815 0.3986354172229767
vt 0.28742432594299316 0.3986354172229767
vt 0.28742432594299316 0.3986354172229767
vt 0.28804197907447815 0.3986354172229767
vt 0.3010118901729584 0.3986354172229767
vt 0.3010118901729584 0.3986354172229767
vt 0.29545333981513977 0.3986354172229767
vt 0.29545333981513977 0.3986354172229767
vt 0.28680670261383057 0.3986354172229767
vt 0.28618913888931274 0.3986354172229767
vt 0.28618913888931274 0.3986354172229767
vt 0.28680670261383057 0.3986354172229767
vt 0.28989478945732117 0.3986354172229767
vt 0.2892771363258362 0.3986354172229767
vt 0.2892771363258362 0.3986354172229767
vt 0.28989478945732117 0.3986354172229767
vt 0.2948357164859772 0.3986354172229767
vt 0.2948357164859772 0.3986354172229767
vt 0.29113006591796875 0.3986354172229767
vt 0.29113006591796875 0.3986354172229767
vt 0.29051241278648376 0.3986354172229767
vt 0.29051241278648376 0.3986354172229767
vt 0.28865960240364075 0.3986354172229767
vt 0.28865960240364075 0.3986354172229767
vt 0.28557151556015015 0.3986354172229767
vt 0.28557151556015015 0.3986354172229767
vt 0.28371864557266235 0.3986354172229767
vt 0.28371864557266235 0.3986354172229767
vt 0.28495386242866516 0.3986354172229767
vt 0.28433623909950256 0.3986354172229767
vt 0.28433623909950256 0.3986354172229767
vt 0.28495386242866516 0.3986354172229767
vt 0.2942180633544922 0.3986354172229767
vt 0.293600469827652 0.3986354172229767
vt 0.293600469827652 0.3986354172229767
vt 0.2942180633544922 0.3986354172229767
vt 0.47529515624046326 0.5044734477996826
vt 0.47529277205467224 0.5018408894538879
vt 0.4752926528453827 0.5017327666282654
vt 0.47529494762420654 0.5041907429695129
vt 0.48281019926071167 0.48889172077178955
vt 0.4752810299396515 0.4888935685157776
vt 0.4752901792526245 0.49892133474349976
vt 0.4828193485736847 0.4989194869995117
vt 0.4894299805164337 0.4988923668861389
vt 0.4846701920032501 0.49889421463012695
vt 0.4846643805503845 0.48886650800704956
vt 0.48942428827285767 0.4888646602630615
vt 0.4752783477306366 0.4858291745185852
vt 0.4752783477306366 0.48581379652023315
vt 0.47358277440071106 0.4858142137527466
vt 0.47358277440071106 0.48582959175109863
vt 0.47529277205467224 0.5018408894538879
vt 0.48282182216644287 0.5018390417098999
vt 0.47529515624046326 0.5044734477996826
vt 0.48282432556152344 0.5044716000556946
vt 0.4752970337867737 0.5065613389015198
vt 0.4828260838985443 0.5065595507621765
vt 0.4752981662750244 0.5079001784324646
vt 0.4828273355960846 0.5078983306884766
vt 0.489435076713562 0.5078983902931213
vt 0.48467525839805603 0.5079001784324646
vt 0.48467546701431274 0.5083588361740112
vt 0.4894353747367859 0.508357048034668
vt 0.5132293105125427 0.49888330698013306
vt 0.5179890990257263 0.4988815188407898
vt 0.51799076795578 0.5018022656440735
vt 0.5132308602333069 0.501803994178772
vt 0.5179923176765442 0.5044382810592651
vt 0.513232409954071 0.5044400691986084
vt 0.5179934501647949 0.5065316557884216
vt 0.5132336616516113 0.5065334439277649
vt 0.5179942846298218 0.5078772902488708
vt 0.5132343769073486 0.5078791379928589
vt 0.5179945826530457 0.5083436369895935
vt 0.5132347345352173 0.5083453059196472
vt 0.4828064739704132 0.48478949069976807
vt 0.4752773940563202 0.48479127883911133
vt 0.4752773940563202 0.48480772972106934
vt 0.48280638456344604 0.4848058223724365
vt 0.5132212042808533 0.48478037118911743
vt 0.5179810523986816 0.4847785234451294
vt 0.5179834961891174 0.48885369300842285
vt 0.5132237076759338 0.48885560035705566
vt 0.5204558372497559 0.4888826012611389
vt 0.5279850363731384 0.48888081312179565
vt 0.527981162071228 0.4847949743270874
vt 0.5204520225524902 0.48479682207107544
vt 0.2718837261199951 0.9532012939453125
vt 0.27188026905059814 0.9310610890388489
vt 0.2718832194805145 0.9500182271003723
vt 0.27188730239868164 0.9761863946914673
vt 0.4752810299396515 0.4888935685157776
vt 0.4752773940563202 0.48480772972106934
vt 0.4752783477306366 0.4858291745185852
vt 0.47528165578842163 0.48964399099349976
vt 0.48467183113098145 0.5018150210380554
vt 0.48467329144477844 0.5044510960578918
vt 0.4846732020378113 0.5041698813438416
vt 0.4846717417240143 0.5017086267471313
vt 0.48467546701431274 0.5083563923835754
vt 0.48467546701431274 0.5083588361740112
vt 0.48467525839805603 0.5078185200691223
vt 0.48467525839805603 0.5078161954879761
vt 0.4752901792526245 0.49892133474349976
vt 0.4752901792526245 0.49900680780410767
vt 0.4846643805503845 0.48886650800704956
vt 0.4846701920032501 0.49889421463012695
vt 0.4846701920032501 0.4989815354347229
vt 0.48466479778289795 0.48961877822875977
vt 0.48467525839805603 0.5079001784324646
vt 0.48467496037483215 0.5073902010917664
vt 0.48467525839805603 0.5078900456428528
vt 0.48467496037483215 0.5073807835578918
vt 0.4752970337867737 0.5065613389015198
vt 0.4752967059612274 0.5061401724815369
vt 0.48467445373535156 0.5065444111824036
vt 0.484674334526062 0.5061243772506714
vt 0.48466208577156067 0.48479127883911133
vt 0.4846627116203308 0.48581379652023315
vt 0.4752981662750244 0.5079001784324646
vt 0.475297749042511 0.5073902010917664
vt 0.4752773940563202 0.48479127883911133
vt 0.4752783477306366 0.48581379652023315
vt 0.48467525839805603 0.5078185200691223
vt 0.48467496037483215 0.5073902010917664
vt 0.48360294103622437 0.5073906779289246
vt 0.48360323905944824 0.5078189373016357
vt 0.4752901792526245 0.49900680780410767
vt 0.47528165578842163 0.48964399099349976
vt 0.4735860824584961 0.48964446783065796
vt 0.4735944867134094 0.4990072250366211
vt 0.4846717417240143 0.5017086267471313
vt 0.4846732020378113 0.5041698813438416
vt 0.4836011528968811 0.5041702389717102
vt 0.4835997223854065 0.501708984375
vt 0.475297749042511 0.5073902010917664
vt 0.4752967059612274 0.5061401724815369
vt 0.47360092401504517 0.5061405897140503
vt 0.4736020565032959 0.5073906779289246
vt 0.48466479778289795 0.48961877822875977
vt 0.4846701920032501 0.4989815354347229
vt 0.48359817266464233 0.49898195266723633
vt 0.4835928678512573 0.4896191954612732
vt 0.4752926528453827 0.5017327666282654
vt 0.47359699010849 0.5017331838607788
vt 0.484674334526062 0.5061243772506714
vt 0.48467496037483215 0.5073807835578918
vt 0.48360294103622437 0.50738126039505
vt 0.48360222578048706 0.5061247944831848
vt 0.48467525839805603 0.5078161954879761
vt 0.48360323905944824 0.5078166127204895
vt 0.4846627116203308 0.48581379652023315
vt 0.48466479778289795 0.48961877822875977
vt 0.4835928678512573 0.4896191954612732
vt 0.4835907816886902 0.4858142137527466
vt 0.47529494762420654 0.5041907429695129
vt 0.47359925508499146 0.5041911602020264
vt 0.47528165578842163 0.48964399099349976
vt 0.4752783477306366 0.4858291745185852
vt 0.47358277440071106 0.48582959175109863
vt 0.4735860824584961 0.48964446783065796
vt 0.3609062433242798 0.4190356433391571
vt 0.3514746427536011 0.4190356433391571
vt 0.3514746427536011 0.4190356433391571
vt 0.3609062433242798 0.4190356433391571
vt 0.33323392271995544 0.43140360713005066
vt 0.3353191614151001 0.4318930208683014
vt 0.3353191614151001 0.4318930208683014
vt 0.33323392271995544 0.43140360713005066
vt 0.33903002738952637 0.43140360713005066
vt 0.3456784784793854 0.43140360713005066
vt 0.3456784784793854 0.43140360713005066
vt 0.33903002738952637 0.43140360713005066
vt 0.27182695269584656 0.6062547564506531
vt 0.2718137800693512 0.5270083546638489
vt 0.41870224475860596 0.5268129706382751
vt 0.41871532797813416 0.6060588955879211
vt 0.2718837261199951 0.9533670544624329
vt 0.2718849778175354 0.9609143137931824
vt 0.2718890905380249 0.9853021502494812
vt 0.27188751101493835 0.9763818383216858
vt 0.271874338388443 0.8966193795204163
vt 0.2718672752380371 0.8532482385635376
vt 0.2718680500984192 0.8580511808395386
vt 0.271876722574234 0.9093115925788879
vt 0.271874338388443 0.8969873785972595
vt 0.27188026905059814 0.9313398003578186
vt 0.2718832194805145 0.9503468871116638
vt 0.271876722574234 0.9097463488578796
vt 0.2718214690685272 0.5734273791313171
vt 0.27183279395103455 0.640651524066925
vt 0.27182695269584656 0.6067809462547302
vt 0.2718137800693512 0.5273285508155823
vt 0.2718594968318939 0.8056380748748779
vt 0.2718672752380371 0.8536738157272339
vt 0.2718680500984192 0.8585535883903503
vt 0.2718590199947357 0.8017797470092773
vt 0.2718849778175354 0.960873544216156
vt 0.2718890905380249 0.9852542281150818
vt 0.2718594968318939 0.8051931858062744
vt 0.27183279395103455 0.6402058005332947
vt 0.27182695269584656 0.6062547564506531
vt 0.2718590199947357 0.801253616809845
vt 0.2718214690685272 0.5731567740440369
vt 0.2718137800693512 0.5270083546638489
vt 0.41871532797813416 0.6060588955879211
vt 0.41870224475860596 0.5268129706382751
vt 0.4187266230583191 0.6751902103424072
vt 0.4187331795692444 0.7152211666107178
vt 0.27188751101493835 0.9763818383216858
vt 0.2718890905380249 0.9853021502494812
vt 0.4187774956226349 0.9851062893867493
vt 0.4187758266925812 0.9761863946914673
vt 0.2718137800693512 0.5273285508155823
vt 0.27182695269584656 0.6067809462547302
vt 0.41871532797813416 0.6065850257873535
vt 0.41870224475860596 0.5271325707435608
vt 0.2718680500984192 0.8580511808395386
vt 0.2718590199947357 0.801253616809845
vt 0.41874727606773376 0.8010582327842712
vt 0.4187568426132202 0.8578547239303589
vt 0.271876722574234 0.9093115925788879
vt 0.4187649190425873 0.9091156721115112
vt 0.2718137800693512 0.5273285508155823
vt 0.41870224475860596 0.5271325707435608
vt 0.3658100962638855 0.5270881652832031
vt 0.3247053623199463 0.5271426439285278
vt 0.2718832194805145 0.9500182271003723
vt 0.41877177357673645 0.9498222470283508
vt 0.2718590199947357 0.8017797470092773
vt 0.2718680500984192 0.8585535883903503
vt 0.4187568426132202 0.8583576679229736
vt 0.41874727606773376 0.8015837669372559
vt 0.27182695269584656 0.6067809462547302
vt 0.41871532797813416 0.6065850257873535
vt 0.27188730239868164 0.9761863946914673
vt 0.4187758266925812 0.9759899377822876
vt 0.271876722574234 0.9097463488578796
vt 0.4187649190425873 0.9095504283905029
vt 0.2718890905380249 0.9852542281150818
vt 0.4187774956226349 0.9850581884384155
vt 0.2718832194805145 0.9503468871116638
vt 0.41877177357673645 0.9501513838768005
vt 0.8035393357276917 0.23153281211853027
vt 0.8105413913726807 0.23144352436065674
vt 0.8107431530952454 0.24015378952026367
vt 0.8035393357276917 0.24015378952026367
vt 0.8035393357276917 0.25006288290023804
vt 0.8107431530952454 0.25006288290023804
vt 0.8105413913726807 0.25877314805984497
vt 0.8035393357276917 0.25868386030197144
vt 0.8035393357276917 0.25006288290023804
vt 0.8035393357276917 0.24015378952026367
vt 0.8035393357276917 0.24015378952026367
vt 0.8035393357276917 0.25006288290023804
vt 0.32380232214927673 0.43140360713005066
vt 0.32380232214927673 0.43140360713005066
vt 0.33760014176368713 0.4315347373485565
vt 0.33760014176368713 0.4315347373485565
vt 0.3353191614151001 0.41854622960090637
vt 0.33323392271995544 0.4190356433391571
vt 0.33323392271995544 0.4190356433391571
vt 0.3353191614151001 0.41854622960090637
vt 0.3514746427536011 0.43140360713005066
vt 0.3609062433242798 0.43140360713005066
vt 0.3609062433242798 0.43140360713005066
vt 0.3514746427536011 0.43140360713005066
vt 0.34710830450057983 0.4315347373485565
vt 0.34710830450057983 0.4315347373485565
vt 0.32380232214927673 0.4190356433391571
vt 0.32380232214927673 0.4190356433391571
vt 0.33903002738952637 0.4190356433391571
vt 0.33760014176368713 0.41890451312065125
vt 0.33760014176368713 0.41890451312065125
vt 0.33903002738952637 0.4190356433391571
vt 0.3353191614151001 0.4318930208683014
vt 0.33760014176368713 0.4315347373485565
vt 0.33760014176368713 0.4315347373485565
vt 0.3353191614151001 0.4318930208683014
vt 0.33323392271995544 0.42949506640434265
vt 0.33323392271995544 0.4209441840648651
vt 0.3353191614151001 0.4206058084964752
vt 0.3353191614151001 0.42983344197273254
vt 0.3514746427536011 0.4209441840648651
vt 0.3514746427536011 0.42949506640434265
vt 0.34938928484916687 0.42983344197273254
vt 0.34938928484916687 0.4206058084964752
vt 0.34710830450057983 0.42085352540016174
vt 0.34710830450057983 0.429585725069046
vt 0.3456784784793854 0.42949506640434265
vt 0.3456784784793854 0.4209441840648651
vt 0.34938928484916687 0.4318930208683014
vt 0.34938928484916687 0.4318930208683014
vt 0.33903002738952637 0.4209441840648651
vt 0.33903002738952637 0.42949506640434265
vt 0.33760014176368713 0.42085352540016174
vt 0.33760014176368713 0.4295857846736908
vt 0.34938928484916687 0.4318930208683014
vt 0.3514746427536011 0.43140360713005066
vt 0.3514746427536011 0.43140360713005066
vt 0.34938928484916687 0.4318930208683014
vt 0.3456784784793854 0.43140360713005066
vt 0.34710830450057983 0.4315347373485565
vt 0.34710830450057983 0.4315347373485565
vt 0.3456784784793854 0.43140360713005066
vt 0.33903002738952637 0.43140360713005066
vt 0.33903002738952637 0.43140360713005066
vt 0.33323392271995544 0.43140360713005066
vt 0.33323392271995544 0.43140360713005066
vt 0.32380232214927673 0.43140360713005066
vt 0.32380232214927673 0.43140360713005066
vt 0.3609062433242798 0.43140360713005066
vt 0.3609062433242798 0.43140360713005066
vt 0.34710830450057983 0.41890451312065125
vt 0.3456784784793854 0.4190356433391571
vt 0.3456784784793854 0.4190356433391571
vt 0.34710830450057983 0.41890451312065125
vt 0.34938928484916687 0.41854622960090637
vt 0.34938928484916687 0.41854622960090637
vt 0.3609062433242798 0.4209441840648651
vt 0.3609062433242798 0.42949506640434265
vt 0.32380232214927673 0.4209441840648651
vt 0.32380232214927673 0.42949506640434265
vt 0.33760014176368713 0.429585725069046
vt 0.33323392271995544 0.43140360713005066
vt 0.3353191614151001 0.4318930208683014
vt 0.333197683095932 0.4304473102092743
vt 0.33530083298683167 0.4308580458164215
vt 0.33530083298683167 0.4308580458164215
vt 0.3353191614151001 0.41854622960090637
vt 0.33323392271995544 0.4190356433391571
vt 0.33529964089393616 0.41958120465278625
vt 0.33319634199142456 0.419992059469223
vt 0.33529964089393616 0.41958120465278625
vt 0.33760014176368713 0.41890451312065125
vt 0.33761489391326904 0.41987964510917664
vt 0.33761489391326904 0.41987964510917664
vt 0.33903002738952637 0.4190356433391571
vt 0.3390651047229767 0.41999056935310364
vt 0.3514746427536011 0.4190356433391571
vt 0.34938928484916687 0.41854622960090637
vt 0.3514746427536011 0.4190356433391571
vt 0.3515039086341858 0.4199922978878021
vt 0.3494148254394531 0.4195811450481415
vt 0.34710830450057983 0.41890451312065125
vt 0.3471011817455292 0.4198789894580841
vt 0.3456784784793854 0.4190356433391571
vt 0.3456784784793854 0.4190356433391571
vt 0.34565064311027527 0.4199903905391693
vt 0.32380232214927673 0.4190356433391571
vt 0.3238784968852997 0.4199899137020111
vt 0.3609062433242798 0.4190356433391571
vt 0.36080774664878845 0.4199899137020111
vt 0.33760014176368713 0.4315347373485565
vt 0.33903002738952637 0.43140360713005066
vt 0.33761531114578247 0.43055954575538635
vt 0.33906492590904236 0.4304486811161041
vt 0.33761531114578247 0.43055954575538635
vt 0.34710830450057983 0.4315347373485565
vt 0.34938928484916687 0.4318930208683014
vt 0.3470989167690277 0.43056002259254456
vt 0.34941211342811584 0.43085816502571106
vt 0.3332851231098175 0.43140825629234314
vt 0.33534514904022217 0.43190422654151917
vt 0.33534514904022217 0.43190422654151917
vt 0.33323296904563904 0.4314034879207611
vt 0.3353184759616852 0.4318929612636566
vt 0.33757856488227844 0.43153616786003113
vt 0.33759984374046326 0.4315347969532013
vt 0.33898064494132996 0.43140509724617004
vt 0.33903002738952637 0.43140360713005066
vt 0.34935691952705383 0.43190398812294006
vt 0.3514362871646881 0.43140867352485657
vt 0.3493911027908325 0.4318929612636566
vt 0.3514760434627533 0.43140336871147156
vt 0.3514760434627533 0.43140336871147156
vt 0.34712162613868713 0.43153515458106995
vt 0.34710970520973206 0.43153491616249084
vt 0.34571999311447144 0.4314047396183014
vt 0.34567946195602417 0.43140366673469543
vt 0.3236900568008423 0.43140360713005066
vt 0.32380086183547974 0.43140360713005066
vt 0.32380086183547974 0.43140360713005066
vt 0.36090680956840515 0.43140360713005066
vt 0.36090680956840515 0.43140360713005066
vt 0.3610495328903198 0.43140360713005066
vt 0.33539924025535583 0.43191179633140564
vt 0.33327609300613403 0.4314135015010834
vt 0.33539924025535583 0.43191179633140564
vt 0.3353191614151001 0.4318930208683014
vt 0.33339327573776245 0.4314410388469696
vt 0.33323484659194946 0.419035404920578
vt 0.335319846868515 0.41854605078697205
vt 0.3376172184944153 0.4315320551395416
vt 0.33529460430145264 0.431896835565567
vt 0.33529460430145264 0.431896835565567
vt 0.3376172184944153 0.4315320551395416
vt 0.33760014176368713 0.4315347373485565
vt 0.335319846868515 0.4185463488101959
vt 0.3376004695892334 0.418904572725296
vt 0.3389968276023865 0.4314066469669342
vt 0.33754104375839233 0.4315401613712311
vt 0.33754104375839233 0.4315401613712311
vt 0.3389054834842682 0.43141505122184753
vt 0.33760035037994385 0.41890451312065125
vt 0.33903002738952637 0.4190356433391571
vt 0.35142746567726135 0.4314146339893341
vt 0.3493037223815918 0.4319131076335907
vt 0.3512965440750122 0.4314453899860382
vt 0.34938928484916687 0.4318930208683014
vt 0.34938758611679077 0.41854581236839294
vt 0.3514728248119354 0.4190352261066437
vt 0.3494022786617279 0.43189504742622375
vt 0.3470790386199951 0.4315301477909088
vt 0.3470790386199951 0.4315301477909088
vt 0.34710830450057983 0.4315347373485565
vt 0.3471066355705261 0.41890475153923035
vt 0.349387526512146 0.41854652762413025
vt 0.34715795516967773 0.43153926730155945
vt 0.3457016050815582 0.4314057528972626
vt 0.34715795516967773 0.43153926730155945
vt 0.34576404094696045 0.431411474943161
vt 0.34567752480506897 0.4190357029438019
vt 0.3471072018146515 0.418904572725296
vt 0.3332982659339905 0.43140360713005066
vt 0.32369405031204224 0.43140360713005066
vt 0.33323392271995544 0.43140360713005066
vt 0.32380232214927673 0.43140360713005066
vt 0.3238036632537842 0.4190356433391571
vt 0.333234578371048 0.4190356433391571
vt 0.3457343578338623 0.43140360713005066
vt 0.33896350860595703 0.43140360713005066
vt 0.3456784784793854 0.43140360713005066
vt 0.33903002738952637 0.43140360713005066
vt 0.34567752480506897 0.4190356433391571
vt 0.36104604601860046 0.43140360713005066
vt 0.3514385223388672 0.43140360713005066
vt 0.3609062433242798 0.43140360713005066
vt 0.3514746427536011 0.43140360713005066
vt 0.3514735698699951 0.4190356433391571
vt 0.3609055280685425 0.4190356433391571
vt 0.3514746427536011 0.43140360713005066
vt 0.3514746427536011 0.43140360713005066
vt 0.3515017330646515 0.43044713139533997
vt 0.3456784784793854 0.43140360713005066
vt 0.3456784784793854 0.43140360713005066
vt 0.3456490933895111 0.43044885993003845
vt 0.32380232214927673 0.43140360713005066
vt 0.3238813877105713 0.43044933676719666
vt 0.3608051538467407 0.43044933676719666
vt 0.3609062433242798 0.43140360713005066
vt 0.39118459820747375 0.3867093026638031
vt 0.4035525619983673 0.3867093026638031
vt 0.4035525619983673 0.39907726645469666
vt 0.39118459820747375 0.39907726645469666
vt 0.39118459820747375 0.4093838632106781
vt 0.4035525619983673 0.4093838632106781
vt 0.4035525619983673 0.4114452302455902
vt 0.39118459820747375 0.4114452302455902
vt 0.39118459820747375 0.4114452302455902
vt 0.4035525619983673 0.4114452302455902
vt 0.4035525619983673 0.42381319403648376
vt 0.39118459820747375 0.42381319403648376
vt 0.39118459820747375 0.43411985039711
vt 0.4035525619983673 0.43411985039711
vt 0.4035525619983673 0.4361811578273773
vt 0.39118459820747375 0.4361811578273773
vt 0.3891232907772064 0.4114452302455902
vt 0.39118459820747375 0.4114452302455902
vt 0.39118459820747375 0.42381319403648376
vt 0.3891232907772064 0.42381319403648376
vt 0.41385912895202637 0.4114452302455902
vt 0.41592055559158325 0.4114452302455902
vt 0.41592055559158325 0.42381319403648376
vt 0.41385912895202637 0.42381319403648376
vt 0.4035525619983673 0.4114452302455902
vt 0.40561386942863464 0.4114452302455902
vt 0.40561386942863464 0.42381319403648376
vt 0.4035525619983673 0.42381319403648376
vt 0.40767520666122437 0.4114452302455902
vt 0.40767520666122437 0.42381319403648376
vt 0.4097365140914917 0.4114452302455902
vt 0.4097365140914917 0.42381319403648376
vt 0.4117978513240814 0.4114452302455902
vt 0.4117978513240814 0.42381319403648376
vt 0.3788166344165802 0.4114452302455902
vt 0.3808779716491699 0.4114452302455902
vt 0.3808779716491699 0.42381319403648376
vt 0.3788166344165802 0.42381319403648376
vt 0.38293930888175964 0.4114452302455902
vt 0.38293930888175964 0.42381319403648376
vt 0.385000616312027 0.4114452302455902
vt 0.385000616312027 0.42381319403648376
vt 0.3870619535446167 0.4114452302455902
vt 0.3870619535446167 0.42381319403648376
vt 0.39118459820747375 0.42381319403648376
vt 0.4035525619983673 0.42381319403648376
vt 0.4035525619983673 0.4258745014667511
vt 0.39118459820747375 0.4258745014667511
vt 0.4035525619983673 0.4279358685016632
vt 0.39118459820747375 0.4279358685016632
vt 0.4035525619983673 0.42999717593193054
vt 0.39118459820747375 0.42999717593193054
vt 0.4035525619983673 0.4320584833621979
vt 0.39118459820747375 0.4320584833621979
vt 0.39118459820747375 0.39907726645469666
vt 0.4035525619983673 0.39907726645469666
vt 0.4035525619983673 0.401138573884964
vt 0.39118459820747375 0.401138573884964
vt 0.4035525619983673 0.4031998813152313
vt 0.39118459820747375 0.4031998813152313
vt 0.4035525619983673 0.40526124835014343
vt 0.39118459820747375 0.40526124835014343
vt 0.4035525619983673 0.40732255578041077
vt 0.39118459820747375 0.40732255578041077
vt 0.3247053623199463 0.5271426439285278
vt 0.3658100962638855 0.5270881652832031
vt 0.365817129611969 0.5709648728370667
vt 0.3247131109237671 0.5710193514823914
vt 0.2718137800693512 0.5270083546638489
vt 0.3247053623199463 0.5270534157752991
vt 0.41870224475860596 0.5268129706382751
vt 0.3658100962638855 0.5269984006881714
vt 0.3247131109237671 0.5709294676780701
vt 0.3247131109237671 0.5710193514823914
vt 0.365817129611969 0.5709648728370667
vt 0.365817129611969 0.5708748698234558
vt 0.3658100962638855 0.5270881652832031
vt 0.3658100962638855 0.5269984006881714
vt 0.365817129611969 0.5708748698234558
vt 0.365817129611969 0.5709648728370667
vt 0.3658100962638855 0.5269984006881714
vt 0.3247053623199463 0.5270534157752991
vt 0.3247131109237671 0.5709294676780701
vt 0.365817129611969 0.5708748698234558
vt 0.3247053623199463 0.5270534157752991
vt 0.3247053623199463 0.5271426439285278
vt 0.3247131109237671 0.5710193514823914
vt 0.3247131109237671 0.5709294676780701
vt 0.5771220326423645 0.5039774179458618
vt 0.5771225690841675 0.5047767162322998
vt 0.6792663931846619 0.504751980304718
vt 0.6792656779289246 0.50395268201828
vt 0.4187758266925812 0.9761863946914673
vt 0.4187774956226349 0.9851062893867493
vt 0.4187649190425873 0.9066935181617737
vt 0.4187638759613037 0.9021872878074646
vt 0.41870224475860596 0.5271325707435608
vt 0.41871532797813416 0.6065850257873535
vt 0.4187331795692444 0.7154868245124817
vt 0.4187271296977997 0.6753519177436829
vt 0.4187568426132202 0.8578547239303589
vt 0.41874727606773376 0.8010582327842712
vt 0.41874924302101135 0.8137231469154358
vt 0.41875433921813965 0.8424135446548462
vt 0.4187649190425873 0.9091156721115112
vt 0.4187586009502411 0.8683075308799744
vt 0.41877177357673645 0.9498222470283508
vt 0.41876211762428284 0.8888699412345886
vt 0.41874727606773376 0.8015837669372559
vt 0.4187568426132202 0.8583576679229736
vt 0.41875433921813965 0.8426675796508789
vt 0.41874924302101135 0.8139887452125549
vt 0.4187758266925812 0.9759899377822876
vt 0.4187638759613037 0.9020884037017822
vt 0.4187649190425873 0.9095504283905029
vt 0.4187586009502411 0.8685272336006165
vt 0.4187774956226349 0.9850581884384155
vt 0.4187649190425873 0.9066687226295471
vt 0.41877177357673645 0.9501513838768005
vt 0.41876211762428284 0.8890365362167358
vt 0.6891500949859619 0.504751980304718
vt 0.689150333404541 0.5050258636474609
vt 0.6891008019447327 0.5067430138587952
vt 0.6891003847122192 0.5063725113868713
vt 0.5771122574806213 0.4934130907058716
vt 0.5771101117134094 0.49098002910614014
vt 0.679253876209259 0.49095529317855835
vt 0.679256021976471 0.4933883547782898
vt 0.5771229863166809 0.5050505995750427
vt 0.679266631603241 0.5050258636474609
vt 0.5771102905273438 0.4909898638725281
vt 0.5771122574806213 0.4934292435646057
vt 0.679256021976471 0.4934045076370239
vt 0.679253876209259 0.4909651279449463
vt 0.5771194100379944 0.501143753528595
vt 0.5771176815032959 0.49939996004104614
vt 0.6792615056037903 0.4993751645088196
vt 0.6792629957199097 0.5011189579963684
vt 0.5771122574806213 0.4934130907058716
vt 0.679256021976471 0.4933883547782898
vt 0.5771207809448242 0.5027175545692444
vt 0.6792644262313843 0.5026928186416626
vt 0.5771101117134094 0.49098002910614014
vt 0.5771102905273438 0.4909898638725281
vt 0.679253876209259 0.4909651279449463
vt 0.679253876209259 0.49095529317855835
vt 0.5771220326423645 0.50396728515625
vt 0.6792656779289246 0.5039425492286682
vt 0.5771176815032959 0.4994161128997803
vt 0.5771194100379944 0.5011591911315918
vt 0.6792629957199097 0.5011343955993652
vt 0.6792615056037903 0.4993913173675537
vt 0.5771122574806213 0.4934292435646057
vt 0.679256021976471 0.4934045076370239
vt 0.5771225690841675 0.5047706961631775
vt 0.6792663931846619 0.5047459602355957
vt 0.5771207809448242 0.5027309060096741
vt 0.6792644262313843 0.5027061104774475
vt 0.5771229863166809 0.5050491094589233
vt 0.679266631603241 0.5050243735313416
vt 0.8035393357276917 0.2593280076980591
vt 0.8134484887123108 0.259391188621521
vt 0.8133121132850647 0.2599720358848572
vt 0.8035393357276917 0.2599720358848572
vt 0.8033879399299622 0.22243577241897583
vt 0.8133121132850647 0.22243577241897583
vt 0.8134484887123108 0.22453594207763672
vt 0.8035393357276917 0.22453594207763672
vt 0.8120958209037781 0.25006288290023804
vt 0.8107431530952454 0.25006288290023804
vt 0.8107431530952454 0.25006288290023804
vt 0.8120958209037781 0.25006288290023804
vt 0.8165579438209534 0.23412257432937622
vt 0.8004510402679443 0.23416465520858765
vt 0.8001929521560669 0.23284763097763062
vt 0.816608726978302 0.23284763097763062
vt 0.8035393357276917 0.2260441780090332
vt 0.8134484887123108 0.2260441780090332
vt 0.8134484887123108 0.24648195505142212
vt 0.8227767944335938 0.24950021505355835
vt 0.822441041469574 0.24977397918701172
vt 0.813444972038269 0.2482725977897644
vt 0.813444972038269 0.2482725977897644
vt 0.822441041469574 0.24977397918701172
vt 0.8221274018287659 0.25006288290023804
vt 0.8134484887123108 0.25006288290023804
vt 0.8120958209037781 0.25006288290023804
vt 0.8119926452636719 0.2588720917701721
vt 0.8119926452636719 0.2313445806503296
vt 0.8120958209037781 0.24015378952026367
vt 0.8134484887123108 0.23140645027160645
vt 0.8134484887123108 0.24015378952026367
vt 0.813444972038269 0.24194437265396118
vt 0.8197342157363892 0.23755455017089844
vt 0.8165579438209534 0.23412257432937622
vt 0.8134484887123108 0.24373477697372437
vt 0.8107431530952454 0.24015378952026367
vt 0.8107431530952454 0.24015378952026367
vt 0.8134484887123108 0.24373477697372437
vt 0.8134484887123108 0.24648195505142212
vt 0.8134484887123108 0.24648195505142212
vt 0.8134484887123108 0.24373477697372437
vt 0.8120958209037781 0.24015378952026367
vt 0.8120958209037781 0.24015378952026367
vt 0.813444972038269 0.24194437265396118
vt 0.813444972038269 0.24194437265396118
vt 0.813444972038269 0.2482725977897644
vt 0.813444972038269 0.2482725977897644
vt 0.8107431530952454 0.25006288290023804
vt 0.8107431530952454 0.25006288290023804
vt 0.8120958209037781 0.25006288290023804
vt 0.8120958209037781 0.25006288290023804
vt 0.8134484887123108 0.24015378952026367
vt 0.8134484887123108 0.24015378952026367
vt 0.8134484887123108 0.25006288290023804
vt 0.8134484887123108 0.25006288290023804
vt 0.8107431530952454 0.24015378952026367
vt 0.8120958209037781 0.24015378952026367
vt 0.8120958209037781 0.24015378952026367
vt 0.8107431530952454 0.24015378952026367
vt 0.8035393357276917 0.25006288290023804
vt 0.8035393357276917 0.25006288290023804
vt 0.8035393357276917 0.24015378952026367
vt 0.8035393357276917 0.24015378952026367
vt 0.813444972038269 0.2482725977897644
vt 0.8134484887123108 0.25006288290023804
vt 0.8134484887123108 0.25006288290023804
vt 0.813444972038269 0.2482725977897644
vt 0.8134484887123108 0.24373477697372437
vt 0.8134484887123108 0.24648195505142212
vt 0.8134484887123108 0.24648195505142212
vt 0.8134484887123108 0.24373477697372437
vt 0.813444972038269 0.2482725977897644
vt 0.813444972038269 0.2482725977897644
vt 0.8134484887123108 0.24015378952026367
vt 0.8134484887123108 0.24015378952026367
vt 0.813444972038269 0.24194437265396118
vt 0.813444972038269 0.24194437265396118
vt 0.8035393357276917 0.25006288290023804
vt 0.8035393357276917 0.24015378952026367
vt 0.8035393357276917 0.24015378952026367
vt 0.8035393357276917 0.25006288290023804
vt 0.8035393357276917 0.22453594207763672
vt 0.8134484887123108 0.22453594207763672
vt 0.8134484887123108 0.2260441780090332
vt 0.8035393357276917 0.2260441780090332
vt 0.8053638935089111 0.2260441780090332
vt 0.8116239905357361 0.2260441780090332
vt 0.8116239905357361 0.226044163107872
vt 0.8053638339042664 0.2260441780090332
vt 0.7936301827430725 0.244354248046875
vt 0.7936301827430725 0.24586248397827148
vt 0.7936301827430725 0.24586248397827148
vt 0.7936301827430725 0.244354248046875
vt 0.8233576416969299 0.24586248397827148
vt 0.8233576416969299 0.244354248046875
vt 0.8233576416969299 0.244354248046875
vt 0.8233576416969299 0.24586248397827148
vt 0.758171796798706 0.7598755955696106
vt 0.5262808203697205 0.7601845264434814
vt 0.526275098323822 0.7261844277381897
vt 0.7581661939620972 0.7258744835853577
vt 0.7581561207771301 0.663075864315033
vt 0.5262651443481445 0.6633847951889038
vt 0.5262604355812073 0.6369999051094055
vt 0.7581514120101929 0.6366909146308899
vt 0.5262569189071655 0.6153565645217896
vt 0.7581478953361511 0.6150485873222351
vt 0.526254415512085 0.599289059638977
vt 0.7581453323364258 0.5989800691604614
vt 0.5262529850006104 0.5894120931625366
vt 0.7581439018249512 0.5891032218933105
vt 0.5262518525123596 0.5861083269119263
vt 0.7581431269645691 0.5857993364334106
vt 0.5262529850006104 0.589500904083252
vt 0.7581439018249512 0.5891919136047363
vt 0.526254415512085 0.5994623899459839
vt 0.7581453323364258 0.5991533994674683
vt 0.5262569189071655 0.6156094670295715
vt 0.7581478953361511 0.6152994632720947
vt 0.5262604355812073 0.6373200416564941
vt 0.7581514120101929 0.6370111107826233
vt 0.5262651443481445 0.663762092590332
vt 0.7581561207771301 0.6634531021118164
vt 0.5262700915336609 0.6939178705215454
vt 0.7581607699394226 0.6936088800430298
vt 0.526275098323822 0.7266280651092529
vt 0.7581661939620972 0.7263190746307373
vt 0.5262808203697205 0.7606382966041565
vt 0.758171796798706 0.7603283524513245
vt 0.5262866020202637 0.7946383953094482
vt 0.7581775188446045 0.7943294644355774
vt 0.5262916088104248 0.8273240923881531
vt 0.7581825852394104 0.8270140886306763
vt 0.5262965559959412 0.8574370741844177
vt 0.7581875920295715 0.8571280837059021
vt 0.5263012647628784 0.8838229775428772
vt 0.7581921219825745 0.8835139870643616
vt 0.5263047218322754 0.905465304851532
vt 0.7581954002380371 0.9051562547683716
vt 0.5263068675994873 0.9215338230133057
vt 0.7581983804702759 0.9212237596511841
vt 0.5263084173202515 0.9314096570014954
vt 0.7582000494003296 0.9311007261276245
vt 0.5263094902038574 0.9347145557403564
vt 0.7582004070281982 0.9344055652618408
vt 0.5263084173202515 0.9313209652900696
vt 0.7582000494003296 0.931011974811554
vt 0.5263068675994873 0.9213604927062988
vt 0.7581983804702759 0.921050488948822
vt 0.5263047218322754 0.90521240234375
vt 0.7581954002380371 0.9049044251441956
vt 0.5263012647628784 0.8835017681121826
vt 0.7581919431686401 0.883192777633667
vt 0.5262965559959412 0.8570597767829895
vt 0.7581875920295715 0.8567517995834351
vt 0.5262916088104248 0.8269039988517761
vt 0.7581825852394104 0.8265950679779053
vt 0.5262866020202637 0.7941938638687134
vt 0.7581775188446045 0.7938848733901978
vt 0.5262700915336609 0.6934987902641296
vt 0.7581607699394226 0.693189799785614
vt 0.5122348070144653 0.760222315788269
vt 0.512229859828949 0.7286470532417297
vt 0.4982277452945709 0.7602824568748474
vt 0.49822306632995605 0.7353342771530151
vt 0.49095815420150757 0.7603487372398376
vt 0.4909557104110718 0.7444524765014648
vt 0.5122248530387878 0.6982934474945068
vt 0.4982195496559143 0.7113507390022278
vt 0.49095311760902405 0.7291711568832397
vt 0.5122201442718506 0.6703279614448547
vt 0.4982159435749054 0.6892547607421875
vt 0.49095070362091064 0.715092122554779
vt 0.5122166275978088 0.6458254456520081
vt 0.49821269512176514 0.6698945760726929
vt 0.49094852805137634 0.7027567028999329
vt 0.5122130513191223 0.6257270574569702
vt 0.4982098937034607 0.6540136933326721
vt 0.49094706773757935 0.692638099193573
vt 0.5122105479240417 0.6108046174049377
vt 0.4982083737850189 0.6422238349914551
vt 0.4909459948539734 0.6851259469985962
vt 0.5122093558311462 0.6016333103179932
vt 0.49820736050605774 0.6349767446517944
vt 0.49094492197036743 0.6805086731910706
vt 0.5122090578079224 0.598564088344574
vt 0.4982062876224518 0.632551908493042
vt 0.49094492197036743 0.6789638996124268
vt 0.5122093558311462 0.6017149686813354
vt 0.49820736050605774 0.6350409388542175
vt 0.49094492197036743 0.6805505752563477
vt 0.5122105479240417 0.6109657287597656
vt 0.4982083737850189 0.6423503160476685
vt 0.4909459948539734 0.6852074861526489
vt 0.5122130513191223 0.6259605288505554
vt 0.4982098937034607 0.6541982293128967
vt 0.49094706773757935 0.6927564144134521
vt 0.5122166275978088 0.6461231708526611
vt 0.49821269512176514 0.670129120349884
vt 0.49094852805137634 0.702906608581543
vt 0.5122201442718506 0.6706787347793579
vt 0.4982159435749054 0.6895310878753662
vt 0.49095070362091064 0.7152684926986694
vt 0.5122248530387878 0.698682963848114
vt 0.4982195496559143 0.7116577625274658
vt 0.49095311760902405 0.7293669581413269
vt 0.512229859828949 0.7290600538253784
vt 0.49822306632995605 0.7356595993041992
vt 0.4909557104110718 0.7446605563163757
vt 0.5122355222702026 0.7606434226036072
vt 0.4982277452945709 0.760614812374115
vt 0.4909588694572449 0.7605597972869873
vt 0.5122405290603638 0.7922186851501465
vt 0.49823132157325745 0.7855629920959473
vt 0.49096065759658813 0.7764559984207153
vt 0.5122451782226562 0.8225722908973694
vt 0.4982360601425171 0.8095465302467346
vt 0.4909639060497284 0.7917373180389404
vt 0.5122502446174622 0.8505377173423767
vt 0.49823951721191406 0.8316425681114197
vt 0.4909660816192627 0.8058164119720459
vt 0.5122538805007935 0.8750402331352234
vt 0.49824202060699463 0.8510026931762695
vt 0.4909675121307373 0.8181518316268921
vt 0.5122573375701904 0.895138680934906
vt 0.49824491143226624 0.8668835759162903
vt 0.4909692108631134 0.8282703757286072
vt 0.5122594833374023 0.9100610613822937
vt 0.49824705719947815 0.8786734938621521
vt 0.49097102880477905 0.8357825875282288
vt 0.5122609734535217 0.9192323088645935
vt 0.4982481300830841 0.885920524597168
vt 0.4909713864326477 0.8403997421264648
vt 0.5122619271278381 0.9223016500473022
vt 0.49824851751327515 0.8883454203605652
vt 0.4909713864326477 0.8419446349143982
vt 0.5122609734535217 0.9191497564315796
vt 0.4982481300830841 0.8858553171157837
vt 0.4909713864326477 0.8403579592704773
vt 0.5122594833374023 0.9098999500274658
vt 0.49824705719947815 0.8785460591316223
vt 0.49097102880477905 0.8357009291648865
vt 0.5122573375701904 0.894905149936676
vt 0.49824491143226624 0.8666980266571045
vt 0.4909692108631134 0.828152060508728
vt 0.5122538805007935 0.8747424483299255
vt 0.49824202060699463 0.8507682085037231
vt 0.4909675121307373 0.818001925945282
vt 0.5122502446174622 0.8501869440078735
vt 0.49823951721191406 0.8313661813735962
vt 0.4909660816192627 0.8056400418281555
vt 0.5122451782226562 0.8221827149391174
vt 0.4982352554798126 0.809238612651825
vt 0.4909631609916687 0.791541576385498
vt 0.5122405290603638 0.7918046116828918
vt 0.49823132157325745 0.785236656665802
vt 0.49096065759658813 0.776248037815094
vt 0.7761512398719788 0.7285624146461487
vt 0.7761562466621399 0.7598694562911987
vt 0.7893179655075073 0.7359511852264404
vt 0.7893221974372864 0.7599011063575745
vt 0.7958393692970276 0.7460636496543884
vt 0.7958415150642395 0.7599612474441528
vt 0.7761463522911072 0.6984657049179077
vt 0.789314329624176 0.7129292488098145
vt 0.7958371639251709 0.7327044606208801
vt 0.7761415243148804 0.6707379221916199
vt 0.7893107533454895 0.691718339920044
vt 0.795835018157959 0.7203956246376038
vt 0.7761377692222595 0.6464423537254333
vt 0.7893074750900269 0.6731331944465637
vt 0.7958332300186157 0.709611177444458
vt 0.7761344313621521 0.626514196395874
vt 0.7893053293228149 0.6578885316848755
vt 0.7958323359489441 0.7007651925086975
vt 0.7761319875717163 0.6117193102836609
vt 0.7893036603927612 0.6465708613395691
vt 0.7958308458328247 0.6941972374916077
vt 0.7761304974555969 0.6026255488395691
vt 0.7893025875091553 0.6396144032478333
vt 0.7958301305770874 0.6901602745056152
vt 0.7761297821998596 0.5995817184448242
vt 0.7893017530441284 0.637286365032196
vt 0.7958301305770874 0.6888090968132019
vt 0.7761304974555969 0.6027060747146606
vt 0.7893025875091553 0.639676570892334
vt 0.7958301305770874 0.6901969313621521
vt 0.7761319875717163 0.6118783950805664
vt 0.7893036603927612 0.6466931700706482
vt 0.7958308458328247 0.6942676305770874
vt 0.7761344313621521 0.626746654510498
vt 0.7893053293228149 0.658066987991333
vt 0.7958323359489441 0.7008681893348694
vt 0.7761377692222595 0.6467380523681641
vt 0.7761377692222595 0.6467380523681641
vt 0.7893074750900269 0.6733595728874207
vt 0.7958332300186157 0.7097426652908325
vt 0.7761415243148804 0.6710845828056335
vt 0.7893107533454895 0.6919834613800049
vt 0.795835018157959 0.7205495834350586
vt 0.7761463522911072 0.6988522410392761
vt 0.789314329624176 0.713223934173584
vt 0.7958371639251709 0.7328757643699646
vt 0.7761512398719788 0.7289713025093079
vt 0.7893179655075073 0.736265242099762
vt 0.7958393692970276 0.7462461590766907
vt 0.7761562466621399 0.7602865099906921
vt 0.7893221974372864 0.7602202296257019
vt 0.7958415150642395 0.7601468563079834
vt 0.7761616706848145 0.7915935516357422
vt 0.7893258333206177 0.78416907787323
vt 0.7958440184593201 0.7740444540977478
vt 0.7761663794517517 0.821689248085022
vt 0.7893301844596863 0.807191014289856
vt 0.7958458662033081 0.7874035835266113
vt 0.7761713862419128 0.8494181036949158
vt 0.7893337607383728 0.8284029960632324
vt 0.7958480715751648 0.7997124791145325
vt 0.7761749625205994 0.8737136125564575
vt 0.789336085319519 0.8469881415367126
vt 0.7958501577377319 0.8104969263076782
vt 0.7761784791946411 0.8936417102813721
vt 0.7893387675285339 0.8622317314147949
vt 0.7958512306213379 0.819342851638794
vt 0.7761809229850769 0.9084367156028748
vt 0.7893406748771667 0.8735494017601013
vt 0.795852541923523 0.8259108066558838
vt 0.7761819958686829 0.917531430721283
vt 0.7893418669700623 0.8805069327354431
vt 0.7958530783653259 0.8299477696418762
vt 0.7761822938919067 0.9205742478370667
vt 0.7893422245979309 0.8828338384628296
vt 0.7958530783653259 0.8312979340553284
vt 0.7761819958686829 0.9174498319625854
vt 0.7761819958686829 0.9174498319625854
vt 0.7893418669700623 0.8804436922073364
vt 0.7958530783653259 0.8299110531806946
vt 0.7761809229850769 0.9082776308059692
vt 0.7893406748771667 0.8734281063079834
vt 0.795852541923523 0.8258394598960876
vt 0.7761784791946411 0.8934093117713928
vt 0.7893387675285339 0.8620542883872986
vt 0.7958512306213379 0.8192398548126221
vt 0.7761749625205994 0.8734179139137268
vt 0.789336085319519 0.8467617630958557
vt 0.7958501577377319 0.8103663921356201
vt 0.7761706113815308 0.8490713834762573
vt 0.7893331050872803 0.8281368017196655
vt 0.7958480715751648 0.7995585203170776
vt 0.7761663794517517 0.8213047385215759
vt 0.7893301844596863 0.8068963289260864
vt 0.7958458662033081 0.7872322797775269
vt 0.7761616706848145 0.7911846041679382
vt 0.7893258333206177 0.7838560342788696
vt 0.7958440184593201 0.7738618850708008
vt 0.6890993714332581 0.5052910447120667
vt 0.6891003847122192 0.5063725113868713
vt 0.7090650200843811 0.5063676834106445
vt 0.7090641856193542 0.5052862167358398
vt 0.679253876209259 0.4909651279449463
vt 0.679256021976471 0.4934045076370239
vt 0.6792027950286865 0.491019606590271
vt 0.679199755191803 0.48771923780441284
vt 0.6891466975212097 0.5011189579963684
vt 0.6891452074050903 0.4993751645088196
vt 0.6890937685966492 0.4990978240966797
vt 0.6890959143638611 0.501457154750824
vt 0.689139723777771 0.4933883547782898
vt 0.6890864968299866 0.4909977912902832
vt 0.6891481280326843 0.5026928186416626
vt 0.6890978813171387 0.50358647108078
vt 0.6891374588012695 0.49095529317855835
vt 0.6891374588012695 0.4909651279449463
vt 0.689083456993103 0.48771923780441284
vt 0.689083456993103 0.48770594596862793
vt 0.6891493797302246 0.5039425492286682
vt 0.6890993714332581 0.5052773952484131
vt 0.6891452074050903 0.4993913173675537
vt 0.6891467571258545 0.5011343955993652
vt 0.6890960335731506 0.5014780163764954
vt 0.6890937685966492 0.49911969900131226
vt 0.6792615056037903 0.4993913173675537
vt 0.6792100667953491 0.49911969900131226
vt 0.6891500949859619 0.5047459602355957
vt 0.6891003847122192 0.5063643455505371
vt 0.6891481280326843 0.5027061104774475
vt 0.6890978813171387 0.503604531288147
vt 0.689150333404541 0.5050243735313416
vt 0.6891008019447327 0.5067410469055176
vt 0.6891493797302246 0.50395268201828
vt 0.6890993714332581 0.5052910447120667
vt 0.6792123317718506 0.5014780163764954
vt 0.6792141795158386 0.503604531288147
vt 0.6991788744926453 0.5035996437072754
vt 0.6991770267486572 0.5014731884002686
vt 0.6890959143638611 0.501457154750824
vt 0.6890937685966492 0.4990978240966797
vt 0.7090585231781006 0.4990929961204529
vt 0.7090606093406677 0.5014522671699524
vt 0.6891008019447327 0.5067430138587952
vt 0.7090653777122498 0.5067381858825684
vt 0.679199755191803 0.48770594596862793
vt 0.679199755191803 0.48771923780441284
vt 0.6991644501686096 0.48771440982818604
vt 0.6991644501686096 0.4877011179924011
vt 0.6891008019447327 0.5067410469055176
vt 0.7090653777122498 0.5067362189292908
vt 0.6890864968299866 0.4909977912902832
vt 0.7090513110160828 0.4909929633140564
vt 0.6890978813171387 0.50358647108078
vt 0.7090625166893005 0.5035816431045532
vt 0.6890993714332581 0.5052773952484131
vt 0.7090641856193542 0.5052725672721863
vt 0.679199755191803 0.48771923780441284
vt 0.6792027950286865 0.491019606590271
vt 0.6991676092147827 0.4910147786140442
vt 0.6991644501686096 0.48771440982818604
vt 0.6891003847122192 0.5063643455505371
vt 0.7090650200843811 0.5063595175743103
vt 0.6890978813171387 0.503604531288147
vt 0.7090625166893005 0.5035996437072754
vt 0.6792027950286865 0.491019606590271
vt 0.6792100667953491 0.49911969900131226
vt 0.6991747617721558 0.49911487102508545
vt 0.6991676092147827 0.4910147786140442
vt 0.6890864968299866 0.4909977912902832
vt 0.689083456993103 0.48770594596862793
vt 0.7090481519699097 0.4877011179924011
vt 0.7090513110160828 0.4909929633140564
vt 0.7009409070014954 0.5011855363845825
vt 0.7009391188621521 0.49904125928878784
vt 0.7007027864456177 0.4990779161453247
vt 0.7007046937942505 0.5013291835784912
vt 0.7007046937942505 0.5013291835784912
vt 0.7007027864456177 0.4990779161453247
vt 0.7000570297241211 0.4991048574447632
vt 0.7000589966773987 0.5014344453811646
vt 0.7000589966773987 0.5014344453811646
vt 0.7009425759315491 0.503054141998291
vt 0.7007065415382385 0.5033267736434937
vt 0.7007065415382385 0.5033267736434937
vt 0.7000609636306763 0.5035264492034912
vt 0.7000609636306763 0.5035264492034912
vt 0.7009440064430237 0.5045361518859863
vt 0.7007079124450684 0.5049110054969788
vt 0.7007079124450684 0.5049110054969788
vt 0.7000623345375061 0.505185604095459
vt 0.7099459767341614 0.505185604095459
vt 0.7099446654319763 0.5035264492034912
vt 0.7108286023139954 0.5054864883422852
vt 0.7108277678489685 0.5045361518859863
vt 0.7105915546417236 0.5049110054969788
vt 0.7105925679206848 0.5059269070625305
vt 0.7105915546417236 0.5049110054969788
vt 0.7099469900131226 0.5062494277954102
vt 0.7108287811279297 0.5058233737945557
vt 0.7105928063392639 0.5062806010246277
vt 0.709947407245636 0.5066154599189758
vt 0.710822582244873 0.4990217685699463
vt 0.7108246088027954 0.5011669397354126
vt 0.7105884552001953 0.5013095140457153
vt 0.7105864882469177 0.49905723333358765
vt 0.7105864882469177 0.49905723333358765
vt 0.7105884552001953 0.5013095140457153
vt 0.709942638874054 0.5014139413833618
vt 0.7099407911300659 0.49908334016799927
vt 0.7108262777328491 0.5030380487442017
vt 0.7105903029441833 0.5033097267150879
vt 0.7105903029441833 0.5033097267150879
vt 0.709944486618042 0.5035086870193481
vt 0.7108277678489685 0.5045239329338074
vt 0.7105915546417236 0.5048980712890625
vt 0.7105915546417236 0.5048980712890625
vt 0.7099459767341614 0.5051721334457397
vt 0.7108286023139954 0.505479097366333
vt 0.7105925679206848 0.5059191584587097
vt 0.7099469900131226 0.5062413811683655
vt 0.7108287811279297 0.5058215260505676
vt 0.7105928063392639 0.5062786936759949
vt 0.709947407245636 0.5066134929656982
vt 0.7009297013282776 0.4886154532432556
vt 0.7009322047233582 0.49137240648269653
vt 0.7006957530975342 0.4911825656890869
vt 0.7006929516792297 0.4881581664085388
vt 0.7006929516792297 0.4881581664085388
vt 0.7006957530975342 0.4911825656890869
vt 0.7000495791435242 0.4910436272621155
vt 0.7000468969345093 0.487823486328125
vt 0.7099305987358093 0.487823486328125
vt 0.7099332809448242 0.4910436272621155
vt 0.7009322047233582 0.4913918972015381
vt 0.7009297013282776 0.4886277914047241
vt 0.7006929516792297 0.4881709814071655
vt 0.7006957530975342 0.4912031888961792
vt 0.7006957530975342 0.4912031888961792
vt 0.7006929516792297 0.4881709814071655
vt 0.7000468969345093 0.4878365993499756
vt 0.7000495791435242 0.4910651445388794
vt 0.7000495791435242 0.4910651445388794
vt 0.7000468969345093 0.4878365993499756
vt 0.7099332809448242 0.4910436272621155
vt 0.7105794548988342 0.4911825656890869
vt 0.7105794548988342 0.4911825656890869
vt 0.7108159065246582 0.49137240648269653
vt 0.7000468969345093 0.4878365993499756
vt 0.7000468969345093 0.487823486328125
vt 0.7000468969345093 0.487823486328125
vt 0.7000468969345093 0.4878365993499756
vt 0.7006929516792297 0.4881709814071655
vt 0.7006929516792297 0.4881581664085388
vt 0.7000495791435242 0.4910651445388794
vt 0.7006957530975342 0.4912031888961792
vt 0.2718590199947357 0.801253616809845
vt 0.27182695269584656 0.6062547564506531
vt 0.41871532797813416 0.6060588955879211
vt 0.41874727606773376 0.8010582327842712
vt 0.4752810299396515 0.4888935685157776
vt 0.48281019926071167 0.48889172077178955
vt 0.48280638456344604 0.4848058223724365
vt 0.4752773940563202 0.48480772972106934
vt 0.4903392791748047 0.4888898730278015
vt 0.4903355538845062 0.48480409383773804
vt 0.49786844849586487 0.48888808488845825
vt 0.4978647232055664 0.48480224609375
vt 0.5053974986076355 0.488886296749115
vt 0.5053938627243042 0.48480045795440674
vt 0.5129267573356628 0.4888843894004822
vt 0.512923002243042 0.4847986102104187
vt 0.48466208577156067 0.48479127883911133
vt 0.48942190408706665 0.4847894310951233
vt 0.48942428827285767 0.4888646602630615
vt 0.4846643805503845 0.48886650800704956
vt 0.4941818118095398 0.48478764295578003
vt 0.49418410658836365 0.4888628125190735
vt 0.4984031617641449 0.48478585481643677
vt 0.4989439845085144 0.4888610243797302
vt 0.504547655582428 0.48478400707244873
vt 0.5037038922309875 0.4888591766357422
vt 0.5084612965583801 0.4847821593284607
vt 0.5084636807441711 0.48885732889175415
vt 0.527981162071228 0.4847785234451294
vt 0.520452082157135 0.48478037118911743
vt 0.5204520225524902 0.48479682207107544
vt 0.527981162071228 0.4847949743270874
vt 0.512923002243042 0.4847821593284607
vt 0.512923002243042 0.4847986102104187
vt 0.504547655582428 0.48478400707244873
vt 0.5053938627243042 0.48480045795440674
vt 0.4984031617641449 0.48478585481643677
vt 0.4978647232055664 0.48480224609375
vt 0.4903356432914734 0.48478764295578003
vt 0.4903355538845062 0.48480409383773804
vt 0.48467525839805603 0.5078900456428528
vt 0.48943519592285156 0.5078882575035095
vt 0.4894353747367859 0.5083546042442322
vt 0.48467546701431274 0.5083563923835754
vt 0.49419498443603516 0.5078863501548767
vt 0.49419528245925903 0.5083527565002441
vt 0.49895480275154114 0.5078845620155334
vt 0.49895501136779785 0.5083508491516113
vt 0.5037146806716919 0.5078827738761902
vt 0.5037149786949158 0.5083491802215576
vt 0.508474588394165 0.5078809261322021
vt 0.5084747672080994 0.5083470940589905
vt 0.48467445373535156 0.5065444111824036
vt 0.48943424224853516 0.5065425634384155
vt 0.49419406056404114 0.5065406560897827
vt 0.4989539682865143 0.5065388083457947
vt 0.503713846206665 0.5065370798110962
vt 0.5084737539291382 0.5065352320671082
vt 0.48467329144477844 0.5044510960578918
vt 0.4894331991672516 0.5044493079185486
vt 0.49419301748275757 0.5044474005699158
vt 0.4989529252052307 0.5044456124305725
vt 0.5037127137184143 0.5044437050819397
vt 0.5084725022315979 0.5044418573379517
vt 0.48467183113098145 0.5018150210380554
vt 0.4894316494464874 0.5018132328987122
vt 0.49419155716896057 0.5018113255500793
vt 0.4989514648914337 0.5018095970153809
vt 0.5037113428115845 0.5018077492713928
vt 0.5084711313247681 0.50180584192276
vt 0.49418988823890686 0.4988905191421509
vt 0.49894970655441284 0.4988887310028076
vt 0.5037096738815308 0.49888700246810913
vt 0.5084694027900696 0.4988850951194763
vt 0.5179942846298218 0.5078873634338379
vt 0.5132343769073486 0.5078892111778259
vt 0.5132347345352173 0.5083479285240173
vt 0.5179945826530457 0.5083460807800293
vt 0.5084744691848755 0.5078909993171692
vt 0.5084748864173889 0.5083497166633606
vt 0.5045647025108337 0.507892906665802
vt 0.5037149786949158 0.5083515644073486
vt 0.49842017889022827 0.5078946948051453
vt 0.4989551901817322 0.5083534121513367
vt 0.49419498443603516 0.5078964829444885
vt 0.4941953122615814 0.5083552002906799
vt 0.5280008912086487 0.5065485835075378
vt 0.5204718112945557 0.5065503716468811
vt 0.5204729437828064 0.5078892111778259
vt 0.528002142906189 0.5078873634338379
vt 0.5129426717758179 0.5065522193908691
vt 0.5129438638687134 0.5078909993171692
vt 0.5054134726524353 0.5065540671348572
vt 0.4978843331336975 0.5065558552742004
vt 0.49035516381263733 0.5065576434135437
vt 0.4903564155101776 0.5078964829444885
vt 0.5279990434646606 0.5044606924057007
vt 0.5204698443412781 0.504462480545044
vt 0.5129407644271851 0.5044642686843872
vt 0.5054117441177368 0.5044661164283752
vt 0.49788257479667664 0.5044679641723633
vt 0.49035340547561646 0.5044698119163513
vt 0.5279967188835144 0.501828134059906
vt 0.5204675793647766 0.5018299221992493
vt 0.512938380241394 0.5018317699432373
vt 0.505409300327301 0.5018335580825806
vt 0.49788016080856323 0.5018354058265686
vt 0.49035099148750305 0.5018371939659119
vt 0.5279940366744995 0.49890851974487305
vt 0.5204648971557617 0.4989103674888611
vt 0.5129356980323792 0.49891215562820435
vt 0.5054066181182861 0.4989140033721924
vt 0.4978775680065155 0.4989158511161804
vt 0.49034830927848816 0.4989175796508789
vt 0.4894353747367859 0.5083546042442322
vt 0.49419528245925903 0.5083527565002441
vt 0.49419528245925903 0.5083527565002441
vt 0.4894353747367859 0.5083546042442322
vt 0.5132237076759338 0.48885560035705566
vt 0.5179834961891174 0.48885369300842285
vt 0.5084694027900696 0.4988850951194763
vt 0.5084636807441711 0.48885732889175415
vt 0.5084636807441711 0.48885732889175415
vt 0.5084694027900696 0.4988850951194763
vt 0.5037038922309875 0.4888591766357422
vt 0.5084636807441711 0.48885732889175415
vt 0.5084636807441711 0.48885732889175415
vt 0.5132237076759338 0.48885560035705566
vt 0.5132237076759338 0.48885560035705566
vt 0.5084636807441711 0.48885732889175415
vt 0.49418410658836365 0.4888628125190735
vt 0.4989439845085144 0.4888610243797302
vt 0.49418410658836365 0.4888628125190735
vt 0.49418988823890686 0.4988905191421509
vt 0.49418988823890686 0.4988905191421509
vt 0.49418410658836365 0.4888628125190735
vt 0.5279850363731384 0.48888081312179565
vt 0.5204558372497559 0.4888826012611389
vt 0.5129356980323792 0.49891215562820435
vt 0.5204648971557617 0.4989103674888611
vt 0.5204648971557617 0.4989103674888611
vt 0.5129356980323792 0.49891215562820435
vt 0.5129267573356628 0.4888843894004822
vt 0.5053974986076355 0.488886296749115
vt 0.5204558372497559 0.4888826012611389
vt 0.5129267573356628 0.4888843894004822
vt 0.5129267573356628 0.4888843894004822
vt 0.5204558372497559 0.4888826012611389
vt 0.49786844849586487 0.48888808488845825
vt 0.4903392791748047 0.4888898730278015
vt 0.48281019926071167 0.48889172077178955
vt 0.4828193485736847 0.4989194869995117
vt 0.4828193485736847 0.4989194869995117
vt 0.48281019926071167 0.48889172077178955
vt 0.4608769714832306 0.06622987985610962
vt 0.45611706376075745 0.06623166799545288
vt 0.456111341714859 0.05620390176773071
vt 0.4608713686466217 0.05620217323303223
vt 0.45135733485221863 0.0662335753440857
vt 0.4465973675251007 0.06623530387878418
vt 0.44659164547920227 0.05620759725570679
vt 0.4513515532016754 0.05620574951171875
vt 0.4418375492095947 0.06623709201812744
vt 0.4370776414871216 0.06623893976211548
vt 0.43707194924354553 0.056211233139038086
vt 0.4418317377567291 0.05620938539505005
vt 0.4894299805164337 0.4988923668861389
vt 0.48942428827285767 0.4888646602630615
vt 0.48942428827285767 0.4888646602630615
vt 0.4894299805164337 0.4988923668861389
vt 0.48942428827285767 0.4888646602630615
vt 0.49418410658836365 0.4888628125190735
vt 0.49418410658836365 0.4888628125190735
vt 0.48942428827285767 0.4888646602630615
vt 0.5037096738815308 0.49888700246810913
vt 0.49894970655441284 0.4988887310028076
vt 0.49894970655441284 0.4988887310028076
vt 0.5037096738815308 0.49888700246810913
vt 0.5037038922309875 0.4888591766357422
vt 0.5037096738815308 0.49888700246810913
vt 0.5037096738815308 0.49888700246810913
vt 0.5037038922309875 0.4888591766357422
vt 0.49894970655441284 0.4988887310028076
vt 0.4989439845085144 0.4888610243797302
vt 0.4989439845085144 0.4888610243797302
vt 0.49894970655441284 0.4988887310028076
vt 0.4989439845085144 0.4888610243797302
vt 0.5037038922309875 0.4888591766357422
vt 0.5037038922309875 0.4888591766357422
vt 0.4989439845085144 0.4888610243797302
vt 0.49418988823890686 0.4988905191421509
vt 0.4894299805164337 0.4988923668861389
vt 0.4894299805164337 0.4988923668861389
vt 0.49418988823890686 0.4988905191421509
vt 0.5132237076759338 0.48885560035705566
vt 0.5132293105125427 0.49888330698013306
vt 0.5132293105125427 0.49888330698013306
vt 0.5132237076759338 0.48885560035705566
vt 0.5132293105125427 0.49888330698013306
vt 0.5084694027900696 0.4988850951194763
vt 0.5084694027900696 0.4988850951194763
vt 0.5132293105125427 0.49888330698013306
vt 0.4681034982204437 0.05622917413711548
vt 0.4605744183063507 0.05623096227645874
vt 0.460583359003067 0.06625872850418091
vt 0.4681125581264496 0.06625694036483765
vt 0.45304515957832336 0.05623286962509155
vt 0.44551610946655273 0.056234657764434814
vt 0.44552522897720337 0.06626242399215698
vt 0.453054279088974 0.06626057624816895
vt 0.43798694014549255 0.056236445903778076
vt 0.43045786023139954 0.05623829364776611
vt 0.43046700954437256 0.06626605987548828
vt 0.437995970249176 0.06626415252685547
vt 0.5054066181182861 0.4989140033721924
vt 0.5053974986076355 0.488886296749115
vt 0.5053974986076355 0.488886296749115
vt 0.5054066181182861 0.4989140033721924
vt 0.4828193485736847 0.4989194869995117
vt 0.49034830927848816 0.4989175796508789
vt 0.49034830927848816 0.4989175796508789
vt 0.4828193485736847 0.4989194869995117
vt 0.49786844849586487 0.48888808488845825
vt 0.4978775680065155 0.4989158511161804
vt 0.4978775680065155 0.4989158511161804
vt 0.49786844849586487 0.48888808488845825
vt 0.5053974986076355 0.488886296749115
vt 0.49786844849586487 0.48888808488845825
vt 0.49786844849586487 0.48888808488845825
vt 0.5053974986076355 0.488886296749115
vt 0.5204648971557617 0.4989103674888611
vt 0.5204558372497559 0.4888826012611389
vt 0.5204558372497559 0.4888826012611389
vt 0.5204648971557617 0.4989103674888611
vt 0.49034830927848816 0.4989175796508789
vt 0.4903392791748047 0.4888898730278015
vt 0.4903392791748047 0.4888898730278015
vt 0.49034830927848816 0.4989175796508789
vt 0.4978775680065155 0.4989158511161804
vt 0.5054066181182861 0.4989140033721924
vt 0.5054066181182861 0.4989140033721924
vt 0.4978775680065155 0.4989158511161804
vt 0.5129267573356628 0.4888843894004822
vt 0.5129356980323792 0.49891215562820435
vt 0.5129356980323792 0.49891215562820435
vt 0.5129267573356628 0.4888843894004822
vt 0.4903392791748047 0.4888898730278015
vt 0.48281019926071167 0.48889172077178955
vt 0.48281019926071167 0.48889172077178955
vt 0.4903392791748047 0.4888898730278015
vt 0.48467546701431274 0.5083563923835754
vt 0.48467546701431274 0.5083588361740112
vt 0.4941953122615814 0.5083552002906799
vt 0.4894353747367859 0.508357048034668
vt 0.4894353747367859 0.5083546042442322
vt 0.49419528245925903 0.5083527565002441
vt 0.49419528245925903 0.5083527565002441
vt 0.4941953122615814 0.5083552002906799
vt 0.48806288838386536 0.508357584476471
vt 0.48806288838386536 0.5083551406860352
vt 0.4941953122615814 0.5083552002906799
vt 0.4894353747367859 0.508357048034668
vt 0.4894353747367859 0.508357048034668
vt 0.4941953122615814 0.5083552002906799
vt 0.4848208725452423 0.5083563923835754
vt 0.4848208725452423 0.5083588361740112
vt 0.4848208725452423 0.5083588361740112
vt 0.4848208725452423 0.5083563923835754
vt 0.48654988408088684 0.5083556771278381
vt 0.48654988408088684 0.5083581209182739
vt 0.48654988408088684 0.5083581209182739
vt 0.48654988408088684 0.5083556771278381
vt 0.7936301231384277 0.244354248046875
vt 0.7936301231384277 0.244354248046875
vt 0.7936301827430725 0.244354248046875
vt 0.7936301827430725 0.244354248046875
vt 0.7936301827430725 0.24586248397827148
vt 0.7936301827430725 0.24586248397827148
vt 0.7936301827430725 0.24586248397827148
vt 0.7936301827430725 0.24586248397827148
vt 0.8233577013015747 0.24586248397827148
vt 0.8233577013015747 0.24586248397827148
vt 0.8233577013015747 0.24586248397827148
vt 0.8233577013015747 0.24586248397827148
vt 0.8116239905357361 0.2260441780090332
vt 0.8053638935089111 0.2260441780090332
vt 0.8053638339042664 0.2260441929101944
vt 0.8116239905357361 0.2260441780090332
vt 0.8119968771934509 0.22453594207763672
vt 0.8049909472465515 0.22453594207763672
vt 0.8049908876419067 0.22453594207763672
vt 0.8119968771934509 0.22453594207763672
vt 0.7936301231384277 0.244354248046875
vt 0.7936301231384277 0.244354248046875
vt 0.7936301231384277 0.244354248046875
vt 0.7936301231384277 0.244354248046875
vt 0.7936301827430725 0.244354248046875
vt 0.7936301827430725 0.244354248046875
vt 0.804451584815979 0.2260441780090332
vt 0.804451584815979 0.2260441780090332
vt 0.8233577013015747 0.244354248046875
vt 0.8233577013015747 0.244354248046875
vt 0.8233577013015747 0.244354248046875
vt 0.8233575820922852 0.244354248046875
vt 0.8233576416969299 0.244354248046875
vt 0.8233576416969299 0.244354248046875
vt 0.8125362396240234 0.2260441780090332
vt 0.8125362396240234 0.2260441780090332
vt 0.804451584815979 0.2260441780090332
vt 0.804451584815979 0.2260441780090332
vt 0.8035393357276917 0.2260441780090332
vt 0.8035393357276917 0.2260441780090332
vt 0.7936301231384277 0.244354248046875
vt 0.7936301827430725 0.244354248046875
vt 0.8233575820922852 0.2443542331457138
vt 0.8233576416969299 0.244354248046875
vt 0.8233576416969299 0.244354248046875
vt 0.8233575820922852 0.244354248046875
vt 0.8233575820922852 0.244354248046875
vt 0.8233576416969299 0.244354248046875
vt 0.8233576416969299 0.244354248046875
vt 0.8233576416969299 0.244354248046875
vt 0.8125362396240234 0.2260441780090332
vt 0.8125362396240234 0.2260441780090332
vt 0.8127226829528809 0.22453594207763672
vt 0.8127226829528809 0.22453594207763672
vt 0.8127226829528809 0.22453594207763672
vt 0.8127226829528809 0.22453594207763672
vt 0.8134484887123108 0.22453594207763672
vt 0.8134484887123108 0.22453594207763672
vt 0.8233576416969299 0.24586248397827148
vt 0.8233575820922852 0.24586248397827148
vt 0.8119968771934509 0.22453592717647552
vt 0.8119969367980957 0.22453594207763672
vt 0.8127226829528809 0.22453594207763672
vt 0.8127226233482361 0.22453594207763672
vt 0.8134484887123108 0.22453594207763672
vt 0.8134484887123108 0.22453594207763672
vt 0.8233576416969299 0.24586248397827148
vt 0.8233575820922852 0.24586248397827148
vt 0.7936301827430725 0.24586248397827148
vt 0.7936301827430725 0.24586248397827148
vt 0.7936301827430725 0.24586248397827148
vt 0.7936301827430725 0.24586248397827148
vt 0.7936301827430725 0.24586248397827148
vt 0.7936301827430725 0.24586248397827148
vt 0.8042651414871216 0.22453594207763672
vt 0.8042652010917664 0.22453594207763672
vt 0.8049908876419067 0.22453594207763672
vt 0.8049908876419067 0.22453594207763672
vt 0.8042651414871216 0.22453594207763672
vt 0.8042651414871216 0.22453594207763672
vt 0.8035393357276917 0.22453594207763672
vt 0.8035393357276917 0.22453594207763672
vt 0.7936301827430725 0.24586248397827148
vt 0.7936302423477173 0.24586248397827148
vt 0.3958938419818878 0.47811436653137207
vt 0.3958938419818878 0.4762636423110962
vt 0.3959849774837494 0.47718900442123413
vt 0.3956238925457001 0.4790042042732239
vt 0.3956238925457001 0.4753738343715668
vt 0.39518558979034424 0.4798242449760437
vt 0.39518558979034424 0.47455379366874695
vt 0.3945956826210022 0.48054301738739014
vt 0.3945956826210022 0.4738349914550781
vt 0.39387694001197815 0.4811329245567322
vt 0.39387694001197815 0.47324511408805847
vt 0.39305686950683594 0.4815712571144104
vt 0.39305686950683594 0.47280678153038025
vt 0.39216703176498413 0.48184114694595337
vt 0.39216703176498413 0.4725368618965149
vt 0.3912416696548462 0.48193228244781494
vt 0.3912416696548462 0.4724457263946533
vt 0.39031630754470825 0.48184114694595337
vt 0.39031630754470825 0.4725368618965149
vt 0.3894265294075012 0.4815712571144104
vt 0.3894265294075012 0.47280678153038025
vt 0.3886064887046814 0.4811329245567322
vt 0.3886064887046814 0.47324511408805847
vt 0.3878876864910126 0.48054301738739014
vt 0.3878876864910126 0.4738349914550781
vt 0.38729774951934814 0.4798242449760437
vt 0.38729774951934814 0.47455379366874695
vt 0.3868594467639923 0.4790042042732239
vt 0.3868594467639923 0.4753738343715668
vt 0.38658958673477173 0.47811436653137207
vt 0.38658958673477173 0.4762636423110962
vt 0.386498361825943 0.47718900442123413
vt 0.3019583225250244 0.39276912808418274
vt 0.3019583225250244 0.3946198523044586
vt 0.302049458026886 0.3936944901943207
vt 0.30168837308883667 0.3955096900463104
vt 0.30168837308883667 0.3918793201446533
vt 0.3012501299381256 0.39632973074913025
vt 0.3012501299381256 0.3910592794418335
vt 0.30066025257110596 0.3970485031604767
vt 0.30066025257110596 0.3903404772281647
vt 0.29994142055511475 0.3976384103298187
vt 0.29994142055511475 0.389750599861145
vt 0.29912135004997253 0.39807674288749695
vt 0.29912135004997253 0.3893122673034668
vt 0.2982315719127655 0.3983466327190399
vt 0.2982315719127655 0.38904234766960144
vt 0.29730620980262756 0.3984377682209015
vt 0.29730620980262756 0.38895121216773987
vt 0.296380877494812 0.3983466327190399
vt 0.296380877494812 0.38904234766960144
vt 0.2954910099506378 0.39807674288749695
vt 0.2954910099506378 0.3893122673034668
vt 0.2946709990501404 0.3976384103298187
vt 0.2946709990501404 0.389750599861145
vt 0.29395219683647156 0.3970485031604767
vt 0.29395219683647156 0.3903404772281647
vt 0.2933623194694519 0.39632973074913025
vt 0.2933623194694519 0.3910592794418335
vt 0.2929239273071289 0.3955096900463104
vt 0.2929239273071289 0.3918793201446533
vt 0.29265397787094116 0.3946198523044586
vt 0.29265397787094116 0.39276912808418274
vt 0.2925628423690796 0.3936944901943207
vt 0.4735860824584961 0.4896191954612732
vt 0.47358277440071106 0.48582959175109863
vt 0.47358277440071106 0.4858142137527466
vt 0.4735860824584961 0.48964446783065796
vt 0.4735944867134094 0.49898195266723633
vt 0.4735944867134094 0.4990072250366211
vt 0.47359699010849 0.501708984375
vt 0.47359699010849 0.5017331838607788
vt 0.4735991656780243 0.5041702389717102
vt 0.47359925508499146 0.5041911602020264
vt 0.47360092401504517 0.5061247944831848
vt 0.47360092401504517 0.5061405897140503
vt 0.4736020565032959 0.50738126039505
vt 0.4736020565032959 0.5073906779289246
vt 0.4736024737358093 0.5078166127204895
vt 0.4736024737358093 0.5078189373016357
vt 0.34853821992874146 0.3962081968784332
vt 0.33673664927482605 0.39429971575737
vt 0.3361702859401703 0.396208256483078
vt 0.34853821992874146 0.40475913882255554
vt 0.3361702859401703 0.40475913882255554
vt 0.34797176718711853 0.40666767954826355
vt 0.8130576014518738 0.25909727811813354
vt 0.8134484887123108 0.259391188621521
vt 0.8119934797286987 0.2588711977005005
vt 0.33673664927482605 0.39429971575737
vt 0.34853821992874146 0.39429971575737
vt 0.3477364778518677 0.39429971575737
vt 0.33697202801704407 0.39429971575737
vt 0.3361702859401703 0.39429971575737
vt 0.3361702859401703 0.39429971575737
vt 0.3361702859401703 0.39429971575737
vt 0.3477364778518677 0.39429971575737
vt 0.34853821992874146 0.39429971575737
vt 0.34853821992874146 0.39429971575737
vt 0.34773215651512146 0.39429971575737
vt 0.34853821992874146 0.40666767954826355
vt 0.34797176718711853 0.40666767954826355
vt 0.34853821992874146 0.40666767954826355
vt 0.34773215651512146 0.40666767954826355
vt 0.3369762897491455 0.40666767954826355
vt 0.3361702859401703 0.40666767954826355
vt 0.8144577145576477 0.23276740312576294
vt 0.8004510402679443 0.23416465520858765
vt 0.8165579438209534 0.23412257432937622
vt 0.8122394680976868 0.2317866086959839
vt 0.8035393357276917 0.25006288290023804
vt 0.794918417930603 0.24015378952026367
vt 0.8035393357276917 0.24015378952026367
vt 0.794918417930603 0.25006288290023804
vt 0.8004510402679443 0.23416465520858765
vt 0.7942742705345154 0.24950021505355835
vt 0.8001929521560669 0.23284763097763062
vt 0.7938027381896973 0.24796271324157715
vt 0.8165579438209534 0.23412257432937622
vt 0.8227767944335938 0.24950021505355835
vt 0.816608726978302 0.23284763097763062
vt 0.8232020139694214 0.24796271324157715
vt 0.8035393357276917 0.25006288290023804
vt 0.8120958209037781 0.24958312511444092
vt 0.8107431530952454 0.25006288290023804
vt 0.8035393357276917 0.24015378952026367
vt 0.8130861520767212 0.24827241897583008
vt 0.8134484887123108 0.24648195505142212
vt 0.8134484887123108 0.24373477697372437
vt 0.8130861520767212 0.24194425344467163
vt 0.8120958209037781 0.2406335473060608
vt 0.8107431530952454 0.24015378952026367
vt 0.7009388208389282 0.4990217685699463
vt 0.7009409070014954 0.5011669397354126
vt 0.7009425759315491 0.5030380487442017
vt 0.7009440064430237 0.5045239329338074
vt 0.7009448409080505 0.505479097366333
vt 0.7009448409080505 0.5054864883422852
vt 0.7009451389312744 0.5058215260505676
vt 0.7009451389312744 0.5058233737945557
vt 0.48467546701431274 0.5083588361740112
vt 0.48467546701431274 0.5083588361740112
vt 0.4848208725452423 0.5083588361740112
vt 0.48654988408088684 0.5083581209182739
vt 0.48806288838386536 0.508357584476471
vt 0.48467546701431274 0.5083563923835754
vt 0.48467546701431274 0.5083563923835754
vt 0.4848208725452423 0.5083563923835754
vt 0.48654988408088684 0.5083556771278381
vt 0.48806288838386536 0.5083551406860352
vt 0.8233576416969299 0.244354248046875
vt 0.8233576416969299 0.244354248046875
vt 0.8233576416969299 0.244354248046875
vt 0.8233577013015747 0.244354248046875
vt 0.8233576416969299 0.244354248046875
vt 0.8233576416969299 0.24586248397827148
vt 0.8233576416969299 0.24586248397827148
vt 0.8233576416969299 0.24586248397827148
vt 0.8233576416969299 0.24586248397827148
vt 0.8233576416969299 0.24586248397827148
vt 0.8132540583610535 0.22453594207763672
vt 0.813448429107666 0.22453594207763672
vt 0.813448429107666 0.22453594207763672
vt 0.8132540583610535 0.2245359569787979
vt 0.8127226829528809 0.22453594207763672
vt 0.8127226829528809 0.2245359569787979
vt 0.8119968771934509 0.22453594207763672
vt 0.8119969367980957 0.22453594207763672
vt 0.8049909472465515 0.22453594207763672
vt 0.8049908876419067 0.22453594207763672
vt 0.8042651414871216 0.22453594207763672
vt 0.8042651414871216 0.22453594207763672
vt 0.8037338256835938 0.22453594207763672
vt 0.8037338852882385 0.22453594207763672
vt 0.8035393357276917 0.22453594207763672
vt 0.8035393357276917 0.22453594207763672
vt 0.8134485483169556 0.2260441780090332
vt 0.8132040500640869 0.2260441780090332
vt 0.813448429107666 0.2260441780090332
vt 0.8132040500640869 0.2260441780090332
vt 0.8125362396240234 0.2260441780090332
vt 0.8125362396240234 0.2260441780090332
vt 0.8116239905357361 0.2260441780090332
vt 0.8116240501403809 0.2260441780090332
vt 0.8053638935089111 0.2260441780090332
vt 0.8053638339042664 0.2260441780090332
vt 0.804451584815979 0.2260441780090332
vt 0.8044516444206238 0.2260441929101944
vt 0.8037838339805603 0.2260441929101944
vt 0.8037838339805603 0.2260441780090332
vt 0.8035393357276917 0.2260441780090332
vt 0.8035392761230469 0.226044163107872
vt 0.7936301827430725 0.244354248046875
vt 0.7936301827430725 0.244354248046875
vt 0.7936302423477173 0.244354248046875
vt 0.7936301827430725 0.244354248046875
vt 0.7936301827430725 0.244354248046875
vt 0.8035393357276917 0.2260441780090332
vt 0.8134484887123108 0.2260441780090332
vt 0.8053638339042664 0.2260441929101944
vt 0.8035393357276917 0.2260441780090332
vt 0.8134485483169556 0.2260441780090332
vt 0.8035393357276917 0.2260441780090332
vt 0.8134484887123108 0.2260441780090332
vt 0.8116240501403809 0.2260441780090332
vt 0.8053638339042664 0.2260441780090332
vt 0.8134484887123108 0.22453594207763672
vt 0.8035393357276917 0.22453594207763672
vt 0.8134484887123108 0.22453594207763672
vt 0.8119968771934509 0.22453594207763672
vt 0.8049909472465515 0.22453594207763672
vt 0.7936301231384277 0.2458624690771103
vt 0.7936302423477173 0.24586249887943268
vt 0.7936301827430725 0.24586248397827148
vt 0.7936301827430725 0.24586248397827148
vt 0.7936301827430725 0.24586248397827148
vt 0.8035393357276917 0.22453594207763672
vt 0.8134484887123108 0.22453594207763672
vt 0.8049909472465515 0.22453594207763672
vt 0.8035393357276917 0.22453594207763672
vn 0.9901169145077211 0.0017700594782947988 -0.14023324318845878
vn 0.8482547371396031 0.12274873641945933 -0.5151666221987298
vn 0.9818967310942107 0.08057086624717506 -0.1714267918928744
vn 0.5103662576176519 0.08185134237931159 -0.856052942776355
vn 0.2743328774256025 0.9219097526233591 -0.27353954080045956
vn 0.05563679418343353 0.9969453795721605 -0.054812929886214466
vn 0.03122130225194599 0.9990510899339146 -0.03036692258938569
vn 0.056215869578054765 0.9969313555066752 0.0544761270209848
vn 0.3016830142481698 0.9049575388953037 0.30006534573438104
vn 0.03280796450069921 0.9989796288441724 0.03103769675217864
vn 0.5046935438717305 -0.135229784969913 0.8526413853615039
vn 0.8560362927562141 -0.014130359871949225 0.5167225545823276
vn 0.9771318805558183 0.03466979932685654 0.20978868657791266
vn 0.9906462850489831 -0.03292996455431665 0.13242188396598228
vn -0.05502552215601035 0.9968683119863355 -0.0567957786192983
vn -0.2808343269716372 0.9172435480271427 -0.28248248511538904
vn -0.029725261789903753 0.9990617806102401 -0.031495512941028224
vn -0.5117097292847521 0.08206507458841068 -0.855230072254317
vn -0.8490310826400815 0.11850414032404985 -0.5148815295163235
vn -0.9814790240405972 0.08173139593922928 -0.17325964413602393
vn -0.9901701437669218 0.004059052203928944 -0.13980919314479784
vn -0.9909580826880493 -0.03039709182493771 0.1306831862322446
vn -0.8577625833414163 -0.019043673678851965 0.5136931857755883
vn -0.9764797657225842 0.03369279684673131 0.21296023707493322
vn -0.5081998950354369 -0.13577821956772798 0.8504687776614666
vn -0.3083945121843118 0.8996086353325317 0.30918785242913455
vn -0.05517834992402748 0.9969030466036654 0.056032716978493734
vn -0.031220588236673216 0.9989977340395009 0.03207494745278263
vn -0.8339145666887248 -0.5043040811086069 -0.22419609550917663
vn -0.7578170928761782 -0.6041234684520251 -0.24647127339751618
vn -0.11459808377099445 -0.9911589916264848 -0.06686652760526883
vn -0.3240866750898663 -0.9151886153475419 -0.23957801520056984
vn -0.05206592250885766 -0.9971265037263548 -0.05502613269853898
vn -0.05212680007773911 -0.9970928471947151 0.055575631231609426
vn -0.3120036814313837 -0.9222160791984014 0.22841017061679064
vn -0.10205588974338516 -0.99284757312749 0.061953949862293696
vn -0.7388996399957275 -0.6320520188856807 0.23353279734700944
vn -0.8065594255875917 -0.5499240876756326 0.21689949467423242
vn 0.8018680720395773 -0.5576514189198217 0.21455183527586222
vn 0.7333480043765475 -0.6395927225884219 0.23048178602411376
vn 0.10577982433117318 -0.9925480662664242 0.060489378532500374
vn 0.3105595068693166 -0.9240182146406885 0.22303168318721303
vn 0.05636812792428825 -0.9969559242468955 0.053865752230236784
vn 0.05630815026409685 -0.9970357435058651 -0.0524320358706661
vn 0.3222808945611505 -0.9180123044323574 -0.23105937313092723
vn 0.11688949188110599 -0.9910885777316395 -0.06387705204260215
vn 0.7503699179511985 -0.6153845189901945 -0.24134390404797607
vn 0.8275863080174559 -0.5162305091307456 -0.22046987146693753
vn 0.9970295428456314 -0.005157746013005485 -0.07684717528378508
vn 0.9983169604027186 -0.02816932794611736 -0.050692558974082924
vn 0.99358031947237 -0.10602340620790046 -0.03946119731150737
vn 0.9968045235035947 -0.07452687554991667 -0.028748682466134788
vn 0.9805803968129738 -0.19608557428194398 -0.0035401899145639047
vn 0.9809476317793849 0.19425461320941592 -0.002624681557096589
vn 0.996983999763629 0.07220717645116163 -0.02844341548173995
vn 0.993813792121624 0.10400801913218506 -0.03894198948482871
vn 0.9983844345088976 0.025849219733814887 -0.050599790212032834
vn 0.9970408628817483 0.0029298577424216434 -0.0768175349619327
vn 0.9812758710342894 0.004944101685012201 0.1925440749138365
vn 0.9930664161568518 0.04773215111111199 0.10742781228198035
vn 0.9895739690885528 0.1019024818325129 0.1017803708909648
vn 0.9930510907912533 0.10672423826807109 0.04959302415059686
vn 0.9808531085847401 0.19462026448106243 0.007080397797670845
vn 0.9804880227440863 -0.19648213993798494 0.006164895845180283
vn 0.9928059086142489 -0.10925717146769723 0.04898263267234569
vn 0.9893435438013475 -0.10458955963169762 0.10129351585683458
vn 0.9929531568020226 -0.05075241618194467 0.10708977845057326
vn 0.9812579385465756 -0.008392788457259359 0.1925160230766167
vn -0.9970299302670149 0.0055239525477268 -0.07681669154553558
vn -0.9983138276612505 0.028443894180075983 -0.05060085359176799
vn -0.9935421177556394 0.10657191310456111 -0.03894210552696536
vn -0.9967925848837408 0.07480293274276048 -0.02844404988521462
vn -0.9804361862455152 0.1968197033853145 -0.0026247018242373833
vn -0.9803465969948814 0.19715581776771376 0.007080485922573734
vn -0.9927689808988128 0.1093175169755621 0.049592651143394645
vn -0.9893033128439613 0.10449701433993121 0.10178078988690997
vn -0.9929384163139695 0.05032598714374286 0.10742716800658111
vn -0.9812590768449404 0.00750779867252909 0.19254676592586112
vn -0.9810841264000465 -0.1935494881516855 -0.003540135884093297
vn -0.9969950343447147 -0.07193331906918056 -0.028748897364466387
vn -0.9938537252309555 -0.10342915763724596 -0.03946114791794897
vn -0.9983868559760666 -0.02557463116992323 -0.05069145938663614
vn -0.9970395277266937 -0.002563645470821544 -0.07684795294886695
vn -0.9812769603527084 -0.005829095151140411 0.19251376244483964
vn -0.9930822518568632 -0.048158672117190625 0.10709053808255391
vn -0.9896144277245841 -0.10199503446982704 0.10129312603944383
vn -0.9930878551683678 -0.10666385634991613 0.04898299363713212
vn -0.9809927799759717 -0.19394628325167396 0.006164807205150234
vn 0.9694429617573446 0.19144703892624992 -0.15338961889749553
vn 0.9694429617573446 0.19144703892624992 -0.15338961889749553
vn 0.9881745284204106 -0.001342860695554047 -0.15332742124698698
vn 0.9881745284204106 -0.001342860695554047 -0.15332742124698698
vn -0.9233872185087366 0.38386979744459376 -0.0001526582627783923
vn -0.980532515893912 0.196356759207378 -0.00009158783246168075
vn -0.980532515893912 0.196356759207378 -0.00009158783246168075
vn -0.9233872185087366 0.38386979744459376 -0.0001526582627783923
vn -0.7061905984415358 0.7080217125614237 -0.0003053102916309444
vn -0.8307568228181877 0.5566354657104234 -0.00024424244165077686
vn -0.8307568228181877 0.5566354657104234 -0.00024424244165077686
vn -0.7061905984415358 0.7080217125614237 -0.0003053102916309444
vn -0.5544747918511913 0.8322004391831277 -0.0003663672849488889
vn -0.5544747918511913 0.8322004391831277 -0.0003663672849488889
vn -0.3814557620030018 0.9243869963121196 -0.00042741521552419213
vn -0.3814557620030018 0.9243869963121196 -0.00042741521552419213
vn -0.19379727836953095 0.9810414900398298 -0.00045794867949616004
vn -0.19379727836953095 0.9810414900398298 -0.00045794867949616004
vn 0.0012818153468772638 0.9999990736132949 -0.0004579541116836452
vn 0.0012818153468772638 0.9999990736132949 -0.0004579541116836452
vn 0.19635673376943857 0.9805324183296298 -0.00045793891036562345
vn 0.19635673376943857 0.9805324183296298 -0.00045793891036562345
vn 0.383869758332949 0.9233871484653023 -0.0004274184379382022
vn 0.383869758332949 0.9233871484653023 -0.0004274184379382022
vn 0.5566354450120318 0.8307567918075874 -0.00036636296515044157
vn 0.5566354450120318 0.8307567918075874 -0.00036636296515044157
vn 0.7080217126111555 0.706190598391804 -0.0003053099933045807
vn 0.7080217126111555 0.706190598391804 -0.0003053099933045807
vn 0.8322004793945664 0.554474798741955 -0.0002442447998112055
vn 0.8322004793945664 0.554474798741955 -0.0002442447998112055
vn 0.9243763028860332 0.3814818833958299 -0.00015265490125640193
vn 0.9243763028860332 0.3814818833958299 -0.00015265490125640193
vn 0.9810415898967264 0.19379730432425205 -0.00006107009363251104
vn 0.9810415898967264 0.19379730432425205 -0.00006107009363251104
vn 0.9999991784741986 -0.0012818154811940676 2.0883424848186723e-10
vn 0.9999991784741986 -0.0012818154811940676 2.0883424848186723e-10
vn 0.980532515893912 -0.196356759207378 0.00009158783246168075
vn 0.980532515893912 -0.196356759207378 0.00009158783246168075
vn 0.9233872185087366 -0.38386979744459376 0.0001526582627783923
vn 0.9233872185087366 -0.38386979744459376 0.0001526582627783923
vn 0.8307568228181877 -0.5566354657104234 0.00024424244165077686
vn 0.8307568228181877 -0.5566354657104234 0.00024424244165077686
vn 0.7061905984415358 -0.7080217125614237 0.0003053102916309444
vn 0.7061905984415358 -0.7080217125614237 0.0003053102916309444
vn 0.5544747918511913 -0.8322004391831277 0.0003663672849488889
vn 0.5544747918511913 -0.8322004391831277 0.0003663672849488889
vn 0.3814557620030018 -0.9243869963121196 0.00042741521552419213
vn 0.3814557620030018 -0.9243869963121196 0.00042741521552419213
vn 0.19379728098688992 -0.9810415032944089 0.0004274294501083142
vn 0.19379728098688992 -0.9810415032944089 0.0004274294501083142
vn -0.0012818153468772638 -0.9999990736132949 0.0004579541116836452
vn -0.0012818153468772638 -0.9999990736132949 0.0004579541116836452
vn -0.19635673376943857 -0.9805324183296298 0.00045793891036562345
vn -0.19635673376943857 -0.9805324183296298 0.00045793891036562345
vn -0.383869758332949 -0.9233871484653023 0.0004274184379382022
vn -0.383869758332949 -0.9233871484653023 0.0004274184379382022
vn -0.5566495492323453 -0.8307473413203271 0.00036637226230906695
vn -0.5566495492323453 -0.8307473413203271 0.00036637226230906695
vn -0.7080369218073015 -0.7061753494334705 0.0003053033851548045
vn -0.7080369218073015 -0.7061753494334705 0.0003053033851548045
vn -0.8322004793945664 -0.554474798741955 0.0002442447998112055
vn -0.8322004793945664 -0.554474798741955 0.0002442447998112055
vn -0.9243870768325814 -0.38145577578647244 0.00015265666010462538
vn -0.9243870768325814 -0.38145577578647244 0.00015265666010462538
vn -0.9810415898967264 -0.19379730432425205 0.00006107009363251104
vn -0.9810415898967264 -0.19379730432425205 0.00006107009363251104
vn -0.988174717689306 0.0011902160741123322 -0.1533274623326085
vn -0.988174717689306 0.0011902160741123322 -0.1533274623326085
vn -0.9689414236601585 0.19394696006991408 -0.15341803738499638
vn -0.9689414236601585 0.19394696006991408 -0.15341803738499638
vn 0.7080217126111555 0.706190598391804 -0.0003053099933045807
vn 0.8322004793945664 0.554474798741955 -0.0002442447998112055
vn 0.8322004793945664 0.554474798741955 -0.0002442447998112055
vn 0.7080217126111555 0.706190598391804 -0.0003053099933045807
vn 0 0.00045795448060905104 0.9999998951388414
vn 0 0.00045795448060905104 0.9999998951388414
vn 0 0.00045795448060905104 0.9999998951388414
vn 0 0.00045795448060905104 0.9999998951388414
vn 0.19404229106643037 0.9688686270708962 -0.1537568624661924
vn 0.19404229106643037 0.9688686270708962 -0.1537568624661924
vn 0.3793223143093885 0.9124000275787111 -0.15375555775755476
vn 0.3793223143093885 0.9124000275787111 -0.15375555775755476
vn 0.8209300523215324 -0.5501352125491631 -0.15305259589060663
vn 0.8209300523215324 -0.5501352125491631 -0.15305259589060663
vn 0.6978351608788298 -0.6997273948946302 -0.15299562436616274
vn 0.6978508273695161 -0.6997124840169923 -0.15299236075847766
vn -0.6996515293916036 -0.6979119333277239 -0.1529923878457638
vn -0.6996515293916036 -0.6979119333277239 -0.1529923878457638
vn -0.8223500035253387 -0.5480095452004689 -0.15305557837286063
vn -0.8223500035253387 -0.5480095452004689 -0.15305557837286063
vn -0.5479191357282511 0.8222906062381422 -0.1536970383426918
vn -0.5479191357282511 0.8222906062381422 -0.1536970383426918
vn -0.37697125273686044 0.9133739882954379 -0.1537551043552285
vn -0.37697125273686044 0.9133739882954379 -0.1537551043552285
vn 0.9134541894488646 0.3768875706508621 -0.15348355894756005
vn 0.9134541894488646 0.3768875706508621 -0.15348355894756005
vn -0.0012818163709499937 -0.9882499330539787 -0.15284118151073695
vn -0.0012818163709499937 -0.9882499330539787 -0.15284118151073695
vn -0.1940399409613681 -0.9690094845601747 -0.15286961811993108
vn -0.1940399409613681 -0.9690094845601747 -0.15286961811993108
vn -0.9124698988363189 0.37926491549701435 -0.15348227125854194
vn -0.9124698988363189 0.37926491549701435 -0.15348227125854194
vn 0.5500798840406371 0.8208470425083509 -0.15369532842325728
vn 0.5500798840406371 0.8208470425083509 -0.15369532842325728
vn 0.5479357839868232 -0.8224225295262563 -0.15292991713323872
vn 0.5479357839868232 -0.8224225295262563 -0.15292991713323872
vn -0.9134486660095031 -0.37703792189115853 -0.15314679239688905
vn -0.9134486660095031 -0.37703792189115853 -0.15314679239688905
vn -0.1915064128123269 0.9693734095732103 -0.15375463135842077
vn -0.1915064128123269 0.9693734095732103 -0.15375463135842077
vn -0.379355888488891 -0.9125295074651402 -0.152901955102715
vn -0.379355888488891 -0.9125295074651402 -0.152901955102715
vn -0.8209336535481663 0.5499849952772858 -0.15357226781519892
vn -0.8209336535481663 0.5499849952772858 -0.15357226781519892
vn 0.6996572741630263 0.6977650402063179 -0.15363478569855066
vn 0.6996572741630263 0.6977650402063179 -0.15363478569855066
vn 0.3769680891845219 -0.9135189984393176 -0.15289898373434838
vn 0.3769680891845219 -0.9135189984393176 -0.15289898373434838
vn -0.9694429775579075 -0.19156916231663879 -0.1532369711034496
vn -0.9694429775579075 -0.19156916231663879 -0.1532369711034496
vn 0.0012512663741922952 0.988103718621553 -0.15378385994219185
vn 0.0012512663741922952 0.988103718621553 -0.15378385994219185
vn 0.9881745284204106 -0.001342860695554047 -0.15332742124698698
vn 0.9881745284204106 -0.001342860695554047 -0.15332742124698698
vn 0.9689399380314855 -0.19409931568391378 -0.1532346310028435
vn 0.9689399380314855 -0.19409931568391378 -0.1532346310028435
vn 0.9124640419444409 -0.37941512783155884 -0.15314546330523565
vn 0.9124640419444409 -0.37941512783155884 -0.15314546330523565
vn -0.5500753280948835 -0.8209928759706405 -0.1529308047018745
vn -0.5500753280948835 -0.8209928759706405 -0.1529308047018745
vn -0.6978261781482633 0.699596291634944 -0.15363480667356086
vn -0.6978261781482633 0.699596291634944 -0.15363480667356086
vn 0.8223533608514773 0.547859105813226 -0.153575226106987
vn 0.8223533608514773 0.547859105813226 -0.153575226106987
vn 0.19150973487506948 -0.9695123496351 -0.15287192467261074
vn 0.19150973487506948 -0.9695123496351 -0.15287192467261074
vn 0 0.00045795448060905104 0.9999998951388414
vn 0 0.00045795448060905104 0.9999998951388414
vn 0 0.00045795448060905104 0.9999998951388414
vn 0 0.00045795448060905104 0.9999998951388414
vn 0 0.00045795448060905104 0.9999998951388414
vn 0 0.00045795448060905104 0.9999998951388414
vn 0 0.00045795448060905104 0.9999998951388414
vn 0 0.00045795448060905104 0.9999998951388414
vn 0 0.00045795448060905104 0.9999998951388414
vn 0 0.00045795448060905104 0.9999998951388414
vn 0 0.00045795448060905104 0.9999998951388414
vn 0 0.00045795448060905104 0.9999998951388414
vn 0 0.00045795448060905104 0.9999998951388414
vn 0 0.00045795448060905104 0.9999998951388414
vn 0 0.00045795448060905104 0.9999998951388414
vn 0 0.00045795448060905104 0.9999998951388414
vn 0 0.00045795448060905104 0.9999998951388414
vn 0 0.00045795448060905104 0.9999998951388414
vn 0 0.00045795448060905104 0.9999998951388414
vn 0 0.00045795448060905104 0.9999998951388414
vn 0 0.00045795448060905104 0.9999998951388414
vn 0 0.00045795448060905104 0.9999998951388414
vn 0 0.00045795448060905104 0.9999998951388414
vn 0 0.00045795448060905104 0.9999998951388414
vn 0 0.00045795448060905104 0.9999998951388414
vn 0 0.00045795448060905104 0.9999998951388414
vn 0 0.00045795448060905104 0.9999998951388414
vn 0 0.00045795448060905104 0.9999998951388414
vn 0 0.00045795448060905104 0.9999998951388414
vn 0 0.00045795448060905104 0.9999998951388414
vn 0 0.00045795448060905104 0.9999998951388414
vn 0 0.00045795448060905104 0.9999998951388414
vn 0 0.00045795448060905104 0.9999998951388414
vn 0 0.00045795448060905104 0.9999998951388414
vn 0 0.00045795448060905104 0.9999998951388414
vn 0 0.00045795448060905104 0.9999998951388414
vn 0 0.00045795448060905104 0.9999998951388414
vn 0 0.00045795448060905104 0.9999998951388414
vn 0 0.00045795448060905104 0.9999998951388414
vn 0 0.00045795448060905104 0.9999998951388414
vn 0 0.00045795448060905104 0.9999998951388414
vn 0 0.00045795448060905104 0.9999998951388414
vn 0 0.00045795448060905104 0.9999998951388414
vn 0 0.00045795448060905104 0.9999998951388414
vn -0.9999991784741986 0.0012818154811940676 -2.0883424848186723e-10
vn -0.9999991784741986 0.0012818154811940676 -2.0883424848186723e-10
vn 0 0.00045795448060905104 0.9999998951388414
vn 0 0.00045795448060905104 0.9999998951388414
vn 0 0.00045795448060905104 0.9999998951388414
vn 0 0.00045795448060905104 0.9999998951388414
vn 0 0.00045795448060905104 0.9999998951388414
vn 0 0.00045795448060905104 0.9999998951388414
vn 0 0.00045795448060905104 0.9999998951388414
vn 0 0.00045795448060905104 0.9999998951388414
vn 0 0.00045795448060905104 0.9999998951388414
vn 0 0.00045795448060905104 0.9999998951388414
vn 0 0.00045795448060905104 0.9999998951388414
vn 0 0.00045795448060905104 0.9999998951388414
vn 0 0.00045795448060905104 0.9999998951388414
vn 0 0.00045795448060905104 0.9999998951388414
vn 0 0.00045795448060905104 0.9999998951388414
vn 0 0.00045795448060905104 0.9999998951388414
vn 0.742837839170095 -0.14844539414729524 0.6528061807715656
vn 0.7575778754785504 -0.0006713158561808928 0.6527444461046203
vn 0.7575778754785504 -0.0006713158561808928 0.6527444461046203
vn 0.742837839170095 -0.14844539414729524 0.6528061807715656
vn 0.6995391864588089 -0.2905157395197883 0.6528748208499225
vn 0.6995391864588089 -0.2905157395197883 0.6528748208499225
vn 0.6293659895410374 -0.42140837403993187 0.6529268209363526
vn 0.6293659895410374 -0.42140837403993187 0.6529268209363526
vn 0.5350037888899062 -0.5360717976345778 0.652991557107959
vn 0.5350037888899062 -0.5360717976345778 0.652991557107959
vn 0.4200679392514507 -0.6301628525442574 0.6530219794817967
vn 0.4200679392514507 -0.6301628525442574 0.6530219794817967
vn 0.2889847759048537 -0.6999845045569631 0.6530769423853244
vn 0.2889847759048537 -0.6999845045569631 0.6530769423853244
vn 0.14683005836904497 -0.7429092811910091 0.6530901422312245
vn 0.14683005836904497 -0.7429092811910091 0.6530901422312245
vn -0.0009766061091674996 -0.7572663789324742 0.6531054107714972
vn -0.0009766061091674996 -0.7572663789324742 0.6531054107714972
vn -0.1487509825614634 -0.742534013940973 0.6530822178927445
vn -0.1487509825614634 -0.742534013940973 0.6530822178927445
vn -0.29081635378316956 -0.6992531237026252 0.6530474082058543
vn -0.29081635378316956 -0.6992531237026252 0.6530474082058543
vn -0.4217151941513135 -0.6290629396348066 0.6530207600068589
vn -0.4217151941513135 -0.6290629396348066 0.6530207600068589
vn -0.5363769174654248 -0.5346982251850813 0.6529912789572405
vn -0.5363769174654248 -0.5346982251850813 0.6529912789572405
vn -0.6304653661054216 -0.41976076170333787 0.6529275036907162
vn -0.6304653661054216 -0.41976076170333787 0.6529275036907162
vn -0.7002934309481218 -0.28871147508248773 0.6528665979559701
vn -0.7002995981080734 -0.2886835074255747 0.6528723500272767
vn -0.7432262867582745 -0.14652103237119757 0.6527988003545855
vn -0.7432262867582745 -0.14652103237119757 0.6527988003545855
vn -0.7575774229558586 0.00128191157178291 0.6527440577517979
vn -0.7575774229558586 0.00128191157178291 0.6527440577517979
vn -0.7428296055338053 0.14905433252310513 0.6526767830240194
vn -0.7428296055338053 0.14905433252310513 0.6526767830240194
vn -0.6995404361311504 0.2911268691222676 0.6526011985067955
vn -0.6995404361311504 0.2911268691222676 0.6526011985067955
vn -0.6293669505757626 0.42201962868605764 0.6525309759135175
vn -0.6293669505757626 0.42201962868605764 0.6525309759135175
vn -0.535001043808342 0.5367101941024651 0.6524691951889217
vn -0.535001043808342 0.5367101941024651 0.6524691951889217
vn -0.42007362314742247 0.6307819873288568 0.6524202906081746
vn -0.42007362314742247 0.6307819873288568 0.6524202906081746
vn -0.28899363576597287 0.7006166068651888 0.6523948564109573
vn -0.28899363576597287 0.7006166068651888 0.6523948564109573
vn -0.14682738117300542 0.7435369177173226 0.6523760971474204
vn -0.14682738117300542 0.7435369177173226 0.6523760971474204
vn 0.0009766019699919705 0.7578737646887914 0.6524004928301563
vn 0.0009766019699919705 0.7578737646887914 0.6524004928301563
vn 0.14874872792790028 0.7431333497148997 0.6524006748014166
vn 0.14874872792790028 0.7431333497148997 0.6524006748014166
vn 0.2908200328108155 0.6998420835468718 0.6524145665239929
vn 0.2908200328108155 0.6998420835468718 0.6524145665239929
vn 0.4217128056118996 0.6296699362449918 0.6524370321894427
vn 0.4217128056118996 0.6296699362449918 0.6524370321894427
vn 0.536405138882246 0.5353065527807076 0.6524694793863957
vn 0.536405138882246 0.5353065527807076 0.6524694793863957
vn 0.6304669682109253 0.4203724536050304 0.6525322997714449
vn 0.6304669682109253 0.4203724536050304 0.6525322997714449
vn 0.7003016441447601 0.2892949141685112 0.6525994635642748
vn 0.7003016441447601 0.2892949141685112 0.6525994635642748
vn 0.7432336705494443 0.14713308526113414 0.6526527148362596
vn 0.7432336705494443 0.14713308526113414 0.6526527148362596
vn 0.7575778754785504 -0.0006713158561808928 0.6527444461046203
vn 0.7575778754785504 -0.0006713158561808928 0.6527444461046203
vn -0.9999991784741986 0.0012818154811940676 -2.0883424848186723e-10
vn -0.9999991784741986 0.0012818154811940676 -2.0883424848186723e-10
vn -0.6916614400561697 0.13883293047911713 0.7087523331559524
vn -0.7054104405867748 0.001220865565572474 0.708798010577374
vn -0.7054104405867748 0.001220865565572474 0.708798010577374
vn -0.6916614400561697 0.13883293047911713 0.7087523331559524
vn -0.6513426889549288 0.2711335080779649 0.7086884522428026
vn -0.6513426889549288 0.2711335080779649 0.7086884522428026
vn -0.5860019568896148 0.39299771424235647 0.7086286073267333
vn -0.5860019568896148 0.39299771424235647 0.7086286073267333
vn -0.49816138261026544 0.4997790190230595 0.7085592205455922
vn -0.49813844432385596 0.4997866280502907 0.7085699801069257
vn -0.3911316161437507 0.5873689859330373 0.7085292747775302
vn -0.3911316161437507 0.5873689859330373 0.7085292747775302
vn -0.2690901246359309 0.6523841664011542 0.7085092831096079
vn -0.2690901246359309 0.6523841664011542 0.7085092831096079
vn -0.13669689511197053 0.6923657122239607 0.7084798369772809
vn -0.13669689511197053 0.6923657122239607 0.7084798369772809
vn 0.0009155835225191556 0.7057318861550904 0.7084784164466778
vn 0.0009155835225191556 0.7057318861550904 0.7084784164466778
vn 0.13849834331812952 0.6920034464862174 0.7084839016867853
vn 0.13849834331812952 0.6920034464862174 0.7084839016867853
vn 0.27076991845195664 0.6516852209331818 0.7085125433461221
vn 0.27076991845195664 0.6516852209331818 0.7085125433461221
vn 0.39266186835987 0.5863377547772245 0.7085370099429805
vn 0.39266186835987 0.5863377547772245 0.7085370099429805
vn 0.49944019595827144 0.49846371915202126 0.7085855003810748
vn 0.49944019595827144 0.49846371915202126 0.7085855003810748
vn 0.5870337073040184 0.3914678181083833 0.7086214602129701
vn 0.5870337073040184 0.3914678181083833 0.7086214602129701
vn 0.6520792318312272 0.26942610664645317 0.7086622950825946
vn 0.6520792318312272 0.26942610664645317 0.7086622950825946
vn 0.6920242125359748 0.13703160739331618 0.7087487762523248
vn 0.6920242125359748 0.13703160739331618 0.7087487762523248
vn 0.7053955230996872 -0.000579753605957275 0.7088136707743969
vn 0.7053955230996872 -0.000579753605957275 0.7088136707743969
vn 0.6916659085352559 -0.13816216182764698 0.7088790362320009
vn 0.6916659085352559 -0.13816216182764698 0.7088790362320009
vn 0.6513659815484185 -0.270458845240723 0.7089247993352467
vn 0.6513659815484185 -0.270458845240723 0.7089247993352467
vn 0.5860043135245755 -0.3923276677841052 0.7089978459922682
vn 0.5860043135245755 -0.3923276677841052 0.7089978459922682
vn 0.498143861426591 -0.49912039777752687 0.7090356280508116
vn 0.498143861426591 -0.49912039777752687 0.7090356280508116
vn 0.3911334914445805 -0.5867001514450528 0.7090821702487831
vn 0.3911334914445805 -0.5867001514450528 0.7090821702487831
vn 0.2690861770781447 -0.6517334495175032 0.7091093992364546
vn 0.2690861770781447 -0.6517334495175032 0.7091093992364546
vn 0.13669535197780294 -0.691686260108568 0.7091434962859681
vn 0.13669535197780294 -0.691686260108568 0.7091434962859681
vn -0.0009155617342104994 -0.7050739484450093 0.709133195507639
vn -0.0009155617342104994 -0.7050739484450093 0.709133195507639
vn -0.13849681868646144 -0.6913547531069083 0.7091172234336263
vn -0.13849681868646144 -0.6913547531069083 0.7091172234336263
vn -0.27079996449962734 -0.6510428819105653 0.7090913517598325
vn -0.27079996449962734 -0.6510428819105653 0.7090913517598325
vn -0.39266494844907207 -0.5857012447246224 0.7090615559932125
vn -0.39266494844907207 -0.5857012447246224 0.7090615559932125
vn -0.4994375998286799 -0.4978200228702751 0.7090397088363996
vn -0.4994451825669492 -0.4977970583803244 0.7090504906412254
vn -0.5870355118041899 -0.39079733391309046 0.708989951753347
vn -0.5870355118041899 -0.39079733391309046 0.708989951753347
vn -0.6520525510647696 -0.26875602323188547 0.7089412321388199
vn -0.6520525510647696 -0.26875602323188547 0.7089412321388199
vn -0.6920278357275821 -0.13636065778368098 0.7088746331947566
vn -0.6920278357275821 -0.13636065778368098 0.7088746331947566
vn -0.7054104405867748 0.001220865565572474 0.708798010577374
vn -0.7054104405867748 0.001220865565572474 0.708798010577374
vn 0 0.00045795448060905104 0.9999998951388414
vn 0 0.00045795448060905104 0.9999998951388414
vn -0.5566354450120318 -0.8307567918075874 0.00036636296515044157
vn -0.7080217126111555 -0.706190598391804 0.0003053099933045807
vn -0.7080217126111555 -0.706190598391804 0.0003053099933045807
vn -0.5566354450120318 -0.8307567918075874 0.00036636296515044157
vn -0.9810415898967264 -0.19379730432425205 0.00006107009363251104
vn -0.9999991784741986 0.0012818154811940676 -2.0883424848186723e-10
vn -0.9999991784741986 0.0012818154811940676 -2.0883424848186723e-10
vn -0.9810415898967264 -0.19379730432425205 0.00006107009363251104
vn 0.9233872185087366 -0.38386979744459376 0.0001526582627783923
vn 0.8307568228181877 -0.5566354657104234 0.00024424244165077686
vn 0.8307568228181877 -0.5566354657104234 0.00024424244165077686
vn 0.9233872185087366 -0.38386979744459376 0.0001526582627783923
vn 0.9243763028860332 0.3814818833958299 -0.00015265490125640193
vn 0.9243763028860332 0.3814818833958299 -0.00015265490125640193
vn -0.980532515893912 0.196356759207378 -0.00009158783246168075
vn -0.980532515893912 0.196356759207378 -0.00009158783246168075
vn 0.7061905984415358 -0.7080217125614237 0.0003053102916309444
vn 0.7061905984415358 -0.7080217125614237 0.0003053102916309444
vn 0.9810415898967264 0.19379730432425205 -0.00006107009363251104
vn 0.9810415898967264 0.19379730432425205 -0.00006107009363251104
vn -0.9233872185087366 0.38386979744459376 -0.0001526582627783923
vn -0.9233872185087366 0.38386979744459376 -0.0001526582627783923
vn 0.5544747918511913 -0.8322004391831277 0.0003663672849488889
vn 0.5544747918511913 -0.8322004391831277 0.0003663672849488889
vn -0.32607154350598017 0.7903665740093342 0.5186501973434264
vn -0.16566070338062794 0.8388023333603928 0.5186204555400762
vn -0.16566070338062794 0.8388023333603928 0.5186204555400762
vn -0.32607154350598017 0.7903665740093342 0.5186501973434264
vn -0.8307568228181877 0.5566354657104234 -0.00024424244165077686
vn -0.8307568228181877 0.5566354657104234 -0.00024424244165077686
vn 0.3814818441487259 -0.9243762328756312 0.0004274102761229992
vn 0.3814818441487259 -0.9243762328756312 0.0004274102761229992
vn 0 0.00045795448060905104 0.9999998951388414
vn 0 0.00045795448060905104 0.9999998951388414
vn 0 0.00045795448060905104 0.9999998951388414
vn 0 0.00045795448060905104 0.9999998951388414
vn -0.7061905984415358 0.7080217125614237 -0.0003053102916309444
vn -0.7061905984415358 0.7080217125614237 -0.0003053102916309444
vn 0.19379727836953095 -0.9810414900398298 0.00045794867949616004
vn 0.19379727836953095 -0.9810414900398298 0.00045794867949616004
vn -0.5544747918511913 0.8322004391831277 -0.0003663672849488889
vn -0.5544747918511913 0.8322004391831277 -0.0003663672849488889
vn -0.0012818153468772638 -0.9999990736132949 0.0004579541116836452
vn -0.0012818153468772638 -0.9999990736132949 0.0004579541116836452
vn -0.3814557620030018 0.9243869963121196 -0.00042741521552419213
vn -0.3814557620030018 0.9243869963121196 -0.00042741521552419213
vn -0.19635673376943857 -0.9805324183296298 0.00045793891036562345
vn -0.19635673376943857 -0.9805324183296298 0.00045793891036562345
vn -0.19379727836953095 0.9810414900398298 -0.00045794867949616004
vn -0.19379727836953095 0.9810414900398298 -0.00045794867949616004
vn -0.383869758332949 -0.9233871484653023 0.0004274184379382022
vn -0.383869758332949 -0.9233871484653023 0.0004274184379382022
vn 0.0012818153468772638 0.9999990736132949 -0.0004579541116836452
vn 0.0012818153468772638 0.9999990736132949 -0.0004579541116836452
vn 0 0.00045795448060905104 0.9999998951388414
vn 0 0.00045795448060905104 0.9999998951388414
vn 0 0.00045795448060905104 0.9999998951388414
vn 0 0.00045795448060905104 0.9999998951388414
vn 0.19635673376943857 0.9805324183296298 -0.00045793891036562345
vn 0.19635673376943857 0.9805324183296298 -0.00045793891036562345
vn 0.383869758332949 0.9233871484653023 -0.0004274184379382022
vn 0.383869758332949 0.9233871484653023 -0.0004274184379382022
vn -0.8322004793945664 -0.554474798741955 0.0002442447998112055
vn -0.8322004793945664 -0.554474798741955 0.0002442447998112055
vn 0.5566354450120318 0.8307567918075874 -0.00036636296515044157
vn 0.5566354450120318 0.8307567918075874 -0.00036636296515044157
vn -0.9243763028860332 -0.3814818833958299 0.00015265490125640193
vn -0.9243763028860332 -0.3814818833958299 0.00015265490125640193
vn 0.9999991784741986 -0.0012818154811940676 2.0883424848186723e-10
vn 0.9999991784741986 -0.0012818154811940676 2.0883424848186723e-10
vn 0 0.00045795448060905104 0.9999998951388414
vn 0 0.00045795448060905104 0.9999998951388414
vn 0 0.00045795448060905104 0.9999998951388414
vn 0 0.00045795448060905104 0.9999998951388414
vn 0 0.00045795448060905104 0.9999998951388414
vn 0 0.00045795448060905104 0.9999998951388414
vn 0 0.00045795448060905104 0.9999998951388414
vn 0 0.00045795448060905104 0.9999998951388414
vn 0 0.00045795448060905104 0.9999998951388414
vn 0 0.00045795448060905104 0.9999998951388414
vn 0 0.00045795448060905104 0.9999998951388414
vn 0 0.00045795448060905104 0.9999998951388414
vn 0 0.00045795448060905104 0.9999998951388414
vn 0 0.00045795448060905104 0.9999998951388414
vn 0 0.00045795448060905104 0.9999998951388414
vn 0 0.00045795448060905104 0.9999998951388414
vn 0 0.00045795448060905104 0.9999998951388414
vn 0 0.00045795448060905104 0.9999998951388414
vn 0 0.00045795448060905104 0.9999998951388414
vn 0 0.00045795448060905104 0.9999998951388414
vn 0 0.00045795448060905104 0.9999998951388414
vn 0 0.00045795448060905104 0.9999998951388414
vn 0 0.00045795448060905104 0.9999998951388414
vn 0 0.00045795448060905104 0.9999998951388414
vn 0 0.00045795448060905104 0.9999998951388414
vn 0 0.00045795448060905104 0.9999998951388414
vn 0 0.00045795448060905104 0.9999998951388414
vn 0 0.00045795448060905104 0.9999998951388414
vn 0 0.00045795448060905104 0.9999998951388414
vn 0 0.00045795448060905104 0.9999998951388414
vn 0 0.00045795448060905104 0.9999998951388414
vn 0 0.00045795448060905104 0.9999998951388414
vn 0 0.00045795448060905104 0.9999998951388414
vn 0 0.00045795448060905104 0.9999998951388414
vn 0 0.00045795448060905104 0.9999998951388414
vn 0 0.00045795448060905104 0.9999998951388414
vn 0 0.00045795448060905104 0.9999998951388414
vn 0 0.00045795448060905104 0.9999998951388414
vn 0 0.00045795448060905104 0.9999998951388414
vn 0 0.00045795448060905104 0.9999998951388414
vn 0 0.00045795448060905104 0.9999998951388414
vn 0 0.00045795448060905104 0.9999998951388414
vn 0 0.00045795448060905104 0.9999998951388414
vn 0 0.00045795448060905104 0.9999998951388414
vn 0.980532515893912 -0.196356759207378 0.00009158783246168075
vn 0.980532515893912 -0.196356759207378 0.00009158783246168075
vn 0 0.00045795448060905104 0.9999998951388414
vn 0 0.00045795448060905104 0.9999998951388414
vn 0 0.00045795448060905104 0.9999998951388414
vn 0 0.00045795448060905104 0.9999998951388414
vn 0 0.00045795448060905104 0.9999998951388414
vn 0 0.00045795448060905104 0.9999998951388414
vn 0 0.00045795448060905104 0.9999998951388414
vn 0 0.00045795448060905104 0.9999998951388414
vn 0 0.00045795448060905104 0.9999998951388414
vn 0 0.00045795448060905104 0.9999998951388414
vn 0 0.00045795448060905104 0.9999998951388414
vn 0 0.00045795448060905104 0.9999998951388414
vn 0 0.00045795448060905104 0.9999998951388414
vn 0 0.00045795448060905104 0.9999998951388414
vn 0 0.00045795448060905104 0.9999998951388414
vn 0 0.00045795448060905104 0.9999998951388414
vn 0 0.00045795448060905104 0.9999998951388414
vn 0 0.00045795448060905104 0.9999998951388414
vn 0.7053955230996872 -0.000579753605957275 0.7088136707743969
vn 0.6916659085352559 -0.13816216182764698 0.7088790362320009
vn 0.6916659085352559 -0.13816216182764698 0.7088790362320009
vn 0.7053955230996872 -0.000579753605957275 0.7088136707743969
vn 0.6513659815484185 -0.270458845240723 0.7089247993352467
vn 0.6513659815484185 -0.270458845240723 0.7089247993352467
vn 0.5860043135245755 -0.3923276677841052 0.7089978459922682
vn 0.5860043135245755 -0.3923276677841052 0.7089978459922682
vn 0.4981330998584181 -0.4991095766549218 0.7090508058783855
vn 0.4981330998584181 -0.4991095766549218 0.7090508058783855
vn 0.3911334914445805 -0.5867001514450528 0.7090821702487831
vn 0.3911334914445805 -0.5867001514450528 0.7090821702487831
vn 0.2690861770781447 -0.6517334495175032 0.7091093992364546
vn 0.2690861770781447 -0.6517334495175032 0.7091093992364546
vn 0.1366983092666347 -0.6917012397872951 0.709128314989863
vn 0.1366983092666347 -0.6917012397872951 0.709128314989863
vn -0.0009155815236239664 -0.7050892210980935 0.7091180099262445
vn -0.0009155815236239664 -0.7050892210980935 0.7091180099262445
vn -0.13849681868646144 -0.6913547531069083 0.7091172234336263
vn -0.13849681868646144 -0.6913547531069083 0.7091172234336263
vn -0.27079996449962734 -0.6510428819105653 0.7090913517598325
vn -0.27079996449962734 -0.6510428819105653 0.7090913517598325
vn -0.3926564472242098 -0.585688552803147 0.7090767473049845
vn -0.3926564472242098 -0.585688552803147 0.7090767473049845
vn -0.4994483996494979 -0.4978307632450971 0.7090245604027829
vn -0.4994483996494979 -0.4978307632450971 0.7090245604027829
vn -0.5870355118041899 -0.39079733391309046 0.708989951753347
vn -0.5870355118041899 -0.39079733391309046 0.708989951753347
vn -0.6520701009381459 -0.2687506450110153 0.7089271290257408
vn -0.6520701009381459 -0.2687506450110153 0.7089271290257408
vn -0.6920278357275821 -0.13636065778368098 0.7088746331947566
vn -0.6920278357275821 -0.13636065778368098 0.7088746331947566
vn -0.7054104405867748 0.001220865565572474 0.708798010577374
vn -0.7054104405867748 0.001220865565572474 0.708798010577374
vn -0.6916773879208997 0.13882998969352206 0.7087373455664784
vn -0.6916773879208997 0.13882998969352206 0.7087373455664784
vn -0.651365673869598 0.27109985189923486 0.7086802023512564
vn -0.651365673869598 0.27109985189923486 0.7086802023512564
vn -0.5860019568896148 0.39299771424235647 0.7086286073267333
vn -0.5860019568896148 0.39299771424235647 0.7086286073267333
vn -0.49813844432385596 0.4997866280502907 0.7085699801069257
vn -0.49813844432385596 0.4997866280502907 0.7085699801069257
vn -0.3911316161437507 0.5873689859330373 0.7085292747775302
vn -0.3911316161437507 0.5873689859330373 0.7085292747775302
vn -0.2690901246359309 0.6523841664011542 0.7085092831096079
vn -0.2690901246359309 0.6523841664011542 0.7085092831096079
vn -0.13669689511197053 0.6923657122239607 0.7084798369772809
vn -0.13669689511197053 0.6923657122239607 0.7084798369772809
vn 0.0009155637700922697 0.7057471743687502 0.7084631871971245
vn 0.0009155637700922697 0.7057471743687502 0.7084631871971245
vn 0.13849542142721893 0.6920193546098401 0.7084689344558991
vn 0.13849542142721893 0.6920193546098401 0.7084689344558991
vn 0.27079819437212815 0.6516798409123861 0.708506685129507
vn 0.27079819437212815 0.6516798409123861 0.708506685129507
vn 0.39266186835987 0.5863377547772245 0.7085370099429805
vn 0.39266186835987 0.5863377547772245 0.7085370099429805
vn 0.4994509998939447 0.4984744931943233 0.7085703058551079
vn 0.4994509998939447 0.4984744931943233 0.7085703058551079
vn 0.5870337073040184 0.3914678181083833 0.7086214602129701
vn 0.5870337073040184 0.3914678181083833 0.7086214602129701
vn 0.6520651160966708 0.2694202749343911 0.7086775005770342
vn 0.6520651160966708 0.2694202749343911 0.7086775005770342
vn 0.6920242125359748 0.13703160739331618 0.7087487762523248
vn 0.6920242125359748 0.13703160739331618 0.7087487762523248
vn 0.7053955230996872 -0.000579753605957275 0.7088136707743969
vn 0.7053955230996872 -0.000579753605957275 0.7088136707743969
vn 0.9999991784741986 -0.0012818154811940676 2.0883424848186723e-10
vn 0.9999991784741986 -0.0012818154811940676 2.0883424848186723e-10
vn 0 0.00045795448060905104 0.9999998951388414
vn 0 0.00045795448060905104 0.9999998951388414
vn 0 0.00045795448060905104 0.9999998951388414
vn 0 0.00045795448060905104 0.9999998951388414
vn 0 0.00045795448060905104 0.9999998951388414
vn 0 0.00045795448060905104 0.9999998951388414
vn 0 0.00045795448060905104 0.9999998951388414
vn 0 0.00045795448060905104 0.9999998951388414
vn 0 0.00045795448060905104 0.9999998951388414
vn 0 0.00045795448060905104 0.9999998951388414
vn 0 0.00045795448060905104 0.9999998951388414
vn 0 0.00045795448060905104 0.9999998951388414
vn 0 0.00045795448060905104 0.9999998951388414
vn 0 0.00045795448060905104 0.9999998951388414
vn 0 0.00045795448060905104 0.9999998951388414
vn 0 0.00045795448060905104 0.9999998951388414
vn 0 0.00045795448060905104 0.9999998951388414
vn 0 0.00045795448060905104 0.9999998951388414
vn 0 0.00045795448060905104 0.9999998951388414
vn 0 0.00045795448060905104 0.9999998951388414
vn 0 0.00045795448060905104 0.9999998951388414
vn 0 0.00045795448060905104 0.9999998951388414
vn 0 0.00045795448060905104 0.9999998951388414
vn 0 0.00045795448060905104 0.9999998951388414
vn 0 0.00045795448060905104 0.9999998951388414
vn 0 0.00045795448060905104 0.9999998951388414
vn 0 0.00045795448060905104 0.9999998951388414
vn 0 0.00045795448060905104 0.9999998951388414
vn 0 0.00045795448060905104 0.9999998951388414
vn 0 0.00045795448060905104 0.9999998951388414
vn 0 0.00045795448060905104 0.9999998951388414
vn 0 0.00045795448060905104 0.9999998951388414
vn 0 0.00045795448060905104 0.9999998951388414
vn 0 0.00045795448060905104 0.9999998951388414
vn 0 0.00045795448060905104 0.9999998951388414
vn 0 0.00045795448060905104 0.9999998951388414
vn 0 0.00045795448060905104 0.9999998951388414
vn 0 0.00045795448060905104 0.9999998951388414
vn 0 0.0004274350524444392 0.9999999086496338
vn 0 0.0004274350524444392 0.9999999086496338
vn 0 0.00045795448060905104 0.9999998951388414
vn 0 0.00045795448060905104 0.9999998951388414
vn 0 0.0004274350524444392 0.9999999086496338
vn 0 0.0004274350524444392 0.9999999086496338
vn 0 0.00045795448060905104 0.9999998951388414
vn 0 0.00045795448060905104 0.9999998951388414
vn 0 0.00045795448060905104 0.9999998951388414
vn 0 0.00045795448060905104 0.9999998951388414
vn 0 0.0004274350524444392 0.9999999086496338
vn 0 0.0004274350524444392 0.9999999086496338
vn 0 0.00045795448060905104 0.9999998951388414
vn 0 0.00045795448060905104 0.9999998951388414
vn 0 0.00045795448060905104 0.9999998951388414
vn 0 0.00045795448060905104 0.9999998951388414
vn 0 0.00045795448060905104 0.9999998951388414
vn 0 0.00045795448060905104 0.9999998951388414
vn 0 0.00045795448060905104 0.9999998951388414
vn 0 0.00045795448060905104 0.9999998951388414
vn 0 0.00045795448060905104 0.9999998951388414
vn 0 0.00045795448060905104 0.9999998951388414
vn 0 0.00045795448060905104 0.9999998951388414
vn 0 0.00045795448060905104 0.9999998951388414
vn 0.9810415898967264 0.19379730432425205 -0.00006107009363251104
vn 0.9999991784741986 -0.0012818154811940676 2.0883424848186723e-10
vn 0.9999991784741986 -0.0012818154811940676 2.0883424848186723e-10
vn 0.9810415898967264 0.19379730432425205 -0.00006107009363251104
vn 0.3260655693484549 -0.7898940049362665 0.519373377688165
vn 0.16565608011121094 -0.8383209561799064 0.5193996895953978
vn 0.16565608011121094 -0.8383209561799064 0.5193996895953978
vn 0.3260655693484549 -0.7898940049362665 0.519373377688165
vn -0.7100937876692386 0.47604094871963165 0.5187984462733747
vn -0.6036127151412803 0.6054439735335808 0.5187381661605792
vn -0.6036127151412803 0.6054439735335808 0.5187381661605792
vn -0.7100937876692386 0.47604094871963165 0.5187984462733747
vn 0.7901357182946923 0.32630874790516023 0.5188527225672978
vn 0.8385498272624791 0.16590330512134038 0.5189511350289947
vn 0.8385498272624791 0.16590330512134038 0.5189511350289947
vn 0.7901357182946923 0.32630874790516023 0.5188527225672978
vn -0.8547712824598763 0.001342912889102867 0.5190031322322348
vn -0.8381194950564539 0.16806956698362252 0.518949258271223
vn -0.8381194950564539 0.16806956698362252 0.518949258271223
vn -0.8547712824598763 0.001342912889102867 0.5190031322322348
vn -0.001098680994325945 -0.8545295832202043 0.5194015636302769
vn -0.1678266635893679 -0.8378819381437032 0.5194112712687442
vn -0.1678266635893679 -0.8378819381437032 0.5194112712687442
vn -0.001098680994325945 -0.8545295832202043 0.5194015636302769
vn -0.7113382435088549 -0.47371677487182673 0.5192208783617739
vn -0.7901249230684994 -0.32582840102285676 0.5191709343105473
vn -0.7901249230684994 -0.32582840102285676 0.5191709343105473
vn -0.7113382435088549 -0.47371677487182673 0.5192208783617739
vn 0.4757996103321224 0.7103423729725283 0.5186795195181299
vn 0.6051999502187533 0.6038572017839868 0.5187383734685839
vn 0.6051999502187533 0.6038572017839868 0.5187383734685839
vn 0.4757996103321224 0.7103423729725283 0.5186795195181299
vn 0.7101013283336948 -0.4755575154460925 0.5192313097276222
vn 0.6036189860880253 -0.6049617940133891 0.5192931228296461
vn 0.6036189860880253 -0.6049617940133891 0.5192931228296461
vn 0.7101013283336948 -0.4755575154460925 0.5192313097276222
vn -0.3281122411951635 -0.7890440489498427 0.5193764010760644
vn -0.47579881905739196 -0.7098526757808731 0.5193502310294336
vn -0.47579881905739196 -0.7098526757808731 0.5193502310294336
vn -0.3281122411951635 -0.7890440489498427 0.5193764010760644
vn 0.7113416523122668 0.47417700997069023 0.5187959299193761
vn 0.7113416523122668 0.47417700997069023 0.5187959299193761
vn 0.0010987035388697723 0.8550050682212965 0.5186184784274752
vn 0.1678271004566609 0.8383725430794832 0.5186188806462314
vn 0.1678271004566609 0.8383725430794832 0.5186188806462314
vn 0.0010987035388697723 0.8550050682212965 0.5186184784274752
vn 0.473958423506599 -0.7110901683386543 0.5193401441052322
vn 0.473958423506599 -0.7110901683386543 0.5193401441052322
vn 0.8381218076271674 -0.16758154638718203 0.519103323905993
vn 0.7892869794105772 -0.3278674566101209 0.5191618196949167
vn 0.7892869794105772 -0.3278674566101209 0.5191618196949167
vn 0.8381218076271674 -0.16758154638718203 0.519103323905993
vn -0.7892855619646688 0.32835532137464635 0.5188555527303046
vn -0.7892855619646688 0.32835532137464635 0.5188555527303046
vn 0.3281105047687498 0.7895283675990338 0.518640967738571
vn 0.3281105047687498 0.7895283675990338 0.518640967738571
vn -0.473958966079168 0.7115794176180638 0.5186690957590432
vn -0.473958966079168 0.7115794176180638 0.5186690957590432
vn -0.6052057796208195 -0.6033745211044033 0.5192929342823644
vn -0.6052057796208195 -0.6033745211044033 0.5192929342823644
vn -0.8385512537368291 -0.1654151190463694 0.5191046457577386
vn -0.8385512537368291 -0.1654151190463694 0.5191046457577386
vn 0.8547717372639257 -0.0008544430239675686 0.5190034172353098
vn 0.8547717372639257 -0.0008544430239675686 0.5190034172353098
vn 0.8547717372639257 -0.0008544430239675686 0.5190034172353098
vn 0.8547717372639257 -0.0008544430239675686 0.5190034172353098
vn 0.5544747918511913 -0.8322004391831277 0.0003663672849488889
vn 0.3814818441487259 -0.9243762328756312 0.0004274102761229992
vn 0.3814818441487259 -0.9243762328756312 0.0004274102761229992
vn 0.5544747918511913 -0.8322004391831277 0.0003663672849488889
vn 0.8307568228181877 -0.5566354657104234 0.00024424244165077686
vn 0.7061905984415358 -0.7080217125614237 0.0003053102916309444
vn 0.7061905984415358 -0.7080217125614237 0.0003053102916309444
vn 0.8307568228181877 -0.5566354657104234 0.00024424244165077686
vn 0.19379727836953095 -0.9810414900398298 0.00045794867949616004
vn -0.0012818153468772638 -0.9999990736132949 0.0004579541116836452
vn -0.0012818153468772638 -0.9999990736132949 0.0004579541116836452
vn 0.19379727836953095 -0.9810414900398298 0.00045794867949616004
vn -0.19635673376943857 -0.9805324183296298 0.00045793891036562345
vn -0.19635673376943857 -0.9805324183296298 0.00045793891036562345
vn 0.9999991784741986 -0.0012818154811940676 2.0883424848186723e-10
vn 0.9805325181770471 -0.19635675966955984 0.0000610692162168418
vn 0.9805325181770471 -0.19635675966955984 0.0000610692162168418
vn 0.9999991784741986 -0.0012818154811940676 2.0883424848186723e-10
vn -0.383869758332949 -0.9233871484653023 0.0004274184379382022
vn -0.383869758332949 -0.9233871484653023 0.0004274184379382022
vn -0.9999991784741986 0.0012818154811940676 -2.0883424848186723e-10
vn -0.980532515893912 0.196356759207378 -0.00009158783246168075
vn -0.980532515893912 0.196356759207378 -0.00009158783246168075
vn -0.9999991784741986 0.0012818154811940676 -2.0883424848186723e-10
vn -0.9810415898967264 -0.19379730432425205 0.00006107009363251104
vn -0.9810415898967264 -0.19379730432425205 0.00006107009363251104
vn -0.19379727836953095 0.9810414900398298 -0.00045794867949616004
vn 0.0012818153647604538 0.9999990591710561 -0.0004884735134981659
vn 0.0012818153647604538 0.9999990591710561 -0.0004884735134981659
vn -0.19379727836953095 0.9810414900398298 -0.00045794867949616004
vn 0.9233872185087366 -0.38386979744459376 0.0001526582627783923
vn 0.9233872185087366 -0.38386979744459376 0.0001526582627783923
vn -0.5566354450120318 -0.8307567918075874 0.00036636296515044157
vn -0.5566354450120318 -0.8307567918075874 0.00036636296515044157
vn 0.19635673376943857 0.9805324183296298 -0.00045793891036562345
vn 0.3838697531485763 0.9233871359894776 -0.00045793755167742467
vn 0.3838697531485763 0.9233871359894776 -0.00045793755167742467
vn 0.19635673376943857 0.9805324183296298 -0.00045793891036562345
vn -0.7061905984415358 0.7080217125614237 -0.0003053102916309444
vn -0.5544747918511913 0.8322004391831277 -0.0003663672849488889
vn -0.5544747918511913 0.8322004391831277 -0.0003663672849488889
vn -0.7061905984415358 0.7080217125614237 -0.0003053102916309444
vn -0.7080217126111555 -0.706190598391804 0.0003053099933045807
vn -0.7080217126111555 -0.706190598391804 0.0003053099933045807
vn -0.9233872137784082 0.3838697954731332 -0.00018317740924046598
vn -0.9233872137784082 0.3838697954731332 -0.00018317740924046598
vn -0.8307568228181877 0.5566354657104234 -0.00024424244165077686
vn -0.8307568228181877 0.5566354657104234 -0.00024424244165077686
vn -0.3814557667994033 0.9243870079402776 -0.0003968963340832905
vn -0.3814557667994033 0.9243870079402776 -0.0003968963340832905
vn 0.5566354385313506 0.83075678213045 -0.0003968819359464859
vn 0.556649542751175 0.8307473316428149 -0.00039689198859373467
vn 0.9243870768325814 0.38145577578647244 -0.00015265666010462538
vn 0.9243870768325814 0.38145577578647244 -0.00015265666010462538
vn 0.7080217056866213 0.706190591480206 -0.00033582948695579394
vn 0.8322004793945664 0.554474798741955 -0.0002442447998112055
vn 0.8322004793945664 0.554474798741955 -0.0002442447998112055
vn 0.7080217056866213 0.706190591480206 -0.00033582948695579394
vn -0.8322004793945664 -0.554474798741955 0.0002442447998112055
vn -0.9243763028860332 -0.3814818833958299 0.00015265490125640193
vn -0.9243763028860332 -0.3814818833958299 0.00015265490125640193
vn -0.8322004793945664 -0.554474798741955 0.0002442447998112055
vn 0 0.00045795448060905104 0.9999998951388414
vn 0 0.00045795448060905104 0.9999998951388414
vn 0 0.00045795448060905104 0.9999998951388414
vn 0 0.00045795448060905104 0.9999998951388414
vn -0.9999991784741986 0.0012818154811940676 -2.0883424848186723e-10
vn -0.9999991784741986 0.0012818154811940676 -2.0883424848186723e-10
vn -0.9968151805858244 0.07974644080735606 -0.00003053210313558803
vn -0.9943798244613352 0.10587144927582363 -0.000030536547701426835
vn 0.9946526208092709 0.10327711743071188 -0.000030536068220309305
vn 0.9970193740531751 0.07715158346041379 -0.000030531392622196774
vn 0.9999991784741986 -0.0012818154811940676 2.0883424848186723e-10
vn 0.9999991784741986 -0.0012818154811940676 2.0883424848186723e-10
vn -0.0012818153468772638 -0.9999990736132949 0.0004579541116836452
vn -0.0012818153468772638 -0.9999990736132949 0.0004579541116836452
vn -0.0012818153468772638 -0.9999990736132949 0.0004579541116836452
vn -0.0012818153468772638 -0.9999990736132949 0.0004579541116836452
vn -0.950654324278251 0.3102520601326649 -0.00012212493229554468
vn -0.950654324278251 0.3102520601326649 -0.00012212493229554468
vn -0.8082474655031346 0.5888428984105138 -0.0002747712950971025
vn -0.8082474655031346 0.5888428984105138 -0.0002747712950971025
vn -0.5867244222145184 0.8097865880335079 -0.0003663578704946557
vn -0.5867244222145184 0.8097865880335079 -0.0003663578704946557
vn -0.3077828712902487 0.9514565263074614 -0.0004274193131898099
vn -0.3077828712902487 0.9514565263074614 -0.0004274193131898099
vn -0.3077828712902487 0.9514565263074614 -0.0004274193131898099
vn -0.3077828712902487 0.9514565263074614 -0.0004274193131898099
vn -0.1551271948786346 0.9878943990614563 -0.0004579433263165973
vn -0.1551271948786346 0.9878943990614563 -0.0004579433263165973
vn 0.9946526208092709 0.10327711743071188 -0.000030536068220309305
vn 0.9970193740531751 0.07715158346041379 -0.000030531392622196774
vn 0.9514565999720421 0.3077829161194028 -0.00012212566546411234
vn 0.9514565999720421 0.3077829161194028 -0.00012212566546411234
vn 0.8097866309803773 0.5867244264808125 -0.0002442462122759831
vn 0.8097866309803773 0.5867244264808125 -0.0002442462122759831
vn 0.5888428811784339 0.8082474417292194 -0.0003663654639570622
vn 0.5888428811784339 0.8082474417292194 -0.0003663654639570622
vn 0.3102520423720191 0.950654241835716 -0.00042741519722591523
vn 0.3102520423720191 0.950654241835716 -0.00042741519722591523
vn 0.07974643456633468 0.9968150763590337 -0.0004579490050899884
vn 0.07974643456633468 0.9968150763590337 -0.0004579490050899884
vn -0.0012818153468772638 -0.9999990736132949 0.0004579541116836452
vn -0.0012818153468772638 -0.9999990736132949 0.0004579541116836452
vn -0.0012818153468772638 -0.9999990736132949 0.0004579541116836452
vn -0.0012818153468772638 -0.9999990736132949 0.0004579541116836452
vn 0.7061905984415358 -0.7080217125614237 0.0003053102916309444
vn 0.7061905984415358 -0.7080217125614237 0.0003053102916309444
vn 0.7061905984415358 -0.7080217125614237 0.0003053102916309444
vn 0.7061905984415358 -0.7080217125614237 0.0003053102916309444
vn -0.7080217126111555 -0.706190598391804 0.0003053099933045807
vn -0.7080217126111555 -0.706190598391804 0.0003053099933045807
vn -0.7080217126111555 -0.706190598391804 0.0003053099933045807
vn -0.7080217126111555 -0.706190598391804 0.0003053099933045807
vn 0 0.00045795448060905104 0.9999998951388414
vn 0 0.00045795448060905104 0.9999998951388414
vn 0 0.00045795448060905104 0.9999998951388414
vn 0 0.00045795448060905104 0.9999998951388414
vn 0 0.00045795448060905104 0.9999998951388414
vn 0 0.00045795448060905104 0.9999998951388414
vn 0 0.00045795448060905104 0.9999998951388414
vn 0 0.00045795448060905104 0.9999998951388414
vn 0 0.00045795448060905104 0.9999998951388414
vn 0 0.00045795448060905104 0.9999998951388414
vn 0 0.00045795448060905104 0.9999998951388414
vn 0 0.00045795448060905104 0.9999998951388414
vn -0.00006103770463700766 0.00997982729693604 0.9999501984206624
vn -0.00006103768602019449 0.010010343536242895 0.9999498933930075
vn 0 0.00045795448060905104 0.9999998951388414
vn 0 0.00045795448060905104 0.9999998951388414
vn 0 0.00045795448060905104 0.9999998951388414
vn 0 0.00045795448060905104 0.9999998951388414
vn 0 0.00045795448060905104 0.9999998951388414
vn 0 0.00045795448060905104 0.9999998951388414
vn 0 0.00045795448060905104 0.9999998951388414
vn 0 0.00045795448060905104 0.9999998951388414
vn 0 0.00045795448060905104 0.9999998951388414
vn 0 0.00045795448060905104 0.9999998951388414
vn 0 0.00045795448060905104 0.9999998951388414
vn 0 0.00045795448060905104 0.9999998951388414
vn 0 0.00045795448060905104 0.9999998951388414
vn 0 0.00045795448060905104 0.9999998951388414
vn 0 0.00045795448060905104 0.9999998951388414
vn 0 0.00045795448060905104 0.9999998951388414
vn 0 0.00045795448060905104 0.9999998951388414
vn 0 0.00045795448060905104 0.9999998951388414
vn 0 0.00045795448060905104 0.9999998951388414
vn 0 0.00045795448060905104 0.9999998951388414
vn 0 0.00045795448060905104 0.9999998951388414
vn 0 0.00045795448060905104 0.9999998951388414
vn -0.07715157718073486 0.9970192698364242 -0.0004579447219983977
vn -0.3077828712902487 0.9514565263074614 -0.0004274193131898099
vn -0.3077828712902487 0.9514565263074614 -0.0004274193131898099
vn -0.07715157718073486 0.9970192698364242 -0.0004579447219983977
vn -0.9968151805858244 0.07974644080735606 -0.00003053210313558803
vn -0.9999991784741986 0.0012818154811940676 -2.0883424848186723e-10
vn -0.9999991784741986 0.0012818154811940676 -2.0883424848186723e-10
vn -0.9968151805858244 0.07974644080735606 -0.00003053210313558803
vn 0.951465536801876 0.3077552881159966 -0.00012212681006810647
vn 0.8097866309803773 0.5867244264808125 -0.0002442462122759831
vn 0.8097866309803773 0.5867244264808125 -0.0002442462122759831
vn 0.951465536801876 0.3077552881159966 -0.00012212681006810647
vn -0.3077828712902487 0.9514565263074614 -0.0004274193131898099
vn -0.5867244222145184 0.8097865880335079 -0.0003663578704946557
vn -0.5867244222145184 0.8097865880335079 -0.0003663578704946557
vn -0.3077828712902487 0.9514565263074614 -0.0004274193131898099
vn 0.9999991784741986 -0.0012818154811940676 2.0883424848186723e-10
vn 0.9970193740531751 0.07715158346041379 -0.000030531392622196774
vn 0.9970193740531751 0.07715158346041379 -0.000030531392622196774
vn 0.9999991784741986 -0.0012818154811940676 2.0883424848186723e-10
vn -0.950654324278251 0.3102520601326649 -0.00012212493229554468
vn -0.950654324278251 0.3102520601326649 -0.00012212493229554468
vn 0.5888428811784339 0.8082474417292194 -0.0003663654639570622
vn 0.3102520423720191 0.950654241835716 -0.00042741519722591523
vn 0.3102520423720191 0.950654241835716 -0.00042741519722591523
vn 0.5888428811784339 0.8082474417292194 -0.0003663654639570622
vn 0.07974643456633468 0.9968150763590337 -0.0004579490050899884
vn 0.07974643456633468 0.9968150763590337 -0.0004579490050899884
vn 0.7061905984415358 -0.7080217125614237 0.0003053102916309444
vn 0.7061905984415358 -0.7080217125614237 0.0003053102916309444
vn 0.7061905984415358 -0.7080217125614237 0.0003053102916309444
vn 0.7061905984415358 -0.7080217125614237 0.0003053102916309444
vn -0.808247471902219 0.5888429030774931 -0.00024425179960561134
vn -0.808247471902219 0.5888429030774931 -0.00024425179960561134
vn -0.7080217126111555 -0.706190598391804 0.0003053099933045807
vn -0.7080217126111555 -0.706190598391804 0.0003053099933045807
vn -0.7080217126111555 -0.706190598391804 0.0003053099933045807
vn -0.7080217126111555 -0.706190598391804 0.0003053099933045807
vn 0.9906462850489831 -0.03292996455431665 0.13242188396598228
vn 0.9905551310713087 -0.034761119108791295 0.13263557933905532
vn 0.9909165851460018 0.03247203901624587 -0.13049861288425213
vn 0.999470561110749 0.006439528158261822 -0.0318924748187353
vn -0.9895467827515245 -0.013031619808227889 -0.14362221844575834
vn -0.9903548738285459 -0.06467065579235548 -0.12253542411658556
vn -0.9950353465908088 0.052370297932227076 0.08462866493924405
vn -0.9927801115562696 0.020050942123746824 0.11826077041128753
vn -0.9890682083166444 -0.14679765901684977 -0.013947279465020097
vn -0.9890165542238962 -0.14704319625394746 0.014985122839471838
vn -0.9921547674318122 0.12354247588412638 -0.01913567649044149
vn -0.9923052391988813 0.12226040503083882 0.01956286329109864
vn 0.7061905984415358 -0.7080217125614237 0.0003053102916309444
vn 0.7061905984415358 -0.7080217125614237 0.0003053102916309444
vn 0.7061905984415358 -0.7080217125614237 0.0003053102916309444
vn 0.7061905984415358 -0.7080217125614237 0.0003053102916309444
vn 0 0.00045795448060905104 0.9999998951388414
vn 0 0.00045795448060905104 0.9999998951388414
vn 0 0.00045795448060905104 0.9999998951388414
vn 0 0.00045795448060905104 0.9999998951388414
vn 0 0.00045795448060905104 0.9999998951388414
vn 0 0.00045795448060905104 0.9999998951388414
vn 0 0.00045795448060905104 0.9999998951388414
vn 0 0.00045795448060905104 0.9999998951388414
vn 0 0.00045795448060905104 0.9999998951388414
vn 0 0.00045795448060905104 0.9999998951388414
vn 0 0.00045795448060905104 0.9999998951388414
vn 0 0.00045795448060905104 0.9999998951388414
vn 0 0.00045795448060905104 0.9999998951388414
vn 0 0.00045795448060905104 0.9999998951388414
vn 0 0.00045795448060905104 0.9999998951388414
vn 0 0.00045795448060905104 0.9999998951388414
vn 0 0.00045795448060905104 0.9999998951388414
vn 0 0.00045795448060905104 0.9999998951388414
vn 0 0.00045795448060905104 0.9999998951388414
vn 0 0.00045795448060905104 0.9999998951388414
vn 0 0.00045795448060905104 0.9999998951388414
vn 0 0.00045795448060905104 0.9999998951388414
vn 0 0.00045795448060905104 0.9999998951388414
vn 0 0.00045795448060905104 0.9999998951388414
vn 0 0.00045795448060905104 0.9999998951388414
vn 0 0.00045795448060905104 0.9999998951388414
vn 0 0.00045795448060905104 0.9999998951388414
vn 0 0.00045795448060905104 0.9999998951388414
vn 0 -0.00045795448060905104 -0.9999998951388414
vn 0 -0.00045795448060905104 -0.9999998951388414
vn 0 -0.00045795448060905104 -0.9999998951388414
vn 0 -0.00045795448060905104 -0.9999998951388414
vn -0.3077828712902487 0.9514565263074614 -0.0004274193131898099
vn -0.07715157718073486 0.9970192698364242 -0.0004579447219983977
vn -0.07715157718073486 0.9970192698364242 -0.0004579447219983977
vn -0.3077828712902487 0.9514565263074614 -0.0004274193131898099
vn -0.7080217126111555 -0.706190598391804 0.0003053099933045807
vn -0.7080217126111555 -0.706190598391804 0.0003053099933045807
vn -0.7080217126111555 -0.706190598391804 0.0003053099933045807
vn -0.7080217126111555 -0.706190598391804 0.0003053099933045807
vn 0.9514565999720421 0.3077829161194028 -0.00012212566546411234
vn 0.987894501394833 0.15512720710814326 -0.00006106293052901256
vn 0.987894501394833 0.15512720710814326 -0.00006106293052901256
vn 0.9514565999720421 0.3077829161194028 -0.00012212566546411234
vn 0.8097866309803773 0.5867244264808125 -0.0002442462122759831
vn 0.8097866309803773 0.5867244264808125 -0.0002442462122759831
vn -0.0012818153468772638 -0.9999990736132949 0.0004579541116836452
vn -0.0012818153468772638 -0.9999990736132949 0.0004579541116836452
vn -0.0012818153468772638 -0.9999990736132949 0.0004579541116836452
vn -0.0012818153468772638 -0.9999990736132949 0.0004579541116836452
vn 0.5888283308710025 0.8082580420550288 -0.00036635643928344136
vn 0.5888283308710025 0.8082580420550288 -0.00036635643928344136
vn -0.9968151805858244 0.07974644080735606 -0.00003053210313558803
vn -0.950654324278251 0.3102520601326649 -0.00012212493229554468
vn -0.950654324278251 0.3102520601326649 -0.00012212493229554468
vn -0.9968151805858244 0.07974644080735606 -0.00003053210313558803
vn -0.9999991784741986 0.0012818154811940676 -2.0883424848186723e-10
vn -0.9999991784741986 0.0012818154811940676 -2.0883424848186723e-10
vn 0.3102520423720191 0.950654241835716 -0.00042741519722591523
vn 0.3102520423720191 0.950654241835716 -0.00042741519722591523
vn -0.8082474655031346 0.5888428984105138 -0.0002747712950971025
vn -0.8082474655031346 0.5888428984105138 -0.0002747712950971025
vn 0.07974643456633468 0.9968150763590337 -0.0004579490050899884
vn 0.07974643456633468 0.9968150763590337 -0.0004579490050899884
vn -0.5867244222145184 0.8097865880335079 -0.0003663578704946557
vn -0.5867244222145184 0.8097865880335079 -0.0003663578704946557
vn 0.9947568448700984 0.10226814730432027 0.0002136142054671779
vn 0.9931221245909949 0.10693894820617532 0.04767081921286004
vn 0.997055227428707 -0.02682617798928686 0.07184169841795729
vn 0.9999991784741986 -0.0012818154811940676 2.0883424848186723e-10
vn -0.9999991784741986 0.0012818154811940676 -2.0883424848186723e-10
vn -0.9971216158397512 -0.02423219290380184 0.07184207717067136
vn -0.9928427967215603 0.10950203307433237 0.047670596290565505
vn -0.9944898671768784 0.10483252573014794 0.00021361543196916948
vn 0.0012207778742388384 0.9628580413959926 0.27000537368810773
vn 0.0012207778742388384 0.9628580413959926 0.27000537368810773
vn 0.0012512972651607592 0.9628580050739345 0.270005363502649
vn 0.0012207778742388384 0.9628580413959926 0.27000537368810773
vn -0.9901701437669218 0.004059052203928944 -0.13980919314479784
vn -0.9992310435408787 0.0013123344633595622 0.03918672482439489
vn -0.9901607848639598 -0.1236938148259798 -0.06543286858592974
vn -0.9949088198965648 0.08630682947489132 0.05203432788090013
vn 0.9902316007060885 -0.06686797276939561 -0.12235216050715614
vn 0.9894806923901894 -0.0154730570186539 -0.1438351274672801
vn 0.9927339371165939 0.01767073323332852 0.11902552366607469
vn 0.9951245931063114 0.05008127135576583 0.08496417159243264
vn -0.9908607473807338 -0.03183131159386267 0.13107916273118295
vn -0.9909580826880493 -0.03039709182493771 0.1306831862322446
vn -0.9994730446910911 0.0088810800192048 -0.031221136328018626
vn -0.9910710234171732 0.03451686412856434 -0.1287898001922792
vn -0.9898112280588273 -0.12503487817844605 0.06811763389591215
vn -0.9946619172259054 0.08874806028091811 -0.05264458392713121
vn 0.9901169145077211 0.0017700594782947988 -0.14023324318845878
vn 0.9991935814017835 -0.0012512743589363508 0.04013254537100776
vn 0.9888655563739112 -0.1481680895638268 -0.013824928655190612
vn 0.9899643227167797 -0.12543170666752904 -0.06509628799231688
vn 0.9951075070522463 0.0839276849317414 0.052126702468714
vn 0.9926168930776099 0.11969387865657773 0.01962342959568648
vn -0.16080675895722427 0.49099639139735285 0.8561914096207989
vn -0.16019305634745423 0.8573945785667075 0.4890937756120795
vn 0.13007123116116417 0.8610887300459619 0.4915360351103992
vn 0.1322081630647884 0.4926677948702469 0.8601159488794071
vn -0.1281480422466866 -0.13324484624909116 -0.9827633948292932
vn 0.12772381528535365 -0.13370577774348763 -0.982756018555451
vn 0.13968649521642706 -0.4983180670657878 -0.8556674512273844
vn -0.14056995706087755 -0.4978240769951082 -0.85581030347611
vn 0.12491389234325337 -0.24573807918088442 0.961254032990316
vn -0.1270807773237056 -0.24534143097187705 0.9610713075955782
vn -0.1353535054506691 -0.4979848056317492 0.8565573897422896
vn 0.1331237790497175 -0.4987104695300665 0.856484633272905
vn 0.1347107493291486 -0.8566980132602429 0.497917189993609
vn -0.1368488871584699 -0.8561599631419178 0.4982594701521672
vn -0.1251285117105532 -0.9831438765294302 0.13330781522396365
vn 0.12338898141909886 -0.9833885066007036 0.13312476985893737
vn -0.9895031070936532 -0.06631885011214192 0.12839552629203943
vn -0.9946225416049229 0.05487360936392586 -0.08783442791262903
vn 0.12433472749323637 -0.9832942487708515 -0.13294094882070664
vn -0.12589313746671313 -0.9830956620968151 -0.1329429844151698
vn 0.1383120833614719 -0.856088402216541 -0.497978328028981
vn -0.13971669247478818 -0.8557877312308715 -0.498103006333653
vn -0.14615437781360258 0.49065008004475363 -0.8590118723265677
vn -0.12970840249242463 0.24519447432212488 -0.9607577218449821
vn 0.12274886701708347 0.24510081905911718 -0.961695536093712
vn 0.1337635511342206 0.490924012293209 -0.8608721894345873
vn -0.13837419791550737 0.9823225773482691 -0.12607511801737067
vn -0.15223084853410465 0.8574429563319758 -0.49154587313013626
vn 0.13144638927800847 0.8597576275097597 -0.493496371500909
vn 0.11413963458744582 0.9853545449758615 -0.12668292904593473
vn -0.1402347371291154 0.9822535615537075 0.12454781940036116
vn 0.11362119503558536 0.9856326507381777 0.12497400464704163
vn -0.14157888271627944 0.12607524875137024 0.9818658012279937
vn 0.11838411313609704 0.1259530495909284 0.9849472224722118
vn -0.14029751420605768 0.0006410679220315753 0.9901091841506776
vn 0.11987928213922051 0.0003053534053510623 0.992788428857369
vn -0.13953323456888167 0.23411170019510746 -0.9621445776402324
vn 0.1330031818520498 0.23399145140042896 -0.9630982059420272
vn 0.989524801644688 -0.12705150835519857 0.06854619723011317
vn 0.988799513547456 -0.14847709603942724 0.015168189081521668
vn 0.9924476795818475 0.12119098525484337 -0.018982844506735784
vn 0.994835089788558 0.086766138507056 -0.052676193237229774
vn 0.9891328088273175 -0.06888219744486479 0.12989045144485575
vn 0.9946579636774204 0.05307323375131437 -0.08853681241306272
vn 0.1126766402971461 -0.2348750836668702 0.9654727700996172
vn -0.114294823193256 -0.23457127695078447 0.9653564157454492
vn 0.11322465408457695 -0.0005800186098617714 -0.993569243327228
vn -0.11316441741212377 -0.0003053517706310305 -0.9935762282744444
vn -0.13971669247478818 -0.8557877312308715 -0.498103006333653
vn -0.8538120362780757 -0.061222092849204705 -0.5169689178798368
vn -0.8663234405601051 -0.2434227215838081 -0.43615258219209685
vn -0.48820862886517985 -0.11615454510987973 -0.8649626907282754
vn -0.7415873848448491 -0.3434638055553756 -0.5762644921495655
vn -0.2834662485272644 -0.47363416828100874 -0.833857038456015
vn 0.8662147206098655 -0.2449133569378037 -0.4355335869852389
vn 0.8534423433991212 -0.0632666426815063 -0.5173330633327305
vn 0.7418046772125075 -0.34523563059665424 -0.5749244995929275
vn 0.48773424594395387 -0.11750072628556275 -0.8650484868814279
vn 0.28300833130531017 -0.4739085804613309 -0.833856667405682
vn 0.8643877085517173 -0.44011353285755966 -0.24317476740062693
vn 0.7393017947272498 -0.5771523171002114 -0.34688335096819606
vn 0.28044018449950864 -0.8360408806404173 -0.47158132789146456
vn 0.8488387672912494 -0.5250269262276429 -0.06180189219939253
vn 0.4807956520380906 -0.8690273362464143 -0.1167348698449994
vn 0.9629776075464576 -0.06805814738865792 0.26084902901510776
vn 0.8559416164911494 -0.2510814295348189 0.4520199828561454
vn 0.6916061513423282 -0.1782347425504863 0.6999380743847375
vn 0.48518568964096437 -0.21692650095242322 0.8470759940832701
vn 0.49697481351040546 -0.4352038102553218 0.7507420850568773
vn 0.859483177624059 -0.4454894813748755 0.250654721410938
vn 0.5017160567284731 -0.7486216604503612 0.43341274545792446
vn 0.9634534510498677 -0.26472157348359165 0.04098702468430253
vn 0.689528457685338 -0.719803848738421 0.08020551965691235
vn 0.47823484058501375 -0.8703446488384694 0.11743776857922675
vn 0.8482547371396031 0.12274873641945933 -0.5151666221987298
vn 0.5103662576176519 0.08185134237931159 -0.856052942776355
vn 0.8560362927562141 -0.014130359871949225 0.5167225545823276
vn 0.5046935438717305 -0.135229784969913 0.8526413853615039
vn -0.8642929619257488 -0.4397762126105269 -0.2441199680230127
vn -0.8484910612043485 -0.5255383510426271 -0.062228294526805686
vn -0.7386953382357841 -0.5770638075853255 -0.3483196222492309
vn -0.48040034547574195 -0.8692130545570341 -0.11697937362808078
vn -0.2809311757441856 -0.8358046323748817 -0.47170784495880363
vn -0.8603457828679734 -0.44418134296542916 0.25001613640467624
vn -0.8582318816082304 -0.24839612145826076 0.4491518721275571
vn -0.5033848728106093 -0.7474169392747382 0.43355690365928823
vn -0.5004261526030738 -0.4331308395689749 0.7496474782223709
vn -0.5114175167859591 0.10858900015854135 0.8524438706267126
vn -0.29652832978779725 0.4841018609584195 0.8232352870533759
vn -0.7436342075839352 0.3227725911929915 0.5855134666987384
vn -0.8748144974004974 0.0668075363988558 0.4798294991121646
vn -0.9013887656660746 0.21793867814200393 0.37416710932510683
vn -0.5567948573760844 0.7228811732512722 0.4091726972299227
vn -0.8996766048802682 0.37807232041659355 0.21827351457729896
vn -0.5028065902877755 0.8577469529343186 0.10703129213025969
vn -0.8695667352533264 0.4893048755927392 0.06659152845554253
vn -0.5406830932539358 0.41543099484847495 -0.7314908619993568
vn -0.49287820308228575 0.21573707520152718 -0.8429285801951835
vn -0.8940564587209502 0.22526125737281283 -0.38719557660977155
vn -0.6976022764208377 0.17926821802970347 -0.693695877122619
vn -0.9639255067569659 0.06671541555811332 -0.25767551445613684
vn -0.5467760060530037 0.7277528492533805 -0.4140190691360873
vn -0.8957391413350875 0.38527458826639316 -0.22184427492374317
vn -0.5005102999368628 0.8589245495350583 -0.10834231796998249
vn -0.8681813938664404 0.4917873853119372 -0.06637947719116813
vn -0.5338364661022267 0.0011293368944869 0.8455869866889301
vn -0.6869903201994473 0.001281930592904314 0.7266654365017066
vn -0.961510333660188 0.0014039323658739608 0.2747651856378208
vn -0.9638031792120012 0.06418229544272691 -0.25877415769844886
vn -0.6967892679316288 0.17032886200251568 -0.6967587781034644
vn -0.5522190072689808 0.19767437161243587 -0.8099253118766508
vn 0.270889707494249 0.4862038500799912 0.8307975580976835
vn 0.49614254349318043 0.10788375367196151 0.8615124330093936
vn 0.7360362063575792 0.32545887619509983 0.5935715818977235
vn 0.8992846803811998 0.21824430662227026 0.3790204298697471
vn 0.8715435798230038 0.06522011729462567 0.4859610321511168
vn 0.8715435798230038 0.06522011729462567 0.4859610321511168
vn 0.8992846803811998 0.21824430662227026 0.3790204298697471
vn 0.2682340950301939 0.8304606004293721 0.4882475411078066
vn 0.270889707494249 0.4862038500799912 0.8307975580976835
vn 0.7360362063575792 0.32545887619509983 0.5935715818977235
vn 0.7327620656462662 0.5979595337296872 0.3248140255155122
vn 0.8982057758379871 0.3800230763309397 0.2209272407541646
vn 0.8992846803811998 0.21824430662227026 0.3790204298697471
vn 0.8982057758379871 0.3800230763309397 0.2209272407541646
vn 0.48800010687933415 0.8661315233883782 0.10803740036989855
vn 0.2682340950301939 0.8304606004293721 0.4882475411078066
vn 0.7327620656462662 0.5979595337296872 0.3248140255155122
vn 0.6936712820898907 0.7118912461038864 0.10968594314871476
vn 0.8982057758379871 0.3800230763309397 0.2209272407541646
vn 0.9628539225314925 0.2687531195293075 0.02615501116390235
vn 0.4853195562156733 0.21558892561876872 -0.8473407481675639
vn 0.5312193333981738 0.416527574729514 -0.7377742197406663
vn 0.6911393519202395 0.17923954886458413 -0.700142542879728
vn 0.8919075000039733 0.22547941641907243 -0.3919949543144359
vn 0.8919075000039733 0.22547941641907243 -0.3919949543144359
vn 0.9631075318462229 0.0651267603004512 -0.26111757350635023
vn 0.5312193333981738 0.416527574729514 -0.7377742197406663
vn 0.26570300425896887 0.8315044468552888 -0.48785476157114505
vn 0.7256778116205904 0.6021372923435728 -0.33289997730654997
vn 0.8944273062468494 0.3869228622913663 -0.22425541794182177
vn 0.8944273062468494 0.3869228622913663 -0.22425541794182177
vn 0.8919075000039733 0.22547941641907243 -0.3919949543144359
vn 0.26570300425896887 0.8315044468552888 -0.48785476157114505
vn 0.486993433719876 0.8664985877914843 -0.10962478218490655
vn 0.7256778116205904 0.6021372923435728 -0.33289997730654997
vn 0.690733083141141 0.7151176241571917 -0.10721283259996071
vn 0.9626264402801074 0.2694206610244393 -0.027619628650706447
vn 0.8944273062468494 0.3869228622913663 -0.22425541794182177
vn 0.49614254349318043 0.10788375367196151 0.8615124330093936
vn 0.5201976561999279 -0.0002134944124870145 0.8540458728336773
vn 0.8715435798230038 0.06522011729462567 0.4859610321511168
vn 0.6777411357657098 -0.00045766905706819236 0.7353004443287383
vn 0.9608711648319558 -0.0010681320948302234 0.27699361669235006
vn 0.8715435798230038 0.06522011729462567 0.4859610321511168
vn 0.486993433719876 0.8664985877914843 -0.10962478218490655
vn 0.48800010687933415 0.8661315233883782 0.10803740036989855
vn 0.690733083141141 0.7151176241571917 -0.10721283259996071
vn 0.6936712820898907 0.7118912461038864 0.10968594314871476
vn 0.9626264402801074 0.2694206610244393 -0.027619628650706447
vn 0.5448695304813493 0.19746280918753195 -0.8149390368247199
vn 0.4853195562156733 0.21558892561876872 -0.8473407481675639
vn 0.6904730247440866 0.1700850038247137 -0.7030775871656693
vn 0.6911393519202395 0.17923954886458413 -0.700142542879728
vn 0.9631075318462229 0.0651267603004512 -0.26111757350635023
vn 0.962988988304248 0.06253289731681867 -0.26218666090769227
vn -0.9640408520125004 -0.06479223931483713 0.25773475003495605
vn -0.6966528419743281 -0.1754830271442275 0.6956152132848952
vn -0.4898663092376703 -0.21513085893326264 0.8448370923488738
vn -0.963682480058768 -0.26381019631920744 0.041475992402874466
vn -0.6884851448623477 -0.7208661895958264 0.0796250086434297
vn -0.4783045665429277 -0.8702689354000076 0.11771457727027383
vn -0.8490310826400815 0.11850414032404985 -0.5148815295163235
vn -0.5117097292847521 0.08206507458841068 -0.855230072254317
vn -0.5081998950354369 -0.13577821956772798 0.8504687776614666
vn -0.8577625833414163 -0.019043673678851965 0.5136931857755883
vn 0.0012818153468772638 0.9999990736132949 -0.0004579541116836452
vn 0.0012818153468772638 0.9999990736132949 -0.0004579541116836452
vn 0.0012818153468772638 0.9999990736132949 -0.0004579541116836452
vn 0.0012818153468772638 0.9999990736132949 -0.0004579541116836452
vn 0.9999991784741986 -0.0012818154811940676 2.0883424848186723e-10
vn 0.9999991784741986 -0.0012818154811940676 2.0883424848186723e-10
vn 0.9999991784741986 -0.0012818154811940676 2.0883424848186723e-10
vn 0.9999991784741986 -0.0012818154811940676 2.0883424848186723e-10
vn -0.0012818153468772638 -0.9999990736132949 0.0004579541116836452
vn -0.0012818153468772638 -0.9999990736132949 0.0004579541116836452
vn -0.0012818153468772638 -0.9999990736132949 0.0004579541116836452
vn -0.0012818153468772638 -0.9999990736132949 0.0004579541116836452
vn -0.9999991784741986 0.0012818154811940676 -2.0883424848186723e-10
vn -0.9999991784741986 0.0012818154811940676 -2.0883424848186723e-10
vn -0.9999991784741986 0.0012818154811940676 -2.0883424848186723e-10
vn -0.9999991784741986 0.0012818154811940676 -2.0883424848186723e-10
vn -0.000640906811225534 -0.5112606708524374 -0.8594254567313997
vn -0.0006408957067650566 -0.499563092783637 -0.8662772683045196
vn -0.0006408957067650566 -0.499563092783637 -0.8662772683045196
vn -0.000640906811225534 -0.5112606708524374 -0.8594254567313997
vn -0.00012207716532438177 -0.10925890601130533 0.9940133180970858
vn -0.00012207709555406133 -0.11200557276602356 0.9937075710522375
vn -0.00012207709555406133 -0.11200557276602356 0.9937075710522375
vn -0.00012207716532438177 -0.10925890601130533 0.9940133180970858
vn 0.00042726879894110096 0.3508793899724253 0.9364205631733812
vn 0.0004272687946715745 0.34859044329120503 0.9372750504987414
vn 0.0004272687946715745 0.34859044329120503 0.9372750504987414
vn 0.00042726879894110096 0.3508793899724253 0.9364205631733812
vn 0.0003662281236109186 0.28953399820520265 0.9571676602143804
vn 0.0003662281236109186 0.28953399820520265 0.9571676602143804
vn 0.0001525956711000814 0.12842468279318642 0.9917192533998878
vn 0.0001525956711000814 0.12842468279318642 0.9917192533998878
vn -0.00003051925784275742 -0.041475508096673976 0.9991395204358086
vn -0.00003051925784275742 -0.041475508096673976 0.9991395204358086
vn -0.00012207601106778386 -0.11017376209217161 -0.9939123337819613
vn -0.00012207601823023084 -0.10596214908693186 -0.9943701564600199
vn -0.00012207601823023084 -0.10596214908693186 -0.9943701564600199
vn -0.00012207601106778386 -0.11017376209217161 -0.9939123337819613
vn -0.0002136323098182431 -0.1679761920630452 -0.9857910292050924
vn -0.0002136323098182431 -0.1679761920630452 -0.9857910292050924
vn -0.0004272738756101505 -0.33324325295541907 -0.9428407881486279
vn -0.0004272738756101505 -0.33324325295541907 -0.9428407881486279
vn -0.0006103822942082644 -0.47680023994610815 -0.8790114667174647
vn -0.0006103822942082644 -0.47680023994610815 -0.8790114667174647
vn -0.9999991784741986 0.0012818154811940676 -2.0883424848186723e-10
vn -0.9999991784741986 0.0012818154811940676 -2.0883424848186723e-10
vn -0.9999991784741986 0.0012818154811940676 -2.0883424848186723e-10
vn -0.9999991784741986 0.0012818154811940676 -2.0883424848186723e-10
vn -0.9999991784741986 0.0012818154811940676 -2.0883424848186723e-10
vn -0.9999991784741986 0.0012818154811940676 -2.0883424848186723e-10
vn -0.9999991784741986 0.0012818154811940676 -2.0883424848186723e-10
vn -0.9999991784741986 0.0012818154811940676 -2.0883424848186723e-10
vn -0.9999991784741986 0.0012818154811940676 -2.0883424848186723e-10
vn -0.9999991784741986 0.0012818154811940676 -2.0883424848186723e-10
vn 0.9999991784741986 -0.0012818154811940676 2.0883424848186723e-10
vn 0.9999991784741986 -0.0012818154811940676 2.0883424848186723e-10
vn 0.9999991784741986 -0.0012818154811940676 2.0883424848186723e-10
vn 0.9999991784741986 -0.0012818154811940676 2.0883424848186723e-10
vn 0.9999991784741986 -0.0012818154811940676 2.0883424848186723e-10
vn 0.9999991784741986 -0.0012818154811940676 2.0883424848186723e-10
vn 0.9999991784741986 -0.0012818154811940676 2.0883424848186723e-10
vn 0.9999991784741986 -0.0012818154811940676 2.0883424848186723e-10
vn 0.9999991784741986 -0.0012818154811940676 2.0883424848186723e-10
vn 0.9999991784741986 -0.0012818154811940676 2.0883424848186723e-10
vn 0.9999991784741986 -0.0012818154811940676 2.0883424848186723e-10
vn 0.9999991784741986 -0.0012818154811940676 2.0883424848186723e-10
vn 0.9999991784741986 -0.0012818154811940676 2.0883424848186723e-10
vn 0.9999991784741986 -0.0012818154811940676 2.0883424848186723e-10
vn -0.0012818153468772638 -0.9999990736132949 0.0004579541116836452
vn -0.0012818153468772638 -0.9999990736132949 0.0004579541116836452
vn -0.0012818153468772638 -0.9999990736132949 0.0004579541116836452
vn -0.0012818153468772638 -0.9999990736132949 0.0004579541116836452
vn -0.0012818153468772638 -0.9999990736132949 0.0004579541116836452
vn -0.0012818153468772638 -0.9999990736132949 0.0004579541116836452
vn -0.0012818153468772638 -0.9999990736132949 0.0004579541116836452
vn -0.0012818153468772638 -0.9999990736132949 0.0004579541116836452
vn 0 0.00045795448060905104 0.9999998951388414
vn 0 0.00045795448060905104 0.9999998951388414
vn 0 0.00045795448060905104 0.9999998951388414
vn 0 0.00045795448060905104 0.9999998951388414
vn -0.9999991784741986 0.0012818154811940676 -2.0883424848186723e-10
vn -0.9999991784741986 0.0012818154811940676 -2.0883424848186723e-10
vn -0.9999991784741986 0.0012818154811940676 -2.0883424848186723e-10
vn -0.9999991784741986 0.0012818154811940676 -2.0883424848186723e-10
vn 0 -0.00045795448060905104 -0.9999998951388414
vn 0 -0.00045795448060905104 -0.9999998951388414
vn 0 -0.00045795448060905104 -0.9999998951388414
vn 0 -0.00045795448060905104 -0.9999998951388414
vn -0.5867244222145184 0.8097865880335079 -0.0003663578704946557
vn -0.307755252811159 0.9514654600543634 -0.00042742330108673455
vn -0.307755252811159 0.9514654600543634 -0.00042742330108673455
vn -0.5867244222145184 0.8097865880335079 -0.0003663578704946557
vn 0 -0.00045795448060905104 -0.9999998951388414
vn 0 -0.00045795448060905104 -0.9999998951388414
vn 0 -0.00045795448060905104 -0.9999998951388414
vn 0 -0.00045795448060905104 -0.9999998951388414
vn 0 -0.00045795448060905104 -0.9999998951388414
vn 0 -0.00045795448060905104 -0.9999998951388414
vn 0 -0.00045795448060905104 -0.9999998951388414
vn 0 -0.00045795448060905104 -0.9999998951388414
vn 0 -0.00045795448060905104 -0.9999998951388414
vn 0 -0.00045795448060905104 -0.9999998951388414
vn 0 -0.00045795448060905104 -0.9999998951388414
vn 0 -0.00045795448060905104 -0.9999998951388414
vn 0 -0.00045795448060905104 -0.9999998951388414
vn 0 -0.00045795448060905104 -0.9999998951388414
vn 0 -0.00045795448060905104 -0.9999998951388414
vn 0 -0.00045795448060905104 -0.9999998951388414
vn 0 -0.00045795448060905104 -0.9999998951388414
vn 0 -0.00045795448060905104 -0.9999998951388414
vn 0 -0.00045795448060905104 -0.9999998951388414
vn 0 -0.00045795448060905104 -0.9999998951388414
vn 0 -0.00045795448060905104 -0.9999998951388414
vn 0 -0.00045795448060905104 -0.9999998951388414
vn 0 -0.00045795448060905104 -0.9999998951388414
vn 0 -0.00045795448060905104 -0.9999998951388414
vn 0 -0.00045795448060905104 -0.9999998951388414
vn 0 -0.000457940510773159 -0.9999998951452389
vn 0 -0.00045795448060905104 -0.9999998951388414
vn 0 -0.00045795448060905104 -0.9999998951388414
vn 0.004303191171875416 -0.013702907196375774 0.9998968511202072
vn 0.0011291983100436762 -0.014801489626568519 0.9998898143375655
vn 0.0011902359662890947 -0.014801489412006525 0.9998897435465227
vn 0.004699944568131244 -0.013489288497748095 0.9998979696033395
vn 0.7061905984415358 -0.7080217125614237 0.0003053102916309444
vn 0.7061905984415358 -0.7080217125614237 0.0003053102916309444
vn 0.7061905984415358 -0.7080217125614237 0.0003053102916309444
vn 0.7061905984415358 -0.7080217125614237 0.0003053102916309444
vn -0.07715157718073486 0.9970192698364242 -0.0004579447219983977
vn -0.07715157718073486 0.9970192698364242 -0.0004579447219983977
vn -0.7080217126111555 -0.706190598391804 0.0003053099933045807
vn -0.7080217126111555 -0.706190598391804 0.0003053099933045807
vn -0.7080217126111555 -0.706190598391804 0.0003053099933045807
vn -0.7080217126111555 -0.706190598391804 0.0003053099933045807
vn 0.951465536801876 0.3077552881159966 -0.00012212681006810647
vn 0.9970193740531751 0.07715158346041379 -0.000030531392622196774
vn 0.9970193740531751 0.07715158346041379 -0.000030531392622196774
vn 0.951465536801876 0.3077552881159966 -0.00012212681006810647
vn 0.9999991784741986 -0.0012818154811940676 2.0883424848186723e-10
vn 0.9999991784741986 -0.0012818154811940676 2.0883424848186723e-10
vn 0.8097866309803773 0.5867244264808125 -0.0002442462122759831
vn 0.8097866309803773 0.5867244264808125 -0.0002442462122759831
vn -0.0012818153468772638 -0.9999990736132949 0.0004579541116836452
vn -0.0012818153468772638 -0.9999990736132949 0.0004579541116836452
vn -0.0012818153468772638 -0.9999990736132949 0.0004579541116836452
vn -0.0012818153468772638 -0.9999990736132949 0.0004579541116836452
vn 0.5888283308710025 0.8082580420550288 -0.00036635643928344136
vn 0.5888283308710025 0.8082580420550288 -0.00036635643928344136
vn -0.9968151805858244 0.07974644080735606 -0.00003053210313558803
vn -0.950654324278251 0.3102520601326649 -0.00012212493229554468
vn -0.950654324278251 0.3102520601326649 -0.00012212493229554468
vn -0.9968151805858244 0.07974644080735606 -0.00003053210313558803
vn -0.9999991784741986 0.0012818154811940676 -2.0883424848186723e-10
vn -0.9999991784741986 0.0012818154811940676 -2.0883424848186723e-10
vn 0.3102244646816396 0.9506632415454919 -0.00042741924154347967
vn 0.3102520423720191 0.950654241835716 -0.00042741519722591523
vn -0.8082580658280881 0.5888283481018073 -0.00027476450837357223
vn -0.8082580658280881 0.5888283481018073 -0.00027476450837357223
vn 0.07974643456633468 0.9968150763590337 -0.0004579490050899884
vn 0.07974643456633468 0.9968150763590337 -0.0004579490050899884
vn -0.8876556014333989 0.460506669224967 0.0010681026343209677
vn -0.8566482966626243 0.5158994856722893 0.001190171454736302
vn -0.4759232506279771 0.8794844392173103 0.0020446726663984217
vn -0.5217291804157814 0.8531088603137816 0.0019836221407965914
vn -0.5217291804157814 0.8531088603137816 0.0019836221407965914
vn -0.4759232506279771 0.8794844392173103 0.0020446726663984217
vn -0.2575499139921276 0.9662623567710832 0.002258249286344289
vn -0.2575499139921276 0.9662623567710832 0.002258249286344289
vn -0.8662868387233076 -0.1338265054840249 0.48128741878913917
vn -0.9914983312671889 -0.03393700467109246 0.12561583820655037
vn -0.9914983312671889 -0.03393700467109246 0.12561583820655037
vn -0.8662868387233076 -0.1338265054840249 0.48128741878913917
vn 0.7080207852991367 0.70618967132983 0.001647935514681946
vn 0.7080207852991367 0.70618967132983 0.001647935514681946
vn 0.5239244013228233 0.851762459241707 0.001983614135977908
vn 0.47820311358156503 0.8782468910470907 0.002044633712011592
vn 0.26005270889829435 0.965591781704306 0.0022582514835317786
vn 0.26005270889829435 0.965591781704306 0.0022582514835317786
vn -0.1977335283329698 -0.30360428269943923 0.932054661111436
vn -0.09522048206692417 -0.30189760404375365 0.9485730844102543
vn -0.4071236406567639 -0.2964310623626008 0.8639322696166418
vn -0.4071236406567639 -0.2964310623626008 0.8639322696166418
vn -0.8604252643074631 -0.17386729073201926 0.4789974214491551
vn -0.8604252643074631 -0.17386729073201926 0.4789974214491551
vn -0.9759972340195526 0.04641941225547096 0.21277837613826955
vn -0.9418697251847526 -0.11356022890767548 0.31620483106814623
vn -0.9418697251847526 -0.11356022890767548 0.31620483106814623
vn -0.9759972340195526 0.04641941225547096 0.21277837613826955
vn 0.9761159538684514 0.04385566983302773 0.21277764174597827
vn 0.9415712820167129 -0.11600255866749845 0.31620709553075665
vn 0.8599708571924742 -0.17609588504338508 0.4789993361690891
vn 0.8599708571924742 -0.17609588504338508 0.4789993361690891
vn 0.40633239513235586 -0.297500850959625 0.8639370511468426
vn 0.40633239513235586 -0.297500850959625 0.8639370511468426
vn 0.09442712330173367 -0.30214220212081255 0.948574513721798
vn 0.19693982668088977 -0.30412278077864185 0.9320536673809976
vn 0.0012207778742388384 0.9628580413959926 0.27000537368810773
vn 0.0012207778742388384 0.9628580413959926 0.27000537368810773
vn 0.0012512972651607592 0.9628580050739345 0.270005363502649
vn 0.0012512972651607592 0.9628580050739345 0.270005363502649
vn 0.0012512972651607592 0.9628580050739345 0.270005363502649
vn 0.0012512972651607592 0.9628580050739345 0.270005363502649
vn 0.0012207778742388384 0.9628580413959926 0.27000537368810773
vn 0.0012207778742388384 0.9628580413959926 0.27000537368810773
vn 0.0012512972651607592 0.9628580050739345 0.270005363502649
vn 0.0012512972651607592 0.9628580050739345 0.270005363502649
vn 0.0012512972651607592 0.9628580050739345 0.270005363502649
vn 0.0012512972651607592 0.9628580050739345 0.270005363502649
vn 0.0012207778742388384 0.9628580413959926 0.27000537368810773
vn 0.0012207778742388384 0.9628580413959926 0.27000537368810773
vn 0.0012512972651607592 0.9628580050739345 0.270005363502649
vn 0.0012512972651607592 0.9628580050739345 0.270005363502649
vn 0.0012512972651607592 0.9628580050739345 0.270005363502649
vn 0.0012512972651607592 0.9628580050739345 0.270005363502649
vn 0.0012512972651607592 0.9628580050739345 0.270005363502649
vn 0.0012512972651607592 0.9628580050739345 0.270005363502649
vn 0.9914072580800826 -0.03650061166718214 0.12561589857201128
vn 0.8659313413446011 -0.136086630919125 0.48129340423718875
vn 0.8659313413446011 -0.136086630919125 0.48129340423718875
vn 0.9914072580800826 -0.03650061166718214 0.12561589857201128
vn -0.9999991784741986 0.0012818154811940676 -2.0883424848186723e-10
vn -0.9999991784741986 0.0012818154811940676 -2.0883424848186723e-10
vn 0.9999991784741986 -0.0012818154811940676 2.0883424848186723e-10
vn 0.9999991784741986 -0.0012818154811940676 2.0883424848186723e-10
vn -0.7075013836937254 -0.18995280649773838 0.6807053131679648
vn -0.8662868387233076 -0.1338265054840249 0.48128741878913917
vn -0.8662868387233076 -0.1338265054840249 0.48128741878913917
vn -0.7075013836937254 -0.18995280649773838 0.6807053131679648
vn 0.13022595670550466 -0.26786794576805517 0.954614039196019
vn -0.1309276692663814 -0.26753177981472853 0.9546123256116258
vn -0.1309276692663814 -0.26753177981472853 0.9546123256116258
vn 0.13022595670550466 -0.26786794576805517 0.954614039196019
vn -0.25925684829707524 -0.26044694183010786 0.9300286431623553
vn -0.25925684829707524 -0.26044694183010786 0.9300286431623553
vn 0.7070059972061745 -0.19181257231286142 0.6806985066953108
vn 0.7070059972061745 -0.19181257231286142 0.6806985066953108
vn 0.25855662552064296 -0.2611200696845964 0.9300348276313579
vn 0.25855662552064296 -0.2611200696845964 0.9300348276313579
vn 0.0003357141426095996 0.270005554990695 -0.9628587059222041
vn 0.0003357141426095996 0.270005554990695 -0.9628587059222041
vn 0.0003357141426095996 0.270005554990695 -0.9628587059222041
vn 0.0003357141426095996 0.270005554990695 -0.9628587059222041
vn 0.0012818119638531057 0.9999964176324009 0.0023498256220944253
vn 0.0012818119638531057 0.9999964176324009 0.0023498256220944253
vn 0.0012818119638531057 0.9999964176324009 0.0023498256220944253
vn 0.0012818119638531057 0.9999964176324009 0.0023498256220944253
vn 0.0012818039147938435 0.9917500215198071 -0.12818054374274737
vn 0.0012817984388380193 0.9911354467244436 0.13284909950428553
vn 0.0012817984388380193 0.9911354467244436 0.13284909950428553
vn 0.0012818039147938435 0.9917500215198071 -0.12818054374274737
vn 0.00027467368234691505 0.21442842648182175 -0.9767396656586125
vn 0.00027467368234691505 0.21442842648182175 -0.9767396656586125
vn 0 0.002349827454183211 -0.9999972391516567
vn 0 0.002349827454183211 -0.9999972391516567
vn -0.0002441546043460615 -0.19501832464450178 0.9807995684345405
vn -0.0002441546043460615 -0.19501832464450178 0.9807995684345405
vn 0 -0.0023193083684242377 0.999997310400729
vn 0 -0.0023193083684242377 0.999997310400729
vn 0.991503605777929 -0.0013428603357231912 -0.1300722739690668
vn 0.9889018247475699 -0.0011902104350375471 0.14856569055487415
vn 0.9696521695252533 -0.19410133792421244 0.14865847016231645
vn 0.9722045736930409 -0.19474000816456785 -0.12997921414748018
vn 0.8236942522048245 -0.5519780483326938 -0.12979989616161328
vn 0.8215168446139179 -0.5504144007848776 0.14884240465746285
vn 0.6983500076880691 -0.7000895449696197 0.14893587810297665
vn 0.7001992284395877 -0.7020608813988564 -0.12973649949827876
vn 0.5483326961987294 -0.822880459910275 0.1489932984307887
vn 0.5497769545622991 -0.8251843411897684 -0.12967691886920982
vn 0.37724556559574735 -0.9140445710820675 0.1490245124593401
vn 0.3782270134828961 -0.9165894188536918 -0.1296463015949962
vn 0.19165931936444852 -0.9700769688229273 0.1490549558387033
vn 0.1921488109312986 -0.9727686417642827 -0.12961482962130713
vn -0.001281813880383057 -0.9888278052755145 0.149056796112037
vn -0.0012818047431034324 -0.9915675936176228 -0.1295841975858066
vn -0.1941601234419922 -0.9695797408533235 0.14905358966422877
vn -0.1946789728115234 -0.9722657050927882 -0.12961287067831498
vn -0.37962280295918965 -0.9130600230148166 0.1490232258595642
vn -0.3806043066831562 -0.9156049815101418 -0.12964520649853137
vn -0.550472083924168 -0.8214506908224682 0.1489941185667191
vn -0.5519165527450052 -0.8237547088793025 -0.1296776711899378
vn -0.7001660760938914 -0.6982739620673613 0.14893266863261514
vn -0.7019999027611279 -0.700260362487739 -0.12973650701289655
vn -0.8229602102360679 -0.5482535400720315 0.1488440397419131
vn -0.8251240466863878 -0.5498385981924363 -0.1297991660899877
vn -0.9141130509092059 -0.3771875879840289 0.14875097857914704
vn -0.9165294352927706 -0.378288516757787 -0.12989069378176551
vn -0.9701492261522694 -0.19160047872298422 0.14865979802648766
vn -0.9727076876684784 -0.19220989369766114 -0.1299811952375251
vn -0.9889016331853248 0.0013428526854071985 0.1485656643712225
vn -0.9915037610210795 0.001220741870065646 -0.13007229401506193
vn -0.9696498204983308 0.19425349544888604 0.14847493092587954
vn -0.972204521102972 0.19461788494855076 -0.1301623909011113
vn -0.913136076306456 0.3796900501501119 0.14838454085468544
vn -0.9155473745392028 0.38054468262528085 -0.1302257635800112
vn -0.8215286795307571 0.5505444691679416 0.14829503085754342
vn -0.8236941745367247 0.5518558639401406 -0.13031888684739712
vn -0.6983482336530412 0.7002404071159343 0.1482333187774872
vn -0.700200868683905 0.7019404088845197 -0.130377934748708
vn -0.5483309734159143 0.8230305120889461 0.14816855187037242
vn -0.5497777734887075 0.8250634568809041 -0.13044037679159032
vn -0.37724425328752137 0.9141940458937041 0.14810813554305563
vn -0.3782272870416051 0.9164679747561305 -0.13050122828365976
vn -0.19165875750690217 0.9702267504790646 0.14807759224725836
vn -0.1921487537970036 0.9726461839510915 -0.13053067555037742
vn 0.0012818063726422841 0.9889747056348946 0.1480789944144576
vn 0.0012818022227102984 0.9914434858958019 -0.13053034611860528
vn 0.19416530687919847 0.9697277767670379 0.1480806286148349
vn 0.19467889836811253 0.9721431902943471 -0.1305287098477068
vn 0.37963209417712884 0.9132045835129274 0.14811097772166693
vn 0.38060455242922137 0.9154834228879211 -0.13050010378374383
vn 0.5504704814256679 0.8216009237738771 0.14816940012332225
vn 0.5519172616976201 0.8236336899230133 -0.1304411018966129
vn 0.7001645210068553 0.6984249836870473 0.1482301780508556
vn 0.7020014178521943 0.7001397052277714 -0.13037792181607397
vn 0.8229585048611916 0.5484050791940545 0.14829419540492814
vn 0.8251237619881667 0.549716255965954 -0.13031813123763394
vn 0.914120690446153 0.37731286993964835 0.14838585335588642
vn 0.9165317253767788 0.37816736811404955 -0.1302268715417739
vn 0.9701529171465996 0.191723341616158 0.14847719566141204
vn 0.9727073354997561 0.1920876926807876 -0.13016434913422478
vn 0.9131392833188351 -0.3795387501150922 0.14875142493783935
vn 0.9155448178780696 -0.3806657200325209 -0.12988955327020948
vn 0.8790241285070549 -0.0009155088400382653 0.476776408126468
vn 0.8619138592404507 -0.17237049308823937 0.47685732914756573
vn 0.6083174114528898 -0.00039662599590873895 0.7936937505178399
vn 0.5964919282793129 -0.1190846333160336 0.7937356169440887
vn 0.2208678219595668 0.00015275515552846069 0.9753037382726982
vn 0.21659172515041614 -0.04290923494788783 0.9753188310252977
vn 0.811687504934092 -0.33720606732704916 0.4769229104286075
vn 0.5617291988740082 -0.23313304531604945 0.7937942367604025
vn 0.20396146735699458 -0.08432506885262957 0.9753404547113695
vn 0.7302427280543418 -0.4890766747986072 0.4770215553742721
vn 0.5053726792755104 -0.3382476605709937 0.793843167861349
vn 0.18351039429087254 -0.12250286684332425 0.9753547984207467
vn 0.6207618063004594 -0.6221351387876222 0.4770771938840681
vn 0.42959458673915785 -0.43035745637050005 0.7938771635402581
vn 0.15598549898772954 -0.1559243049248591 0.9753748690832917
vn 0.4873887771471032 -0.7312966812246574 0.47713451346643654
vn 0.3373316892470406 -0.5058906079029165 0.7939030320293251
vn 0.12247275487255045 -0.18335800262530386 0.9753872396064996
vn 0.33531375477231956 -0.8123278135557399 0.4771668567537352
vn 0.23206835909458515 -0.5619813084094354 0.7939277584929031
vn 0.08426327484591584 -0.20374544700644942 0.9753909438457913
vn 0.17035646372852847 -0.8621281615974041 0.47719357523607836
vn 0.11789544564851331 -0.5964354717186416 0.7939555352606972
vn 0.042788096918321784 -0.21625981421372492 0.9753978016780402
vn -0.0011292049644457006 -0.8787961226516189 0.47719608098624333
vn -0.0007629802750697335 -0.6079730568714112 0.7939572910298964
vn -0.0002746746398288516 -0.22044148982560552 0.9754001610197272
vn -0.17258649772466597 -0.8616811901957085 0.47719956754594933
vn -0.11945159574810912 -0.5961286245076802 0.7939533861101744
vn -0.04336802791435838 -0.21613805777502337 0.9753991768173992
vn -0.337450112366695 -0.8114426917808769 0.47716682577386865
vn -0.2335336986155643 -0.561371920228271 0.7939292026309138
vn -0.08478259964162323 -0.20350250919105464 0.9753966575455101
vn -0.48931027802601923 -0.7300131642982346 0.4771333479954827
vn -0.3386453286461946 -0.5050074798241471 0.7939060314091173
vn -0.1229605623215376 -0.1830520641293242 0.9753833307636363
vn -0.6223791104573189 -0.6205173412977043 0.4770770084747167
vn -0.4307236353228327 -0.4292280552558056 0.7938768333662359
vn -0.15638223289653094 -0.15552752227715208 0.9753746905926076
vn -0.7315148904820629 -0.48717801251991194 0.477015250406278
vn -0.5062553735326574 -0.3369337717122654 0.7938394864511694
vn -0.18381623411735698 -0.12201500844807434 0.9753583596752167
vn -0.8125533195387171 -0.33510491324706715 0.47692955457204267
vn -0.5623132705984517 -0.23170040028551067 0.7938001702043197
vn -0.20417509489888896 -0.08380624209495383 0.975340476146126
vn -0.8623524920469114 -0.17014483820979348 0.47686362148002553
vn -0.5967983789286224 -0.11752840231804128 0.7937372169406807
vn -0.216684333870718 -0.042329583127291855 0.975323590326448
vn -0.8790236969763918 0.0013429372352955786 0.47677619138704763
vn -0.6083170551731992 0.0011598748848997275 0.7936932751861125
vn -0.22086777411901917 0.0007326207988757865 0.9753034859070663
vn -0.861921009846517 0.17282985415072355 0.47667810344025696
vn -0.5964634209501374 0.11981775455986562 0.7936467055061031
vn -0.21656692321582616 0.043826270858693124 0.9752835617149769
vn -0.8116802228934595 0.3376610018298377 0.47661332713940546
vn -0.5617074718054569 0.23386941824402985 0.7935929758560875
vn -0.20395777061154244 0.08523943075687568 0.9752617429446382
vn -0.7302491626980665 0.48953891334182237 0.47653731512115666
vn -0.5053348048574964 0.33897543636578475 0.7935567960393648
vn -0.18348277402579793 0.1233901779829323 0.9752481405330328
vn -0.6207656290702176 0.62259682082108 0.4764695504106645
vn -0.4295646977731036 0.43106027772971234 0.7935119453358503
vn -0.15598173689231967 0.15683643260035812 0.9752292198069378
vn -0.48738866125717883 0.7317544860148557 0.47643222505941923
vn -0.3372991685290226 0.5065897810101017 0.793470897188906
vn -0.1224746949033251 0.18424627742642619 0.9752195949440526
vn -0.3353158848068946 0.8127908926662717 0.47637613520718547
vn -0.23204179936514294 0.5626625720135163 0.7934528551858149
vn -0.08423332489504362 0.20460167590060924 0.9752142847578618
vn -0.17035615009452723 0.8625844676959711 0.4763683639943244
vn -0.1178946038029144 0.5971334030520355 0.7934308800101297
vn -0.042787532788437506 0.2171423361290833 0.9752017395894466
vn 0.0011292106797494113 0.8792584609369227 0.47634366139802353
vn 0.0007629686395124517 0.6086659857958321 0.7934262004837268
vn 0.00027466998373422267 0.22132312864270104 0.9752004908141743
vn 0.1726158336579226 0.8621331265131998 0.4763719619574133
vn 0.11945076449061665 0.5968267130967383 0.7934288811208922
vn 0.04336746093486241 0.21702056528520294 0.9752032288581464
vn 0.33745236291344044 0.8119061313716035 0.47637625529126904
vn 0.2335032706234577 0.562074322001038 0.7934410369745326
vn 0.08478243370355042 0.20438748913400456 0.9752116145846501
vn 0.4893104855939942 0.7304713646266225 0.47643135302820855
vn 0.3386130111371019 0.5057070025004861 0.7934744207034266
vn 0.12293248931126498 0.1839411031454716 0.975219602779478
vn 0.6223833721834476 0.6209795219708902 0.4764696961217625
vn 0.4306884263679743 0.4299561039930655 0.793501876514342
vn 0.1563792612966929 0.15640993775648118 0.9752340529366857
vn 0.7315219625221852 0.48764066607855056 0.47653142512761765
vn 0.5062179866808476 0.3376618825975621 0.7935539068024677
vn 0.1838175037016905 0.12293174962599 0.975243000624343
vn 0.8125468220657295 0.3355601848034252 0.47662041954324086
vn 0.5623130512279197 0.2324330193265184 0.7935861162756727
vn 0.2041720388957075 0.08469035466414791 0.9752647447539722
vn 0.8623650199983594 0.17057474833508685 0.47668734775914806
vn 0.5967705761555809 0.11826164681532585 0.7936492060901107
vn 0.21668873222282503 0.04324634590676805 0.9752823934088922
vn 0.8521596334787591 -0.17087759968641414 -0.49459559742759157
vn 0.8690899996951177 -0.001342917207699402 -0.49465216971455145
vn 0.5339989188429511 -0.10733707002149398 -0.8386440890352476
vn 0.5446093247385546 -0.0010988161642970853 -0.8386891414647342
vn 0.1790843361574575 -0.03631753652531521 -0.9831631792758387
vn 0.18265748551296937 -0.0006715828320231249 -0.983176378867281
vn 0.802503016100207 -0.3338498842370827 -0.4945029463460833
vn 0.5028636527295649 -0.20945292269172713 -0.8386045670871183
vn 0.1686494094626984 -0.07056067686822652 -0.983147276641593
vn 0.7219906453375717 -0.48400266085099153 -0.4944400189448632
vn 0.45242153507871735 -0.30354739244764783 -0.8385545510789686
vn 0.1517393010414825 -0.10211594633448358 -0.9831314856231872
vn 0.6137351478547831 -0.6155663427162614 -0.4943756122652022
vn 0.38457606849751447 -0.3859801029520297 -0.8385228724752447
vn 0.1289748386949944 -0.12976851549322013 -0.9831203503998308
vn 0.48189510840161726 -0.7234836271645283 -0.4943162406025631
vn 0.30195793695437917 -0.4536084882997348 -0.8384871756041856
vn 0.10126229406306096 -0.1524429325323524 -0.9831109297134393
vn 0.3315286844555633 -0.8035977474328259 -0.49428675048401993
vn 0.2077454211116409 -0.5038140901359158 -0.8384588258153565
vn 0.06967432672710946 -0.16928771951899246 -0.9831007863973983
vn 0.16843728771161642 -0.8528378085899214 -0.4942636465975365
vn 0.10553484594420416 -0.5346632489689823 -0.8384495253105373
vn 0.03540160726322577 -0.17963280122033518 -0.9830965277778759
vn -0.0011292157203055314 -0.8693130384774186 -0.49426062558635536
vn -0.0007019380167407707 -0.5449787093058228 -0.838449589233831
vn -0.0002136358624868272 -0.18311660953507083 -0.9830911766830678
vn -0.17063327977930903 -0.8524035101950949 -0.49425958730088054
vn -0.10693846967764675 -0.534387346472333 -0.8384475699966347
vn -0.035859393553139704 -0.17954127972473066 -0.9830966548457009
vn -0.33363799215251244 -0.8027211149577131 -0.494291919611767
vn -0.20905840595131178 -0.5032663208280322 -0.83846144408751
vn -0.07010167487387449 -0.16910480234720449 -0.9831018873967187
vn -0.4837701418164117 -0.722221842347017 -0.49432991040782626
vn -0.3031480313511185 -0.4528147904840015 -0.8384867539841468
vn -0.1016587198679892 -0.15219831926560987 -0.9831079169081719
vn -0.6836922846446442 -0.6820137409220453 -0.2596576921851234
vn -0.4994509998939447 -0.4984744931943233 -0.7085703058551079
vn -0.385583374946927 -0.38497310043336896 -0.8385232095221079
vn -0.12931058097493386 -0.12943281146080182 -0.9831205017520882
vn -0.7232490238310915 -0.48211523381209337 -0.49444489162462135
vn -0.45321559302734626 -0.30235751813525963 -0.8385556376675057
vn -0.15198395204007753 -0.10171954819266882 -0.9831347882349393
vn -0.8033612148790499 -0.33177609432030125 -0.49450518871456106
vn -0.5034118203538241 -0.20814008885334914 -0.8386025533828102
vn -0.1688323819794251 -0.07013334928656773 -0.9831464489652606
vn -0.8526071978386645 -0.1686476544071195 -0.49458966311142943
vn -0.5342752328729027 -0.10593348231412375 -0.8386465720811176
vn -0.17917591835644847 -0.035859757910075965 -0.9831632967334337
vn -0.8690904314388438 0.0008849713097993638 -0.49465244243531753
vn -0.5446096052035835 0.0003050522665992539 -0.8386896236767876
vn -0.1826575229122274 -0.0002137947057561546 -0.9831765780445509
vn -0.8521618737965228 0.17042008712327192 -0.49474956771329803
vn -0.5340032058474181 0.10654414345000135 -0.8387424644318335
vn -0.17908483902124894 0.035401751453238525 -0.983196489226226
vn -0.8025044215096122 0.3333925152205087 -0.4948091392167947
vn -0.5028926637242583 0.20865851000688176 -0.8387851900063733
vn -0.16865010883700762 0.06964506715466823 -0.9832124416474229
vn -0.7219870301799909 0.48354230612382854 -0.49489551062858367
vn -0.45242612165635604 0.3027566901372618 -0.8388378812500769
vn -0.1517397766362105 0.10120036858961456 -0.9832260806059404
vn -0.6137319741929895 0.6151052441614484 -0.49495313157738524
vn -0.38459709664991626 0.38520734135172047 -0.8388685102071683
vn -0.1289746311654969 0.12885240067708154 -0.9832408674152417
vn -0.4819052212962818 0.7230103987940387 -0.49499830395978794
vn -0.30195830509538013 0.45281528046323216 -0.8389156714252809
vn -0.1012611894914372 0.1515253982389254 -0.9832528795743819
vn -0.3315254566413293 0.8031320517881936 -0.4950452292359198
vn -0.2077486297725497 0.5030280842831607 -0.8389298261773993
vn -0.06967464423216371 0.16837261305742396 -0.9832579046838813
vn -0.16843691282641468 0.8523779803073687 -0.4950563453634724
vn -0.10553463952988719 0.5338989368390853 -0.838936448785837
vn -0.035402105038803956 0.17871943491465575 -0.9832629630686838
vn 0.001129204681685452 0.868846606180398 -0.49508009435402617
vn 0.0007019421544100708 0.544218673892407 -0.8389431102667224
vn 0.00021363313852842361 0.18219838530283466 -0.9832617671576181
vn 0.18958405183552904 0.9466994837890234 -0.2604188447160076
vn 0.13849675133390102 0.6913238540004161 -0.7091473603983641
vn 0.10693824291566201 0.5336229030595131 -0.8389343296900231
vn 0.035859892699130286 0.1786278905304906 -0.9832630089758455
vn 0.3336346317634294 0.8022551013870866 -0.4950501841091228
vn 0.20905835659567237 0.5025028585413311 -0.8389192337140136
vn 0.07010197867970837 0.16818965401545613 -0.9832588432693351
vn 0.4837693692633603 0.7217627137203488 -0.495000790348428
vn 0.30314405106190206 0.4520455476691522 -0.8389031571869755
vn 0.1016575947374087 0.1512807578292009 -0.9832496456866016
vn 0.6153302721490308 0.6134990178100566 -0.49496223221887903
vn 0.385578099523724 0.38420458252384787 -0.8388780411569664
vn 0.1293103359183555 0.12851665911535765 -0.9832407158750643
vn 0.7232447819522193 0.4816544413032311 -0.4948999742895115
vn 0.45321561722756154 0.301594261961084 -0.8388304390359171
vn 0.15198436475056343 0.10080393596368586 -0.9832290269136672
vn 0.8033699774077999 0.33129122844797826 -0.49481592673763103
vn 0.5034175207708754 0.20734865932513993 -0.8387951676404509
vn 0.1688330314154066 0.06921772252267124 -0.9832112257251028
vn 0.8526085778782849 0.1681899729119922 -0.49474311105889296
vn 0.5342789483144439 0.10514043710363227 -0.8387439978167766
vn 0.17917633320208823 0.03494395449416069 -0.9831961969335338
vn -0.5867244222145184 0.8097865880335079 -0.0003663578704946557
vn -0.307755252811159 0.9514654600543634 -0.00042742330108673455
vn -0.3051300106511466 0.9432845351655001 -0.13080505463336575
vn -0.5817265418638562 0.8028076547266892 -0.13074440715897542
vn 0.002899343397949414 0.00741637821920608 0.9999682950683838
vn 0.009613438417340452 0.0026858219588650877 0.999950182840226
vn 0.007751866656988833 0.004394921842843238 0.999960295824453
vn 0.002868824333171393 0.007416378919207944 0.9999683830855213
vn -0.011963415895755981 -0.003631588329492828 0.9999218410687458
vn -0.012207609593524031 -0.0006102175944507988 0.9999252981610673
vn -0.01217709698066729 -0.00033554652782183896 0.9999258001060135
vn -0.01202446170063628 -0.0032348443548219407 0.9999224710460357
vn -0.009613437839641494 0.002716340564963098 0.9999501004084348
vn -0.007751865606462158 0.004425440749674077 0.9999601612333314
vn -0.010620510635935656 -0.007568476904888489 0.9999149578395016
vn -0.010834150613092825 -0.007141220702983515 0.9999158085295803
vn -0.002868824333171393 0.007416378919207944 0.9999683830855213
vn 0.002899343397949414 0.00741637821920608 0.9999682950683838
vn 0.002868824333171393 0.007416378919207944 0.9999683830855213
vn -0.002868824333171393 0.007416378919207944 0.9999683830855213
vn -0.008057113638853858 -0.011078368813693071 0.9999061719302659
vn -0.008392837036233199 -0.010712149547189579 0.9999074007819734
vn 0.012207609360433287 -0.0006407365549777179 0.9999252790735768
vn 0.011963415059061485 -0.0036621068655628064 0.9999217297736007
vn 0.01202446007882175 -0.0032653631611936147 0.9999223718685557
vn 0.012177096850235575 -0.0003660655556372433 0.999925789400548
vn 0.012207609360433287 -0.0006407365549777179 0.9999252790735768
vn 0.012177096850235575 -0.0003660655556372433 0.999925789400548
vn -0.00433371169771945 -0.013672392363888852 0.9998971370245886
vn -0.004760981348186592 -0.013489285025288586 0.9998976808884541
vn 0.010620507916235226 -0.007598993603428454 0.9999147264181163
vn 0.01080363295539094 -0.007171740555002331 0.9999159202914899
vn -0.0011902359662890947 -0.014801489412006525 0.9998897435465227
vn -0.0012512735910350022 -0.014801488309116755 0.9998896690426576
vn 0.00802659704847455 -0.011078371684985162 0.9999064173314575
vn 0.00836231706419905 -0.010742668563999108 0.9999073290687701
vn -0.950654324278251 0.3102520601326649 -0.00012212493229554468
vn -0.8082580658280881 0.5888283481018073 -0.00027476450837357223
vn -0.801353272053603 0.583748511608216 -0.13065453901099894
vn -0.9425445074902645 0.30753852421495087 -0.1304986878233827
vn 0.951465536801876 0.3077552881159966 -0.00012212681006810647
vn 0.9970193740531751 0.07715158346041379 -0.000030531392622196774
vn 0.9885509241910356 0.07642032781941199 -0.13010381922535103
vn 0.943346461610916 0.305069233945701 -0.13049986921812504
vn -0.07715157718073486 0.9970192698364242 -0.0004579447219983977
vn -0.07648138316073552 0.9884898547266447 -0.13053124197799434
vn -0.0012818153468772638 -0.9999990736132949 0.0004579541116836452
vn -0.0012818153468772638 -0.9999990736132949 0.0004579541116836452
vn -0.0012817798076431369 -0.9920976395192089 -0.12546167024609073
vn -0.0012817798076431369 -0.9920976395192089 -0.12546167024609073
vn 0.07974643456633468 0.9968150763590337 -0.0004579490050899884
vn 0.07907388391790687 0.9882862060694461 -0.13052852475607737
vn 0.9999991784741986 -0.0012818154811940676 2.0883424848186723e-10
vn 0.9920394926881276 -0.0013428414377663928 -0.12591998143247712
vn 0.8097866309803773 0.5867244264808125 -0.0002442462122759831
vn 0.8028674760337564 0.5816646033419195 -0.1306526124739688
vn 0.5888283308710025 0.8082580420550288 -0.00036635643928344136
vn 0.5838102909806059 0.8012932990239919 -0.13074629281317196
vn -0.7080217126111555 -0.706190598391804 0.0003053099933045807
vn -0.7080217126111555 -0.706190598391804 0.0003053099933045807
vn -0.7023929987397945 -0.7006228804511745 -0.12558524877396404
vn -0.7023929987397945 -0.7006228804511745 -0.12558524877396404
vn 0.3102244646816396 0.9506632415454919 -0.00042741924154347967
vn 0.30759924676845446 0.9424823913674336 -0.1308038430238316
vn -0.8082580658280881 0.5888283481018073 -0.00027476450837357223
vn -0.801353272053603 0.583748511608216 -0.13065453901099894
vn -0.9999991784741986 0.0012818154811940676 -2.0883424848186723e-10
vn -0.9968151805858244 0.07974644080735606 -0.00003053210313558803
vn -0.9883474414036162 0.07901283979492224 -0.13010113842110493
vn -0.9920396479732286 0.0012207260360101542 -0.1259200011002911
vn 0.7061905984415358 -0.7080217125614237 0.0003053102916309444
vn 0.7061905984415358 -0.7080217125614237 0.0003053102916309444
vn 0.7005767856189022 -0.7024384975637095 -0.12558791578939993
vn 0.7005767856189022 -0.7024384975637095 -0.12558791578939993
vn -0.1346191992572973 0.04345885703456693 -0.9899439372694663
vn -0.13608367176249447 0.010406775622018527 -0.9906426869970779
vn -0.25724389326592567 0.02011180696873224 -0.9661372027811793
vn -0.24320783876520974 0.07892260004049206 -0.9667580723045472
vn -0.6680341815657032 0.21766264597342272 -0.7115850650538483
vn -0.7037668698216004 0.05597162901556247 -0.7082226836856123
vn -0.8658560866763668 0.06903402435777882 -0.4955073568035671
vn -0.6680341815657032 0.21766264597342272 -0.7115850650538483
vn -0.9174981162692523 0.2993015338578548 -0.26194617476250565
vn -0.11447840500956992 0.08292114687376727 -0.9899589780327284
vn -0.206769039674081 0.15018589337502655 -0.9667940637299152
vn -0.5679619719899766 0.41344322708869763 -0.7116768201562707
vn -0.5679619719899766 0.41344322708869763 -0.7116768201562707
vn -0.780065226676408 0.568171926706505 -0.2620666019028416
vn -0.08310296808818109 0.11423208849465316 -0.9899721847875749
vn -0.1500940130218542 0.2067071948342279 -0.9668215568856334
vn -0.41228433648322044 0.5687257755287918 -0.7117391503491746
vn -0.510459622644605 0.7042853314947688 -0.493369177686275
vn -0.510459622644605 0.7042853314947688 -0.493369177686275
vn -0.780065226676408 0.568171926706505 -0.2620666019028416
vn -0.04358150981898477 0.13428461538125339 -0.9899839867764563
vn -0.08310296808818109 0.11423208849465316 -0.9899721847875749
vn -0.1500940130218542 0.2067071948342279 -0.9668215568856334
vn -0.1584541989122141 0.4894927206043677 -0.8574900252028725
vn -0.41228433648322044 0.5687257755287918 -0.7117391503491746
vn -0.2677424953353002 0.8275510461187497 -0.4934300581231243
vn -0.010528972649955441 0.13565573994782126 -0.990700086279468
vn -0.03921683494949517 0.5066752920301104 -0.861244557778304
vn -0.0670203989467985 0.8658021761097855 -0.49587786597969025
vn 0.13611408595277796 0.010071059993138502 -0.9906419783937355
vn 0.13474101079636427 0.04312306509182385 -0.9899420494486838
vn 0.24342108877356575 0.07828157646086312 -0.9667565196713669
vn 0.2573043130644545 0.019440340970884526 -0.9661348578854636
vn 0.7038994299564284 0.054141300745121836 -0.7082332328129213
vn 0.6686070610955963 0.2159207915609319 -0.7115776905052674
vn 0.8277778756003396 0.2675330281010187 -0.4931631246775131
vn 0.8660346759906329 0.06677526562363192 -0.4955047970329781
vn 0.11469213163902788 0.0826160132067052 -0.9899597513545313
vn 0.20716584171347188 0.1496365613363834 -0.9667942974276231
vn 0.5690285784191023 0.4119772373940573 -0.7116749488435686
vn 0.704512625263482 0.5102252531902594 -0.49328708867280563
vn 0.08337806081689488 0.11398851274740424 -0.9899771300065718
vn 0.15064325641857373 0.20631028958738282 -0.9668209108754207
vn 0.4137753230367041 0.5676515706483216 -0.7117314636759882
vn 0.5122951179096655 0.702948417909425 -0.4933733210506608
vn 0.04391729688444218 0.13416275558864743 -0.9899856696171035
vn 0.15973681267574127 0.4890679669113946 -0.8574944165517057
vn 0.26990884622641315 0.8268475628360336 -0.4934291464443888
vn 0.010864684978599772 0.13562528979113134 -0.9907006305586907
vn 0.040560006122080425 0.5065573717334603 -0.8612517141032962
vn 0.06924695168402203 0.8656325282980382 -0.49586811314584134
vn 0.057436309626660756 -0.1396540132056098 -0.9885331693635968
vn 0.13904449014240575 -0.0582608948025995 -0.988570836054675
vn 0.22187390053803788 -0.0926866872097185 -0.9706601620928536
vn 0.09164939289002264 -0.22254673757383958 -0.9706046251580149
vn 0.4993510189760908 -0.5009685954695391 -0.706879782000318
vn 0.4993510189760908 -0.5009685954695391 -0.706879782000318
vn 0.4993510189760908 -0.5009685954695391 -0.706879782000318
vn 0.4993510189760908 -0.5009685954695391 -0.706879782000318
vn 0.6821273230847696 -0.6840195743245269 -0.2584947524459625
vn 0.6821273230847696 -0.6840195743245269 -0.2584947524459625
vn -0.13919708193763064 -0.057894671851043356 -0.9885708772522629
vn -0.05780254727115206 -0.13950145079672008 -0.988533363500988
vn -0.09222936002940642 -0.2223028064147432 -0.970605587975206
vn -0.2221179209951589 -0.09210675722260032 -0.9706595564082834
vn -0.5006406246648158 -0.49966417734377533 -0.7068908507079372
vn -0.5006406246648158 -0.49966417734377533 -0.7068908507079372
vn -0.5006406246648158 -0.49966417734377533 -0.7068908507079372
vn -0.5006406246648158 -0.49966417734377533 -0.7068908507079372
vn -0.6838976108808399 -0.682249584575629 -0.25849480106543904
vn -0.6838976108808399 -0.682249584575629 -0.25849480106543904
vn 0.8831888083295216 -0.001342911612572047 -0.46901569848980557
vn 0.7071062542844786 -0.0012208950958018962 -0.707106254085579
vn 0.22187390053803788 -0.0926866872097185 -0.9706601620928536
vn 0.13904449014240575 -0.0582608948025995 -0.988570836054675
vn -0.0012512836913451614 -0.9660521325938266 -0.2583441723748447
vn -0.0012512836913451614 -0.9660521325938266 -0.2583441723748447
vn -0.0009155851553522856 -0.7074422433980478 -0.7067705667044721
vn -0.0009155851553522856 -0.7074422433980478 -0.7067705667044721
vn -0.0009155851553522856 -0.7074422433980478 -0.7067705667044721
vn -0.0009155851553522856 -0.7074422433980478 -0.7067705667044721
vn -0.8831892398075345 0.0009154934592312283 -0.4690159150390481
vn -0.7071066623041624 0.0005797555888395278 -0.707106662398626
vn 0.9999991784741986 -0.0012818154811940676 2.0883424848186723e-10
vn 0.9999991784741986 -0.0012818154811940676 2.0883424848186723e-10
vn 0.9999991784741986 -0.0012818154811940676 2.0883424848186723e-10
vn 0.9999991784741986 -0.0012818154811940676 2.0883424848186723e-10
vn -0.7080217126111555 -0.706190598391804 0.0003053099933045807
vn -0.7080217126111555 -0.706190598391804 0.0003053099933045807
vn -0.7080217126111555 -0.706190598391804 0.0003053099933045807
vn -0.7080217126111555 -0.706190598391804 0.0003053099933045807
vn -0.7080217126111555 -0.706190598391804 0.0003053099933045807
vn -0.7080217126111555 -0.706190598391804 0.0003053099933045807
vn -0.7080217126111555 -0.706190598391804 0.0003053099933045807
vn -0.7080217126111555 -0.706190598391804 0.0003053099933045807
vn -0.7080217126111555 -0.706190598391804 0.0003053099933045807
vn -0.7080217126111555 -0.706190598391804 0.0003053099933045807
vn -0.7080217126111555 -0.706190598391804 0.0003053099933045807
vn -0.7080217126111555 -0.706190598391804 0.0003053099933045807
vn 0.7061905984415358 -0.7080217125614237 0.0003053102916309444
vn 0.7061905984415358 -0.7080217125614237 0.0003053102916309444
vn 0.7061905984415358 -0.7080217125614237 0.0003053102916309444
vn 0.7061905984415358 -0.7080217125614237 0.0003053102916309444
vn 0.7061905984415358 -0.7080217125614237 0.0003053102916309444
vn 0.7061905984415358 -0.7080217125614237 0.0003053102916309444
vn 0.7061905984415358 -0.7080217125614237 0.0003053102916309444
vn 0.7061905984415358 -0.7080217125614237 0.0003053102916309444
vn 0.7061905984415358 -0.7080217125614237 0.0003053102916309444
vn 0.7061905984415358 -0.7080217125614237 0.0003053102916309444
vn 0.7061905984415358 -0.7080217125614237 0.0003053102916309444
vn 0.7061905984415358 -0.7080217125614237 0.0003053102916309444
vn -0.0012818153468772638 -0.9999990736132949 0.0004579541116836452
vn -0.0012818153468772638 -0.9999990736132949 0.0004579541116836452
vn -0.0012818153468772638 -0.9999990736132949 0.0004579541116836452
vn -0.0012818153468772638 -0.9999990736132949 0.0004579541116836452
vn -0.0012818153468772638 -0.9999990736132949 0.0004579541116836452
vn -0.0012818153468772638 -0.9999990736132949 0.0004579541116836452
vn -0.0012818153468772638 -0.9999990736132949 0.0004579541116836452
vn -0.0012818153468772638 -0.9999990736132949 0.0004579541116836452
vn -0.0012818153468772638 -0.9999990736132949 0.0004579541116836452
vn -0.0012818153468772638 -0.9999990736132949 0.0004579541116836452
vn -0.0012818153468772638 -0.9999990736132949 0.0004579541116836452
vn -0.0012818153468772638 -0.9999990736132949 0.0004579541116836452
vn 0.3102520423720191 0.950654241835716 -0.00042741519722591523
vn 0.3102520423720191 0.950654241835716 -0.00042741519722591523
vn 0.15769409483366623 0.987487905107569 -0.0004579528964910265
vn 0.15769409483366623 0.987487905107569 -0.0004579528964910265
vn 0.3102520423720191 0.950654241835716 -0.00042741519722591523
vn 0.1058412668028965 0.9943829325368816 -0.0004579529561514414
vn 0.3102520423720191 0.950654241835716 -0.00042741519722591523
vn 0.07974643456633468 0.9968150763590337 -0.0004579490050899884
vn 0.3102520423720191 0.950654241835716 -0.00042741519722591523
vn 0.07974643456633468 0.9968150763590337 -0.0004579490050899884
vn 0.3102520423720191 0.950654241835716 -0.00042741519722591523
vn 0.07974643456633468 0.9968150763590337 -0.0004579490050899884
vn 0.5888428811784339 0.8082474417292194 -0.0003663654639570622
vn 0.5888428811784339 0.8082474417292194 -0.0003663654639570622
vn 0.5888428811784339 0.8082474417292194 -0.0003663654639570622
vn 0.5888428811784339 0.8082474417292194 -0.0003663654639570622
vn 0.5888428811784339 0.8082474417292194 -0.0003663654639570622
vn 0.5888428811784339 0.8082474417292194 -0.0003663654639570622
vn 0.8097866309803773 0.5867244264808125 -0.0002442462122759831
vn 0.8097866309803773 0.5867244264808125 -0.0002442462122759831
vn 0.8097866309803773 0.5867244264808125 -0.0002442462122759831
vn 0.8097866245693854 0.5867244218308074 -0.00027476503794245577
vn 0.8097866245693854 0.5867244218308074 -0.00027476503794245577
vn 0.8097866245693854 0.5867244218308074 -0.00027476503794245577
vn 0.951465536801876 0.3077552881159966 -0.00012212681006810647
vn 0.951465536801876 0.3077552881159966 -0.00012212681006810647
vn 0.9514565999720421 0.3077829161194028 -0.00012212566546411234
vn 0.9514565999720421 0.3077829161194028 -0.00012212566546411234
vn 0.9514565999720421 0.3077829161194028 -0.00012212566546411234
vn 0.9514565999720421 0.3077829161194028 -0.00012212566546411234
vn 0.9946526208092709 0.10327711743071188 -0.000030536068220309305
vn 0.9946526208092709 0.10327711743071188 -0.000030536068220309305
vn 0.9946526208092709 0.10327711743071188 -0.000030536068220309305
vn 0.9946526208092709 0.10327711743071188 -0.000030536068220309305
vn -0.3077828712902487 0.9514565263074614 -0.0004274193131898099
vn -0.3077828712902487 0.9514565263074614 -0.0004274193131898099
vn -0.07715157718073486 0.9970192698364242 -0.0004579447219983977
vn -0.07715157718073486 0.9970192698364242 -0.0004579447219983977
vn -0.3077828712902487 0.9514565263074614 -0.0004274193131898099
vn -0.07715157718073486 0.9970192698364242 -0.0004579447219983977
vn -0.3077828712902487 0.9514565263074614 -0.0004274193131898099
vn -0.07715157718073486 0.9970192698364242 -0.0004579447219983977
vn -0.3077828712902487 0.9514565263074614 -0.0004274193131898099
vn -0.07715157718073486 0.9970192698364242 -0.0004579447219983977
vn -0.3077828712902487 0.9514565263074614 -0.0004274193131898099
vn -0.10327710416540344 0.9946525172322342 -0.00045795063939406064
vn -0.5867244222145184 0.8097865880335079 -0.0003663578704946557
vn -0.5867244222145184 0.8097865880335079 -0.0003663578704946557
vn -0.3077828712902487 0.9514565263074614 -0.0004274193131898099
vn -0.3077828712902487 0.9514565263074614 -0.0004274193131898099
vn -0.5867244222145184 0.8097865880335079 -0.0003663578704946557
vn -0.3077828712902487 0.9514565263074614 -0.0004274193131898099
vn -0.5867244222145184 0.8097865880335079 -0.0003663578704946557
vn -0.5867244222145184 0.8097865880335079 -0.0003663578704946557
vn -0.5867244222145184 0.8097865880335079 -0.0003663578704946557
vn -0.3077828712902487 0.9514565263074614 -0.0004274193131898099
vn -0.8082474655031346 0.5888428984105138 -0.0002747712950971025
vn -0.8082474655031346 0.5888428984105138 -0.0002747712950971025
vn -0.8082474655031346 0.5888428984105138 -0.0002747712950971025
vn -0.8082474655031346 0.5888428984105138 -0.0002747712950971025
vn -0.8082474655031346 0.5888428984105138 -0.0002747712950971025
vn -0.8082474655031346 0.5888428984105138 -0.0002747712950971025
vn -0.950654324278251 0.3102520601326649 -0.00012212493229554468
vn -0.950654324278251 0.3102520601326649 -0.00012212493229554468
vn -0.950654324278251 0.3102520601326649 -0.00012212493229554468
vn -0.950654324278251 0.3102520601326649 -0.00012212493229554468
vn -0.950654324278251 0.3102520601326649 -0.00012212493229554468
vn -0.950654324278251 0.3102520601326649 -0.00012212493229554468
vn -0.9968151805858244 0.07974644080735606 -0.00003053210313558803
vn -0.9943798244613352 0.10587144927582363 -0.000030536547701426835
vn -0.9943798244613352 0.10587144927582363 -0.000030536547701426835
vn -0.9943798244613352 0.10587144927582363 -0.000030536547701426835
vn -0.9943798244613352 0.10587144927582363 -0.000030536547701426835
vn -0.9943798244613352 0.10587144927582363 -0.000030536547701426835
vn 0.9999972271256526 -0.0022279129291175705 0.0007629842630521648
vn 0.9999950475900886 -0.002960370953257746 0.0010681756013222906
vn 0.9999950475900886 -0.002960370953257746 0.0010681756013222906
vn 0.9999983713877041 -0.0017090857762707481 0.0005798687342165593
vn 0.9999991784741986 -0.0012818154811940676 2.0883424848186723e-10
vn 0.9999991784741986 -0.0012818154811940676 2.0883424848186723e-10
vn 0 -0.00045795448060905104 -0.9999998951388414
vn 0 -0.00045795448060905104 -0.9999998951388414
vn 0 -0.00045795448060905104 -0.9999998951388414
vn 0 -0.00045795448060905104 -0.9999998951388414
vn 0.9999991784741986 -0.0012818154811940676 2.0883424848186723e-10
vn 0.9999991784741986 -0.0012818154811940676 2.0883424848186723e-10
vn 0.0012818153468772638 0.9999990736132949 -0.0004579541116836452
vn 0.0012818153468772638 0.9999990736132949 -0.0004579541116836452
vn 0.0012818153468772638 0.9999990736132949 -0.0004579541116836452
vn 0.0012818153468772638 0.9999990736132949 -0.0004579541116836452
vn 0.9999991784741986 -0.0012818154811940676 2.0883424848186723e-10
vn 0.9999991784741986 -0.0012818154811940676 2.0883424848186723e-10
vn 0 0.00045795448060905104 0.9999998951388414
vn 0 0.00045795448060905104 0.9999998951388414
vn 0 0.00045795448060905104 0.9999998951388414
vn 0 0.00045795448060905104 0.9999998951388414
vn -0.9999991784741986 0.0012818154811940676 -2.0883424848186723e-10
vn -0.9999991784741986 0.0012818154811940676 -2.0883424848186723e-10
vn -0.0012818153468772638 -0.9999990736132949 0.0004579541116836452
vn -0.0012818153468772638 -0.9999990736132949 0.0004579541116836452
vn -0.0012818153468772638 -0.9999990736132949 0.0004579541116836452
vn -0.0012818153468772638 -0.9999990736132949 0.0004579541116836452
vn -0.9999991784741986 0.0012818154811940676 -2.0883424848186723e-10
vn -0.9999991784741986 0.0012818154811940676 -2.0883424848186723e-10
vn 0.0012818153468772638 0.9999990736132949 -0.0004579541116836452
vn 0.0012818153468772638 0.9999990736132949 -0.0004579541116836452
vn 0.0012818153468772638 0.9999990736132949 -0.0004579541116836452
vn 0.0012818153468772638 0.9999990736132949 -0.0004579541116836452
vn -0.9999991784741986 0.0012818154811940676 -2.0883424848186723e-10
vn -0.9999991784741986 0.0012818154811940676 -2.0883424848186723e-10
vn 0 -0.00045795448060905104 -0.9999998951388414
vn 0 -0.00045795448060905104 -0.9999998951388414
vn 0 -0.00045795448060905104 -0.9999998951388414
vn 0 -0.00045795448060905104 -0.9999998951388414
vn 0.9999991784741986 -0.0012818154811940676 2.0883424848186723e-10
vn 0.9999991784741986 -0.0012818154811940676 2.0883424848186723e-10
vn 0.9999991784741986 -0.0012818154811940676 2.0883424848186723e-10
vn 0.9999991784741986 -0.0012818154811940676 2.0883424848186723e-10
vn 0.9999991784741986 -0.0012818154811940676 2.0883424848186723e-10
vn 0.9999991784741986 -0.0012818154811940676 2.0883424848186723e-10
vn 0.9999991784741986 -0.0012818154811940676 2.0883424848186723e-10
vn 0.9999991784741986 -0.0012818154811940676 2.0883424848186723e-10
vn 0.9999991784741986 -0.0012818154811940676 2.0883424848186723e-10
vn 0.9999991784741986 -0.0012818154811940676 2.0883424848186723e-10
vn 0.9999991784741986 -0.0012818154811940676 2.0883424848186723e-10
vn 0.9999991784741986 -0.0012818154811940676 2.0883424848186723e-10
vn 0 -0.00045795448060905104 -0.9999998951388414
vn 0 -0.00045795448060905104 -0.9999998951388414
vn 0 -0.00045795448060905104 -0.9999998951388414
vn 0 -0.00045795448060905104 -0.9999998951388414
vn 0.0012818153468772638 0.9999990736132949 -0.0004579541116836452
vn 0.0012818153468772638 0.9999990736132949 -0.0004579541116836452
vn 0.0012818153468772638 0.9999990736132949 -0.0004579541116836452
vn 0.0012818153468772638 0.9999990736132949 -0.0004579541116836452
vn -0.0012818153468772638 -0.9999990736132949 0.0004579541116836452
vn -0.0012818153468772638 -0.9999990736132949 0.0004579541116836452
vn -0.0012818153468772638 -0.9999990736132949 0.0004579541116836452
vn -0.0012818153468772638 -0.9999990736132949 0.0004579541116836452
vn 0 0.00045795448060905104 0.9999998951388414
vn 0 0.00045795448060905104 0.9999998951388414
vn 0 0.00045795448060905104 0.9999998951388414
vn 0 0.00045795448060905104 0.9999998951388414
vn 0 -0.00045795448060905104 -0.9999998951388414
vn 0 -0.00045795448060905104 -0.9999998951388414
vn 0 -0.00045795448060905104 -0.9999998951388414
vn 0 -0.00045795448060905104 -0.9999998951388414
vn 0.0012818153468772638 0.9999990736132949 -0.0004579541116836452
vn 0.0012818153468772638 0.9999990736132949 -0.0004579541116836452
vn 0.0012818153468772638 0.9999990736132949 -0.0004579541116836452
vn 0.0012818153468772638 0.9999990736132949 -0.0004579541116836452
vn -0.0012818153468772638 -0.9999990736132949 0.0004579541116836452
vn -0.0012818153468772638 -0.9999990736132949 0.0004579541116836452
vn -0.0012818153468772638 -0.9999990736132949 0.0004579541116836452
vn -0.0012818153468772638 -0.9999990736132949 0.0004579541116836452
vn 0 0.00045795448060905104 0.9999998951388414
vn 0 0.00045795448060905104 0.9999998951388414
vn 0 0.00045795448060905104 0.9999998951388414
vn 0 0.00045795448060905104 0.9999998951388414
vn -0.0012818153468772638 -0.9999990736132949 0.0004579541116836452
vn -0.0012818153468772638 -0.9999990736132949 0.0004579541116836452
vn -0.0012818153468772638 -0.9999990736132949 0.0004579541116836452
vn -0.0012818153468772638 -0.9999990736132949 0.0004579541116836452
vn -0.9999991784741986 0.0012818154811940676 -2.0883424848186723e-10
vn -0.9999991784741986 0.0012818154811940676 -2.0883424848186723e-10
vn -0.9999991784741986 0.0012818154811940676 -2.0883424848186723e-10
vn -0.9999991784741986 0.0012818154811940676 -2.0883424848186723e-10
vn -0.9999991784741986 0.0012818154811940676 -2.0883424848186723e-10
vn -0.9999991784741986 0.0012818154811940676 -2.0883424848186723e-10
vn -0.9999991784741986 0.0012818154811940676 -2.0883424848186723e-10
vn -0.9999991784741986 0.0012818154811940676 -2.0883424848186723e-10
vn -0.9999991784741986 0.0012818154811940676 -2.0883424848186723e-10
vn -0.9999991784741986 0.0012818154811940676 -2.0883424848186723e-10
vn -0.9999991784741986 0.0012818154811940676 -2.0883424848186723e-10
vn -0.9999991784741986 0.0012818154811940676 -2.0883424848186723e-10
vn 0 0.00045795448060905104 0.9999998951388414
vn 0 0.00045795448060905104 0.9999998951388414
vn 0 0.00045795448060905104 0.9999998951388414
vn 0 0.00045795448060905104 0.9999998951388414
vn -0.0012818153468772638 -0.9999990736132949 0.0004579541116836452
vn -0.0012818153468772638 -0.9999990736132949 0.0004579541116836452
vn -0.0012818153468772638 -0.9999990736132949 0.0004579541116836452
vn -0.0012818153468772638 -0.9999990736132949 0.0004579541116836452
vn 0 -0.00045795448060905104 -0.9999998951388414
vn 0 -0.00045795448060905104 -0.9999998951388414
vn 0 -0.00045795448060905104 -0.9999998951388414
vn 0 -0.00045795448060905104 -0.9999998951388414
vn 0.0012818153468772638 0.9999990736132949 -0.0004579541116836452
vn 0.0012818153468772638 0.9999990736132949 -0.0004579541116836452
vn 0.0012818153468772638 0.9999990736132949 -0.0004579541116836452
vn 0.0012818153468772638 0.9999990736132949 -0.0004579541116836452
vn 0 0.00045795448060905104 0.9999998951388414
vn 0 0.00045795448060905104 0.9999998951388414
vn 0 0.00045795448060905104 0.9999998951388414
vn 0 0.00045795448060905104 0.9999998951388414
vn 0 0.00045795448060905104 0.9999998951388414
vn 0 0.00045795448060905104 0.9999998951388414
vn 0 0.00045795448060905104 0.9999998951388414
vn 0 0.00045795448060905104 0.9999998951388414
vn -0.0012818153468772638 -0.9999990736132949 0.0004579541116836452
vn -0.0012818153468772638 -0.9999990736132949 0.0004579541116836452
vn -0.0012818153468772638 -0.9999990736132949 0.0004579541116836452
vn -0.0012818153468772638 -0.9999990736132949 0.0004579541116836452
vn 0 -0.00045795448060905104 -0.9999998951388414
vn 0 -0.00045795448060905104 -0.9999998951388414
vn 0 -0.00045795448060905104 -0.9999998951388414
vn 0 -0.00045795448060905104 -0.9999998951388414
vn 0.0012818153468772638 0.9999990736132949 -0.0004579541116836452
vn 0.0012818153468772638 0.9999990736132949 -0.0004579541116836452
vn 0.0012818153468772638 0.9999990736132949 -0.0004579541116836452
vn 0.0012818153468772638 0.9999990736132949 -0.0004579541116836452
vn -0.00021363130375627346 0.15140371158938887 0.9884719877055814
vn -0.00021363130375627346 0.15140371158938887 0.9884719877055814
vn 0.0011902546966500577 0.7557810664337525 -0.6548233066362383
vn 0.0012818241913198367 0.77068145355523 -0.6372193139514374
vn 0.0012818241913198367 0.77068145355523 -0.6372193139514374
vn 0.0011902509900762364 0.7558092570018883 -0.6547907683625619
vn 0.0011292125854931287 0.740519237654078 -0.6720342130748703
vn 0.0011292125854931287 0.740519237654078 -0.6720342130748703
vn 0.0012817985142686622 0.8435149048422375 -0.5371042378361578
vn 0.0012817985142686622 0.8435149048422375 -0.5371042378361578
vn -0.9999950475900886 0.002960370953257746 -0.0010681756013222906
vn -0.9999972271256526 0.0022279129291175705 -0.0007629842630521648
vn -0.9999983713877041 0.0017090857762707481 -0.0005798687342165593
vn -0.9999950475900886 0.002960370953257746 -0.0010681756013222906
vn -0.0002441558958546636 0.2723865787971211 0.9621878673518484
vn -0.0002441558958546636 0.2723865787971211 0.9621878673518484
vn 0.000610377902617929 0.9106838363089622 0.41310359200133734
vn 0.000610377902617929 0.9106838363089622 0.41310359200133734
vn 0.000610377902617929 0.9106838363089622 0.41310359200133734
vn 0.000610377902617929 0.9106838363089622 0.41310359200133734
vn 0.0012512896608876908 0.9034005940582656 -0.4287957566596914
vn 0.0012512896608876908 0.9034005940582656 -0.4287957566596914
vn -0.000152595827995849 -0.12818065872304674 -0.9917508232635045
vn 0.00015259519718560435 0.13284920753363777 -0.9911362493483883
vn 0.00015259519718560435 0.13284920753363777 -0.9911362493483883
vn -0.000152595827995849 -0.12818065872304674 -0.9917508232635045
vn 0.00015259519718560435 0.13284920753363777 -0.9911362493483883
vn -0.000152595827995849 -0.12818065872304674 -0.9917508232635045
vn -0.000152595827995849 -0.12818065872304674 -0.9917508232635045
vn 0.00015259519718560435 0.13284920753363777 -0.9911362493483883
vn -0.00015259519718560435 -0.13284920753363777 0.9911362493483883
vn 0.000152595827995849 0.12818065872304674 0.9917508232635045
vn 0.000152595827995849 0.12818065872304674 0.9917508232635045
vn -0.00015259519718560435 -0.13284920753363777 0.9911362493483883
vn -0.0012818039147938435 -0.9917500215198071 0.12818054374274737
vn -0.0012817984388380193 -0.9911354467244436 -0.13284909950428553
vn -0.0012817984388380193 -0.9911354467244436 -0.13284909950428553
vn -0.0012818039147938435 -0.9917500215198071 0.12818054374274737
vn 0.0012817984388380193 0.9911354467244436 0.13284909950428553
vn 0.0012818039147938435 0.9917500215198071 -0.12818054374274737
vn 0.0012818039147938435 0.9917500215198071 -0.12818054374274737
vn 0.0012817984388380193 0.9911354467244436 0.13284909950428553
vn -0.0003051888507661474 -0.2565419231755836 -0.9665330560892048
vn -0.0003051888507661474 -0.2565419231755836 -0.9665330560892048
vn -0.0009155629409455625 -0.7054413467740491 -0.7087677108941386
vn -0.0009155629409455625 -0.7054413467740491 -0.7087677108941386
vn -0.0009155629409455625 -0.7054413467740491 -0.7087677108941386
vn -0.0009155629409455625 -0.7054413467740491 -0.7087677108941386
vn -0.0012512861409158737 -0.9653215333108225 -0.2610608580569596
vn -0.0012512861409158737 -0.9653215333108225 -0.2610608580569596
vn -0.00015259519718560435 -0.13284920753363777 0.9911362493483883
vn -0.00015259519718560435 -0.13284920753363777 0.9911362493483883
vn -0.0006408979782994766 -0.5020365833104594 0.8648461471659231
vn -0.0006408979782994766 -0.5020365833104594 0.8648461471659231
vn -0.0010986924151555964 -0.8672039277898753 0.4979519459755025
vn -0.0010986924151555964 -0.8672039277898753 0.4979519459755025
vn -0.0010986924151555964 -0.8672039277898753 0.4979519459755025
vn -0.0010986924151555964 -0.8672039277898753 0.4979519459755025
vn 0.001129211584650117 0.8672038983076028 -0.4979519290466643
vn 0.001129211584650117 0.8672038983076028 -0.4979519290466643
vn 0.0009155629409455625 0.7087677108941386 -0.7054413467740491
vn 0.0009155629409455625 0.7087677108941386 -0.7054413467740491
vn 0.0003357084929832865 0.2610894654063995 -0.9653145489184385
vn 0.0003357084929832865 0.2610894654063995 -0.9653145489184385
vn 0.000152595827995849 0.12818065872304674 0.9917508232635045
vn 0.000152595827995849 0.12818065872304674 0.9917508232635045
vn 0.0003051888507661474 0.2565419231755836 0.9665330560892048
vn 0.0003051888507661474 0.2565419231755836 0.9665330560892048
vn 0.0009155629409455625 0.7054413467740491 0.7087677108941386
vn 0.0009155629409455625 0.7054413467740491 0.7087677108941386
vn 0.001098681856709837 0.8648458011629061 0.5020363862401497
vn 0.001098681856709837 0.8648458011629061 0.5020363862401497
vn 0.001098681856709837 0.8648458011629061 0.5020363862401497
vn 0.001098681856709837 0.8648458011629061 0.5020363862401497
vn 0.0012512762451136398 0.96531384393064 0.26108928936976805
vn 0.0012512762451136398 0.96531384393064 0.26108928936976805
vn 0.0009155629409455625 0.7054413467740491 0.7087677108941386
vn 0.0009155629409455625 0.7054413467740491 0.7087677108941386
vn 0.0006409041276895014 0.49795214338114047 0.8672042735964965
vn 0.0006409041276895014 0.49795214338114047 0.8672042735964965
vn 0.0006409041276895014 0.49795214338114047 0.8672042735964965
vn 0.0006409041276895014 0.49795214338114047 0.8672042735964965
vn -0.0012818039147938435 -0.9917500215198071 0.12818054374274737
vn -0.0012818039147938435 -0.9917500215198071 0.12818054374274737
vn -0.0010986924151555964 -0.8672039277898753 0.4979519459755025
vn -0.0010986924151555964 -0.8672039277898753 0.4979519459755025
vn -0.0009155629409455625 -0.7087677108941386 0.7054413467740491
vn -0.0009155629409455625 -0.7087677108941386 0.7054413467740491
vn -0.0003357084929832865 -0.2610894654063995 0.9653145489184385
vn -0.0003357084929832865 -0.2610894654063995 0.9653145489184385
vn -0.0003051888507661474 -0.2565419231755836 -0.9665330560892048
vn -0.0003051888507661474 -0.2565419231755836 -0.9665330560892048
vn -0.0009155629409455625 -0.7054413467740491 -0.7087677108941386
vn -0.0009155629409455625 -0.7054413467740491 -0.7087677108941386
vn -0.001098681856709837 -0.8648458011629061 -0.5020363862401497
vn -0.001098681856709837 -0.8648458011629061 -0.5020363862401497
vn -0.001098681856709837 -0.8648458011629061 -0.5020363862401497
vn -0.001098681856709837 -0.8648458011629061 -0.5020363862401497
vn -0.0012817984388380193 -0.9911354467244436 -0.13284909950428553
vn -0.0012817984388380193 -0.9911354467244436 -0.13284909950428553
vn 0.0010986924151555964 0.8672039277898753 -0.4979519459755025
vn 0.0010986924151555964 0.8672039277898753 -0.4979519459755025
vn 0.0009155629409455625 0.7087677108941386 -0.7054413467740491
vn 0.0009155629409455625 0.7087677108941386 -0.7054413467740491
vn 0.0003357084929832865 0.2610894654063995 -0.9653145489184385
vn 0.0003357084929832865 0.2610894654063995 -0.9653145489184385
vn 0 0.00045795448060905104 0.9999998951388414
vn 0 0.00045795448060905104 0.9999998951388414
vn 0 0.00045795448060905104 0.9999998951388414
vn 0 0.00045795448060905104 0.9999998951388414
vn 0 0.00045795448060905104 0.9999998951388414
vn 0 0.00045795448060905104 0.9999998951388414
vn 0 0.00045795448060905104 0.9999998951388414
vn 0 0.00045795448060905104 0.9999998951388414
vn 0 0.00045795448060905104 0.9999998951388414
vn 0 0.00045795448060905104 0.9999998951388414
vn 0 0.00045795448060905104 0.9999998951388414
vn 0 0.00045795448060905104 0.9999998951388414
vn 0 0.00045795448060905104 0.9999998951388414
vn 0 0.00045795448060905104 0.9999998951388414
vn 0 0.00045795448060905104 0.9999998951388414
vn 0 0.00045795448060905104 0.9999998951388414
vn 0 0.00045795448060905104 0.9999998951388414
vn 0 0.00045795448060905104 0.9999998951388414
vn 0 0.00045795448060905104 0.9999998951388414
vn 0 0.00045795448060905104 0.9999998951388414
vn 0 0.00045795448060905104 0.9999998951388414
vn 0 0.00045795448060905104 0.9999998951388414
vn 0 0.00045795448060905104 0.9999998951388414
vn 0 0.00045795448060905104 0.9999998951388414
vn 0 0.00045795448060905104 0.9999998951388414
vn 0 0.00045795448060905104 0.9999998951388414
vn 0 0.00045795448060905104 0.9999998951388414
vn 0 0.00045795448060905104 0.9999998951388414
vn 0 0.00045795448060905104 0.9999998951388414
vn 0 0.00045795448060905104 0.9999998951388414
vn 0 0.00045795448060905104 0.9999998951388414
vn 0 0.00045795448060905104 0.9999998951388414
vn 0 -0.00045795448060905104 -0.9999998951388414
vn 0 -0.00045795448060905104 -0.9999998951388414
vn 0 -0.00045795448060905104 -0.9999998951388414
vn 0 -0.00045795448060905104 -0.9999998951388414
vn 0 -0.00045795448060905104 -0.9999998951388414
vn 0 -0.00045795448060905104 -0.9999998951388414
vn 0 -0.00045795448060905104 -0.9999998951388414
vn 0 -0.00045795448060905104 -0.9999998951388414
vn 0 -0.00045795448060905104 -0.9999998951388414
vn 0 -0.00045795448060905104 -0.9999998951388414
vn 0 -0.00045795448060905104 -0.9999998951388414
vn 0 -0.00045795448060905104 -0.9999998951388414
vn 0 -0.00045795448060905104 -0.9999998951388414
vn 0 -0.00045795448060905104 -0.9999998951388414
vn 0 -0.00045795448060905104 -0.9999998951388414
vn 0 -0.00045795448060905104 -0.9999998951388414
vn 0 -0.00045795448060905104 -0.9999998951388414
vn 0 -0.00045795448060905104 -0.9999998951388414
vn 0 -0.00045795448060905104 -0.9999998951388414
vn 0 -0.00045795448060905104 -0.9999998951388414
vn 0 -0.00045795448060905104 -0.9999998951388414
vn 0 -0.00045795448060905104 -0.9999998951388414
vn 0 -0.00045795448060905104 -0.9999998951388414
vn 0 -0.00045795448060905104 -0.9999998951388414
vn 0 -0.00045795448060905104 -0.9999998951388414
vn 0 -0.00045795448060905104 -0.9999998951388414
vn 0 -0.00045795448060905104 -0.9999998951388414
vn 0 -0.00045795448060905104 -0.9999998951388414
vn 0 -0.00045795448060905104 -0.9999998951388414
vn 0 -0.00045795448060905104 -0.9999998951388414
vn 0 -0.00045795448060905104 -0.9999998951388414
vn 0 -0.00045795448060905104 -0.9999998951388414
vn 0 0.00045795448060905104 0.9999998951388414
vn 0 0.00045795448060905104 0.9999998951388414
vn 0 0.00045795448060905104 0.9999998951388414
vn 0 0.00045795448060905104 0.9999998951388414
vn 0 0.00045795448060905104 0.9999998951388414
vn 0 0.00045795448060905104 0.9999998951388414
vn 0 0.00045795448060905104 0.9999998951388414
vn 0 0.00045795448060905104 0.9999998951388414
vn 0 0.00045795448060905104 0.9999998951388414
vn 0 0.00045795448060905104 0.9999998951388414
vn 0 0.00045795448060905104 0.9999998951388414
vn 0 0.00045795448060905104 0.9999998951388414
vn 0 0.00045795448060905104 0.9999998951388414
vn 0 0.00045795448060905104 0.9999998951388414
vn 0 0.00045795448060905104 0.9999998951388414
vn 0 0.00045795448060905104 0.9999998951388414
vn -0.05517834992402748 0.9969030466036654 0.056032716978493734
vn -0.029725261789903753 0.9990617806102401 -0.031495512941028224
vn -0.05502552215601035 0.9968683119863355 -0.0567957786192983
vn 0.056215869578054765 0.9969313555066752 0.0544761270209848
vn 0.05563679418343353 0.9969453795721605 -0.054812929886214466
vn 0.03280796450069921 0.9989796288441724 0.03103769675217864
vn -0.9655940815184452 0.2600533282703848 0.0005798207013114298
vn -0.920057733887538 0.39178178576385264 0.0008936763480407146
vn -0.9759972340195526 0.04641941225547096 0.21277837613826955
vn -0.9814790240405972 0.08173139593922928 -0.17325964413602393
vn -0.9994730446910911 0.0088810800192048 -0.031221136328018626
vn -0.9999991784741986 0.0012818154811940676 -2.0883424848186723e-10
vn -0.9999991784741986 0.0012818154811940676 -2.0883424848186723e-10
vn -0.9992310435408787 0.0013123344633595622 0.03918672482439489
vn -0.9901701437669218 0.004059052203928944 -0.13980919314479784
vn -0.05206592250885766 -0.9971265037263548 -0.05502613269853898
vn -0.10205588974338516 -0.99284757312749 0.061953949862293696
vn -0.05212680007773911 -0.9970928471947151 0.055575631231609426
vn 0.05636812792428825 -0.9969559242468955 0.053865752230236784
vn 0.10577982433117318 -0.9925480662664242 0.060489378532500374
vn 0.9906462850489831 -0.03292996455431665 0.13242188396598228
vn 0.9771318805558183 0.03466979932685654 0.20978868657791266
vn 0.999470561110749 0.006439528158261822 -0.0318924748187353
vn 0.9999991784741986 -0.0012818154811940676 2.0883424848186723e-10
vn 0.9999991784741986 -0.0012818154811940676 2.0883424848186723e-10
vn 0.9991935814017835 -0.0012512743589363508 0.04013254537100776
vn 0.9662646526175938 0.25755054826160007 0.0005798206189579343
vn 0.9662646526175938 0.25755054826160007 0.0005798206189579343
vn 0.9662646521268269 0.25755055010280364 0.0005798206319938393
vn 0.9761159538684514 0.04385566983302773 0.21277764174597827
vn 0.00039674897972441535 0.3265547496859402 -0.9451782043867706
vn 0.00039674897972441535 0.3265547496859402 -0.9451782043867706
vn 0.00039674897972441535 0.3265547496859402 -0.9451782043867706
vn 0.00039674897972441535 0.3265547496859402 -0.9451782043867706
vn 0.00039674897972441535 0.3265547496859402 -0.9451782043867706
vn 0.00039674897972441535 0.3265547496859402 -0.9451782043867706
vn 0.00039674897972441535 0.3265547496859402 -0.9451782043867706
vn 0.00039674897972441535 0.3265547496859402 -0.9451782043867706
vn 0.047083717795425306 -0.3001318274773805 0.9527350154442991
vn -0.047847549204876126 -0.30000976717219535 0.9527354048403849
vn -0.00036623328049264765 -0.29744233317030483 0.9547397154781975
vn -0.00036623328049264765 -0.29744233317030483 0.9547397154781975
vn -0.0012512972651607592 -0.9628580050739345 -0.270005363502649
vn -0.0012512972651607592 -0.9628580050739345 -0.270005363502649
vn -0.0012512972651607592 -0.9628580050739345 -0.270005363502649
vn -0.0012512972651607592 -0.9628580050739345 -0.270005363502649
vn -0.0012512972651607592 -0.9628580050739345 -0.270005363502649
vn -0.0012512972651607592 -0.9628580050739345 -0.270005363502649
vn -0.0012512972651607592 -0.9628580050739345 -0.270005363502649
vn -0.0012512972651607592 -0.9628580050739345 -0.270005363502649
vn -0.0012512972651607592 -0.9628580050739345 -0.270005363502649
vn -0.0012512972651607592 -0.9628580050739345 -0.270005363502649
vn 0.13611408595277796 0.010071059993138502 -0.9906419783937355
vn 0.13474101079636427 0.04312306509182385 -0.9899420494486838
vn 0.11469213163902788 0.0826160132067052 -0.9899597513545313
vn 0.08337806081689488 0.11398851274740424 -0.9899771300065718
vn 0.04391729688444218 0.13416275558864743 -0.9899856696171035
vn -0.04358150981898477 0.13428461538125339 -0.9899839867764563
vn 0.010864684978599772 0.13562528979113134 -0.9907006305586907
vn -0.010528972649955441 0.13565573994782126 -0.990700086279468
vn -0.9999990070904201 0.0013428539910193202 -0.00042727196534301636
vn -0.9999990070904201 0.0013428539910193202 -0.00042727196534301636
vn -0.9999990070904201 0.0013428539910193202 -0.00042727196534301636
vn -0.9999990070904201 0.0013428539910193202 -0.00042727196534301636
vn -0.9999990070904201 0.0013428539910193202 -0.00042727196534301636
vn 0.9999990070904201 -0.0013428539910193202 0.00042727196534301636
vn 0.9999990070904201 -0.0013428539910193202 0.00042727196534301636
vn 0.9999990070904201 -0.0013428539910193202 0.00042727196534301636
vn 0.9999990070904201 -0.0013428539910193202 0.00042727196534301636
vn 0.9999990070904201 -0.0013428539910193202 0.00042727196534301636
vn 0.9967844378289299 0.0491357456902329 -0.06329662706281645
vn 0.9966573589304868 -0.05142444288825368 -0.06347941054656811
vn 0.993813792121624 0.10400801913218506 -0.03894198948482871
vn 0.9970295428456314 -0.005157746013005485 -0.07684717528378508
vn 0.9970408628817483 0.0029298577424216434 -0.0768175349619327
vn -0.9938537252309555 -0.10342915763724596 -0.03946114791794897
vn -0.9966532392612815 0.05172939956038315 -0.06329604956959825
vn -0.9967877688687072 -0.04883073926255873 -0.06347993964093583
vn -0.9970395277266937 -0.002563645470821544 -0.07684795294886695
vn -0.9970299302670149 0.0055239525477268 -0.07681669154553558
vn -0.9999991784741986 0.0012818154811940676 -2.0883424848186723e-10
vn -0.9999991784741986 0.0012818154811940676 -2.0883424848186723e-10
vn -0.9999991784741986 0.0012818154811940676 -2.0883424848186723e-10
vn -0.9999991784741986 0.0012818154811940676 -2.0883424848186723e-10
vn -0.9999991784741986 0.0012818154811940676 -2.0883424848186723e-10
vn -0.9999991784741986 0.0012818154811940676 -2.0883424848186723e-10
vn -0.9999991784741986 0.0012818154811940676 -2.0883424848186723e-10
vn -0.9999991784741986 0.0012818154811940676 -2.0883424848186723e-10
vn -0.9999991784741986 0.0012818154811940676 -2.0883424848186723e-10
vn -0.9999991784741986 0.0012818154811940676 -2.0883424848186723e-10
vn -0.9999991784741986 0.0012818154811940676 -2.0883424848186723e-10
vn -0.9999991784741986 0.0012818154811940676 -2.0883424848186723e-10
vn -0.9999991784741986 0.0012818154811940676 -2.0883424848186723e-10
vn -0.9999991784741986 0.0012818154811940676 -2.0883424848186723e-10
vn -0.9999991784741986 0.0012818154811940676 -2.0883424848186723e-10
vn -0.9999991784741986 0.0012818154811940676 -2.0883424848186723e-10
vn 0.9999991784741986 -0.0012818154811940676 2.0883424848186723e-10
vn 0.9999991784741986 -0.0012818154811940676 2.0883424848186723e-10
vn 0.9999991784741986 -0.0012818154811940676 2.0883424848186723e-10
vn 0.9999991784741986 -0.0012818154811940676 2.0883424848186723e-10
vn 0.9999991784741986 -0.0012818154811940676 2.0883424848186723e-10
vn 0.9999991784741986 -0.0012818154811940676 2.0883424848186723e-10
vn 0.9999991784741986 -0.0012818154811940676 2.0883424848186723e-10
vn 0.9999991784741986 -0.0012818154811940676 2.0883424848186723e-10
vn 0.9999991784741986 -0.0012818154811940676 2.0883424848186723e-10
vn 0.9999991784741986 -0.0012818154811940676 2.0883424848186723e-10
vn 0.9999991784741986 -0.0012818154811940676 2.0883424848186723e-10
vn 0.9999991784741986 -0.0012818154811940676 2.0883424848186723e-10
vn 0.9999991784741986 -0.0012818154811940676 2.0883424848186723e-10
vn 0.9999991784741986 -0.0012818154811940676 2.0883424848186723e-10
vn 0.9999991784741986 -0.0012818154811940676 2.0883424848186723e-10
vn 0.9999991784741986 -0.0012818154811940676 2.0883424848186723e-10
vn 0.9812758710342894 0.004944101685012201 0.1925440749138365
vn 0.9893435438013475 -0.10458955963169762 0.10129351585683458
vn 0.9812579385465756 -0.008392788457259359 0.1925160230766167
vn 0.9885996873644759 -0.10715194975476879 0.10577862641673913
vn 0.9888305516959658 0.10422398240615718 0.10654342553181377
vn 0.9888305516959658 0.10422398240615718 0.10654342553181377
vn 0.9967844378289299 0.0491357456902329 -0.06329662706281645
vn 0.9808531085847401 0.19462026448106243 0.007080397797670845
vn 0.9895739690885528 0.1019024818325129 0.1017803708909648
vn 0.99358031947237 -0.10602340620790046 -0.03946119731150737
vn 0.9885996873644759 -0.10715194975476879 0.10577862641673913
vn 0.9966573589304868 -0.05142444288825368 -0.06347941054656811
vn 0.9805803968129738 -0.19608557428194398 -0.0035401899145639047
vn 0.9804880227440863 -0.19648213993798494 0.006164895845180283
vn -0.9935421177556394 0.10657191310456111 -0.03894210552696536
vn -0.9885569566437286 0.10678772609963211 0.10654353582343386
vn -0.9966532392612815 0.05172939956038315 -0.06329604956959825
vn -0.9804361862455152 0.1968197033853145 -0.0026247018242373833
vn -0.9803465969948814 0.19715581776771376 0.007080485922573734
vn -0.9896144277245841 -0.10199503446982704 0.10129312603944383
vn -0.9812590768449404 0.00750779867252909 0.19254676592586112
vn -0.9893033128439613 0.10449701433993121 0.10178078988690997
vn -0.9888741905677629 -0.10458833537576859 0.1057786147209228
vn -0.9885569566437286 0.10678772609963211 0.10654353582343386
vn -0.9888741905677629 -0.10458833537576859 0.1057786147209228
vn -0.9967877688687072 -0.04883073926255873 -0.06347993964093583
vn -0.9809927799759717 -0.19394628325167396 0.006164807205150234
vn -0.9896144277245841 -0.10199503446982704 0.10129312603944383
f 1/1/1 2/2/2 3/3/3
f 2/2/2 4/4/4 3/3/3
f 5/5/5 6/6/6 7/7/7
f 8/8/8 9/9/9 10/10/10
f 11/11/11 12/12/12 13/13/13
f 12/12/12 14/14/14 13/13/13
f 15/15/15 16/16/16 17/17/17
f 18/18/18 19/19/19 20/20/20
f 19/19/19 21/21/21 20/20/20
f 22/22/22 23/23/23 24/24/24
f 23/23/23 25/25/25 24/24/24
f 26/26/26 27/27/27 28/28/28
f 29/29/29 30/30/30 31/31/31
f 30/30/30 32/32/32 31/31/31
f 32/32/32 33/33/33 31/31/31
f 34/34/34 35/35/35 36/36/36
f 35/35/35 37/37/37 36/36/36
f 37/37/37 38/38/38 36/36/36
f 39/39/39 40/40/40 41/41/41
f 40/40/40 42/42/42 41/41/41
f 42/42/42 43/43/43 41/41/41
f 44/44/44 45/45/45 46/46/46
f 45/45/45 47/47/47 46/46/46
f 47/47/47 48/48/48 46/46/46
f 49/49/49 50/50/50 51/51/51
f 50/50/50 52/52/52 51/51/51
f 52/52/52 53/53/53 51/51/51
f 54/54/54 55/55/55 56/56/56
f 55/55/55 57/57/57 56/56/56
f 57/57/57 58/58/58 56/56/56
f 59/59/59 60/60/60 61/61/61
f 60/60/60 62/62/62 61/61/61
f 62/62/62 63/63/63 61/61/61
f 64/64/64 65/65/65 66/66/66
f 65/65/65 67/67/67 66/66/66
f 67/67/67 68/68/68 66/66/66
f 69/69/69 70/70/70 71/71/71
f 70/70/70 72/72/72 71/71/71
f 72/72/72 73/73/73 71/71/71
f 74/74/74 75/75/75 76/76/76
f 75/75/75 77/77/77 76/76/76
f 77/77/77 78/78/78 76/76/76
f 79/79/79 80/80/80 81/81/81
f 80/80/80 82/82/82 81/81/81
f 82/82/82 83/83/83 81/81/81
f 84/84/84 85/85/85 86/86/86
f 85/85/85 87/87/87 86/86/86
f 87/87/87 88/88/88 86/86/86
f 89/89/89 90/90/90 91/91/91
f 89/89/89 91/91/91 92/92/92
f 93/93/93 94/94/94 95/95/95
f 93/93/93 95/95/95 96/96/96
f 97/97/97 98/98/98 99/99/99
f 97/97/97 99/99/99 100/100/100
f 101/101/101 97/97/97 100/100/100
f 101/101/101 100/100/100 102/102/102
f 103/103/103 101/101/101 102/102/102
f 103/103/103 102/102/102 104/104/104
f 105/105/105 103/103/103 104/104/104
f 105/105/105 104/104/104 106/106/106
f 107/107/107 105/105/105 106/106/106
f 107/107/107 106/106/106 108/108/108
f 109/109/109 107/107/107 108/108/108
f 109/109/109 108/108/108 110/110/110
f 111/111/111 109/109/109 110/110/110
f 111/111/111 110/110/110 112/112/112
f 113/113/113 111/111/111 112/112/112
f 113/113/113 112/112/112 114/114/114
f 115/115/115 113/113/113 114/114/114
f 115/115/115 114/114/114 116/116/116
f 117/117/117 115/115/115 116/116/116
f 117/117/117 116/116/116 118/118/118
f 119/119/119 117/117/117 118/118/118
f 119/119/119 118/118/118 120/120/120
f 121/121/121 119/119/119 120/120/120
f 121/121/121 120/120/120 122/122/122
f 123/123/123 121/121/121 122/122/122
f 123/123/123 122/122/122 124/124/124
f 125/125/125 123/123/123 124/124/124
f 125/125/125 124/124/124 126/126/126
f 127/127/127 125/125/125 126/126/126
f 127/127/127 126/126/126 128/128/128
f 129/129/129 127/127/127 128/128/128
f 129/129/129 128/128/128 130/130/130
f 131/131/131 129/129/129 130/130/130
f 131/131/131 130/130/130 132/132/132
f 133/133/133 131/131/131 132/132/132
f 133/133/133 132/132/132 134/134/134
f 135/135/135 133/133/133 134/134/134
f 135/135/135 134/134/134 136/136/136
f 137/137/137 135/135/135 136/136/136
f 137/137/137 136/136/136 138/138/138
f 139/139/139 137/137/137 138/138/138
f 139/139/139 138/138/138 140/140/140
f 141/141/141 139/139/139 140/140/140
f 141/141/141 140/140/140 142/142/142
f 143/143/143 141/141/141 142/142/142
f 143/143/143 142/142/142 144/144/144
f 145/145/145 143/143/143 144/144/144
f 145/145/145 144/144/144 146/146/146
f 147/147/147 145/145/145 146/146/146
f 147/147/147 146/146/146 148/148/148
f 149/149/149 147/147/147 148/148/148
f 149/149/149 148/148/148 150/150/150
f 151/151/151 149/149/149 150/150/150
f 151/151/151 150/150/150 152/152/152
f 153/153/153 151/151/151 152/152/152
f 153/153/153 152/152/152 154/154/154
f 155/155/155 156/156/156 157/157/157
f 155/155/155 157/157/157 158/158/158
f 98/98/98 93/93/93 96/96/96
f 98/98/98 96/96/96 99/99/99
f 159/159/159 160/160/160 161/161/161
f 159/159/159 161/161/161 162/162/162
f 163/163/163 164/164/164 165/165/165
f 163/163/163 165/165/165 166/166/166
f 167/167/167 168/168/168 169/169/169
f 167/167/167 169/169/169 170/170/170
f 171/171/171 172/172/172 173/173/173
f 171/171/171 173/173/173 174/174/174
f 175/175/175 176/176/176 177/177/177
f 175/175/175 177/177/177 178/178/178
f 179/179/179 180/180/180 181/181/181
f 179/179/179 181/181/181 182/182/182
f 183/183/183 184/184/184 90/90/90
f 183/183/183 90/90/90 89/89/89
f 185/185/185 186/186/186 187/187/187
f 185/185/185 187/187/187 188/188/188
f 158/158/158 157/157/157 189/189/189
f 158/158/158 189/189/189 190/190/190
f 170/170/170 169/169/169 191/191/191
f 170/170/170 191/191/191 192/192/192
f 174/174/174 173/173/173 193/193/193
f 174/174/174 193/193/193 194/194/194
f 178/178/178 177/177/177 195/195/195
f 178/178/178 195/195/195 196/196/196
f 182/182/182 181/181/181 197/197/197
f 182/182/182 197/197/197 198/198/198
f 188/188/188 187/187/187 199/199/199
f 188/188/188 199/199/199 200/200/200
f 190/190/190 189/189/189 201/201/201
f 190/190/190 201/201/201 202/202/202
f 192/192/192 191/191/191 203/203/203
f 192/192/192 203/203/203 204/204/204
f 194/194/194 193/193/193 205/205/205
f 194/194/194 205/205/205 206/206/206
f 196/196/196 195/195/195 207/207/207
f 196/196/196 207/207/207 208/208/208
f 198/198/198 197/197/197 209/209/209
f 198/198/198 209/209/209 210/210/210
f 211/211/211 212/212/212 213/213/213
f 211/211/211 213/213/213 214/214/214
f 214/214/214 213/213/213 215/215/215
f 214/214/214 215/215/215 216/216/216
f 200/200/200 199/199/199 217/217/217
f 200/200/200 217/217/217 218/218/218
f 202/202/202 201/201/201 219/219/219
f 202/202/202 219/219/219 220/220/220
f 204/204/204 203/203/203 221/221/221
f 204/204/204 221/221/221 222/222/222
f 206/206/206 205/205/205 223/223/223
f 206/206/206 223/223/223 224/224/224
f 208/208/208 207/207/207 156/156/156
f 208/208/208 156/156/156 155/155/155
f 210/210/210 209/209/209 168/168/168
f 210/210/210 168/168/168 167/167/167
f 216/216/216 215/215/215 172/172/172
f 216/216/216 172/172/172 171/171/171
f 218/218/218 217/217/217 176/176/176
f 218/218/218 176/176/176 175/175/175
f 220/220/220 219/219/219 180/180/180
f 220/220/220 180/180/180 179/179/179
f 222/222/222 221/221/221 184/184/184
f 222/222/222 184/184/184 183/183/183
f 224/224/224 223/223/223 186/186/186
f 224/224/224 186/186/186 185/185/185
f 225/225/225 226/226/226 227/227/227
f 225/225/225 227/227/227 228/228/228
f 229/229/229 163/163/163 166/166/166
f 229/229/229 166/166/166 230/230/230
f 231/231/231 225/225/225 228/228/228
f 231/231/231 228/228/228 232/232/232
f 233/233/233 229/229/229 230/230/230
f 233/233/233 230/230/230 234/234/234
f 235/235/235 231/231/231 232/232/232
f 235/235/235 232/232/232 236/236/236
f 237/237/237 233/233/233 234/234/234
f 237/237/237 234/234/234 238/238/238
f 239/239/239 235/235/235 236/236/236
f 239/239/239 236/236/236 240/240/240
f 241/241/241 237/237/237 238/238/238
f 241/241/241 238/238/238 242/242/242
f 243/243/243 239/239/239 240/240/240
f 243/243/243 240/240/240 244/244/244
f 245/245/245 241/241/241 242/242/242
f 245/245/245 242/242/242 246/246/246
f 247/247/247 243/243/243 244/244/244
f 247/247/247 244/244/244 248/248/248
f 249/249/249 245/245/245 246/246/246
f 249/249/249 246/246/246 250/250/250
f 251/251/251 247/247/247 248/248/248
f 251/251/251 248/248/248 252/252/252
f 253/253/253 249/249/249 250/250/250
f 253/253/253 250/250/250 254/254/254
f 255/255/255 251/251/251 252/252/252
f 255/255/255 252/252/252 256/256/256
f 257/257/257 253/253/253 254/254/254
f 257/257/257 254/254/254 258/258/258
f 259/259/259 255/255/255 256/256/256
f 259/259/259 256/256/256 260/260/260
f 261/261/261 262/262/262 263/263/263
f 261/261/261 263/263/263 264/264/264
f 265/265/265 257/257/257 258/258/258
f 265/265/265 258/258/258 266/266/266
f 267/267/267 259/259/259 260/260/260
f 267/267/267 260/260/260 268/268/268
f 269/269/269 153/153/153 154/154/154
f 269/269/269 154/154/154 270/270/270
f 271/271/271 265/265/265 266/266/266
f 271/271/271 266/266/266 272/272/272
f 273/273/273 267/267/267 268/268/268
f 273/273/273 268/268/268 274/274/274
f 275/275/275 261/261/261 264/264/264
f 275/275/275 264/264/264 276/276/276
f 277/277/277 271/271/271 272/272/272
f 277/277/277 272/272/272 278/278/278
f 279/279/279 273/273/273 274/274/274
f 279/279/279 274/274/274 280/280/280
f 281/281/281 275/275/275 276/276/276
f 281/281/281 276/276/276 282/282/282
f 283/283/283 277/277/277 278/278/278
f 283/283/283 278/278/278 284/284/284
f 164/164/164 279/279/279 280/280/280
f 164/164/164 280/280/280 165/165/165
f 226/226/226 281/281/281 282/282/282
f 226/226/226 282/282/282 227/227/227
f 285/285/285 283/283/283 284/284/284
f 285/285/285 284/284/284 286/286/286
f 287/287/287 288/288/288 289/289/289
f 287/287/287 289/289/289 290/290/290
f 291/291/291 287/287/287 290/290/290
f 291/291/291 290/290/290 292/292/292
f 293/293/293 291/291/291 292/292/292
f 293/293/293 292/292/292 294/294/294
f 295/295/295 293/293/293 294/294/294
f 295/295/295 294/294/294 296/296/296
f 297/297/297 295/295/295 296/296/296
f 297/297/297 296/296/296 298/298/298
f 299/299/299 297/297/297 298/298/298
f 299/299/299 298/298/298 300/300/300
f 301/301/301 299/299/299 300/300/300
f 301/301/301 300/300/300 302/302/302
f 303/303/303 301/301/301 302/302/302
f 303/303/303 302/302/302 304/304/304
f 305/305/305 303/303/303 304/304/304
f 305/305/305 304/304/304 306/306/306
f 307/307/307 305/305/305 306/306/306
f 307/307/307 306/306/306 308/308/308
f 309/309/309 307/307/307 308/308/308
f 309/309/309 308/308/308 310/310/310
f 311/311/311 309/309/309 310/310/310
f 311/311/311 310/310/310 312/312/312
f 313/313/313 311/311/311 312/312/312
f 313/313/313 312/312/312 314/314/314
f 315/315/315 313/313/313 314/314/314
f 315/315/315 314/314/314 316/316/316
f 317/317/317 315/315/315 316/316/316
f 317/317/317 316/316/316 318/318/318
f 319/319/319 317/317/317 318/318/318
f 319/319/319 318/318/318 320/320/320
f 321/321/321 319/319/319 320/320/320
f 321/321/321 320/320/320 322/322/322
f 323/323/323 321/321/321 322/322/322
f 323/323/323 322/322/322 324/324/324
f 325/325/325 323/323/323 324/324/324
f 325/325/325 324/324/324 326/326/326
f 327/327/327 325/325/325 326/326/326
f 327/327/327 326/326/326 328/328/328
f 329/329/329 327/327/327 328/328/328
f 329/329/329 328/328/328 330/330/330
f 331/331/331 329/329/329 330/330/330
f 331/331/331 330/330/330 332/332/332
f 333/333/333 331/331/331 332/332/332
f 333/333/333 332/332/332 334/334/334
f 335/335/335 333/333/333 334/334/334
f 335/335/335 334/334/334 336/336/336
f 337/337/337 335/335/335 336/336/336
f 337/337/337 336/336/336 338/338/338
f 339/339/339 337/337/337 338/338/338
f 339/339/339 338/338/338 340/340/340
f 341/341/341 339/339/339 340/340/340
f 341/341/341 340/340/340 342/342/342
f 343/343/343 341/341/341 342/342/342
f 343/343/343 342/342/342 344/344/344
f 345/345/345 343/343/343 344/344/344
f 345/345/345 344/344/344 346/346/346
f 347/347/347 345/345/345 346/346/346
f 347/347/347 346/346/346 348/348/348
f 349/349/349 347/347/347 348/348/348
f 349/349/349 348/348/348 350/350/350
f 351/351/351 349/349/349 350/350/350
f 351/351/351 350/350/350 352/352/352
f 94/94/94 353/353/353 354/354/354
f 94/94/94 354/354/354 95/95/95
f 355/355/355 356/356/356 357/357/357
f 355/355/355 357/357/357 358/358/358
f 359/359/359 355/355/355 358/358/358
f 359/359/359 358/358/358 360/360/360
f 361/361/361 359/359/359 360/360/360
f 361/361/361 360/360/360 362/362/362
f 363/363/363 361/361/361 362/362/362
f 363/363/363 362/362/362 364/364/364
f 365/365/365 363/363/363 364/364/364
f 365/365/365 364/364/364 366/366/366
f 367/367/367 365/365/365 366/366/366
f 367/367/367 366/366/366 368/368/368
f 369/369/369 367/367/367 368/368/368
f 369/369/369 368/368/368 370/370/370
f 371/371/371 369/369/369 370/370/370
f 371/371/371 370/370/370 372/372/372
f 373/373/373 371/371/371 372/372/372
f 373/373/373 372/372/372 374/374/374
f 375/375/375 373/373/373 374/374/374
f 375/375/375 374/374/374 376/376/376
f 377/377/377 375/375/375 376/376/376
f 377/377/377 376/376/376 378/378/378
f 379/379/379 377/377/377 378/378/378
f 379/379/379 378/378/378 380/380/380
f 381/381/381 379/379/379 380/380/380
f 381/381/381 380/380/380 382/382/382
f 383/383/383 381/381/381 382/382/382
f 383/383/383 382/382/382 384/384/384
f 385/385/385 383/383/383 384/384/384
f 385/385/385 384/384/384 386/386/386
f 387/387/387 385/385/385 386/386/386
f 387/387/387 386/386/386 388/388/388
f 389/389/389 387/387/387 388/388/388
f 389/389/389 388/388/388 390/390/390
f 391/391/391 389/389/389 390/390/390
f 391/391/391 390/390/390 392/392/392
f 393/393/393 391/391/391 392/392/392
f 393/393/393 392/392/392 394/394/394
f 395/395/395 393/393/393 394/394/394
f 395/395/395 394/394/394 396/396/396
f 397/397/397 395/395/395 396/396/396
f 397/397/397 396/396/396 398/398/398
f 399/399/399 397/397/397 398/398/398
f 399/399/399 398/398/398 400/400/400
f 401/401/401 399/399/399 400/400/400
f 401/401/401 400/400/400 402/402/402
f 403/403/403 401/401/401 402/402/402
f 403/403/403 402/402/402 404/404/404
f 405/405/405 403/403/403 404/404/404
f 405/405/405 404/404/404 406/406/406
f 407/407/407 405/405/405 406/406/406
f 407/407/407 406/406/406 408/408/408
f 409/409/409 407/407/407 408/408/408
f 409/409/409 408/408/408 410/410/410
f 411/411/411 409/409/409 410/410/410
f 411/411/411 410/410/410 412/412/412
f 413/413/413 411/411/411 412/412/412
f 413/413/413 412/412/412 414/414/414
f 415/415/415 413/413/413 414/414/414
f 415/415/415 414/414/414 416/416/416
f 417/417/417 415/415/415 416/416/416
f 417/417/417 416/416/416 418/418/418
f 419/419/419 417/417/417 418/418/418
f 419/419/419 418/418/418 420/420/420
f 262/262/262 421/421/421 422/422/422
f 262/262/262 422/422/422 263/263/263
f 423/423/423 424/424/424 425/425/425
f 423/423/423 425/425/425 426/426/426
f 427/427/427 428/428/428 429/429/429
f 427/427/427 429/429/429 430/430/430
f 431/431/431 432/432/432 433/433/433
f 431/431/431 433/433/433 434/434/434
f 160/160/160 435/435/435 436/436/436
f 160/160/160 436/436/436 161/161/161
f 428/428/428 437/437/437 438/438/438
f 428/428/428 438/438/438 429/429/429
f 432/432/432 439/439/439 440/440/440
f 432/432/432 440/440/440 433/433/433
f 435/435/435 441/441/441 442/442/442
f 435/435/435 442/442/442 436/436/436
f 437/437/437 443/443/443 444/444/444
f 437/437/437 444/444/444 438/438/438
f 439/439/439 445/445/445 446/446/446
f 439/439/439 446/446/446 440/440/440
f 447/447/447 448/448/448 449/449/449
f 447/447/447 449/449/449 450/450/450
f 443/443/443 451/451/451 452/452/452
f 443/443/443 452/452/452 444/444/444
f 445/445/445 453/453/453 454/454/454
f 445/445/445 454/454/454 446/446/446
f 455/455/455 456/456/456 457/457/457
f 455/455/455 457/457/457 458/458/458
f 451/451/451 459/459/459 460/460/460
f 451/451/451 460/460/460 452/452/452
f 453/453/453 461/461/461 462/462/462
f 453/453/453 462/462/462 454/454/454
f 459/459/459 463/463/463 464/464/464
f 459/459/459 464/464/464 460/460/460
f 461/461/461 465/465/465 466/466/466
f 461/461/461 466/466/466 462/462/462
f 463/463/463 467/467/467 468/468/468
f 463/463/463 468/468/468 464/464/464
f 465/465/465 469/469/469 470/470/470
f 465/465/465 470/470/470 466/466/466
f 467/467/467 471/471/471 472/472/472
f 467/467/467 472/472/472 468/468/468
f 469/469/469 473/473/473 474/474/474
f 469/469/469 474/474/474 470/470/470
f 471/471/471 475/475/475 476/476/476
f 471/471/471 476/476/476 472/472/472
f 477/477/477 478/478/478 479/479/479
f 477/477/477 479/479/479 480/480/480
f 475/475/475 481/481/481 482/482/482
f 475/475/475 482/482/482 476/476/476
f 473/473/473 423/423/423 426/426/426
f 473/473/473 426/426/426 474/474/474
f 481/481/481 483/483/483 484/484/484
f 481/481/481 484/484/484 482/482/482
f 424/424/424 485/485/485 486/486/486
f 424/424/424 486/486/486 425/425/425
f 483/483/483 487/487/487 488/488/488
f 483/483/483 488/488/488 484/484/484
f 485/485/485 489/489/489 490/490/490
f 485/485/485 490/490/490 486/486/486
f 487/487/487 159/159/159 162/162/162
f 487/487/487 162/162/162 488/488/488
f 489/489/489 427/427/427 430/430/430
f 489/489/489 430/430/430 490/490/490
f 441/441/441 491/491/491 492/492/492
f 441/441/441 492/492/492 442/442/442
f 493/493/493 494/494/494 495/495/495
f 493/493/493 495/495/495 496/496/496
f 497/497/497 498/498/498 499/499/499
f 497/497/497 499/499/499 500/500/500
f 478/478/478 501/501/501 502/502/502
f 478/478/478 502/502/502 479/479/479
f 498/498/498 503/503/503 504/504/504
f 498/498/498 504/504/504 499/499/499
f 501/501/501 505/505/505 506/506/506
f 501/501/501 506/506/506 502/502/502
f 503/503/503 507/507/507 508/508/508
f 503/503/503 508/508/508 504/504/504
f 505/505/505 509/509/509 510/510/510
f 505/505/505 510/510/510 506/506/506
f 511/511/511 512/512/512 513/513/513
f 511/511/511 513/513/513 514/514/514
f 507/507/507 515/515/515 516/516/516
f 507/507/507 516/516/516 508/508/508
f 509/509/509 517/517/517 518/518/518
f 509/509/509 518/518/518 510/510/510
f 456/456/456 519/519/519 520/520/520
f 456/456/456 520/520/520 457/457/457
f 515/515/515 521/521/521 522/522/522
f 515/515/515 522/522/522 516/516/516
f 517/517/517 523/523/523 524/524/524
f 517/517/517 524/524/524 518/518/518
f 519/519/519 525/525/525 526/526/526
f 519/519/519 526/526/526 520/520/520
f 521/521/521 527/527/527 528/528/528
f 521/521/521 528/528/528 522/522/522
f 523/523/523 529/529/529 530/530/530
f 523/523/523 530/530/530 524/524/524
f 525/525/525 531/531/531 532/532/532
f 525/525/525 532/532/532 526/526/526
f 527/527/527 511/511/511 514/514/514
f 527/527/527 514/514/514 528/528/528
f 529/529/529 533/533/533 534/534/534
f 529/529/529 534/534/534 530/530/530
f 531/531/531 535/535/535 536/536/536
f 531/531/531 536/536/536 532/532/532
f 537/537/537 431/431/431 434/434/434
f 537/537/537 434/434/434 538/538/538
f 533/533/533 539/539/539 540/540/540
f 533/533/533 540/540/540 534/534/534
f 535/535/535 541/541/541 542/542/542
f 535/535/535 542/542/542 536/536/536
f 539/539/539 543/543/543 544/544/544
f 539/539/539 544/544/544 540/540/540
f 541/541/541 545/545/545 546/546/546
f 541/541/541 546/546/546 542/542/542
f 543/543/543 547/547/547 548/548/548
f 543/543/543 548/548/548 544/544/544
f 545/545/545 549/549/549 550/550/550
f 545/545/545 550/550/550 546/546/546
f 547/547/547 551/551/551 552/552/552
f 547/547/547 552/552/552 548/548/548
f 549/549/549 553/553/553 554/554/554
f 549/549/549 554/554/554 550/550/550
f 551/551/551 555/555/555 556/556/556
f 551/551/551 556/556/556 552/552/552
f 553/553/553 477/477/477 480/480/480
f 553/553/553 480/480/480 554/554/554
f 555/555/555 497/497/497 500/500/500
f 555/555/555 500/500/500 556/556/556
f 557/557/557 558/558/558 559/559/559
f 557/557/557 559/559/559 560/560/560
f 558/558/558 561/561/561 562/562/562
f 558/558/558 562/562/562 559/559/559
f 561/561/561 563/563/563 564/564/564
f 561/561/561 564/564/564 562/562/562
f 563/563/563 565/565/565 566/566/566
f 563/563/563 566/566/566 564/564/564
f 565/565/565 567/567/567 568/568/568
f 565/565/565 568/568/568 566/566/566
f 567/567/567 569/569/569 570/570/570
f 567/567/567 570/570/570 568/568/568
f 569/569/569 571/571/571 572/572/572
f 569/569/569 572/572/572 570/570/570
f 571/571/571 573/573/573 574/574/574
f 571/571/571 574/574/574 572/572/572
f 573/573/573 575/575/575 576/576/576
f 573/573/573 576/576/576 574/574/574
f 575/575/575 577/577/577 578/578/578
f 575/575/575 578/578/578 576/576/576
f 577/577/577 579/579/579 580/580/580
f 577/577/577 580/580/580 578/578/578
f 579/579/579 581/581/581 582/582/582
f 579/579/579 582/582/582 580/580/580
f 581/581/581 583/583/583 584/584/584
f 581/581/581 584/584/584 582/582/582
f 583/583/583 585/585/585 586/586/586
f 583/583/583 586/586/586 584/584/584
f 585/585/585 587/587/587 588/588/588
f 585/585/585 588/588/588 586/586/586
f 587/587/587 589/589/589 590/590/590
f 587/587/587 590/590/590 588/588/588
f 589/589/589 591/591/591 592/592/592
f 589/589/589 592/592/592 590/590/590
f 591/591/591 593/593/593 594/594/594
f 591/591/591 594/594/594 592/592/592
f 593/593/593 595/595/595 596/596/596
f 593/593/593 596/596/596 594/594/594
f 595/595/595 597/597/597 598/598/598
f 595/595/595 598/598/598 596/596/596
f 597/597/597 599/599/599 600/600/600
f 597/597/597 600/600/600 598/598/598
f 599/599/599 601/601/601 602/602/602
f 599/599/599 602/602/602 600/600/600
f 601/601/601 603/603/603 604/604/604
f 601/601/601 604/604/604 602/602/602
f 603/603/603 605/605/605 606/606/606
f 603/603/603 606/606/606 604/604/604
f 605/605/605 607/607/607 608/608/608
f 605/605/605 608/608/608 606/606/606
f 607/607/607 609/609/609 610/610/610
f 607/607/607 610/610/610 608/608/608
f 609/609/609 611/611/611 612/612/612
f 609/609/609 612/612/612 610/610/610
f 611/611/611 613/613/613 614/614/614
f 611/611/611 614/614/614 612/612/612
f 613/613/613 615/615/615 616/616/616
f 613/613/613 616/616/616 614/614/614
f 615/615/615 617/617/617 618/618/618
f 615/615/615 618/618/618 616/616/616
f 617/617/617 619/619/619 620/620/620
f 617/617/617 620/620/620 618/618/618
f 619/619/619 621/621/621 622/622/622
f 619/619/619 622/622/622 620/620/620
f 623/623/623 537/537/537 538/538/538
f 623/623/623 538/538/538 624/624/624
f 625/625/625 626/626/626 627/627/627
f 625/625/625 627/627/627 628/628/628
f 629/629/629 630/630/630 631/631/631
f 629/629/629 631/631/631 632/632/632
f 494/494/494 633/633/633 634/634/634
f 494/494/494 634/634/634 495/495/495
f 626/626/626 635/635/635 636/636/636
f 626/626/626 636/636/636 627/627/627
f 630/630/630 637/637/637 638/638/638
f 630/630/630 638/638/638 631/631/631
f 633/633/633 639/639/639 640/640/640
f 633/633/633 640/640/640 634/634/634
f 635/635/635 641/641/641 642/642/642
f 635/635/635 642/642/642 636/636/636
f 637/637/637 643/643/643 644/644/644
f 637/637/637 644/644/644 638/638/638
f 639/639/639 645/645/645 646/646/646
f 639/639/639 646/646/646 640/640/640
f 641/641/641 647/647/647 648/648/648
f 641/641/641 648/648/648 642/642/642
f 643/643/643 649/649/649 650/650/650
f 643/643/643 650/650/650 644/644/644
f 645/645/645 651/651/651 652/652/652
f 645/645/645 652/652/652 646/646/646
f 647/647/647 653/653/653 654/654/654
f 647/647/647 654/654/654 648/648/648
f 649/649/649 655/655/655 656/656/656
f 649/649/649 656/656/656 650/650/650
f 651/651/651 657/657/657 658/658/658
f 651/651/651 658/658/658 652/652/652
f 653/653/653 659/659/659 660/660/660
f 653/653/653 660/660/660 654/654/654
f 657/657/657 661/661/661 662/662/662
f 657/657/657 662/662/662 658/658/658
f 659/659/659 663/663/663 664/664/664
f 659/659/659 664/664/664 660/660/660
f 661/661/661 665/665/665 666/666/666
f 661/661/661 666/666/666 662/662/662
f 663/663/663 667/667/667 668/668/668
f 663/663/663 668/668/668 664/664/664
f 665/665/665 669/669/669 670/670/670
f 665/665/665 670/670/670 666/666/666
f 667/667/667 671/671/671 672/672/672
f 667/667/667 672/672/672 668/668/668
f 669/669/669 673/673/673 674/674/674
f 669/669/669 674/674/674 670/670/670
f 671/671/671 675/675/675 676/676/676
f 671/671/671 676/676/676 672/672/672
f 673/673/673 677/677/677 678/678/678
f 673/673/673 678/678/678 674/674/674
f 675/675/675 679/679/679 680/680/680
f 675/675/675 680/680/680 676/676/676
f 677/677/677 681/681/681 682/682/682
f 677/677/677 682/682/682 678/678/678
f 679/679/679 683/683/683 684/684/684
f 679/679/679 684/684/684 680/680/680
f 681/681/681 685/685/685 686/686/686
f 681/681/681 686/686/686 682/682/682
f 683/683/683 493/493/493 496/496/496
f 683/683/683 496/496/496 684/684/684
f 685/685/685 629/629/629 632/632/632
f 685/685/685 632/632/632 686/686/686
f 687/687/687 688/688/688 689/689/689
f 687/687/687 689/689/689 690/690/690
f 691/691/691 692/692/692 693/693/693
f 691/691/691 693/693/693 694/694/694
f 695/695/695 696/696/696 697/697/697
f 695/695/695 697/697/697 698/698/698
f 699/699/699 700/700/700 701/701/701
f 699/699/699 701/701/701 702/702/702
f 703/703/703 704/704/704 705/705/705
f 703/703/703 705/705/705 706/706/706
f 707/707/707 708/708/708 709/709/709
f 707/707/707 709/709/709 710/710/710
f 711/711/711 712/712/712 713/713/713
f 711/711/711 713/713/713 714/714/714
f 715/715/715 716/716/716 717/717/717
f 715/715/715 717/717/717 718/718/718
f 719/719/719 720/720/720 721/721/721
f 719/719/719 721/721/721 722/722/722
f 723/723/723 724/724/724 725/725/725
f 723/723/723 725/725/725 726/726/726
f 692/692/692 707/707/707 710/710/710
f 692/692/692 710/710/710 693/693/693
f 727/727/727 699/699/699 702/702/702
f 727/727/727 702/702/702 728/728/728
f 729/729/729 730/730/730 731/731/731
f 729/729/729 731/731/731 732/732/732
f 733/733/733 691/691/691 694/694/694
f 733/733/733 694/694/694 734/734/734
f 720/720/720 733/733/733 734/734/734
f 720/720/720 734/734/734 721/721/721
f 735/735/735 736/736/736 737/737/737
f 735/735/735 737/737/737 738/738/738
f 704/704/704 739/739/739 740/740/740
f 704/704/704 740/740/740 705/705/705
f 741/741/741 715/715/715 718/718/718
f 741/741/741 718/718/718 742/742/742
f 743/743/743 447/447/447 450/450/450
f 743/743/743 450/450/450 744/744/744
f 696/696/696 743/743/743 744/744/744
f 696/696/696 744/744/744 697/697/697
f 708/708/708 723/723/723 726/726/726
f 708/708/708 726/726/726 709/709/709
f 736/736/736 719/719/719 722/722/722
f 736/736/736 722/722/722 737/737/737
f 745/745/745 711/711/711 714/714/714
f 745/745/745 714/714/714 746/746/746
f 448/448/448 729/729/729 732/732/732
f 448/448/448 732/732/732 449/449/449
f 739/739/739 695/695/695 698/698/698
f 739/739/739 698/698/698 740/740/740
f 712/712/712 747/747/747 748/748/748
f 712/712/712 748/748/748 713/713/713
f 700/700/700 749/749/749 750/750/750
f 700/700/700 750/750/750 701/701/701
f 747/747/747 703/703/703 706/706/706
f 747/747/747 706/706/706 748/748/748
f 716/716/716 727/727/727 728/728/728
f 716/716/716 728/728/728 717/717/717
f 751/751/751 735/735/735 738/738/738
f 751/751/751 738/738/738 752/752/752
f 724/724/724 745/745/745 746/746/746
f 724/724/724 746/746/746 725/725/725
f 730/730/730 741/741/741 742/742/742
f 730/730/730 742/742/742 731/731/731
f 753/753/753 754/754/754 755/755/755
f 753/753/753 755/755/755 756/756/756
f 757/757/757 758/758/758 759/759/759
f 757/757/757 759/759/759 760/760/760
f 761/761/761 762/762/762 763/763/763
f 761/761/761 763/763/763 764/764/764
f 762/762/762 765/765/765 766/766/766
f 762/762/762 766/766/766 763/763/763
f 767/767/767 768/768/768 769/769/769
f 767/767/767 769/769/769 770/770/770
f 765/765/765 771/771/771 772/772/772
f 765/765/765 772/772/772 766/766/766
f 773/773/773 774/774/774 775/775/775
f 773/773/773 775/775/775 776/776/776
f 777/777/777 773/773/773 776/776/776
f 777/777/777 776/776/776 778/778/778
f 779/779/779 780/780/780 781/781/781
f 779/779/779 781/781/781 782/782/782
f 783/783/783 757/757/757 760/760/760
f 783/783/783 760/760/760 784/784/784
f 771/771/771 785/785/785 786/786/786
f 771/771/771 786/786/786 772/772/772
f 787/787/787 788/788/788 789/789/789
f 787/787/787 789/789/789 790/790/790
f 791/791/791 792/792/792 793/793/793
f 791/791/791 793/793/793 794/794/794
f 785/785/785 795/795/795 796/796/796
f 785/785/785 796/796/796 786/786/786
f 780/780/780 787/787/787 790/790/790
f 780/780/780 790/790/790 781/781/781
f 774/774/774 797/797/797 798/798/798
f 774/774/774 798/798/798 775/775/775
f 799/799/799 791/791/791 794/794/794
f 799/799/799 794/794/794 800/800/800
f 792/792/792 801/801/801 802/802/802
f 792/792/792 802/802/802 793/793/793
f 788/788/788 803/803/803 804/804/804
f 788/788/788 804/804/804 789/789/789
f 797/797/797 799/799/799 800/800/800
f 797/797/797 800/800/800 798/798/798
f 805/805/805 687/687/687 690/690/690
f 805/805/805 690/690/690 806/806/806
f 807/807/807 808/808/808 809/809/809
f 807/807/807 809/809/809 810/810/810
f 768/768/768 783/783/783 784/784/784
f 768/768/768 784/784/784 769/769/769
f 754/754/754 761/761/761 764/764/764
f 754/754/754 764/764/764 755/755/755
f 808/808/808 805/805/805 806/806/806
f 808/808/808 806/806/806 809/809/809
f 758/758/758 753/753/753 756/756/756
f 758/758/758 756/756/756 759/759/759
f 803/803/803 807/807/807 810/810/810
f 803/803/803 810/810/810 804/804/804
f 811/811/811 812/812/812 813/813/813
f 811/811/811 813/813/813 814/814/814
f 795/795/795 811/811/811 814/814/814
f 795/795/795 814/814/814 796/796/796
f 801/801/801 779/779/779 782/782/782
f 801/801/801 782/782/782 802/802/802
f 812/812/812 777/777/777 778/778/778
f 812/812/812 778/778/778 813/813/813
f 815/815/815 816/816/816 817/817/817
f 815/815/815 817/817/817 818/818/818
f 819/819/819 820/820/820 821/821/821
f 819/819/819 821/821/821 822/822/822
f 823/823/823 824/824/824 825/825/825
f 823/823/823 825/825/825 826/826/826
f 827/827/827 828/828/828 829/829/829
f 827/827/827 829/829/829 830/830/830
f 822/822/822 821/821/821 831/831/831
f 822/822/822 831/831/831 832/832/832
f 832/832/832 831/831/831 833/833/833
f 832/832/832 833/833/833 834/834/834
f 834/834/834 833/833/833 835/835/835
f 834/834/834 835/835/835 836/836/836
f 836/836/836 835/835/835 837/837/837
f 836/836/836 837/837/837 838/838/838
f 839/839/839 840/840/840 841/841/841
f 839/839/839 841/841/841 842/842/842
f 843/843/843 844/844/844 845/845/845
f 843/843/843 845/845/845 846/846/846
f 846/846/846 845/845/845 847/847/847
f 846/846/846 847/847/847 848/848/848
f 848/848/848 847/847/847 849/849/849
f 848/848/848 849/849/849 850/850/850
f 850/850/850 849/849/849 851/851/851
f 850/850/850 851/851/851 852/852/852
f 852/852/852 851/851/851 853/853/853
f 852/852/852 853/853/853 854/854/854
f 855/855/855 856/856/856 857/857/857
f 855/855/855 857/857/857 858/858/858
f 859/859/859 860/860/860 861/861/861
f 859/859/859 861/861/861 862/862/862
f 863/863/863 864/864/864 865/865/865
f 863/863/863 865/865/865 866/866/866
f 867/867/867 868/868/868 869/869/869
f 867/867/867 869/869/869 870/870/870
f 871/871/871 872/872/872 873/873/873
f 871/871/871 873/873/873 874/874/874
f 875/875/875 876/876/876 877/877/877
f 875/875/875 877/877/877 878/878/878
f 879/879/879 880/880/880 881/881/881
f 879/879/879 881/881/881 882/882/882
f 883/883/883 871/871/871 874/874/874
f 883/883/883 874/874/874 884/884/884
f 885/885/885 886/886/886 887/887/887
f 885/885/885 887/887/887 888/888/888
f 880/880/880 889/889/889 890/890/890
f 880/880/880 890/890/890 881/881/881
f 891/891/891 879/879/879 882/882/882
f 891/891/891 882/882/882 892/892/892
f 893/893/893 815/815/815 818/818/818
f 893/893/893 818/818/818 894/894/894
f 876/876/876 895/895/895 896/896/896
f 876/876/876 896/896/896 877/877/877
f 897/897/897 885/885/885 888/888/888
f 897/897/897 888/888/888 898/898/898
f 886/886/886 875/875/875 878/878/878
f 886/886/886 878/878/878 887/887/887
f 816/816/816 883/883/883 884/884/884
f 816/816/816 884/884/884 817/817/817
f 899/899/899 893/893/893 894/894/894
f 899/899/899 894/894/894 900/900/900
f 895/895/895 891/891/891 892/892/892
f 895/895/895 892/892/892 896/896/896
f 872/872/872 901/901/901 902/902/902
f 872/872/872 902/902/902 873/873/873
f 903/903/903 904/904/904 905/905/905
f 903/903/903 905/905/905 906/906/906
f 907/907/907 908/908/908 909/909/909
f 907/907/907 909/909/909 910/910/910
f 911/911/911 912/912/912 913/913/913
f 911/911/911 913/913/913 914/914/914
f 915/915/915 916/916/916 917/917/917
f 915/915/915 917/917/917 918/918/918
f 919/919/919 920/920/920 921/921/921
f 919/919/919 921/921/921 922/922/922
f 923/923/923 907/907/907 910/910/910
f 923/923/923 910/910/910 924/924/924
f 925/925/925 926/926/926 927/927/927
f 925/925/925 927/927/927 928/928/928
f 926/926/926 929/929/929 930/930/930
f 926/926/926 930/930/930 927/927/927
f 929/929/929 903/903/903 906/906/906
f 929/929/929 906/906/906 930/930/930
f 931/931/931 932/932/932 933/933/933
f 931/931/931 933/933/933 934/934/934
f 916/916/916 935/935/935 936/936/936
f 916/916/916 936/936/936 917/917/917
f 935/935/935 923/923/923 924/924/924
f 935/935/935 924/924/924 936/936/936
f 937/937/937 938/938/938 939/939/939
f 937/937/937 939/939/939 940/940/940
f 912/912/912 925/925/925 928/928/928
f 912/912/912 928/928/928 913/913/913
f 920/920/920 911/911/911 914/914/914
f 920/920/920 914/914/914 921/921/921
f 941/941/941 942/942/942 943/943/943
f 941/941/941 943/943/943 944/944/944
f 945/945/945 946/946/946 947/947/947
f 945/945/945 947/947/947 948/948/948
f 949/949/949 950/950/950 951/951/951
f 949/949/949 951/951/951 952/952/952
f 953/953/953 954/954/954 955/955/955
f 953/953/953 955/955/955 956/956/956
f 957/957/957 958/958/958 959/959/959
f 957/957/957 959/959/959 960/960/960
f 961/961/961 962/962/962 963/963/963
f 961/961/961 963/963/963 964/964/964
f 965/965/965 966/966/966 967/967/967
f 965/965/965 967/967/967 968/968/968
f 969/969/969 970/970/970 971/971/971
f 969/969/969 971/971/971 972/972/972
f 973/973/973 974/974/974 975/975/975
f 973/973/973 975/975/975 976/976/976
f 977/977/977 867/867/867 870/870/870
f 977/977/977 870/870/870 978/978/978
f 979/979/979 980/980/980 981/981/981
f 979/979/979 981/981/981 982/982/982
f 868/868/868 961/961/961 964/964/964
f 868/868/868 964/964/964 869/869/869
f 958/958/958 977/977/977 978/978/978
f 958/958/958 978/978/978 959/959/959
f 983/983/983 969/969/969 972/972/972
f 983/983/983 972/972/972 984/984/984
f 966/966/966 957/957/957 960/960/960
f 966/966/966 960/960/960 967/967/967
f 980/980/980 983/983/983 984/984/984
f 980/980/980 984/984/984 981/981/981
f 962/962/962 979/979/979 982/982/982
f 962/962/962 982/982/982 963/963/963
f 970/970/970 973/973/973 976/976/976
f 970/970/970 976/976/976 971/971/971
f 974/974/974 965/965/965 968/968/968
f 974/974/974 968/968/968 975/975/975
f 985/985/985 986/986/986 987/987/987
f 985/985/985 987/987/987 988/988/988
f 989/989/989 990/990/990 991/991/991
f 989/989/989 991/991/991 992/992/992
f 993/993/993 994/994/994 995/995/995
f 993/993/993 995/995/995 996/996/996
f 997/997/997 998/998/998 999/999/999
f 997/997/997 999/999/999 1000/1000/1000
f 1001/1001/1001 997/997/997 1000/1000/1000
f 1001/1001/1001 1000/1000/1000 1002/1002/1002
f 1003/1003/1003 1004/1004/1004 1005/1005/1005
f 1003/1003/1003 1005/1005/1005 1006/1006/1006
f 1007/1007/1007 1001/1001/1001 1002/1002/1002
f 1007/1007/1007 1002/1002/1002 1008/1008/1008
f 1009/1009/1009 1010/1010/1010 1011/1011/1011
f 1009/1009/1009 1011/1011/1011 1012/1012/1012
f 1013/1013/1013 1009/1009/1009 1012/1012/1012
f 1013/1013/1013 1012/1012/1012 1014/1014/1014
f 1015/1015/1015 1007/1007/1007 1008/1008/1008
f 1015/1015/1015 1008/1008/1008 1016/1016/1016
f 1010/1010/1010 1017/1017/1017 1018/1018/1018
f 1010/1010/1010 1018/1018/1018 1011/1011/1011
f 1019/1019/1019 1015/1015/1015 1016/1016/1016
f 1019/1019/1019 1016/1016/1016 1020/1020/1020
f 1017/1017/1017 1021/1021/1021 1022/1022/1022
f 1017/1017/1017 1022/1022/1022 1018/1018/1018
f 990/990/990 1019/1019/1019 1020/1020/1020
f 990/990/990 1020/1020/1020 991/991/991
f 1021/1021/1021 989/989/989 992/992/992
f 1021/1021/1021 992/992/992 1022/1022/1022
f 1023/1023/1023 1024/1024/1024 1025/1025/1025
f 1023/1023/1023 1025/1025/1025 1026/1026/1026
f 1027/1027/1027 1028/1028/1028 1029/1029/1029
f 1027/1027/1027 1029/1029/1029 1030/1030/1030
f 1031/1031/1031 1032/1032/1032 1033/1033/1033
f 1031/1031/1031 1033/1033/1033 1034/1034/1034
f 1035/1035/1035 945/945/945 948/948/948
f 1035/1035/1035 948/948/948 1036/1036/1036
f 946/946/946 1037/1037/1037 1038/1038/1038
f 946/946/946 1038/1038/1038 947/947/947
f 1039/1039/1039 1040/1040/1040 1041/1041/1041
f 1039/1039/1039 1041/1041/1041 1042/1042/1042
f 1043/1043/1043 1044/1044/1044 1045/1045/1045
f 1043/1043/1043 1045/1045/1045 1046/1046/1046
f 950/950/950 1047/1047/1047 1048/1048/1048
f 950/950/950 1048/1048/1048 951/951/951
f 1040/1040/1040 1049/1049/1049 1050/1050/1050
f 1040/1040/1040 1050/1050/1050 1041/1041/1041
f 1051/1051/1051 1052/1052/1052 1053/1053/1053
f 1051/1051/1051 1053/1053/1053 1054/1054/1054
f 1055/1055/1055 1056/1056/1056 1057/1057/1057
f 1055/1055/1055 1057/1057/1057 1058/1058/1058
f 1059/1059/1059 1060/1060/1060 1061/1061/1061
f 1059/1059/1059 1061/1061/1061 1062/1062/1062
f 1063/1063/1063 1064/1064/1064 1065/1065/1065
f 1063/1063/1063 1065/1065/1065 1066/1066/1066
f 1067/1067/1067 1068/1068/1068 1069/1069/1069
f 1067/1067/1067 1069/1069/1069 1070/1070/1070
f 1071/1071/1071 1043/1043/1043 1046/1046/1046
f 1071/1071/1071 1046/1046/1046 1072/1072/1072
f 1073/1073/1073 1070/1070/1070 1069/1069/1069
f 1073/1073/1073 1069/1069/1069 1074/1074/1074
f 1047/1047/1047 1071/1071/1071 1072/1072/1072
f 1047/1047/1047 1072/1072/1072 1048/1048/1048
f 1037/1037/1037 949/949/949 952/952/952
f 1037/1037/1037 952/952/952 1038/1038/1038
f 1062/1062/1062 1061/1061/1061 1075/1075/1075
f 1062/1062/1062 1075/1075/1075 1076/1076/1076
f 1077/1077/1077 1078/1078/1078 1079/1079/1079
f 1077/1077/1077 1079/1079/1079 1080/1080/1080
f 1081/1081/1081 1082/1082/1082 1083/1083/1083
f 1081/1081/1081 1083/1083/1083 1084/1084/1084
f 1056/1056/1056 1085/1085/1085 1086/1086/1086
f 1056/1056/1056 1086/1086/1086 1057/1057/1057
f 1087/1087/1087 1055/1055/1055 1058/1058/1058
f 1087/1087/1087 1058/1058/1058 1088/1088/1088
f 1085/1085/1085 1081/1081/1081 1084/1084/1084
f 1085/1085/1085 1084/1084/1084 1086/1086/1086
f 1089/1089/1089 1087/1087/1087 1088/1088/1088
f 1089/1089/1089 1088/1088/1088 1090/1090/1090
f 1078/1078/1078 1091/1091/1091 1092/1092/1092
f 1078/1078/1078 1092/1092/1092 1079/1079/1079
f 1082/1082/1082 1077/1077/1077 1080/1080/1080
f 1082/1082/1082 1080/1080/1080 1083/1083/1083
f 1093/1093/1093 1094/1094/1094 1095/1095/1095
f 1093/1093/1093 1095/1095/1095 1096/1096/1096
f 1097/1097/1097 1093/1093/1093 1096/1096/1096
f 1097/1097/1097 1096/1096/1096 1098/1098/1098
f 1066/1066/1066 1065/1065/1065 1068/1068/1068
f 1066/1066/1066 1068/1068/1068 1067/1067/1067
f 1063/1063/1063 1099/1099/1099 1100/1100/1100
f 1063/1063/1063 1100/1100/1100 1064/1064/1064
f 1101/1101/1101 1060/1060/1060 1059/1059/1059
f 1101/1101/1101 1059/1059/1059 1102/1102/1102
f 1094/1094/1094 1051/1051/1051 1054/1054/1054
f 1094/1094/1094 1054/1054/1054 1095/1095/1095
f 942/942/942 1097/1097/1097 1098/1098/1098
f 942/942/942 1098/1098/1098 943/943/943
f 1103/1103/1103 1075/1075/1075 1073/1073/1073
f 1103/1103/1103 1073/1073/1073 1074/1074/1074
f 1052/1052/1052 1039/1039/1039 1042/1042/1042
f 1052/1052/1052 1042/1042/1042 1053/1053/1053
f 946/946/946 945/945/945 1104/1104/1104
f 946/946/946 1104/1104/1104 1105/1105/1105
f 1105/1105/1105 1104/1104/1104 1106/1106/1106
f 1105/1105/1105 1106/1106/1106 1107/1107/1107
f 1108/1108/1108 1106/1106/1106 1059/1059/1059
f 1108/1108/1108 1059/1059/1059 1062/1062/1062
f 1040/1040/1040 1039/1039/1039 1109/1109/1109
f 1040/1040/1040 1109/1109/1109 1110/1110/1110
f 1110/1110/1110 1109/1109/1109 1111/1111/1111
f 1110/1110/1110 1111/1111/1111 1112/1112/1112
f 1112/1112/1112 1113/1113/1113 1061/1061/1061
f 1112/1112/1112 1061/1061/1061 1060/1060/1060
f 1039/1039/1039 1052/1052/1052 1114/1114/1114
f 1039/1039/1039 1114/1114/1114 1109/1109/1109
f 1109/1109/1109 1114/1114/1114 1115/1115/1115
f 1109/1109/1109 1115/1115/1115 1111/1111/1111
f 1113/1113/1113 1116/1116/1116 1075/1075/1075
f 1113/1113/1113 1075/1075/1075 1061/1061/1061
f 1052/1052/1052 1051/1051/1051 1117/1117/1117
f 1052/1052/1052 1117/1117/1117 1114/1114/1114
f 1114/1114/1114 1117/1117/1117 1118/1118/1118
f 1114/1114/1114 1118/1118/1118 1115/1115/1115
f 1116/1116/1116 1118/1118/1118 1073/1073/1073
f 1116/1116/1116 1073/1073/1073 1075/1075/1075
f 1097/1097/1097 942/942/942 1119/1119/1119
f 1097/1097/1097 1119/1119/1119 1120/1120/1120
f 1120/1120/1120 1121/1121/1121 1122/1122/1122
f 1120/1120/1120 1122/1122/1122 1123/1123/1123
f 1123/1123/1123 1122/1122/1122 1063/1063/1063
f 1123/1123/1123 1063/1063/1063 1066/1066/1066
f 1093/1093/1093 1097/1097/1097 1120/1120/1120
f 1093/1093/1093 1120/1120/1120 1124/1124/1124
f 1124/1124/1124 1120/1120/1120 1123/1123/1123
f 1124/1124/1124 1123/1123/1123 1125/1125/1125
f 1125/1125/1125 1123/1123/1123 1066/1066/1066
f 1125/1125/1125 1066/1066/1066 1067/1067/1067
f 1094/1094/1094 1093/1093/1093 1124/1124/1124
f 1094/1094/1094 1124/1124/1124 1126/1126/1126
f 1127/1127/1127 1124/1124/1124 1125/1125/1125
f 1127/1127/1127 1125/1125/1125 1128/1128/1128
f 1128/1128/1128 1125/1125/1125 1067/1067/1067
f 1128/1128/1128 1067/1067/1067 1070/1070/1070
f 1049/1049/1049 1040/1040/1040 1110/1110/1110
f 1049/1049/1049 1110/1110/1110 1129/1129/1129
f 1129/1129/1129 1110/1110/1110 1112/1112/1112
f 1129/1129/1129 1112/1112/1112 1130/1130/1130
f 1130/1130/1130 1112/1112/1112 1060/1060/1060
f 1130/1130/1130 1060/1060/1060 1101/1101/1101
f 1051/1051/1051 1094/1094/1094 1126/1126/1126
f 1051/1051/1051 1126/1126/1126 1117/1117/1117
f 1117/1117/1117 1127/1127/1127 1128/1128/1128
f 1117/1117/1117 1128/1128/1128 1118/1118/1118
f 1118/1118/1118 1128/1128/1128 1070/1070/1070
f 1118/1118/1118 1070/1070/1070 1073/1073/1073
f 942/942/942 941/941/941 1131/1131/1131
f 942/942/942 1131/1131/1131 1119/1119/1119
f 1121/1121/1121 1131/1131/1131 1132/1132/1132
f 1121/1121/1121 1132/1132/1132 1122/1122/1122
f 1122/1122/1122 1132/1132/1132 1099/1099/1099
f 1122/1122/1122 1099/1099/1099 1063/1063/1063
f 949/949/949 1037/1037/1037 1133/1133/1133
f 949/949/949 1133/1133/1133 1134/1134/1134
f 1134/1134/1134 1133/1133/1133 1135/1135/1135
f 1134/1134/1134 1135/1135/1135 1136/1136/1136
f 1136/1136/1136 1137/1137/1137 1103/1103/1103
f 1136/1136/1136 1103/1103/1103 1074/1074/1074
f 1071/1071/1071 1047/1047/1047 1138/1138/1138
f 1071/1071/1071 1138/1138/1138 1139/1139/1139
f 1139/1139/1139 1138/1138/1138 1140/1140/1140
f 1139/1139/1139 1140/1140/1140 1141/1141/1141
f 1141/1141/1141 1140/1140/1140 1068/1068/1068
f 1141/1141/1141 1068/1068/1068 1065/1065/1065
f 1055/1055/1055 1087/1087/1087 1142/1142/1142
f 1055/1055/1055 1142/1142/1142 1143/1143/1143
f 1144/1144/1144 1142/1142/1142 1145/1145/1145
f 1144/1144/1144 1145/1145/1145 1146/1146/1146
f 1146/1146/1146 1145/1145/1145 948/948/948
f 1146/1146/1146 948/948/948 947/947/947
f 1056/1056/1056 1055/1055/1055 1143/1143/1143
f 1056/1056/1056 1143/1143/1143 1147/1147/1147
f 1147/1147/1147 1144/1144/1144 1146/1146/1146
f 1147/1147/1147 1146/1146/1146 1148/1148/1148
f 1148/1148/1148 1146/1146/1146 947/947/947
f 1148/1148/1148 947/947/947 1038/1038/1038
f 1085/1085/1085 1056/1056/1056 1147/1147/1147
f 1085/1085/1085 1147/1147/1147 1149/1149/1149
f 1149/1149/1149 1147/1147/1147 1148/1148/1148
f 1149/1149/1149 1148/1148/1148 1150/1150/1150
f 1150/1150/1150 1148/1148/1148 1038/1038/1038
f 1150/1150/1150 1038/1038/1038 952/952/952
f 1078/1078/1078 1077/1077/1077 1151/1151/1151
f 1078/1078/1078 1151/1151/1151 1152/1152/1152
f 1152/1152/1152 1151/1151/1151 1153/1153/1153
f 1152/1152/1152 1153/1153/1153 1154/1154/1154
f 1155/1155/1155 1153/1153/1153 1072/1072/1072
f 1155/1155/1155 1072/1072/1072 1046/1046/1046
f 1077/1077/1077 1082/1082/1082 1156/1156/1156
f 1077/1077/1077 1156/1156/1156 1151/1151/1151
f 1151/1151/1151 1156/1156/1156 1157/1157/1157
f 1151/1151/1151 1157/1157/1157 1153/1153/1153
f 1153/1153/1153 1157/1157/1157 1048/1048/1048
f 1153/1153/1153 1048/1048/1048 1072/1072/1072
f 1082/1082/1082 1081/1081/1081 1158/1158/1158
f 1082/1082/1082 1158/1158/1158 1156/1156/1156
f 1156/1156/1156 1158/1158/1158 1159/1159/1159
f 1156/1156/1156 1159/1159/1159 1157/1157/1157
f 1157/1157/1157 1159/1159/1159 951/951/951
f 1157/1157/1157 951/951/951 1048/1048/1048
f 1087/1087/1087 1089/1089/1089 1160/1160/1160
f 1087/1087/1087 1160/1160/1160 1142/1142/1142
f 1142/1142/1142 1160/1160/1160 1161/1161/1161
f 1142/1142/1142 1161/1161/1161 1145/1145/1145
f 1145/1145/1145 1162/1162/1162 1036/1036/1036
f 1145/1145/1145 1036/1036/1036 948/948/948
f 1081/1081/1081 1085/1085/1085 1149/1149/1149
f 1081/1081/1081 1149/1149/1149 1158/1158/1158
f 1158/1158/1158 1149/1149/1149 1150/1150/1150
f 1158/1158/1158 1150/1150/1150 1159/1159/1159
f 1159/1159/1159 1150/1150/1150 952/952/952
f 1159/1159/1159 952/952/952 951/951/951
f 1046/1046/1046 1045/1045/1045 1163/1163/1163
f 1046/1046/1046 1163/1163/1163 1155/1155/1155
f 1154/1154/1154 1164/1164/1164 1165/1165/1165
f 1154/1154/1154 1165/1165/1165 1152/1152/1152
f 1152/1152/1152 1165/1165/1165 1091/1091/1091
f 1152/1152/1152 1091/1091/1091 1078/1078/1078
f 1088/1088/1088 1058/1058/1058 1166/1166/1166
f 1088/1088/1088 1166/1166/1166 1167/1167/1167
f 1167/1167/1167 1168/1168/1168 1169/1169/1169
f 1167/1167/1167 1169/1169/1169 1170/1170/1170
f 1171/1171/1171 1172/1172/1172 1042/1042/1042
f 1171/1171/1171 1042/1042/1042 1041/1041/1041
f 1058/1058/1058 1057/1057/1057 1173/1173/1173
f 1058/1058/1058 1173/1173/1173 1174/1174/1174
f 1175/1175/1175 1176/1176/1176 1177/1177/1177
f 1175/1175/1175 1177/1177/1177 1169/1169/1169
f 1178/1178/1178 1179/1179/1179 1053/1053/1053
f 1178/1178/1178 1053/1053/1053 1042/1042/1042
f 1057/1057/1057 1086/1086/1086 1180/1180/1180
f 1057/1057/1057 1180/1180/1180 1181/1181/1181
f 1182/1182/1182 1180/1180/1180 1183/1183/1183
f 1182/1182/1182 1183/1183/1183 1177/1177/1177
f 1184/1184/1184 1185/1185/1185 1054/1054/1054
f 1184/1184/1184 1054/1054/1054 1053/1053/1053
f 1080/1080/1080 1079/1079/1079 1186/1186/1186
f 1080/1080/1080 1186/1186/1186 1187/1187/1187
f 1187/1187/1187 1186/1186/1186 1188/1188/1188
f 1187/1187/1187 1188/1188/1188 1189/1189/1189
f 1190/1190/1190 1191/1191/1191 943/943/943
f 1190/1190/1190 943/943/943 1098/1098/1098
f 1083/1083/1083 1080/1080/1080 1192/1192/1192
f 1083/1083/1083 1192/1192/1192 1193/1193/1193
f 1194/1194/1194 1192/1192/1192 1189/1189/1189
f 1194/1194/1194 1189/1189/1189 1195/1195/1195
f 1196/1196/1196 1197/1197/1197 1098/1098/1098
f 1196/1196/1196 1098/1098/1098 1096/1096/1096
f 1084/1084/1084 1083/1083/1083 1198/1198/1198
f 1084/1084/1084 1198/1198/1198 1199/1199/1199
f 1199/1199/1199 1200/1200/1200 1195/1195/1195
f 1199/1199/1199 1195/1195/1195 1201/1201/1201
f 1202/1202/1202 1203/1203/1203 1096/1096/1096
f 1202/1202/1202 1096/1096/1096 1095/1095/1095
f 1090/1090/1090 1088/1088/1088 1204/1204/1204
f 1090/1090/1090 1204/1204/1204 1205/1205/1205
f 1205/1205/1205 1204/1204/1204 1206/1206/1206
f 1205/1205/1205 1206/1206/1206 1207/1207/1207
f 1208/1208/1208 1209/1209/1209 1041/1041/1041
f 1208/1208/1208 1041/1041/1041 1050/1050/1050
f 1086/1086/1086 1084/1084/1084 1210/1210/1210
f 1086/1086/1086 1210/1210/1210 1211/1211/1211
f 1211/1211/1211 1210/1210/1210 1212/1212/1212
f 1211/1211/1211 1212/1212/1212 1213/1213/1213
f 1185/1185/1185 1214/1214/1214 1095/1095/1095
f 1185/1185/1185 1095/1095/1095 1054/1054/1054
f 1079/1079/1079 1092/1092/1092 1215/1215/1215
f 1079/1079/1079 1215/1215/1215 1216/1216/1216
f 1216/1216/1216 1215/1215/1215 1217/1217/1217
f 1216/1216/1216 1217/1217/1217 1218/1218/1218
f 1219/1219/1219 1220/1220/1220 944/944/944
f 1219/1219/1219 944/944/944 943/943/943
f 1037/1037/1037 946/946/946 1105/1105/1105
f 1037/1037/1037 1105/1105/1105 1133/1133/1133
f 1133/1133/1133 1105/1105/1105 1107/1107/1107
f 1133/1133/1133 1107/1107/1107 1135/1135/1135
f 1137/1137/1137 1108/1108/1108 1062/1062/1062
f 1137/1137/1137 1062/1062/1062 1076/1076/1076
f 1043/1043/1043 1071/1071/1071 1139/1139/1139
f 1043/1043/1043 1139/1139/1139 1221/1221/1221
f 1222/1222/1222 1139/1139/1139 1141/1141/1141
f 1222/1222/1222 1141/1141/1141 1223/1223/1223
f 1223/1223/1223 1141/1141/1141 1065/1065/1065
f 1223/1223/1223 1065/1065/1065 1064/1064/1064
f 1047/1047/1047 950/950/950 1224/1224/1224
f 1047/1047/1047 1224/1224/1224 1138/1138/1138
f 1138/1138/1138 1225/1225/1225 1226/1226/1226
f 1138/1138/1138 1226/1226/1226 1140/1140/1140
f 1140/1140/1140 1226/1226/1226 1069/1069/1069
f 1140/1140/1140 1069/1069/1069 1068/1068/1068
f 945/945/945 1035/1035/1035 1227/1227/1227
f 945/945/945 1227/1227/1227 1104/1104/1104
f 1104/1104/1104 1227/1227/1227 1228/1228/1228
f 1104/1104/1104 1228/1228/1228 1106/1106/1106
f 1106/1106/1106 1228/1228/1228 1102/1102/1102
f 1106/1106/1106 1102/1102/1102 1059/1059/1059
f 950/950/950 949/949/949 1134/1134/1134
f 950/950/950 1134/1134/1134 1224/1224/1224
f 1225/1225/1225 1134/1134/1134 1136/1136/1136
f 1225/1225/1225 1136/1136/1136 1226/1226/1226
f 1226/1226/1226 1136/1136/1136 1074/1074/1074
f 1226/1226/1226 1074/1074/1074 1069/1069/1069
f 1064/1064/1064 1100/1100/1100 1229/1229/1229
f 1064/1064/1064 1229/1229/1229 1223/1223/1223
f 1223/1223/1223 1229/1229/1229 1230/1230/1230
f 1223/1223/1223 1230/1230/1230 1222/1222/1222
f 1221/1221/1221 1230/1230/1230 1044/1044/1044
f 1221/1221/1221 1044/1044/1044 1043/1043/1043
f 1231/1231/1231 1232/1232/1232 1233/1233/1233
f 1231/1231/1231 1233/1233/1233 1234/1234/1234
f 1235/1235/1235 1236/1236/1236 1237/1237/1237
f 1235/1235/1235 1237/1237/1237 1238/1238/1238
f 1239/1239/1239 1240/1240/1240 1241/1241/1241
f 1239/1239/1239 1241/1241/1241 1242/1242/1242
f 1243/1243/1243 1244/1244/1244 1245/1245/1245
f 1243/1243/1243 1245/1245/1245 1246/1246/1246
f 1247/1247/1247 1248/1248/1248 1249/1249/1249
f 1247/1247/1247 1249/1249/1249 1250/1250/1250
f 1251/1251/1251 1252/1252/1252 1253/1253/1253
f 1251/1251/1251 1253/1253/1253 1254/1254/1254
f 1255/1255/1255 1256/1256/1256 1257/1257/1257
f 1255/1255/1255 1257/1257/1257 1258/1258/1258
f 1256/1256/1256 1259/1259/1259 1260/1260/1260
f 1256/1256/1256 1260/1260/1260 1257/1257/1257
f 1259/1259/1259 1261/1261/1261 1262/1262/1262
f 1259/1259/1259 1262/1262/1262 1260/1260/1260
f 1261/1261/1261 1263/1263/1263 1264/1264/1264
f 1261/1261/1261 1264/1264/1264 1262/1262/1262
f 1263/1263/1263 1251/1251/1251 1254/1254/1254
f 1263/1263/1263 1254/1254/1254 1264/1264/1264
f 1265/1265/1265 1266/1266/1266 1267/1267/1267
f 1265/1265/1265 1267/1267/1267 1268/1268/1268
f 1266/1266/1266 1269/1269/1269 1270/1270/1270
f 1266/1266/1266 1270/1270/1270 1267/1267/1267
f 1269/1269/1269 1271/1271/1271 1272/1272/1272
f 1269/1269/1269 1272/1272/1272 1270/1270/1270
f 1271/1271/1271 1273/1273/1273 1274/1274/1274
f 1271/1271/1271 1274/1274/1274 1272/1272/1272
f 1273/1273/1273 1247/1247/1247 1250/1250/1250
f 1273/1273/1273 1250/1250/1250 1274/1274/1274
f 1275/1275/1275 1276/1276/1276 1277/1277/1277
f 1275/1275/1275 1277/1277/1277 1278/1278/1278
f 1278/1278/1278 1277/1277/1277 1279/1279/1279
f 1278/1278/1278 1279/1279/1279 1280/1280/1280
f 1280/1280/1280 1279/1279/1279 1281/1281/1281
f 1280/1280/1280 1281/1281/1281 1282/1282/1282
f 1282/1282/1282 1281/1281/1281 1283/1283/1283
f 1282/1282/1282 1283/1283/1283 1284/1284/1284
f 1284/1284/1284 1283/1283/1283 1244/1244/1244
f 1284/1284/1284 1244/1244/1244 1243/1243/1243
f 1285/1285/1285 1286/1286/1286 1287/1287/1287
f 1285/1285/1285 1287/1287/1287 1288/1288/1288
f 1288/1288/1288 1287/1287/1287 1289/1289/1289
f 1288/1288/1288 1289/1289/1289 1290/1290/1290
f 1290/1290/1290 1289/1289/1289 1291/1291/1291
f 1290/1290/1290 1291/1291/1291 1292/1292/1292
f 1292/1292/1292 1291/1291/1291 1293/1293/1293
f 1292/1292/1292 1293/1293/1293 1294/1294/1294
f 1294/1294/1294 1293/1293/1293 1236/1236/1236
f 1294/1294/1294 1236/1236/1236 1235/1235/1235
f 1295/1295/1295 1296/1296/1296 1297/1297/1297
f 1295/1295/1295 1297/1297/1297 1298/1298/1298
f 1299/1299/1299 1003/1003/1003 1006/1006/1006
f 1299/1299/1299 1006/1006/1006 1300/1300/1300
f 1301/1301/1301 1299/1299/1299 1300/1300/1300
f 1301/1301/1301 1300/1300/1300 1302/1302/1302
f 1004/1004/1004 1301/1301/1301 1302/1302/1302
f 1004/1004/1004 1302/1302/1302 1005/1005/1005
f 1303/1303/1303 1304/1304/1304 1305/1305/1305
f 1303/1303/1303 1305/1305/1305 1306/1306/1306
f 1307/1307/1307 1308/1308/1308 1309/1309/1309
f 1307/1307/1307 1309/1309/1309 1310/1310/1310
f 1311/1311/1311 1312/1312/1312 1313/1313/1313
f 1311/1311/1311 1313/1313/1313 1314/1314/1314
f 1315/1315/1315 1316/1316/1316 1317/1317/1317
f 1315/1315/1315 1317/1317/1317 1318/1318/1318
f 1319/1319/1319 1320/1320/1320 1321/1321/1321
f 1319/1319/1319 1321/1321/1321 1322/1322/1322
f 1323/1323/1323 1324/1324/1324 1325/1325/1325
f 1323/1323/1323 1325/1325/1325 1326/1326/1326
f 1327/1327/1327 1328/1328/1328 1329/1329/1329
f 1327/1327/1327 1329/1329/1329 1330/1330/1330
f 1331/1331/1331 1332/1332/1332 1333/1333/1333
f 1331/1331/1331 1333/1333/1333 1334/1334/1334
f 1332/1332/1332 985/985/985 988/988/988
f 1332/1332/1332 988/988/988 1333/1333/1333
f 1335/1335/1335 1331/1331/1331 1334/1334/1334
f 1335/1335/1335 1334/1334/1334 1336/1336/1336
f 986/986/986 1327/1327/1327 1330/1330/1330
f 986/986/986 1330/1330/1330 987/987/987
f 1337/1337/1337 1335/1335/1335 1336/1336/1336
f 1337/1337/1337 1336/1336/1336 1338/1338/1338
f 1339/1339/1339 1340/1340/1340 1341/1341/1341
f 1339/1339/1339 1341/1341/1341 1342/1342/1342
f 1328/1328/1328 1339/1339/1339 1342/1342/1342
f 1328/1328/1328 1342/1342/1342 1329/1329/1329
f 1343/1343/1343 1337/1337/1337 1338/1338/1338
f 1343/1343/1343 1338/1338/1338 1344/1344/1344
f 1340/1340/1340 1345/1345/1345 1346/1346/1346
f 1340/1340/1340 1346/1346/1346 1341/1341/1341
f 1347/1347/1347 1343/1343/1343 1344/1344/1344
f 1347/1347/1347 1344/1344/1344 1348/1348/1348
f 1345/1345/1345 1349/1349/1349 1350/1350/1350
f 1345/1345/1345 1350/1350/1350 1346/1346/1346
f 1324/1324/1324 1347/1347/1347 1348/1348/1348
f 1324/1324/1324 1348/1348/1348 1325/1325/1325
f 1349/1349/1349 1323/1323/1323 1326/1326/1326
f 1349/1349/1349 1326/1326/1326 1350/1350/1350
f 1351/1351/1351 1352/1352/1352 1353/1353/1353
f 1351/1351/1351 1353/1353/1353 1354/1354/1354
f 1355/1355/1355 1356/1356/1356 1357/1357/1357
f 1355/1355/1355 1357/1357/1357 1358/1358/1358
f 1320/1320/1320 1359/1359/1359 1360/1360/1360
f 1320/1320/1320 1360/1360/1360 1321/1321/1321
f 1361/1361/1361 1362/1362/1362 1363/1363/1363
f 1361/1361/1361 1363/1363/1363 1364/1364/1364
f 1365/1365/1365 1366/1366/1366 1367/1367/1367
f 1365/1365/1365 1367/1367/1367 1368/1368/1368
f 1366/1366/1366 1369/1369/1369 1370/1370/1370
f 1366/1366/1366 1370/1370/1370 1367/1367/1367
f 1371/1371/1371 1365/1365/1365 1368/1368/1368
f 1371/1371/1371 1368/1368/1368 1372/1372/1372
f 1373/1373/1373 1374/1374/1374 1375/1375/1375
f 1373/1373/1373 1375/1375/1375 1376/1376/1376
f 1377/1377/1377 1371/1371/1371 1372/1372/1372
f 1377/1377/1377 1372/1372/1372 1378/1378/1378
f 1379/1379/1379 1380/1380/1380 1381/1381/1381
f 1379/1379/1379 1381/1381/1381 1382/1382/1382
f 1383/1383/1383 1379/1379/1379 1382/1382/1382
f 1383/1383/1383 1382/1382/1382 1384/1384/1384
f 1385/1385/1385 1377/1377/1377 1378/1378/1378
f 1385/1385/1385 1378/1378/1378 1386/1386/1386
f 1380/1380/1380 1387/1387/1387 1388/1388/1388
f 1380/1380/1380 1388/1388/1388 1381/1381/1381
f 1389/1389/1389 1385/1385/1385 1386/1386/1386
f 1389/1389/1389 1386/1386/1386 1390/1390/1390
f 1387/1387/1387 1319/1319/1319 1322/1322/1322
f 1387/1387/1387 1322/1322/1322 1388/1388/1388
f 1359/1359/1359 1389/1389/1389 1390/1390/1390
f 1359/1359/1359 1390/1390/1390 1360/1360/1360
f 1391/1391/1391 1392/1392/1392 1393/1393/1393
f 1391/1391/1391 1393/1393/1393 1394/1394/1394
f 1395/1395/1395 1396/1396/1396 1397/1397/1397
f 1395/1395/1395 1397/1397/1397 1398/1398/1398
f 1399/1399/1399 1400/1400/1400 1401/1401/1401
f 1399/1399/1399 1401/1401/1401 1402/1402/1402
f 1403/1403/1403 1404/1404/1404 1405/1405/1405
f 1403/1403/1403 1405/1405/1405 1406/1406/1406
f 1406/1406/1406 1405/1405/1405 1407/1407/1407
f 1406/1406/1406 1407/1407/1407 1408/1408/1408
f 1409/1409/1409 1410/1410/1410 1411/1411/1411
f 1409/1409/1409 1411/1411/1411 1412/1412/1412
f 1413/1413/1413 1414/1414/1414 1415/1415/1415
f 1413/1413/1413 1415/1415/1415 1416/1416/1416
f 1417/1417/1417 1418/1418/1418 1029/1029/1029
f 1417/1417/1417 1029/1029/1029 1028/1028/1028
f 1025/1025/1025 1024/1024/1024 1419/1419/1419
f 1025/1025/1025 1419/1419/1419 1420/1420/1420
f 1420/1420/1420 1419/1419/1419 1421/1421/1421
f 1420/1420/1420 1421/1421/1421 1422/1422/1422
f 1423/1423/1423 1424/1424/1424 1425/1425/1425
f 1423/1423/1423 1425/1425/1425 1426/1426/1426
f 1032/1032/1032 1427/1427/1427 1428/1428/1428
f 1032/1032/1032 1428/1428/1428 1033/1033/1033
f 1429/1429/1429 1430/1430/1430 1431/1431/1431
f 1429/1429/1429 1431/1431/1431 1432/1432/1432
f 1427/1427/1427 1433/1433/1433 1434/1434/1434
f 1427/1427/1427 1434/1434/1434 1428/1428/1428
f 1435/1435/1435 1429/1429/1429 1432/1432/1432
f 1435/1435/1435 1432/1432/1432 1436/1436/1436
f 1430/1430/1430 1437/1437/1437 1438/1438/1438
f 1430/1430/1430 1438/1438/1438 1431/1431/1431
f 1439/1439/1439 1031/1031/1031 1034/1034/1034
f 1439/1439/1439 1034/1034/1034 1440/1440/1440
f 1441/1441/1441 1439/1439/1439 1440/1440/1440
f 1441/1441/1441 1440/1440/1440 1442/1442/1442
f 1433/1433/1433 1443/1443/1443 1444/1444/1444
f 1433/1433/1433 1444/1444/1444 1434/1434/1434
f 1437/1437/1437 1445/1445/1445 1446/1446/1446
f 1437/1437/1437 1446/1446/1446 1438/1438/1438
f 1447/1447/1447 1448/1448/1448 1449/1449/1449
f 1447/1447/1447 1449/1449/1449 1450/1450/1450
f 1400/1400/1400 1451/1451/1451 1452/1452/1452
f 1400/1400/1400 1452/1452/1452 1401/1401/1401
f 1453/1453/1453 1447/1447/1447 1450/1450/1450
f 1453/1453/1453 1450/1450/1450 1454/1454/1454
f 1455/1455/1455 1456/1456/1456 1457/1457/1457
f 1455/1455/1455 1457/1457/1457 1458/1458/1458
f 1459/1459/1459 1460/1460/1460 1461/1461/1461
f 1459/1459/1459 1461/1461/1461 1462/1462/1462
f 1460/1460/1460 1463/1463/1463 1464/1464/1464
f 1460/1460/1460 1464/1464/1464 1461/1461/1461
f 1448/1448/1448 1465/1465/1465 1466/1466/1466
f 1448/1448/1448 1466/1466/1466 1449/1449/1449
f 1467/1467/1467 1459/1459/1459 1462/1462/1462
f 1467/1467/1467 1462/1462/1462 1468/1468/1468
f 1469/1469/1469 1470/1470/1470 1471/1471/1471
f 1469/1469/1469 1471/1471/1471 1472/1472/1472
f 1473/1473/1473 1474/1474/1474 1475/1475/1475
f 1473/1473/1473 1475/1475/1475 1476/1476/1476
f 1477/1477/1477 1478/1478/1478 1479/1479/1479
f 1477/1477/1477 1479/1479/1479 1480/1480/1480
f 1481/1481/1481 1482/1482/1482 1483/1483/1483
f 1481/1481/1481 1483/1483/1483 1484/1484/1484
f 1485/1485/1485 1486/1486/1486 1487/1487/1487
f 1485/1485/1485 1487/1487/1487 1488/1488/1488
f 1489/1489/1489 1490/1490/1490 1491/1491/1491
f 1489/1489/1489 1491/1491/1491 1492/1492/1492
f 1493/1493/1493 1494/1494/1494 1495/1495/1495
f 1493/1493/1493 1495/1495/1495 1496/1496/1496
f 1496/1496/1496 1495/1495/1495 1497/1497/1497
f 1496/1496/1496 1497/1497/1497 1498/1498/1498
f 1498/1498/1498 1497/1497/1497 1499/1499/1499
f 1498/1498/1498 1499/1499/1499 1500/1500/1500
f 1500/1500/1500 1499/1499/1499 1501/1501/1501
f 1500/1500/1500 1501/1501/1501 1502/1502/1502
f 1502/1502/1502 1501/1501/1501 1503/1503/1503
f 1502/1502/1502 1503/1503/1503 1504/1504/1504
f 1504/1504/1504 1503/1503/1503 1505/1505/1505
f 1504/1504/1504 1505/1505/1505 1506/1506/1506
f 1506/1506/1506 1505/1505/1505 1507/1507/1507
f 1506/1506/1506 1507/1507/1507 1508/1508/1508
f 1508/1508/1508 1507/1507/1507 1509/1509/1509
f 1508/1508/1508 1509/1509/1509 1510/1510/1510
f 1510/1510/1510 1509/1509/1509 1511/1511/1511
f 1510/1510/1510 1511/1511/1511 1512/1512/1512
f 1512/1512/1512 1511/1511/1511 1513/1513/1513
f 1512/1512/1512 1513/1513/1513 1514/1514/1514
f 1514/1514/1514 1513/1513/1513 1515/1515/1515
f 1514/1514/1514 1515/1515/1515 1516/1516/1516
f 1516/1516/1516 1515/1515/1515 1517/1517/1517
f 1516/1516/1516 1517/1517/1517 1518/1518/1518
f 1518/1518/1518 1517/1517/1517 1519/1519/1519
f 1518/1518/1518 1519/1519/1519 1520/1520/1520
f 1520/1520/1520 1519/1519/1519 1521/1521/1521
f 1520/1520/1520 1521/1521/1521 1522/1522/1522
f 1522/1522/1522 1521/1521/1521 1523/1523/1523
f 1522/1522/1522 1523/1523/1523 1524/1524/1524
f 1524/1524/1524 1523/1523/1523 1525/1525/1525
f 1524/1524/1524 1525/1525/1525 1526/1526/1526
f 1526/1526/1526 1525/1525/1525 1527/1527/1527
f 1526/1526/1526 1527/1527/1527 1528/1528/1528
f 1528/1528/1528 1527/1527/1527 1529/1529/1529
f 1528/1528/1528 1529/1529/1529 1530/1530/1530
f 1530/1530/1530 1529/1529/1529 1531/1531/1531
f 1530/1530/1530 1531/1531/1531 1532/1532/1532
f 1532/1532/1532 1531/1531/1531 1533/1533/1533
f 1532/1532/1532 1533/1533/1533 1534/1534/1534
f 1534/1534/1534 1533/1533/1533 1535/1535/1535
f 1534/1534/1534 1535/1535/1535 1536/1536/1536
f 1536/1536/1536 1535/1535/1535 1537/1537/1537
f 1536/1536/1536 1537/1537/1537 1538/1538/1538
f 1538/1538/1538 1537/1537/1537 1539/1539/1539
f 1538/1538/1538 1539/1539/1539 1540/1540/1540
f 1540/1540/1540 1539/1539/1539 1541/1541/1541
f 1540/1540/1540 1541/1541/1541 1542/1542/1542
f 1542/1542/1542 1541/1541/1541 1543/1543/1543
f 1542/1542/1542 1543/1543/1543 1544/1544/1544
f 1544/1544/1544 1543/1543/1543 1545/1545/1545
f 1544/1544/1544 1545/1545/1545 1546/1546/1546
f 1546/1546/1546 1545/1545/1545 1547/1547/1547
f 1546/1546/1546 1547/1547/1547 1548/1548/1548
f 1548/1548/1548 1547/1547/1547 1549/1549/1549
f 1548/1548/1548 1549/1549/1549 1550/1550/1550
f 1492/1492/1492 1491/1491/1491 1551/1551/1551
f 1492/1492/1492 1551/1551/1551 1552/1552/1552
f 1552/1552/1552 1551/1551/1551 1494/1494/1494
f 1552/1552/1552 1494/1494/1494 1493/1493/1493
f 1550/1550/1550 1549/1549/1549 1490/1490/1490
f 1550/1550/1550 1490/1490/1490 1489/1489/1489
f 1491/1491/1491 1490/1490/1490 1553/1553/1553
f 1491/1491/1491 1553/1553/1553 1554/1554/1554
f 1554/1554/1554 1553/1553/1553 1555/1555/1555
f 1554/1554/1554 1555/1555/1555 1556/1556/1556
f 1556/1556/1556 1555/1555/1555 1557/1557/1557
f 1556/1556/1556 1557/1557/1557 1558/1558/1558
f 1551/1551/1551 1491/1491/1491 1554/1554/1554
f 1551/1551/1551 1554/1554/1554 1559/1559/1559
f 1559/1559/1559 1554/1554/1554 1556/1556/1556
f 1559/1559/1559 1556/1556/1556 1560/1560/1560
f 1560/1560/1560 1556/1556/1556 1558/1558/1558
f 1560/1560/1560 1558/1558/1558 1561/1561/1561
f 1494/1494/1494 1551/1551/1551 1559/1559/1559
f 1494/1494/1494 1559/1559/1559 1562/1562/1562
f 1562/1562/1562 1559/1559/1559 1560/1560/1560
f 1562/1562/1562 1560/1560/1560 1563/1563/1563
f 1563/1563/1563 1560/1560/1560 1561/1561/1561
f 1563/1563/1563 1561/1561/1561 1564/1564/1564
f 1495/1495/1495 1494/1494/1494 1562/1562/1562
f 1495/1495/1495 1562/1562/1562 1565/1565/1565
f 1565/1565/1565 1562/1562/1562 1563/1563/1563
f 1565/1565/1565 1563/1563/1563 1566/1566/1566
f 1566/1566/1566 1563/1563/1563 1564/1564/1564
f 1566/1566/1566 1564/1564/1564 1567/1567/1567
f 1497/1497/1497 1495/1495/1495 1565/1565/1565
f 1497/1497/1497 1565/1565/1565 1568/1568/1568
f 1568/1568/1568 1565/1565/1565 1566/1566/1566
f 1568/1568/1568 1566/1566/1566 1569/1569/1569
f 1569/1569/1569 1566/1566/1566 1567/1567/1567
f 1569/1569/1569 1567/1567/1567 1570/1570/1570
f 1499/1499/1499 1497/1497/1497 1568/1568/1568
f 1499/1499/1499 1568/1568/1568 1571/1571/1571
f 1571/1571/1571 1568/1568/1568 1569/1569/1569
f 1571/1571/1571 1569/1569/1569 1572/1572/1572
f 1572/1572/1572 1569/1569/1569 1570/1570/1570
f 1572/1572/1572 1570/1570/1570 1573/1573/1573
f 1501/1501/1501 1499/1499/1499 1571/1571/1571
f 1501/1501/1501 1571/1571/1571 1574/1574/1574
f 1574/1574/1574 1571/1571/1571 1572/1572/1572
f 1574/1574/1574 1572/1572/1572 1575/1575/1575
f 1575/1575/1575 1572/1572/1572 1573/1573/1573
f 1575/1575/1575 1573/1573/1573 1576/1576/1576
f 1503/1503/1503 1501/1501/1501 1574/1574/1574
f 1503/1503/1503 1574/1574/1574 1577/1577/1577
f 1577/1577/1577 1574/1574/1574 1575/1575/1575
f 1577/1577/1577 1575/1575/1575 1578/1578/1578
f 1578/1578/1578 1575/1575/1575 1576/1576/1576
f 1578/1578/1578 1576/1576/1576 1579/1579/1579
f 1505/1505/1505 1503/1503/1503 1577/1577/1577
f 1505/1505/1505 1577/1577/1577 1580/1580/1580
f 1580/1580/1580 1577/1577/1577 1578/1578/1578
f 1580/1580/1580 1578/1578/1578 1581/1581/1581
f 1581/1581/1581 1578/1578/1578 1579/1579/1579
f 1581/1581/1581 1579/1579/1579 1582/1582/1582
f 1507/1507/1507 1505/1505/1505 1580/1580/1580
f 1507/1507/1507 1580/1580/1580 1583/1583/1583
f 1583/1583/1583 1580/1580/1580 1581/1581/1581
f 1583/1583/1583 1581/1581/1581 1584/1584/1584
f 1584/1584/1584 1581/1581/1581 1582/1582/1582
f 1584/1584/1584 1582/1582/1582 1585/1585/1585
f 1509/1509/1509 1507/1507/1507 1583/1583/1583
f 1509/1509/1509 1583/1583/1583 1586/1586/1586
f 1586/1586/1586 1583/1583/1583 1584/1584/1584
f 1586/1586/1586 1584/1584/1584 1587/1587/1587
f 1587/1587/1587 1584/1584/1584 1585/1585/1585
f 1587/1587/1587 1585/1585/1585 1588/1588/1588
f 1511/1511/1511 1509/1509/1509 1586/1586/1586
f 1511/1511/1511 1586/1586/1586 1589/1589/1589
f 1589/1589/1589 1586/1586/1586 1587/1587/1587
f 1589/1589/1589 1587/1587/1587 1590/1590/1590
f 1590/1590/1590 1587/1587/1587 1588/1588/1588
f 1590/1590/1590 1588/1588/1588 1591/1591/1591
f 1513/1513/1513 1511/1511/1511 1589/1589/1589
f 1513/1513/1513 1589/1589/1589 1592/1592/1592
f 1592/1592/1592 1589/1589/1589 1590/1590/1590
f 1592/1592/1592 1590/1590/1590 1593/1593/1593
f 1593/1593/1593 1590/1590/1590 1591/1591/1591
f 1593/1593/1593 1591/1591/1591 1594/1594/1594
f 1515/1515/1515 1513/1513/1513 1592/1592/1592
f 1515/1515/1515 1592/1592/1592 1595/1595/1595
f 1595/1595/1595 1592/1592/1592 1593/1593/1593
f 1595/1595/1595 1593/1593/1593 1596/1596/1596
f 1596/1596/1596 1593/1593/1593 1594/1594/1594
f 1596/1596/1596 1594/1594/1594 1597/1597/1597
f 1517/1517/1517 1515/1515/1515 1595/1595/1595
f 1517/1517/1517 1595/1595/1595 1598/1598/1598
f 1598/1598/1598 1595/1595/1595 1596/1596/1596
f 1598/1598/1598 1596/1596/1596 1599/1599/1599
f 1599/1599/1599 1596/1596/1596 1597/1597/1597
f 1599/1599/1599 1597/1597/1597 1600/1600/1600
f 1519/1519/1519 1517/1517/1517 1598/1598/1598
f 1519/1519/1519 1598/1598/1598 1601/1601/1601
f 1601/1601/1601 1598/1598/1598 1599/1599/1599
f 1601/1601/1601 1599/1599/1599 1602/1602/1602
f 1602/1602/1602 1599/1599/1599 1600/1600/1600
f 1602/1602/1602 1600/1600/1600 1603/1603/1603
f 1521/1521/1521 1519/1519/1519 1601/1601/1601
f 1521/1521/1521 1601/1601/1601 1604/1604/1604
f 1604/1604/1604 1601/1601/1601 1602/1602/1602
f 1604/1604/1604 1602/1602/1602 1605/1605/1605
f 1605/1605/1605 1602/1602/1602 1603/1603/1603
f 1605/1605/1605 1603/1603/1603 1606/1606/1606
f 1523/1523/1523 1521/1521/1521 1604/1604/1604
f 1523/1523/1523 1604/1604/1604 1607/1607/1607
f 1607/1607/1607 1604/1604/1604 1605/1605/1605
f 1607/1607/1607 1605/1605/1605 1608/1608/1608
f 1608/1608/1608 1605/1605/1605 1606/1606/1606
f 1608/1608/1608 1606/1606/1606 1609/1609/1609
f 1525/1525/1525 1523/1523/1523 1607/1607/1607
f 1525/1525/1525 1607/1607/1607 1610/1610/1610
f 1610/1610/1610 1607/1607/1607 1608/1608/1608
f 1610/1610/1610 1608/1608/1608 1611/1611/1611
f 1611/1611/1611 1608/1608/1608 1609/1609/1609
f 1611/1611/1611 1609/1609/1609 1612/1612/1612
f 1527/1527/1527 1525/1525/1525 1610/1610/1610
f 1527/1527/1527 1610/1610/1610 1613/1613/1613
f 1613/1613/1613 1610/1610/1610 1611/1611/1611
f 1613/1613/1613 1611/1611/1611 1614/1614/1614
f 1614/1614/1614 1611/1611/1611 1612/1612/1612
f 1614/1614/1614 1612/1612/1612 1615/1615/1615
f 1529/1529/1529 1527/1527/1527 1613/1613/1613
f 1529/1529/1529 1613/1613/1613 1616/1616/1616
f 1616/1616/1616 1613/1613/1613 1614/1614/1614
f 1616/1616/1616 1614/1614/1614 1617/1617/1617
f 1617/1617/1617 1614/1614/1614 1615/1615/1615
f 1617/1617/1617 1615/1615/1615 1618/1618/1618
f 1531/1531/1531 1529/1529/1529 1616/1616/1616
f 1531/1531/1531 1616/1616/1616 1619/1619/1619
f 1619/1619/1619 1616/1616/1616 1617/1617/1617
f 1619/1619/1619 1617/1617/1617 1620/1620/1620
f 1620/1620/1620 1617/1617/1617 1618/1618/1618
f 1620/1620/1620 1618/1618/1618 1621/1621/1621
f 1533/1533/1533 1531/1531/1531 1619/1619/1619
f 1533/1533/1533 1619/1619/1619 1622/1622/1622
f 1622/1622/1622 1619/1619/1619 1620/1620/1620
f 1622/1622/1622 1620/1620/1620 1623/1623/1623
f 1623/1623/1623 1620/1620/1620 1621/1621/1621
f 1623/1623/1623 1621/1621/1621 1624/1624/1624
f 1535/1535/1535 1533/1533/1533 1622/1622/1622
f 1535/1535/1535 1622/1622/1622 1625/1625/1625
f 1625/1625/1625 1622/1622/1622 1623/1623/1623
f 1625/1625/1625 1623/1623/1623 1626/1626/1626
f 1626/1626/1626 1623/1623/1623 1624/1624/1624
f 1626/1626/1626 1624/1624/1624 1627/1627/1627
f 1537/1537/1537 1535/1535/1535 1625/1625/1625
f 1537/1537/1537 1625/1625/1625 1628/1628/1628
f 1628/1628/1628 1625/1625/1625 1626/1626/1626
f 1628/1628/1628 1626/1626/1626 1629/1629/1629
f 1629/1629/1629 1626/1626/1626 1627/1627/1627
f 1629/1629/1629 1627/1627/1627 1630/1630/1630
f 1539/1539/1539 1537/1537/1537 1628/1628/1628
f 1539/1539/1539 1628/1628/1628 1631/1631/1631
f 1631/1631/1631 1628/1628/1628 1629/1629/1629
f 1631/1631/1631 1629/1629/1629 1632/1632/1632
f 1632/1632/1632 1629/1629/1629 1630/1630/1630
f 1632/1632/1632 1630/1630/1630 1633/1633/1633
f 1541/1541/1541 1539/1539/1539 1631/1631/1631
f 1541/1541/1541 1631/1631/1631 1634/1634/1634
f 1634/1634/1634 1631/1631/1631 1632/1632/1632
f 1634/1634/1634 1632/1632/1632 1635/1635/1635
f 1635/1635/1635 1632/1632/1632 1633/1633/1633
f 1635/1635/1635 1633/1633/1633 1636/1636/1636
f 1543/1543/1543 1541/1541/1541 1634/1634/1634
f 1543/1543/1543 1634/1634/1634 1637/1637/1637
f 1637/1637/1637 1634/1634/1634 1635/1635/1635
f 1637/1637/1637 1635/1635/1635 1638/1638/1638
f 1638/1638/1638 1635/1635/1635 1636/1636/1636
f 1638/1638/1638 1636/1636/1636 1639/1639/1639
f 1545/1545/1545 1543/1543/1543 1637/1637/1637
f 1545/1545/1545 1637/1637/1637 1640/1640/1640
f 1640/1640/1640 1637/1637/1637 1638/1638/1638
f 1640/1640/1640 1638/1638/1638 1641/1641/1641
f 1641/1641/1641 1638/1638/1638 1639/1639/1639
f 1641/1641/1641 1639/1639/1639 1642/1642/1642
f 1547/1547/1547 1545/1545/1545 1640/1640/1640
f 1547/1547/1547 1640/1640/1640 1643/1643/1643
f 1643/1643/1643 1640/1640/1640 1641/1641/1641
f 1643/1643/1643 1641/1641/1641 1644/1644/1644
f 1644/1644/1644 1641/1641/1641 1642/1642/1642
f 1644/1644/1644 1642/1642/1642 1645/1645/1645
f 1549/1549/1549 1547/1547/1547 1643/1643/1643
f 1549/1549/1549 1643/1643/1643 1646/1646/1646
f 1646/1646/1646 1643/1643/1643 1644/1644/1644
f 1646/1646/1646 1644/1644/1644 1647/1647/1647
f 1647/1647/1647 1644/1644/1644 1645/1645/1645
f 1647/1647/1647 1645/1645/1645 1648/1648/1648
f 1490/1490/1490 1549/1549/1549 1646/1646/1646
f 1490/1490/1490 1646/1646/1646 1553/1553/1553
f 1553/1553/1553 1646/1646/1646 1647/1647/1647
f 1553/1553/1553 1647/1647/1647 1555/1555/1555
f 1555/1555/1555 1647/1647/1647 1648/1648/1648
f 1555/1555/1555 1648/1648/1648 1557/1557/1557
f 1489/1489/1489 1492/1492/1492 1649/1649/1649
f 1489/1489/1489 1649/1649/1649 1650/1650/1650
f 1650/1650/1650 1649/1649/1649 1651/1651/1651
f 1650/1650/1650 1651/1651/1651 1652/1652/1652
f 1652/1652/1652 1651/1651/1651 1653/1653/1653
f 1652/1652/1652 1653/1653/1653 1654/1654/1654
f 1492/1492/1492 1552/1552/1552 1655/1655/1655
f 1492/1492/1492 1655/1655/1655 1649/1649/1649
f 1649/1649/1649 1655/1655/1655 1656/1656/1656
f 1649/1649/1649 1656/1656/1656 1651/1651/1651
f 1651/1651/1651 1656/1656/1656 1657/1657/1657
f 1651/1651/1651 1657/1657/1657 1653/1653/1653
f 1552/1552/1552 1493/1493/1493 1658/1658/1658
f 1552/1552/1552 1658/1658/1658 1655/1655/1655
f 1655/1655/1655 1658/1658/1658 1659/1659/1659
f 1655/1655/1655 1659/1659/1659 1656/1656/1656
f 1656/1656/1656 1659/1659/1659 1660/1660/1660
f 1656/1656/1656 1660/1660/1660 1657/1657/1657
f 1493/1493/1493 1496/1496/1496 1661/1661/1661
f 1493/1493/1493 1661/1661/1661 1658/1658/1658
f 1658/1658/1658 1661/1661/1661 1662/1662/1662
f 1658/1658/1658 1662/1662/1662 1659/1659/1659
f 1659/1659/1659 1662/1662/1662 1663/1663/1663
f 1659/1659/1659 1663/1663/1663 1660/1660/1660
f 1496/1496/1496 1498/1498/1498 1664/1664/1664
f 1496/1496/1496 1664/1664/1664 1661/1661/1661
f 1661/1661/1661 1664/1664/1664 1665/1665/1665
f 1661/1661/1661 1665/1665/1665 1662/1662/1662
f 1662/1662/1662 1665/1665/1665 1666/1666/1666
f 1662/1662/1662 1666/1666/1666 1663/1663/1663
f 1498/1498/1498 1500/1500/1500 1667/1667/1667
f 1498/1498/1498 1667/1667/1667 1664/1664/1664
f 1664/1664/1664 1667/1667/1667 1668/1668/1668
f 1664/1664/1664 1668/1668/1668 1665/1665/1665
f 1665/1665/1665 1668/1668/1668 1669/1669/1669
f 1665/1665/1665 1669/1669/1669 1666/1666/1666
f 1500/1500/1500 1502/1502/1502 1670/1670/1670
f 1500/1500/1500 1670/1670/1670 1667/1667/1667
f 1667/1667/1667 1670/1670/1670 1671/1671/1671
f 1667/1667/1667 1671/1671/1671 1668/1668/1668
f 1668/1668/1668 1671/1671/1671 1672/1672/1672
f 1668/1668/1668 1672/1672/1672 1669/1669/1669
f 1502/1502/1502 1504/1504/1504 1673/1673/1673
f 1502/1502/1502 1673/1673/1673 1670/1670/1670
f 1670/1670/1670 1673/1673/1673 1674/1674/1674
f 1670/1670/1670 1674/1674/1674 1671/1671/1671
f 1671/1671/1671 1674/1674/1674 1675/1675/1675
f 1671/1671/1671 1675/1675/1675 1672/1672/1672
f 1504/1504/1504 1506/1506/1506 1676/1676/1676
f 1504/1504/1504 1676/1676/1676 1673/1673/1673
f 1673/1673/1673 1676/1676/1676 1677/1677/1677
f 1673/1673/1673 1677/1677/1677 1674/1674/1674
f 1674/1674/1674 1677/1677/1677 1678/1678/1678
f 1674/1674/1674 1678/1678/1678 1675/1675/1675
f 1506/1506/1506 1508/1508/1508 1679/1679/1679
f 1506/1506/1506 1679/1679/1679 1676/1676/1676
f 1676/1676/1676 1679/1679/1679 1680/1680/1680
f 1676/1676/1676 1680/1680/1680 1677/1677/1677
f 1677/1677/1677 1680/1680/1680 1681/1681/1681
f 1677/1677/1677 1681/1681/1681 1678/1678/1678
f 1508/1508/1508 1510/1510/1510 1682/1682/1682
f 1508/1508/1508 1682/1682/1682 1679/1679/1679
f 1679/1679/1679 1682/1682/1682 1683/1683/1683
f 1679/1679/1679 1683/1683/1683 1680/1680/1680
f 1680/1680/1680 1683/1683/1683 1684/1684/1684
f 1680/1680/1680 1684/1684/1684 1681/1681/1681
f 1510/1510/1510 1512/1512/1512 1685/1685/1685
f 1510/1510/1510 1685/1685/1685 1682/1682/1682
f 1682/1682/1682 1686/1686/1686 1687/1687/1687
f 1682/1682/1682 1687/1687/1687 1683/1683/1683
f 1683/1683/1683 1687/1687/1687 1688/1688/1688
f 1683/1683/1683 1688/1688/1688 1684/1684/1684
f 1512/1512/1512 1514/1514/1514 1689/1689/1689
f 1512/1512/1512 1689/1689/1689 1685/1685/1685
f 1686/1686/1686 1689/1689/1689 1690/1690/1690
f 1686/1686/1686 1690/1690/1690 1687/1687/1687
f 1687/1687/1687 1690/1690/1690 1691/1691/1691
f 1687/1687/1687 1691/1691/1691 1688/1688/1688
f 1514/1514/1514 1516/1516/1516 1692/1692/1692
f 1514/1514/1514 1692/1692/1692 1689/1689/1689
f 1689/1689/1689 1692/1692/1692 1693/1693/1693
f 1689/1689/1689 1693/1693/1693 1690/1690/1690
f 1690/1690/1690 1693/1693/1693 1694/1694/1694
f 1690/1690/1690 1694/1694/1694 1691/1691/1691
f 1516/1516/1516 1518/1518/1518 1695/1695/1695
f 1516/1516/1516 1695/1695/1695 1692/1692/1692
f 1692/1692/1692 1695/1695/1695 1696/1696/1696
f 1692/1692/1692 1696/1696/1696 1693/1693/1693
f 1693/1693/1693 1696/1696/1696 1697/1697/1697
f 1693/1693/1693 1697/1697/1697 1694/1694/1694
f 1518/1518/1518 1520/1520/1520 1698/1698/1698
f 1518/1518/1518 1698/1698/1698 1695/1695/1695
f 1695/1695/1695 1698/1698/1698 1699/1699/1699
f 1695/1695/1695 1699/1699/1699 1696/1696/1696
f 1696/1696/1696 1699/1699/1699 1700/1700/1700
f 1696/1696/1696 1700/1700/1700 1697/1697/1697
f 1520/1520/1520 1522/1522/1522 1701/1701/1701
f 1520/1520/1520 1701/1701/1701 1698/1698/1698
f 1698/1698/1698 1701/1701/1701 1702/1702/1702
f 1698/1698/1698 1702/1702/1702 1699/1699/1699
f 1699/1699/1699 1702/1702/1702 1703/1703/1703
f 1699/1699/1699 1703/1703/1703 1700/1700/1700
f 1522/1522/1522 1524/1524/1524 1704/1704/1704
f 1522/1522/1522 1704/1704/1704 1701/1701/1701
f 1701/1701/1701 1704/1704/1704 1705/1705/1705
f 1701/1701/1701 1705/1705/1705 1702/1702/1702
f 1702/1702/1702 1705/1705/1705 1706/1706/1706
f 1702/1702/1702 1706/1706/1706 1703/1703/1703
f 1524/1524/1524 1526/1526/1526 1707/1707/1707
f 1524/1524/1524 1707/1707/1707 1704/1704/1704
f 1704/1704/1704 1707/1707/1707 1708/1708/1708
f 1704/1704/1704 1708/1708/1708 1705/1705/1705
f 1705/1705/1705 1708/1708/1708 1709/1709/1709
f 1705/1705/1705 1709/1709/1709 1706/1706/1706
f 1526/1526/1526 1528/1528/1528 1710/1710/1710
f 1526/1526/1526 1710/1710/1710 1707/1707/1707
f 1707/1707/1707 1710/1710/1710 1711/1711/1711
f 1707/1707/1707 1711/1711/1711 1708/1708/1708
f 1708/1708/1708 1711/1711/1711 1712/1712/1712
f 1708/1708/1708 1712/1712/1712 1709/1709/1709
f 1528/1528/1528 1530/1530/1530 1713/1713/1713
f 1528/1528/1528 1713/1713/1713 1710/1710/1710
f 1710/1710/1710 1713/1713/1713 1714/1714/1714
f 1710/1710/1710 1714/1714/1714 1711/1711/1711
f 1711/1711/1711 1714/1714/1714 1715/1715/1715
f 1711/1711/1711 1715/1715/1715 1712/1712/1712
f 1530/1530/1530 1532/1532/1532 1716/1716/1716
f 1530/1530/1530 1716/1716/1716 1713/1713/1713
f 1713/1713/1713 1716/1716/1716 1717/1717/1717
f 1713/1713/1713 1717/1717/1717 1714/1714/1714
f 1714/1714/1714 1717/1717/1717 1718/1718/1718
f 1714/1714/1714 1718/1718/1718 1715/1715/1715
f 1532/1532/1532 1534/1534/1534 1719/1719/1719
f 1532/1532/1532 1719/1719/1719 1716/1716/1716
f 1716/1716/1716 1719/1719/1719 1720/1720/1720
f 1716/1716/1716 1720/1720/1720 1717/1717/1717
f 1717/1717/1717 1720/1720/1720 1721/1721/1721
f 1717/1717/1717 1721/1721/1721 1718/1718/1718
f 1534/1534/1534 1536/1536/1536 1722/1722/1722
f 1534/1534/1534 1722/1722/1722 1719/1719/1719
f 1719/1719/1719 1722/1722/1722 1723/1723/1723
f 1719/1719/1719 1723/1723/1723 1720/1720/1720
f 1720/1720/1720 1723/1723/1723 1724/1724/1724
f 1720/1720/1720 1724/1724/1724 1721/1721/1721
f 1536/1536/1536 1538/1538/1538 1725/1725/1725
f 1536/1536/1536 1725/1725/1725 1722/1722/1722
f 1722/1722/1722 1726/1726/1726 1727/1727/1727
f 1722/1722/1722 1727/1727/1727 1723/1723/1723
f 1723/1723/1723 1727/1727/1727 1728/1728/1728
f 1723/1723/1723 1728/1728/1728 1724/1724/1724
f 1538/1538/1538 1540/1540/1540 1729/1729/1729
f 1538/1538/1538 1729/1729/1729 1725/1725/1725
f 1726/1726/1726 1729/1729/1729 1730/1730/1730
f 1726/1726/1726 1730/1730/1730 1727/1727/1727
f 1727/1727/1727 1730/1730/1730 1731/1731/1731
f 1727/1727/1727 1731/1731/1731 1728/1728/1728
f 1540/1540/1540 1542/1542/1542 1732/1732/1732
f 1540/1540/1540 1732/1732/1732 1729/1729/1729
f 1729/1729/1729 1732/1732/1732 1733/1733/1733
f 1729/1729/1729 1733/1733/1733 1730/1730/1730
f 1730/1730/1730 1733/1733/1733 1734/1734/1734
f 1730/1730/1730 1734/1734/1734 1731/1731/1731
f 1542/1542/1542 1544/1544/1544 1735/1735/1735
f 1542/1542/1542 1735/1735/1735 1732/1732/1732
f 1732/1732/1732 1735/1735/1735 1736/1736/1736
f 1732/1732/1732 1736/1736/1736 1733/1733/1733
f 1733/1733/1733 1736/1736/1736 1737/1737/1737
f 1733/1733/1733 1737/1737/1737 1734/1734/1734
f 1544/1544/1544 1546/1546/1546 1738/1738/1738
f 1544/1544/1544 1738/1738/1738 1735/1735/1735
f 1735/1735/1735 1738/1738/1738 1739/1739/1739
f 1735/1735/1735 1739/1739/1739 1736/1736/1736
f 1736/1736/1736 1739/1739/1739 1740/1740/1740
f 1736/1736/1736 1740/1740/1740 1737/1737/1737
f 1546/1546/1546 1548/1548/1548 1741/1741/1741
f 1546/1546/1546 1741/1741/1741 1738/1738/1738
f 1738/1738/1738 1741/1741/1741 1742/1742/1742
f 1738/1738/1738 1742/1742/1742 1739/1739/1739
f 1739/1739/1739 1742/1742/1742 1743/1743/1743
f 1739/1739/1739 1743/1743/1743 1740/1740/1740
f 1548/1548/1548 1550/1550/1550 1744/1744/1744
f 1548/1548/1548 1744/1744/1744 1741/1741/1741
f 1741/1741/1741 1744/1744/1744 1745/1745/1745
f 1741/1741/1741 1745/1745/1745 1742/1742/1742
f 1742/1742/1742 1745/1745/1745 1746/1746/1746
f 1742/1742/1742 1746/1746/1746 1743/1743/1743
f 1550/1550/1550 1489/1489/1489 1650/1650/1650
f 1550/1550/1550 1650/1650/1650 1744/1744/1744
f 1744/1744/1744 1650/1650/1650 1652/1652/1652
f 1744/1744/1744 1652/1652/1652 1745/1745/1745
f 1745/1745/1745 1652/1652/1652 1654/1654/1654
f 1745/1745/1745 1654/1654/1654 1746/1746/1746
f 1747/1747/1747 1748/1748/1748 1749/1749/1749
f 1747/1747/1747 1749/1749/1749 1750/1750/1750
f 1751/1751/1751 1752/1752/1752 1753/1753/1753
f 1751/1751/1751 1753/1753/1753 1754/1754/1754
f 1755/1755/1755 1756/1756/1756 1757/1757/1757
f 1755/1755/1755 1757/1757/1757 1758/1758/1758
f 1756/1756/1756 1759/1759/1759 1760/1760/1760
f 1756/1756/1756 1760/1760/1760 1757/1757/1757
f 1761/1761/1761 1755/1755/1755 1758/1758/1758
f 1761/1761/1761 1758/1758/1758 1762/1762/1762
f 1763/1763/1763 1764/1764/1764 1765/1765/1765
f 1763/1763/1763 1765/1765/1765 1766/1766/1766
f 1767/1767/1767 1761/1761/1761 1762/1762/1762
f 1767/1767/1767 1762/1762/1762 1768/1768/1768
f 1769/1769/1769 1770/1770/1770 1771/1771/1771
f 1769/1769/1769 1771/1771/1771 1772/1772/1772
f 1752/1752/1752 1773/1773/1773 1774/1774/1774
f 1752/1752/1752 1774/1774/1774 1753/1753/1753
f 1775/1775/1775 1767/1767/1767 1768/1768/1768
f 1775/1775/1775 1768/1768/1768 1776/1776/1776
f 1770/1770/1770 1777/1777/1777 1778/1778/1778
f 1770/1770/1770 1778/1778/1778 1771/1771/1771
f 1779/1779/1779 1775/1775/1775 1776/1776/1776
f 1779/1779/1779 1776/1776/1776 1780/1780/1780
f 1777/1777/1777 1781/1781/1781 1782/1782/1782
f 1777/1777/1777 1782/1782/1782 1778/1778/1778
f 1352/1352/1352 1779/1779/1779 1780/1780/1780
f 1352/1352/1352 1780/1780/1780 1353/1353/1353
f 1781/1781/1781 1351/1351/1351 1354/1354/1354
f 1781/1781/1781 1354/1354/1354 1782/1782/1782
f 1759/1759/1759 1763/1763/1763 1766/1766/1766
f 1759/1759/1759 1766/1766/1766 1760/1760/1760
f 1783/1783/1783 1784/1784/1784 1785/1785/1785
f 1783/1783/1783 1785/1785/1785 1786/1786/1786
f 1787/1787/1787 1788/1788/1788 1789/1789/1789
f 1787/1787/1787 1789/1789/1789 1790/1790/1790
f 1748/1748/1748 1791/1791/1791 1792/1792/1792
f 1748/1748/1748 1792/1792/1792 1749/1749/1749
f 1793/1793/1793 1794/1794/1794 1795/1795/1795
f 1793/1793/1793 1795/1795/1795 1796/1796/1796
f 1791/1791/1791 1797/1797/1797 1798/1798/1798
f 1791/1791/1791 1798/1798/1798 1792/1792/1792
f 1788/1788/1788 1799/1799/1799 1800/1800/1800
f 1788/1788/1788 1800/1800/1800 1789/1789/1789
f 1801/1801/1801 1787/1787/1787 1790/1790/1790
f 1801/1801/1801 1790/1790/1790 1802/1802/1802
f 1803/1803/1803 1801/1801/1801 1802/1802/1802
f 1803/1803/1803 1802/1802/1802 1804/1804/1804
f 1805/1805/1805 1806/1806/1806 1807/1807/1807
f 1805/1805/1805 1807/1807/1807 1808/1808/1808
f 1809/1809/1809 1803/1803/1803 1804/1804/1804
f 1809/1809/1809 1804/1804/1804 1810/1810/1810
f 1811/1811/1811 1747/1747/1747 1750/1750/1750
f 1811/1811/1811 1750/1750/1750 1812/1812/1812
f 1797/1797/1797 1809/1809/1809 1810/1810/1810
f 1797/1797/1797 1810/1810/1810 1798/1798/1798
f 1813/1813/1813 1814/1814/1814 1815/1815/1815
f 1813/1813/1813 1815/1815/1815 1816/1816/1816
f 1817/1817/1817 1818/1818/1818 1819/1819/1819
f 1817/1817/1817 1819/1819/1819 1820/1820/1820
f 1821/1821/1821 1822/1822/1822 1823/1823/1823
f 1821/1821/1821 1823/1823/1823 1824/1824/1824
f 1825/1825/1825 1826/1826/1826 1827/1827/1827
f 1825/1825/1825 1827/1827/1827 1828/1828/1828
f 1829/1829/1829 1827/1827/1827 1815/1815/1815
f 1829/1829/1829 1815/1815/1815 1786/1786/1786
f 1830/1830/1830 1821/1821/1821 1824/1824/1824
f 1830/1830/1830 1824/1824/1824 1831/1831/1831
f 1832/1832/1832 1825/1825/1825 1828/1828/1828
f 1832/1832/1832 1828/1828/1828 1833/1833/1833
f 1834/1834/1834 1829/1829/1829 1786/1786/1786
f 1834/1834/1834 1786/1786/1786 1785/1785/1785
f 1835/1835/1835 1830/1830/1830 1831/1831/1831
f 1835/1835/1835 1831/1831/1831 1836/1836/1836
f 1837/1837/1837 1832/1832/1832 1833/1833/1833
f 1837/1837/1837 1833/1833/1833 1838/1838/1838
f 1839/1839/1839 1840/1840/1840 1812/1812/1812
f 1839/1839/1839 1812/1812/1812 1750/1750/1750
f 1841/1841/1841 1842/1842/1842 1843/1843/1843
f 1841/1841/1841 1843/1843/1843 1844/1844/1844
f 1844/1844/1844 1845/1845/1845 1839/1839/1839
f 1844/1844/1844 1839/1839/1839 1846/1846/1846
f 1846/1846/1846 1839/1839/1839 1750/1750/1750
f 1846/1846/1846 1750/1750/1750 1749/1749/1749
f 1847/1847/1847 1841/1841/1841 1844/1844/1844
f 1847/1847/1847 1844/1844/1844 1848/1848/1848
f 1848/1848/1848 1844/1844/1844 1846/1846/1846
f 1848/1848/1848 1846/1846/1846 1849/1849/1849
f 1849/1849/1849 1846/1846/1846 1749/1749/1749
f 1849/1849/1849 1749/1749/1749 1792/1792/1792
f 1850/1850/1850 1851/1851/1851 1852/1852/1852
f 1850/1850/1850 1852/1852/1852 1853/1853/1853
f 1854/1854/1854 1855/1855/1855 1856/1856/1856
f 1854/1854/1854 1856/1856/1856 1857/1857/1857
f 1857/1857/1857 1856/1856/1856 1790/1790/1790
f 1857/1857/1857 1790/1790/1790 1789/1789/1789
f 1851/1851/1851 1858/1858/1858 1859/1859/1859
f 1851/1851/1851 1859/1859/1859 1852/1852/1852
f 1855/1855/1855 1860/1860/1860 1861/1861/1861
f 1855/1855/1855 1861/1861/1861 1856/1856/1856
f 1856/1856/1856 1861/1861/1861 1802/1802/1802
f 1856/1856/1856 1802/1802/1802 1790/1790/1790
f 1858/1858/1858 1862/1862/1862 1863/1863/1863
f 1858/1858/1858 1863/1863/1863 1859/1859/1859
f 1860/1860/1860 1864/1864/1864 1865/1865/1865
f 1860/1860/1860 1865/1865/1865 1861/1861/1861
f 1861/1861/1861 1865/1865/1865 1804/1804/1804
f 1861/1861/1861 1804/1804/1804 1802/1802/1802
f 1862/1862/1862 1866/1866/1866 1867/1867/1867
f 1862/1862/1862 1867/1867/1867 1863/1863/1863
f 1864/1864/1864 1867/1867/1867 1868/1868/1868
f 1864/1864/1864 1868/1868/1868 1865/1865/1865
f 1865/1865/1865 1868/1868/1868 1810/1810/1810
f 1865/1865/1865 1810/1810/1810 1804/1804/1804
f 1866/1866/1866 1869/1869/1869 1870/1870/1870
f 1866/1866/1866 1870/1870/1870 1867/1867/1867
f 1867/1867/1867 1870/1870/1870 1871/1871/1871
f 1867/1867/1867 1871/1871/1871 1868/1868/1868
f 1868/1868/1868 1871/1871/1871 1798/1798/1798
f 1868/1868/1868 1798/1798/1798 1810/1810/1810
f 1792/1792/1792 1798/1798/1798 1871/1871/1871
f 1792/1792/1792 1871/1871/1871 1849/1849/1849
f 1849/1849/1849 1871/1871/1871 1870/1870/1870
f 1849/1849/1849 1870/1870/1870 1848/1848/1848
f 1848/1848/1848 1870/1870/1870 1869/1869/1869
f 1848/1848/1848 1869/1869/1869 1847/1847/1847
f 1872/1872/1872 1873/1873/1873 1874/1874/1874
f 1872/1872/1872 1874/1874/1874 1875/1875/1875
f 1876/1876/1876 1877/1877/1877 1878/1878/1878
f 1876/1876/1876 1878/1878/1878 1879/1879/1879
f 1880/1880/1880 1881/1881/1881 1820/1820/1820
f 1880/1880/1880 1820/1820/1820 1819/1819/1819
f 1882/1882/1882 1883/1883/1883 1884/1884/1884
f 1882/1882/1882 1884/1884/1884 1885/1885/1885
f 1886/1886/1886 1887/1887/1887 1888/1888/1888
f 1886/1886/1886 1888/1888/1888 1889/1889/1889
f 1890/1890/1890 1891/1891/1891 1808/1808/1808
f 1890/1890/1890 1808/1808/1808 1807/1807/1807
f 1789/1789/1789 1800/1800/1800 1892/1892/1892
f 1789/1789/1789 1892/1892/1892 1857/1857/1857
f 1857/1857/1857 1892/1892/1892 1893/1893/1893
f 1857/1857/1857 1893/1893/1893 1854/1854/1854
f 1853/1853/1853 1894/1894/1894 1895/1895/1895
f 1853/1853/1853 1895/1895/1895 1850/1850/1850
f 1796/1796/1796 1795/1795/1795 1896/1896/1896
f 1796/1796/1796 1896/1896/1896 1897/1897/1897
f 1898/1898/1898 1899/1899/1899 1900/1900/1900
f 1898/1898/1898 1900/1900/1900 1901/1901/1901
f 1875/1875/1875 1884/1884/1884 1883/1883/1883
f 1875/1875/1875 1883/1883/1883 1872/1872/1872
f 1816/1816/1816 1815/1815/1815 1827/1827/1827
f 1816/1816/1816 1827/1827/1827 1902/1902/1902
f 1902/1902/1902 1827/1827/1827 1826/1826/1826
f 1902/1902/1902 1826/1826/1826 1903/1903/1903
f 1885/1885/1885 1823/1823/1823 1822/1822/1822
f 1885/1885/1885 1822/1822/1822 1882/1882/1882
f 1814/1814/1814 1783/1783/1783 1786/1786/1786
f 1814/1814/1814 1786/1786/1786 1815/1815/1815
f 1904/1904/1904 1905/1905/1905 1906/1906/1906
f 1904/1904/1904 1906/1906/1906 1907/1907/1907
f 1908/1908/1908 1909/1909/1909 1910/1910/1910
f 1908/1908/1908 1910/1910/1910 1911/1911/1911
f 1909/1909/1909 1912/1912/1912 1913/1913/1913
f 1909/1909/1909 1913/1913/1913 1910/1910/1910
f 1912/1912/1912 1914/1914/1914 1915/1915/1915
f 1912/1912/1912 1915/1915/1915 1913/1913/1913
f 1914/1914/1914 1916/1916/1916 1917/1917/1917
f 1914/1914/1914 1917/1917/1917 1915/1915/1915
f 1916/1916/1916 1918/1918/1918 1919/1919/1919
f 1916/1916/1916 1919/1919/1919 1917/1917/1917
f 1918/1918/1918 863/863/863 866/866/866
f 1918/1918/1918 866/866/866 1919/1919/1919
f 1920/1920/1920 1921/1921/1921 1922/1922/1922
f 1920/1920/1920 1922/1922/1922 1923/1923/1923
f 1921/1921/1921 1924/1924/1924 1925/1925/1925
f 1921/1921/1921 1925/1925/1925 1922/1922/1922
f 1924/1924/1924 1926/1926/1926 1927/1927/1927
f 1924/1924/1924 1927/1927/1927 1925/1925/1925
f 1926/1926/1926 1928/1928/1928 1929/1929/1929
f 1926/1926/1926 1929/1929/1929 1927/1927/1927
f 1928/1928/1928 1930/1930/1930 1931/1931/1931
f 1928/1928/1928 1931/1931/1931 1929/1929/1929
f 1930/1930/1930 859/859/859 862/862/862
f 1930/1930/1930 862/862/862 1931/1931/1931
f 1932/1932/1932 1933/1933/1933 1934/1934/1934
f 1932/1932/1932 1934/1934/1934 1935/1935/1935
f 1933/1933/1933 1936/1936/1936 1937/1937/1937
f 1933/1933/1933 1937/1937/1937 1934/1934/1934
f 1936/1936/1936 1938/1938/1938 1939/1939/1939
f 1936/1936/1936 1939/1939/1939 1937/1937/1937
f 1938/1938/1938 1940/1940/1940 1941/1941/1941
f 1938/1938/1938 1941/1941/1941 1939/1939/1939
f 1940/1940/1940 1942/1942/1942 1943/1943/1943
f 1940/1940/1940 1943/1943/1943 1941/1941/1941
f 1942/1942/1942 855/855/855 858/858/858
f 1942/1942/1942 858/858/858 1943/1943/1943
f 1944/1944/1944 1945/1945/1945 1946/1946/1946
f 1944/1944/1944 1946/1946/1946 1947/1947/1947
f 1945/1945/1945 1948/1948/1948 1949/1949/1949
f 1945/1945/1945 1949/1949/1949 1946/1946/1946
f 1948/1948/1948 1950/1950/1950 1951/1951/1951
f 1948/1948/1948 1951/1951/1951 1949/1949/1949
f 1950/1950/1950 1952/1952/1952 1953/1953/1953
f 1950/1950/1950 1953/1953/1953 1951/1951/1951
f 1952/1952/1952 1954/1954/1954 1955/1955/1955
f 1952/1952/1952 1955/1955/1955 1953/1953/1953
f 1954/1954/1954 852/852/852 854/854/854
f 1954/1954/1954 854/854/854 1955/1955/1955
f 1956/1956/1956 1957/1957/1957 1945/1945/1945
f 1956/1956/1956 1945/1945/1945 1944/1944/1944
f 1957/1957/1957 1958/1958/1958 1948/1948/1948
f 1957/1957/1957 1948/1948/1948 1945/1945/1945
f 1958/1958/1958 1959/1959/1959 1950/1950/1950
f 1958/1958/1958 1950/1950/1950 1948/1948/1948
f 1959/1959/1959 1960/1960/1960 1952/1952/1952
f 1959/1959/1959 1952/1952/1952 1950/1950/1950
f 1960/1960/1960 1961/1961/1961 1954/1954/1954
f 1960/1960/1960 1954/1954/1954 1952/1952/1952
f 1961/1961/1961 850/850/850 852/852/852
f 1961/1961/1961 852/852/852 1954/1954/1954
f 1962/1962/1962 1963/1963/1963 1957/1957/1957
f 1962/1962/1962 1957/1957/1957 1956/1956/1956
f 1963/1963/1963 1964/1964/1964 1958/1958/1958
f 1963/1963/1963 1958/1958/1958 1957/1957/1957
f 1964/1964/1964 1965/1965/1965 1959/1959/1959
f 1964/1964/1964 1959/1959/1959 1958/1958/1958
f 1965/1965/1965 1966/1966/1966 1960/1960/1960
f 1965/1965/1965 1960/1960/1960 1959/1959/1959
f 1966/1966/1966 1967/1967/1967 1961/1961/1961
f 1966/1966/1966 1961/1961/1961 1960/1960/1960
f 1967/1967/1967 848/848/848 850/850/850
f 1967/1967/1967 850/850/850 1961/1961/1961
f 1968/1968/1968 1969/1969/1969 1963/1963/1963
f 1968/1968/1968 1963/1963/1963 1962/1962/1962
f 1969/1969/1969 1970/1970/1970 1964/1964/1964
f 1969/1969/1969 1964/1964/1964 1963/1963/1963
f 1970/1970/1970 1971/1971/1971 1965/1965/1965
f 1970/1970/1970 1965/1965/1965 1964/1964/1964
f 1971/1971/1971 1972/1972/1972 1966/1966/1966
f 1971/1971/1971 1966/1966/1966 1965/1965/1965
f 1972/1972/1972 1973/1973/1973 1967/1967/1967
f 1972/1972/1972 1967/1967/1967 1966/1966/1966
f 1973/1973/1973 846/846/846 848/848/848
f 1973/1973/1973 848/848/848 1967/1967/1967
f 824/824/824 823/823/823 1969/1969/1969
f 824/824/824 1969/1969/1969 1968/1968/1968
f 823/823/823 1974/1974/1974 1970/1970/1970
f 823/823/823 1970/1970/1970 1969/1969/1969
f 1974/1974/1974 1975/1975/1975 1971/1971/1971
f 1974/1974/1974 1971/1971/1971 1970/1970/1970
f 1975/1975/1975 1976/1976/1976 1972/1972/1972
f 1975/1975/1975 1972/1972/1972 1971/1971/1971
f 1976/1976/1976 1977/1977/1977 1973/1973/1973
f 1976/1976/1976 1973/1973/1973 1972/1972/1972
f 1977/1977/1977 843/843/843 846/846/846
f 1977/1977/1977 846/846/846 1973/1973/1973
f 1978/1978/1978 1979/1979/1979 1980/1980/1980
f 1978/1978/1978 1980/1980/1980 1981/1981/1981
f 1979/1979/1979 1982/1982/1982 1983/1983/1983
f 1979/1979/1979 1983/1983/1983 1980/1980/1980
f 1982/1982/1982 1984/1984/1984 1985/1985/1985
f 1982/1982/1982 1985/1985/1985 1983/1983/1983
f 1984/1984/1984 1986/1986/1986 1987/1987/1987
f 1984/1984/1984 1987/1987/1987 1985/1985/1985
f 1986/1986/1986 1988/1988/1988 1989/1989/1989
f 1986/1986/1986 1989/1989/1989 1987/1987/1987
f 1988/1988/1988 839/839/839 842/842/842
f 1988/1988/1988 842/842/842 1989/1989/1989
f 1990/1990/1990 1991/1991/1991 1992/1992/1992
f 1990/1990/1990 1992/1992/1992 1993/1993/1993
f 1991/1991/1991 1994/1994/1994 1995/1995/1995
f 1991/1991/1991 1995/1995/1995 1992/1992/1992
f 1994/1994/1994 1996/1996/1996 1984/1984/1984
f 1994/1994/1994 1984/1984/1984 1995/1995/1995
f 1996/1996/1996 1997/1997/1997 1986/1986/1986
f 1996/1996/1996 1986/1986/1986 1984/1984/1984
f 1997/1997/1997 1998/1998/1998 1999/1999/1999
f 1997/1997/1997 1999/1999/1999 1986/1986/1986
f 1998/1998/1998 836/836/836 838/838/838
f 1998/1998/1998 838/838/838 1999/1999/1999
f 2000/2000/2000 2001/2001/2001 1991/1991/1991
f 2000/2000/2000 1991/1991/1991 1990/1990/1990
f 2001/2001/2001 2002/2002/2002 1994/1994/1994
f 2001/2001/2001 1994/1994/1994 1991/1991/1991
f 2002/2002/2002 2003/2003/2003 1996/1996/1996
f 2002/2002/2002 1996/1996/1996 1994/1994/1994
f 2003/2003/2003 2004/2004/2004 1997/1997/1997
f 2003/2003/2003 1997/1997/1997 1996/1996/1996
f 2004/2004/2004 2005/2005/2005 1998/1998/1998
f 2004/2004/2004 1998/1998/1998 1997/1997/1997
f 2005/2005/2005 834/834/834 836/836/836
f 2005/2005/2005 836/836/836 1998/1998/1998
f 2006/2006/2006 2007/2007/2007 2001/2001/2001
f 2006/2006/2006 2001/2001/2001 2000/2000/2000
f 2007/2007/2007 2008/2008/2008 2002/2002/2002
f 2007/2007/2007 2002/2002/2002 2001/2001/2001
f 2008/2008/2008 2009/2009/2009 2003/2003/2003
f 2008/2008/2008 2003/2003/2003 2002/2002/2002
f 2009/2009/2009 2010/2010/2010 2004/2004/2004
f 2009/2009/2009 2004/2004/2004 2003/2003/2003
f 2010/2010/2010 2011/2011/2011 2005/2005/2005
f 2010/2010/2010 2005/2005/2005 2004/2004/2004
f 2011/2011/2011 832/832/832 834/834/834
f 2011/2011/2011 834/834/834 2005/2005/2005
f 2012/2012/2012 2013/2013/2013 2007/2007/2007
f 2012/2012/2012 2007/2007/2007 2006/2006/2006
f 2013/2013/2013 2014/2014/2014 2008/2008/2008
f 2013/2013/2013 2008/2008/2008 2007/2007/2007
f 2014/2014/2014 2015/2015/2015 2009/2009/2009
f 2014/2014/2014 2009/2009/2009 2008/2008/2008
f 2015/2015/2015 2016/2016/2016 2010/2010/2010
f 2015/2015/2015 2010/2010/2010 2009/2009/2009
f 2016/2016/2016 2017/2017/2017 2011/2011/2011
f 2016/2016/2016 2011/2011/2011 2010/2010/2010
f 2017/2017/2017 822/822/822 832/832/832
f 2017/2017/2017 832/832/832 2011/2011/2011
f 1981/1981/1981 1980/1980/1980 854/854/854
f 1981/1981/1981 854/854/854 853/853/853
f 1980/1980/1980 1983/1983/1983 1955/1955/1955
f 1980/1980/1980 1955/1955/1955 854/854/854
f 1983/1983/1983 1985/1985/1985 1953/1953/1953
f 1983/1983/1983 1953/1953/1953 1955/1955/1955
f 1985/1985/1985 1987/1987/1987 1951/1951/1951
f 1985/1985/1985 1951/1951/1951 1953/1953/1953
f 1987/1987/1987 1989/1989/1989 1949/1949/1949
f 1987/1987/1987 1949/1949/1949 1951/1951/1951
f 2018/2018/2018 2019/2019/2019 2020/2020/2020
f 2018/2018/2018 2020/2020/2020 2021/2021/2021
f 844/844/844 843/843/843 2022/2022/2022
f 844/844/844 2022/2022/2022 2023/2023/2023
f 2024/2024/2024 2025/2025/2025 2026/2026/2026
f 2024/2024/2024 2026/2026/2026 2027/2027/2027
f 1977/1977/1977 1976/1976/1976 2028/2028/2028
f 1977/1977/1977 2028/2028/2028 2029/2029/2029
f 2030/2030/2030 2031/2031/2031 2032/2032/2032
f 2030/2030/2030 2032/2032/2032 2033/2033/2033
f 1975/1975/1975 1974/1974/1974 2034/2034/2034
f 1975/1975/1975 2034/2034/2034 2035/2035/2035
f 2036/2036/2036 2037/2037/2037 2038/2038/2038
f 2036/2036/2036 2038/2038/2038 2039/2039/2039
f 2040/2040/2040 2041/2041/2041 2013/2013/2013
f 2040/2040/2040 2013/2013/2013 2012/2012/2012
f 2042/2042/2042 2043/2043/2043 2044/2044/2044
f 2042/2042/2042 2044/2044/2044 2045/2045/2045
f 2046/2046/2046 2047/2047/2047 2015/2015/2015
f 2046/2046/2046 2015/2015/2015 2014/2014/2014
f 2048/2048/2048 2049/2049/2049 2050/2050/2050
f 2048/2048/2048 2050/2050/2050 2051/2051/2051
f 2052/2052/2052 2053/2053/2053 2017/2017/2017
f 2052/2052/2052 2017/2017/2017 2016/2016/2016
f 2054/2054/2054 2055/2055/2055 2056/2056/2056
f 2054/2054/2054 2056/2056/2056 2057/2057/2057
f 2058/2058/2058 2059/2059/2059 2060/2060/2060
f 2058/2058/2058 2060/2060/2060 2061/2061/2061
f 2062/2062/2062 2063/2063/2063 2064/2064/2064
f 2062/2062/2062 2064/2064/2064 2065/2065/2065
f 2066/2066/2066 2067/2067/2067 2068/2068/2068
f 2066/2066/2066 2068/2068/2068 2069/2069/2069
f 2070/2070/2070 2071/2071/2071 2072/2072/2072
f 2070/2070/2070 2072/2072/2072 2073/2073/2073
f 2074/2074/2074 2075/2075/2075 2076/2076/2076
f 2074/2074/2074 2076/2076/2076 2077/2077/2077
f 2078/2078/2078 2079/2079/2079 2080/2080/2080
f 2078/2078/2078 2080/2080/2080 2081/2081/2081
f 2082/2082/2082 2083/2083/2083 2084/2084/2084
f 2082/2082/2082 2084/2084/2084 2085/2085/2085
f 2086/2086/2086 2087/2087/2087 2088/2088/2088
f 2086/2086/2086 2088/2088/2088 2089/2089/2089
f 2090/2090/2090 2091/2091/2091 2092/2092/2092
f 2090/2090/2090 2092/2092/2092 2093/2093/2093
f 2094/2094/2094 2095/2095/2095 2096/2096/2096
f 2094/2094/2094 2096/2096/2096 2097/2097/2097
f 2098/2098/2098 2099/2099/2099 2100/2100/2100
f 2098/2098/2098 2100/2100/2100 2101/2101/2101
f 2102/2102/2102 2103/2103/2103 2104/2104/2104
f 2102/2102/2102 2104/2104/2104 2105/2105/2105
f 2106/2106/2106 2107/2107/2107 2108/2108/2108
f 2106/2106/2106 2108/2108/2108 2109/2109/2109
f 2110/2110/2110 2111/2111/2111 2112/2112/2112
f 2110/2110/2110 2112/2112/2112 2113/2113/2113
f 2114/2114/2114 2115/2115/2115 2116/2116/2116
f 2114/2114/2114 2116/2116/2116 2117/2117/2117
f 2118/2118/2118 2119/2119/2119 2120/2120/2120
f 2118/2118/2118 2120/2120/2120 2121/2121/2121
f 2122/2122/2122 2123/2123/2123 2124/2124/2124
f 2122/2122/2122 2124/2124/2124 2125/2125/2125
f 2126/2126/2126 2127/2127/2127 2128/2128/2128
f 2126/2126/2126 2128/2128/2128 2129/2129/2129
f 2130/2130/2130 2131/2131/2131 2132/2132/2132
f 2130/2130/2130 2132/2132/2132 2133/2133/2133
f 2134/2134/2134 2135/2135/2135 2136/2136/2136
f 2134/2134/2134 2136/2136/2136 2137/2137/2137
f 2138/2138/2138 2139/2139/2139 2140/2140/2140
f 2138/2138/2138 2140/2140/2140 2141/2141/2141
f 2142/2142/2142 2143/2143/2143 2144/2144/2144
f 2142/2142/2142 2144/2144/2144 2145/2145/2145
f 2146/2146/2146 2147/2147/2147 2148/2148/2148
f 2146/2146/2146 2148/2148/2148 2149/2149/2149
f 2150/2150/2150 2151/2151/2151 2152/2152/2152
f 2150/2150/2150 2152/2152/2152 2153/2153/2153
f 880/880/880 879/879/879 2154/2154/2154
f 880/880/880 2154/2154/2154 2155/2155/2155
f 2156/2156/2156 2157/2157/2157 2158/2158/2158
f 2156/2156/2156 2158/2158/2158 2159/2159/2159
f 2160/2160/2160 2161/2161/2161 2156/2156/2156
f 2160/2160/2160 2156/2156/2156 2159/2159/2159
f 2157/2157/2157 2162/2162/2162 2163/2163/2163
f 2157/2157/2157 2163/2163/2163 2158/2158/2158
f 2164/2164/2164 2165/2165/2165 2166/2166/2166
f 2164/2164/2164 2166/2166/2166 2167/2167/2167
f 2155/2155/2155 2154/2154/2154 2168/2168/2168
f 2155/2155/2155 2168/2168/2168 2169/2169/2169
f 2170/2170/2170 2171/2171/2171 2172/2172/2172
f 2170/2170/2170 2172/2172/2172 2173/2173/2173
f 2174/2174/2174 2175/2175/2175 2163/2163/2163
f 2174/2174/2174 2163/2163/2163 2162/2162/2162
f 2176/2176/2176 2177/2177/2177 2178/2178/2178
f 2176/2176/2176 2178/2178/2178 2179/2179/2179
f 2180/2180/2180 2181/2181/2181 2182/2182/2182
f 2180/2180/2180 2182/2182/2182 2183/2183/2183
f 2184/2184/2184 2185/2185/2185 2186/2186/2186
f 2184/2184/2184 2186/2186/2186 2187/2187/2187
f 2188/2188/2188 2189/2189/2189 2190/2190/2190
f 2188/2188/2188 2190/2190/2190 2191/2191/2191
f 2192/2192/2192 2193/2193/2193 2194/2194/2194
f 2192/2192/2192 2194/2194/2194 2195/2195/2195
f 2176/2176/2176 2179/2179/2179 2196/2196/2196
f 2176/2176/2176 2196/2196/2196 2197/2197/2197
f 2198/2198/2198 2199/2199/2199 2200/2200/2200
f 2198/2198/2198 2200/2200/2200 2201/2201/2201
f 2202/2202/2202 2203/2203/2203 2190/2190/2190
f 2202/2202/2202 2190/2190/2190 2189/2189/2189
f 2204/2204/2204 2205/2205/2205 2206/2206/2206
f 2204/2204/2204 2206/2206/2206 2207/2207/2207
f 2207/2207/2207 2206/2206/2206 2208/2208/2208
f 2207/2207/2207 2208/2208/2208 2209/2209/2209
f 2210/2210/2210 2211/2211/2211 2188/2188/2188
f 2210/2210/2210 2188/2188/2188 2191/2191/2191
f 1477/1477/1477 1480/1480/1480 2212/2212/2212
f 1477/1477/1477 2212/2212/2212 2213/2213/2213
f 2213/2213/2213 2212/2212/2212 2214/2214/2214
f 2213/2213/2213 2214/2214/2214 2215/2215/2215
f 2216/2216/2216 2217/2217/2217 2178/2178/2178
f 2216/2216/2216 2178/2178/2178 2177/2177/2177
f 2218/2218/2218 2219/2219/2219 2220/2220/2220
f 2218/2218/2218 2220/2220/2220 2221/2221/2221
f 2222/2222/2222 2223/2223/2223 2224/2224/2224
f 2222/2222/2222 2224/2224/2224 2225/2225/2225
f 2226/2226/2226 2227/2227/2227 1479/1479/1479
f 2226/2226/2226 1479/1479/1479 1478/1478/1478
f 2218/2218/2218 2205/2205/2205 2204/2204/2204
f 2218/2218/2218 2204/2204/2204 2219/2219/2219
f 2192/2192/2192 2195/2195/2195 2228/2228/2228
f 2192/2192/2192 2228/2228/2228 2229/2229/2229
f 2230/2230/2230 2231/2231/2231 2232/2232/2232
f 2230/2230/2230 2232/2232/2232 2233/2233/2233
f 2234/2234/2234 2235/2235/2235 2186/2186/2186
f 2234/2234/2234 2186/2186/2186 2185/2185/2185
f 2236/2236/2236 2237/2237/2237 2238/2238/2238
f 2236/2236/2236 2238/2238/2238 2239/2239/2239
f 2239/2239/2239 2238/2238/2238 2240/2240/2240
f 2239/2239/2239 2240/2240/2240 2241/2241/2241
f 2242/2242/2242 2243/2243/2243 2184/2184/2184
f 2242/2242/2242 2184/2184/2184 2187/2187/2187
f 2182/2182/2182 2181/2181/2181 2244/2244/2244
f 2182/2182/2182 2244/2244/2244 2245/2245/2245
f 2246/2246/2246 2247/2247/2247 2248/2248/2248
f 2246/2246/2246 2248/2248/2248 2249/2249/2249
f 2250/2250/2250 2251/2251/2251 2252/2252/2252
f 2250/2250/2250 2252/2252/2252 2253/2253/2253
f 2194/2194/2194 2193/2193/2193 2254/2254/2254
f 2194/2194/2194 2254/2254/2254 2255/2255/2255
f 2255/2255/2255 2254/2254/2254 2256/2256/2256
f 2255/2255/2255 2256/2256/2256 2257/2257/2257
f 2258/2258/2258 2259/2259/2259 2180/2180/2180
f 2258/2258/2258 2180/2180/2180 2183/2183/2183
f 2252/2252/2252 2237/2237/2237 2236/2236/2236
f 2252/2252/2252 2236/2236/2236 2253/2253/2253
f 2260/2260/2260 2261/2261/2261 2262/2262/2262
f 2261/2261/2261 2260/2260/2260 2263/2263/2263
f 2261/2261/2261 2263/2263/2263 2264/2264/2264
f 2264/2264/2264 2263/2263/2263 2265/2265/2265
f 2264/2264/2264 2265/2265/2265 2266/2266/2266
f 2266/2266/2266 2265/2265/2265 2267/2267/2267
f 2266/2266/2266 2267/2267/2267 2268/2268/2268
f 2268/2268/2268 2267/2267/2267 2269/2269/2269
f 2268/2268/2268 2269/2269/2269 2270/2270/2270
f 2270/2270/2270 2269/2269/2269 2271/2271/2271
f 2270/2270/2270 2271/2271/2271 2272/2272/2272
f 2272/2272/2272 2271/2271/2271 2273/2273/2273
f 2272/2272/2272 2273/2273/2273 2274/2274/2274
f 2274/2274/2274 2273/2273/2273 2275/2275/2275
f 2274/2274/2274 2275/2275/2275 2276/2276/2276
f 2276/2276/2276 2275/2275/2275 2277/2277/2277
f 2276/2276/2276 2277/2277/2277 2278/2278/2278
f 2278/2278/2278 2277/2277/2277 2279/2279/2279
f 2278/2278/2278 2279/2279/2279 2280/2280/2280
f 2280/2280/2280 2279/2279/2279 2281/2281/2281
f 2280/2280/2280 2281/2281/2281 2282/2282/2282
f 2282/2282/2282 2281/2281/2281 2283/2283/2283
f 2282/2282/2282 2283/2283/2283 2284/2284/2284
f 2284/2284/2284 2283/2283/2283 2285/2285/2285
f 2284/2284/2284 2285/2285/2285 2286/2286/2286
f 2286/2286/2286 2285/2285/2285 2287/2287/2287
f 2286/2286/2286 2287/2287/2287 2288/2288/2288
f 2288/2288/2288 2287/2287/2287 2289/2289/2289
f 2288/2288/2288 2289/2289/2289 2290/2290/2290
f 2290/2290/2290 2289/2289/2289 2291/2291/2291
f 2292/2292/2292 2293/2293/2293 2294/2294/2294
f 2293/2293/2293 2292/2292/2292 2295/2295/2295
f 2295/2295/2295 2292/2292/2292 2296/2296/2296
f 2295/2295/2295 2296/2296/2296 2297/2297/2297
f 2297/2297/2297 2296/2296/2296 2298/2298/2298
f 2297/2297/2297 2298/2298/2298 2299/2299/2299
f 2299/2299/2299 2298/2298/2298 2300/2300/2300
f 2299/2299/2299 2300/2300/2300 2301/2301/2301
f 2301/2301/2301 2300/2300/2300 2302/2302/2302
f 2301/2301/2301 2302/2302/2302 2303/2303/2303
f 2303/2303/2303 2302/2302/2302 2304/2304/2304
f 2303/2303/2303 2304/2304/2304 2305/2305/2305
f 2305/2305/2305 2304/2304/2304 2306/2306/2306
f 2305/2305/2305 2306/2306/2306 2307/2307/2307
f 2307/2307/2307 2306/2306/2306 2308/2308/2308
f 2307/2307/2307 2308/2308/2308 2309/2309/2309
f 2309/2309/2309 2308/2308/2308 2310/2310/2310
f 2309/2309/2309 2310/2310/2310 2311/2311/2311
f 2311/2311/2311 2310/2310/2310 2312/2312/2312
f 2311/2311/2311 2312/2312/2312 2313/2313/2313
f 2313/2313/2313 2312/2312/2312 2314/2314/2314
f 2313/2313/2313 2314/2314/2314 2315/2315/2315
f 2315/2315/2315 2314/2314/2314 2316/2316/2316
f 2315/2315/2315 2316/2316/2316 2317/2317/2317
f 2317/2317/2317 2316/2316/2316 2318/2318/2318
f 2317/2317/2317 2318/2318/2318 2319/2319/2319
f 2319/2319/2319 2318/2318/2318 2320/2320/2320
f 2319/2319/2319 2320/2320/2320 2321/2321/2321
f 2321/2321/2321 2320/2320/2320 2322/2322/2322
f 2321/2321/2321 2322/2322/2322 2323/2323/2323
f 2324/2324/2324 2325/2325/2325 2326/2326/2326
f 2325/2325/2325 2324/2324/2324 2327/2327/2327
f 2327/2327/2327 2324/2324/2324 2328/2328/2328
f 2327/2327/2327 2328/2328/2328 2329/2329/2329
f 2329/2329/2329 2328/2328/2328 2330/2330/2330
f 2329/2329/2329 2330/2330/2330 2331/2331/2331
f 2331/2331/2331 2330/2330/2330 2332/2332/2332
f 2331/2331/2331 2332/2332/2332 2333/2333/2333
f 2333/2333/2333 2332/2332/2332 2334/2334/2334
f 2333/2333/2333 2334/2334/2334 2335/2335/2335
f 2335/2335/2335 2334/2334/2334 2336/2336/2336
f 2335/2335/2335 2336/2336/2336 2337/2337/2337
f 2337/2337/2337 2336/2336/2336 2338/2338/2338
f 2337/2337/2337 2338/2338/2338 2339/2339/2339
f 2340/2340/2340 2341/2341/2341 28/28/28
f 2341/2341/2341 2340/2340/2340 2342/2342/2342
f 2342/2342/2342 2340/2340/2340 2343/2343/2343
f 2342/2342/2342 2343/2343/2343 2344/2344/2344
f 2344/2344/2344 2343/2343/2343 2345/2345/2345
f 2344/2344/2344 2345/2345/2345 7/7/7
f 1391/1391/1391 2346/2346/2346 2347/2347/2347
f 2346/2346/2346 1391/1391/1391 2348/2348/2348
f 2348/2348/2348 1391/1391/1391 1029/1029/1029
f 1029/1029/1029 1391/1391/1391 1030/1030/1030
f 2349/2349/2349 22/22/22 24/24/24
f 22/22/22 2349/2349/2349 2350/2350/2350
f 2350/2350/2350 2349/2349/2349 2351/2351/2351
f 2351/2351/2351 2349/2349/2349 2352/2352/2352
f 2352/2352/2352 2349/2349/2349 2353/2353/2353
f 2353/2353/2353 2349/2349/2349 2354/2354/2354
f 2355/2355/2355 2356/2356/2356 31/31/31
f 2356/2356/2356 2355/2355/2355 2357/2357/2357
f 2357/2357/2357 2355/2355/2355 44/44/44
f 2357/2357/2357 44/44/44 2358/2358/2358
f 2358/2358/2358 44/44/44 2359/2359/2359
f 2359/2359/2359 44/44/44 46/46/46
f 2360/2360/2360 3/3/3 2361/2361/2361
f 3/3/3 2360/2360/2360 2362/2362/2362
f 3/3/3 2362/2362/2362 2363/2363/2363
f 3/3/3 2363/2363/2363 2364/2364/2364
f 3/3/3 2364/2364/2364 2365/2365/2365
f 3/3/3 2365/2365/2365 1/1/1
f 2366/2366/2366 2367/2367/2367 2368/2368/2368
f 2367/2367/2367 2366/2366/2366 2369/2369/2369
f 2367/2367/2367 2369/2369/2369 1024/1024/1024
f 2367/2367/2367 1024/1024/1024 1023/1023/1023
f 2370/2370/2370 2371/2371/2371 2372/2372/2372
f 2371/2371/2371 2370/2370/2370 2373/2373/2373
f 2371/2371/2371 2373/2373/2373 2374/2374/2374
f 2374/2374/2374 2373/2373/2373 2375/2375/2375
f 2374/2374/2374 2375/2375/2375 2376/2376/2376
f 2376/2376/2376 2375/2375/2375 2377/2377/2377
f 2376/2376/2376 2377/2377/2377 1481/1481/1481
f 1481/1481/1481 2377/2377/2377 1482/1482/1482
f 2378/2378/2378 1409/1409/1409 1426/1426/1426
f 1409/1409/1409 2378/2378/2378 2379/2379/2379
f 2379/2379/2379 2378/2378/2378 2380/2380/2380
f 2379/2379/2379 2380/2380/2380 2381/2381/2381
f 2381/2381/2381 2380/2380/2380 1486/1486/1486
f 2381/2381/2381 1486/1486/1486 1485/1485/1485
f 2382/2382/2382 2383/2383/2383 2384/2384/2384
f 2383/2383/2383 2382/2382/2382 2385/2385/2385
f 2383/2383/2383 2385/2385/2385 2386/2386/2386
f 2386/2386/2386 2385/2385/2385 2387/2387/2387
f 2387/2387/2387 2385/2385/2385 2388/2388/2388
f 2388/2388/2388 2385/2385/2385 2389/2389/2389
f 2389/2389/2389 2385/2385/2385 2390/2390/2390
f 2390/2390/2390 2385/2385/2385 2391/2391/2391
f 1576/1576/1576 1582/1582/1582 1579/1579/1579
f 1582/1582/1582 1576/1576/1576 1573/1573/1573
f 1582/1582/1582 1573/1573/1573 1585/1585/1585
f 1585/1585/1585 1573/1573/1573 1570/1570/1570
f 1585/1585/1585 1570/1570/1570 1588/1588/1588
f 1588/1588/1588 1570/1570/1570 1567/1567/1567
f 1588/1588/1588 1567/1567/1567 1591/1591/1591
f 1591/1591/1591 1567/1567/1567 1564/1564/1564
f 1591/1591/1591 1564/1564/1564 1594/1594/1594
f 1594/1594/1594 1564/1564/1564 1561/1561/1561
f 1594/1594/1594 1561/1561/1561 1597/1597/1597
f 1597/1597/1597 1561/1561/1561 1558/1558/1558
f 1597/1597/1597 1558/1558/1558 1600/1600/1600
f 1600/1600/1600 1558/1558/1558 1557/1557/1557
f 1600/1600/1600 1557/1557/1557 1603/1603/1603
f 1603/1603/1603 1557/1557/1557 1648/1648/1648
f 1603/1603/1603 1648/1648/1648 1606/1606/1606
f 1606/1606/1606 1648/1648/1648 1645/1645/1645
f 1606/1606/1606 1645/1645/1645 1609/1609/1609
f 1609/1609/1609 1645/1645/1645 1642/1642/1642
f 1609/1609/1609 1642/1642/1642 1612/1612/1612
f 1612/1612/1612 1642/1642/1642 1639/1639/1639
f 1612/1612/1612 1639/1639/1639 1615/1615/1615
f 1615/1615/1615 1639/1639/1639 1636/1636/1636
f 1615/1615/1615 1636/1636/1636 1618/1618/1618
f 1618/1618/1618 1636/1636/1636 1633/1633/1633
f 1618/1618/1618 1633/1633/1633 1621/1621/1621
f 1621/1621/1621 1633/1633/1633 1630/1630/1630
f 1621/1621/1621 1630/1630/1630 1624/1624/1624
f 1624/1624/1624 1630/1630/1630 1627/1627/1627
f 1678/1678/1678 1672/1672/1672 1675/1675/1675
f 1672/1672/1672 1678/1678/1678 1669/1669/1669
f 1669/1669/1669 1678/1678/1678 1681/1681/1681
f 1669/1669/1669 1681/1681/1681 1666/1666/1666
f 1666/1666/1666 1681/1681/1681 1684/1684/1684
f 1666/1666/1666 1684/1684/1684 1663/1663/1663
f 1663/1663/1663 1684/1684/1684 1688/1688/1688
f 1663/1663/1663 1688/1688/1688 1660/1660/1660
f 1660/1660/1660 1688/1688/1688 1691/1691/1691
f 1660/1660/1660 1691/1691/1691 1657/1657/1657
f 1657/1657/1657 1691/1691/1691 1694/1694/1694
f 1657/1657/1657 1694/1694/1694 1653/1653/1653
f 1653/1653/1653 1694/1694/1694 1697/1697/1697
f 1653/1653/1653 1697/1697/1697 1654/1654/1654
f 1654/1654/1654 1697/1697/1697 1700/1700/1700
f 1654/1654/1654 1700/1700/1700 1746/1746/1746
f 1746/1746/1746 1700/1700/1700 1703/1703/1703
f 1746/1746/1746 1703/1703/1703 1743/1743/1743
f 1743/1743/1743 1703/1703/1703 1706/1706/1706
f 1743/1743/1743 1706/1706/1706 1740/1740/1740
f 1740/1740/1740 1706/1706/1706 1709/1709/1709
f 1740/1740/1740 1709/1709/1709 1737/1737/1737
f 1737/1737/1737 1709/1709/1709 1712/1712/1712
f 1737/1737/1737 1712/1712/1712 1734/1734/1734
f 1734/1734/1734 1712/1712/1712 1715/1715/1715
f 1734/1734/1734 1715/1715/1715 1731/1731/1731
f 1731/1731/1731 1715/1715/1715 1718/1718/1718
f 1731/1731/1731 1718/1718/1718 1728/1728/1728
f 1728/1728/1728 1718/1718/1718 1721/1721/1721
f 1728/1728/1728 1721/1721/1721 1724/1724/1724
f 1883/1883/1883 1873/1873/1873 1872/1872/1872
f 1873/1873/1873 1883/1883/1883 1882/1882/1882
f 1873/1873/1873 1882/1882/1882 2392/2392/2392
f 2392/2392/2392 1882/1882/1882 1822/1822/1822
f 2392/2392/2392 1822/1822/1822 2393/2393/2393
f 2393/2393/2393 1822/1822/1822 1821/1821/1821
f 2393/2393/2393 1821/1821/1821 2394/2394/2394
f 2394/2394/2394 1821/1821/1821 1830/1830/1830
f 2394/2394/2394 1830/1830/1830 2395/2395/2395
f 2395/2395/2395 1830/1830/1830 1835/1835/1835
f 2395/2395/2395 1835/1835/1835 2396/2396/2396
f 2396/2396/2396 1835/1835/1835 2397/2397/2397
f 2396/2396/2396 2397/2397/2397 2398/2398/2398
f 2398/2398/2398 2397/2397/2397 2399/2399/2399
f 2400/2400/2400 2165/2165/2165 2401/2401/2401
f 2165/2165/2165 2400/2400/2400 2402/2402/2402
f 2165/2165/2165 2402/2402/2402 2403/2403/2403
f 2165/2165/2165 2403/2403/2403 2404/2404/2404
f 2165/2165/2165 2404/2404/2404 2166/2166/2166
f 2018/2018/2018 2405/2405/2405 2406/2406/2406
f 2405/2405/2405 2018/2018/2018 2407/2407/2407
f 2407/2407/2407 2018/2018/2018 2408/2408/2408
f 2408/2408/2408 2018/2018/2018 2409/2409/2409
f 2409/2409/2409 2018/2018/2018 2021/2021/2021
f 2410/2410/2410 51/51/51 2411/2411/2411
f 51/51/51 2410/2410/2410 2412/2412/2412
f 51/51/51 2412/2412/2412 2413/2413/2413
f 2413/2413/2413 2412/2412/2412 2414/2414/2414
f 2415/2415/2415 2416/2416/2416 2417/2417/2417
f 2416/2416/2416 2415/2415/2415 71/71/71
f 71/71/71 2415/2415/2415 2418/2418/2418
f 71/71/71 2418/2418/2418 2419/2419/2419
f 2420/2420/2420 2421/2421/2421 2422/2422/2422
f 2421/2421/2421 2420/2420/2420 2423/2423/2423
f 2423/2423/2423 2420/2420/2420 2424/2424/2424
f 2423/2423/2423 2424/2424/2424 2425/2425/2425
f 2425/2425/2425 2424/2424/2424 2426/2426/2426
f 2425/2425/2425 2426/2426/2426 2427/2427/2427
f 2427/2427/2427 2426/2426/2426 2428/2428/2428
f 2427/2427/2427 2428/2428/2428 2429/2429/2429
f 2429/2429/2429 2428/2428/2428 2430/2430/2430
f 2429/2429/2429 2430/2430/2430 2431/2431/2431
f 2431/2431/2431 2430/2430/2430 2432/2432/2432
f 2431/2431/2431 2432/2432/2432 2433/2433/2433
f 2433/2433/2433 2432/2432/2432 2434/2434/2434
f 2433/2433/2433 2434/2434/2434 2435/2435/2435
f 2436/2436/2436 2437/2437/2437 2438/2438/2438
f 2437/2437/2437 2436/2436/2436 2439/2439/2439
f 2437/2437/2437 2439/2439/2439 2440/2440/2440
f 2440/2440/2440 2439/2439/2439 2441/2441/2441
f 2440/2440/2440 2441/2441/2441 2442/2442/2442
f 2442/2442/2442 2441/2441/2441 2443/2443/2443
f 2442/2442/2442 2443/2443/2443 2444/2444/2444
f 2444/2444/2444 2443/2443/2443 2445/2445/2445
f 2444/2444/2444 2445/2445/2445 2446/2446/2446
f 2446/2446/2446 2445/2445/2445 2447/2447/2447
f 2446/2446/2446 2447/2447/2447 2448/2448/2448
f 2448/2448/2448 2447/2447/2447 2449/2449/2449
f 2448/2448/2448 2449/2449/2449 2450/2450/2450
f 2450/2450/2450 2449/2449/2449 2451/2451/2451
f 2452/2452/2452 2453/2453/2453 2454/2454/2454
f 2453/2453/2453 2452/2452/2452 61/61/61
f 2453/2453/2453 61/61/61 2455/2455/2455
f 2455/2455/2455 61/61/61 2456/2456/2456
f 2457/2457/2457 56/56/56 2458/2458/2458
f 56/56/56 2457/2457/2457 54/54/54
f 54/54/54 2457/2457/2457 2459/2459/2459
f 2459/2459/2459 2457/2457/2457 2460/2460/2460
f 2461/2461/2461 2462/2462/2462 2463/2463/2463
f 2462/2462/2462 2461/2461/2461 2464/2464/2464
f 2462/2462/2462 2464/2464/2464 2465/2465/2465
f 2462/2462/2462 2465/2465/2465 66/66/66
f 2466/2466/2466 2467/2467/2467 2468/2468/2468
f 2467/2467/2467 2466/2466/2466 2469/2469/2469
f 2467/2467/2467 2469/2469/2469 2470/2470/2470
f 2467/2467/2467 2470/2470/2470 76/76/76
f 2471/2471/2471 2472/2472/2472 84/84/84
f 2472/2472/2472 2471/2471/2471 2473/2473/2473
f 2473/2473/2473 2471/2471/2471 2474/2474/2474
f 2473/2473/2473 2474/2474/2474 2475/2475/2475
f 2476/2476/2476 81/81/81 2477/2477/2477
f 81/81/81 2476/2476/2476 79/79/79
f 79/79/79 2476/2476/2476 2478/2478/2478
f 2478/2478/2478 2476/2476/2476 2479/2479/2479
